Price,Open,High,Low,Close,Adj Close,Volume
Ticker,BBAJIOO.MX,BBAJIOO.MX,BBAJIOO.MX,BBAJIOO.MX,BBAJIOO.MX,BBAJIOO.MX
Date,,,,,,
2021-09-06,38.869998931884766,39.400001525878906,38.18000030517578,39.13999938964844,23.01524543762207,270154
2021-09-07,39.220001220703125,39.54999923706055,38.630001068115234,39.189998626708984,23.044647216796875,1129113
2021-09-08,39.130001068115234,39.56999969482422,38.27000045776367,38.72999954223633,22.77415657043457,782602
2021-09-09,38.88999938964844,38.88999938964844,38.0099983215332,38.349998474121094,22.550704956054688,1020392
2021-09-10,38.63999938964844,39.47999954223633,38.34000015258789,39.0099983215332,22.938800811767578,1598411
2021-09-13,39.290000915527344,39.5,38.22999954223633,38.560001373291016,22.6741943359375,866629
2021-09-14,38.59000015258789,39.2400016784668,38.369998931884766,38.75,22.785913467407227,1889866
2021-09-15,38.9900016784668,39.470001220703125,38.52000045776367,39.04999923706055,22.962324142456055,1375681
2021-09-17,39.439998626708984,39.599998474121094,31.969999313354492,34.77000045776367,20.445581436157227,21149998
2021-09-20,34.77000045776367,36.439998626708984,34.09000015258789,35.880001068115234,21.098289489746094,2434886
2021-09-21,35.959999084472656,36.349998474121094,35.029998779296875,36.130001068115234,21.24529266357422,1819212
2021-09-22,36.18000030517578,36.93000030517578,35.849998474121094,36.790000915527344,21.633392333984375,1876503
2021-09-23,36.939998626708984,37.31999969482422,36.29999923706055,37.08000183105469,21.803918838500977,2145408
2021-09-24,37.08000183105469,37.63999938964844,36.529998779296875,37.31999969482422,21.94504165649414,2270463
2021-09-27,37.5,38.880001068115234,37.40999984741211,38.349998474121094,22.550704956054688,1840049
2021-09-28,38.560001373291016,38.59000015258789,37.29999923706055,38.2400016784668,22.48602294921875,2837050
2021-09-29,38.369998931884766,38.529998779296875,37.790000915527344,38.36000061035156,22.55658531188965,2307955
2021-09-30,38.599998474121094,39.16999816894531,38.20000076293945,39.0,22.932918548583984,3601001
2021-10-01,38.77000045776367,39.5,38.77000045776367,39.36000061035156,23.144611358642578,1492246
2021-10-04,39.2400016784668,39.439998626708984,38.52000045776367,38.70000076293945,22.75651741027832,489606
2021-10-05,38.70000076293945,39.20000076293945,38.61000061035156,39.04999923706055,22.962324142456055,684000
2021-10-06,39.04999923706055,39.5,38.06999969482422,39.459999084472656,23.203413009643555,1672935
2021-10-07,39.4900016784668,39.689998626708984,38.689998626708984,38.84000015258789,22.83884048461914,815616
2021-10-08,38.88999938964844,39.81999969482422,38.720001220703125,39.33000183105469,23.126970291137695,1502407
2021-10-11,39.779998779296875,39.880001068115234,39.099998474121094,39.66999816894531,23.32689666748047,341534
2021-10-12,39.5,39.810001373291016,39.290000915527344,39.529998779296875,23.24457550048828,1276016
2021-10-13,39.439998626708984,39.9900016784668,39.439998626708984,39.939998626708984,23.48566436767578,1473649
2021-10-14,39.88999938964844,40.47999954223633,39.599998474121094,39.900001525878906,23.462142944335938,2266167
2021-10-15,40.150001525878906,41.7400016784668,40.150001525878906,41.65999984741211,24.497066497802734,1684905
2021-10-18,41.75,41.75,41.459999084472656,41.709999084472656,24.526466369628906,1390607
2021-10-19,40.880001068115234,41.75,40.880001068115234,41.689998626708984,24.51470184326172,1394470
2021-10-20,41.5,41.81999969482422,41.209999084472656,41.66999816894531,24.502939224243164,1357485
2021-10-21,41.61000061035156,42.25,40.310001373291016,41.34000015258789,24.308897018432617,7091484
2021-10-22,41.130001068115234,41.25,39.439998626708984,39.90999984741211,23.4680233001709,1236744
2021-10-25,40.279998779296875,40.290000915527344,39.36000061035156,39.47999954223633,23.215173721313477,833491
2021-10-26,39.4900016784668,40.63999938964844,39.2599983215332,40.459999084472656,23.791433334350586,461305
2021-10-27,40.439998626708984,40.439998626708984,38.86000061035156,39.189998626708984,23.044647216796875,330314
2021-10-28,39.83000183105469,39.83000183105469,38.650001525878906,38.849998474121094,22.8447208404541,1660873
2021-10-29,39.16999816894531,39.630001068115234,38.5,38.650001525878906,22.72711753845215,626876
2021-11-01,38.97999954223633,39.20000076293945,38.52000045776367,39.04999923706055,22.962324142456055,1005289
2021-11-03,38.849998474121094,39.27000045776367,38.349998474121094,39.08000183105469,22.979965209960938,1210523
2021-11-04,39.08000183105469,39.08000183105469,38.209999084472656,38.529998779296875,22.656551361083984,1336492
2021-11-05,38.5,38.79999923706055,38.029998779296875,38.189998626708984,22.45662498474121,1063983
2021-11-08,38.2599983215332,38.72999954223633,37.880001068115234,38.29999923706055,22.521305084228516,1074784
2021-11-09,38.310001373291016,38.34000015258789,37.02000045776367,37.41999816894531,22.003843307495117,582396
2021-11-10,37.209999084472656,37.91999816894531,37.02000045776367,37.38999938964844,21.986202239990234,1233353
2021-11-11,37.38999938964844,39.0,37.11000061035156,38.470001220703125,22.621267318725586,1062504
2021-11-12,38.4900016784668,38.4900016784668,37.11000061035156,37.529998779296875,22.068527221679688,1373990
2021-11-16,37.310001373291016,37.31999969482422,37.02000045776367,37.099998474121094,21.815675735473633,1293147
2021-11-17,37.18000030517578,37.75,36.900001525878906,37.38999938964844,21.986202239990234,989235
2021-11-18,37.060001373291016,39.27000045776367,37.060001373291016,39.0099983215332,22.938800811767578,1762485
2021-11-19,38.959999084472656,39.11000061035156,37.77000045776367,37.9900016784668,22.339019775390625,1818042
2021-11-22,38.369998931884766,38.90999984741211,37.72999954223633,38.40999984741211,22.585988998413086,1047822
2021-11-23,38.5,38.83000183105469,37.7400016784668,38.310001373291016,22.527185440063477,1481578
2021-11-24,38.0,38.5,37.5099983215332,38.2599983215332,22.49778175354004,2465830
2021-11-25,38.220001220703125,39.150001525878906,38.20000076293945,38.97999954223633,22.92116355895996,511102
2021-11-26,38.0099983215332,38.189998626708984,36.31999969482422,37.0,21.756874084472656,1536742
2021-11-29,37.56999969482422,37.56999969482422,36.40999984741211,37.06999969482422,21.798032760620117,658353
2021-11-30,36.689998626708984,39.150001525878906,34.11000061035156,36.029998779296875,21.186492919921875,836965
2021-12-01,36.38999938964844,36.79999923706055,35.130001068115234,35.34000015258789,20.780757904052734,890693
2021-12-02,35.83000183105469,37.79999923706055,35.4900016784668,37.619998931884766,22.12144660949707,940902
2021-12-03,37.43000030517578,38.0,36.16999816894531,36.939998626708984,21.721593856811523,923022
2021-12-06,37.29999923706055,37.630001068115234,36.619998931884766,36.790000915527344,21.633392333984375,1342971
2021-12-07,37.439998626708984,38.29999923706055,36.90999984741211,37.970001220703125,22.327260971069336,1256384
2021-12-08,38.04999923706055,38.400001525878906,37.29999923706055,38.220001220703125,22.474267959594727,806826
2021-12-09,38.0,38.4900016784668,37.45000076293945,37.9900016784668,22.339019775390625,1045409
2021-12-10,38.029998779296875,38.790000915527344,37.7599983215332,37.90999984741211,22.291976928710938,771481
2021-12-13,37.41999816894531,37.709999084472656,36.189998626708984,36.279998779296875,21.333494186401367,787326
2021-12-14,36.279998779296875,37.70000076293945,35.95000076293945,37.06999969482422,21.798032760620117,935939
2021-12-15,36.86000061035156,37.25,36.22999954223633,36.45000076293945,21.433462142944336,1245329
2021-12-16,36.439998626708984,37.029998779296875,35.540000915527344,35.970001220703125,21.15121078491211,927937
2021-12-17,35.79999923706055,37.439998626708984,34.279998779296875,35.52000045776367,20.8866024017334,1584069
2021-12-20,35.650001525878906,36.25,35.029998779296875,35.349998474121094,20.786636352539062,779604
2021-12-21,35.79999923706055,36.18000030517578,35.349998474121094,35.939998626708984,21.133567810058594,1166528
2021-12-22,36.2400016784668,36.400001525878906,35.7400016784668,36.060001373291016,21.204132080078125,520603
2021-12-23,36.369998931884766,37.5,35.900001525878906,36.63999938964844,21.545188903808594,1145992
2021-12-24,36.650001525878906,36.75,36.04999923706055,36.65999984741211,21.55694580078125,18487
2021-12-27,36.470001220703125,37.25,36.13999938964844,37.02000045776367,21.768634796142578,242439
2021-12-28,36.93000030517578,37.70000076293945,36.290000915527344,37.20000076293945,21.874481201171875,979667
2021-12-29,36.959999084472656,38.04999923706055,35.5099983215332,36.0,21.168853759765625,580791
2021-12-30,35.849998474121094,37.470001220703125,35.849998474121094,37.20000076293945,21.874481201171875,393443
2021-12-31,37.38999938964844,37.779998779296875,36.06999969482422,36.79999923706055,21.63926887512207,1032491
2022-01-03,36.790000915527344,38.439998626708984,36.779998779296875,38.08000183105469,22.391944885253906,1668217
2022-01-04,38.439998626708984,39.22999954223633,37.83000183105469,38.45000076293945,22.609508514404297,1072058
2022-01-05,38.5,38.720001220703125,37.61000061035156,38.029998779296875,22.362537384033203,378348
2022-01-06,38.25,39.0,38.029998779296875,38.599998474121094,22.697708129882812,2860516
2022-01-07,38.63999938964844,39.41999816894531,38.58000183105469,39.2400016784668,23.07404899597168,1241407
2022-01-10,39.130001068115234,40.2400016784668,38.52000045776367,39.099998474121094,22.991724014282227,1615913
2022-01-11,39.040000915527344,39.5099983215332,38.540000915527344,38.75,22.785913467407227,3334182
2022-01-12,38.91999816894531,40.369998931884766,38.58000183105469,40.130001068115234,23.597389221191406,1041663
2022-01-13,40.08000183105469,40.08000183105469,38.65999984741211,39.220001220703125,23.062288284301758,1606087
2022-01-14,39.41999816894531,39.41999816894531,38.20000076293945,38.5,22.63890838623047,1813744
2022-01-17,38.970001220703125,39.20000076293945,38.25,38.349998474121094,22.550704956054688,206766
2022-01-18,38.52000045776367,38.84000015258789,38.119998931884766,38.45000076293945,22.609508514404297,1109072
2022-01-19,38.849998474121094,38.849998474121094,38.13999938964844,38.41999816894531,22.591867446899414,4999490
2022-01-20,38.38999938964844,38.97999954223633,37.849998474121094,38.47999954223633,22.62714958190918,5221245
2022-01-21,38.470001220703125,38.650001525878906,37.61000061035156,37.65999984741211,22.14497184753418,864922
2022-01-24,37.56999969482422,37.97999954223633,36.36000061035156,37.689998626708984,22.162609100341797,1005838
2022-01-25,37.38999938964844,37.9900016784668,36.630001068115234,37.25,21.903881072998047,1172747
2022-01-26,37.59000015258789,37.88999938964844,37.11000061035156,37.47999954223633,22.039125442504883,1074552
2022-01-27,37.9900016784668,41.709999084472656,37.959999084472656,40.970001220703125,24.091327667236328,3066776
2022-01-28,41.029998779296875,44.599998474121094,41.0099983215332,44.15999984741211,25.96712303161621,16744189
2022-01-31,44.15999984741211,44.9900016784668,43.779998779296875,44.40999984741211,26.114126205444336,2641136
2022-02-01,44.5099983215332,45.97999954223633,44.2599983215332,45.900001525878906,26.99028968811035,2398570
2022-02-02,45.939998626708984,46.880001068115234,45.27000045776367,46.2400016784668,27.19021224975586,16456985
2022-02-03,45.5099983215332,46.86000061035156,45.189998626708984,46.369998931884766,27.26665687561035,3653772
2022-02-04,46.380001068115234,48.630001068115234,46.29999923706055,48.22999954223633,28.360382080078125,3813934
2022-02-08,48.72999954223633,50.0,48.400001525878906,49.91999816894531,29.35413932800293,9061281
2022-02-09,49.970001220703125,50.59000015258789,48.61000061035156,50.0,29.401185989379883,12622689
2022-02-10,50.2599983215332,51.68000030517578,48.7400016784668,49.630001068115234,29.18361473083496,4161181
2022-02-11,49.400001525878906,50.34000015258789,48.290000915527344,49.15999984741211,28.90723991394043,7401177
2022-02-14,49.150001525878906,50.849998474121094,48.31999969482422,50.15999984741211,29.495264053344727,4108775
2022-02-15,50.81999969482422,50.81999969482422,49.09000015258789,49.66999816894531,29.207130432128906,5295771
2022-02-16,49.369998931884766,50.56999969482422,49.369998931884766,49.790000915527344,29.277698516845703,1703290
2022-02-17,49.47999954223633,50.47999954223633,49.189998626708984,49.33000183105469,29.007205963134766,1590483
2022-02-18,49.41999816894531,50.0,47.810001373291016,48.97999954223633,28.801401138305664,3097444
2022-02-21,48.75,49.0,48.31999969482422,48.7400016784668,28.6602725982666,4638052
2022-02-22,48.70000076293945,49.02000045776367,48.15999984741211,48.79999923706055,28.695558547973633,7867639
2022-02-23,48.810001373291016,48.880001068115234,47.58000183105469,48.04999923706055,28.25453758239746,7206964
2022-02-24,46.61000061035156,48.36000061035156,46.560001373291016,47.66999816894531,28.031089782714844,1690890
2022-02-25,48.04999923706055,49.0,47.0099983215332,48.72999954223633,28.654396057128906,1114777
2022-02-28,49.900001525878906,50.0,48.650001525878906,49.75,29.25417709350586,2458040
2022-03-01,49.5,50.0,48.56999969482422,49.779998779296875,29.271814346313477,1501042
2022-03-02,49.900001525878906,50.0,48.91999816894531,49.97999954223633,29.389415740966797,3009294
2022-03-03,49.97999954223633,51.709999084472656,49.38999938964844,50.04999923706055,29.43058204650879,1869213
2022-03-04,49.5,51.41999816894531,49.5,50.650001525878906,29.783401489257812,1616849
2022-03-07,50.790000915527344,50.790000915527344,48.459999084472656,48.939998626708984,28.77787971496582,907198
2022-03-08,49.220001220703125,49.869998931884766,47.27000045776367,49.63999938964844,29.189495086669922,1279591
2022-03-09,49.83000183105469,50.61000061035156,48.72999954223633,50.33000183105469,29.59523582458496,1221653
2022-03-10,49.34000015258789,50.119998931884766,48.7599983215332,49.27000045776367,28.971925735473633,1346500
2022-03-11,49.5,49.5,47.529998779296875,48.369998931884766,28.44270133972168,1101808
2022-03-14,48.279998779296875,49.290000915527344,48.279998779296875,48.790000915527344,28.689678192138672,855144
2022-03-15,48.81999969482422,49.9900016784668,48.20000076293945,49.849998474121094,29.312976837158203,1524047
2022-03-16,49.77000045776367,52.15999984741211,49.439998626708984,51.34000015258789,30.189130783081055,1561149
2022-03-17,49.77000045776367,52.15999984741211,49.439998626708984,51.15999984741211,30.083290100097656,1046636
2022-03-18,51.09000015258789,53.0,50.150001525878906,51.95000076293945,30.547828674316406,2939195
2022-03-22,52.0,52.599998474121094,50.869998931884766,51.849998474121094,30.489025115966797,4728035
2022-03-23,52.0,52.31999969482422,50.099998474121094,51.36000061035156,30.200895309448242,1393351
2022-03-24,51.93000030517578,53.880001068115234,51.290000915527344,53.15999984741211,31.259336471557617,2860905
2022-03-25,53.54999923706055,54.869998931884766,53.16999816894531,54.56999969482422,32.08845138549805,1238021
2022-03-28,54.959999084472656,55.47999954223633,54.459999084472656,54.959999084472656,32.317779541015625,1265831
2022-03-29,55.150001525878906,56.0,54.900001525878906,55.16999816894531,32.441261291503906,1546031
2022-03-30,55.29999923706055,55.900001525878906,54.369998931884766,54.599998474121094,32.1060905456543,1126084
2022-03-31,54.599998474121094,55.70000076293945,53.900001525878906,54.61000061035156,32.111968994140625,2938047
2022-04-01,54.599998474121094,55.2599983215332,53.5,54.22999954223633,31.888525009155273,1743018
2022-04-04,54.22999954223633,55.0,54.060001373291016,54.380001068115234,31.976730346679688,655593
2022-04-05,54.45000076293945,55.20000076293945,54.25,55.119998931884766,32.411865234375,1346397
2022-04-06,55.150001525878906,55.47999954223633,53.630001068115234,54.400001525878906,31.98848533630371,1894091
2022-04-07,54.279998779296875,54.81999969482422,53.31999969482422,54.369998931884766,31.97084617614746,2413732
2022-04-08,54.939998626708984,54.939998626708984,53.029998779296875,53.439998626708984,31.423982620239258,621803
2022-04-11,53.22999954223633,53.650001525878906,52.5,53.060001373291016,31.200538635253906,328673
2022-04-12,53.63999938964844,53.77000045776367,52.029998779296875,52.72999954223633,31.00649070739746,607631
2022-04-13,52.650001525878906,52.97999954223633,51.5099983215332,52.540000915527344,30.894760131835938,355681
2022-04-18,52.5,53.52000045776367,52.0099983215332,52.68000030517578,30.977087020874023,604843
2022-04-19,52.779998779296875,53.43000030517578,51.22999954223633,51.9900016784668,30.57135009765625,1216266
2022-04-20,52.52000045776367,53.400001525878906,51.779998779296875,51.97999954223633,30.565467834472656,814852
2022-04-21,52.5,53.209999084472656,51.22999954223633,52.209999084472656,30.700712203979492,942376
2022-04-22,52.66999816894531,52.93000030517578,50.619998931884766,52.04999923706055,30.60662841796875,534366
2022-04-25,52.04999923706055,53.06999969482422,51.400001525878906,51.900001525878906,30.51842498779297,652165
2022-04-26,52.2400016784668,52.470001220703125,50.31999969482422,51.869998931884766,30.500789642333984,1054381
2022-04-27,52.5,52.5,50.54999923706055,51.13999938964844,30.07152557373047,1182013
2022-04-28,51.47999954223633,51.47999954223633,50.09000015258789,51.11000061035156,30.05388832092285,1656665
2022-04-29,51.11000061035156,53.099998474121094,50.0099983215332,50.38999938964844,29.630512237548828,1640421
2022-05-02,50.5099983215332,50.5099983215332,49.31999969482422,50.150001525878906,29.4893856048584,739308
2022-05-03,50.25,50.470001220703125,49.720001220703125,50.20000076293945,29.51878547668457,579865
2022-05-04,50.209999084472656,51.93000030517578,48.93000030517578,51.189998626708984,30.10093116760254,857365
2022-05-05,50.93000030517578,53.77000045776367,50.880001068115234,53.099998474121094,31.224050521850586,1072878
2022-05-06,52.630001068115234,52.630001068115234,47.720001220703125,48.02000045776367,30.48944854736328,846109
2022-05-09,47.5,49.880001068115234,47.5,49.52000045776367,31.44184684753418,1316930
2022-05-10,49.9900016784668,50.20000076293945,48.93000030517578,49.630001068115234,31.511682510375977,1321978
2022-05-11,49.779998779296875,51.7400016784668,48.459999084472656,50.099998474121094,31.810102462768555,2625086
2022-05-12,50.0,50.0,48.529998779296875,49.04999923706055,31.14342498779297,4395684
2022-05-13,49.54999923706055,51.5,49.5,51.08000183105469,32.43233871459961,971363
2022-05-16,51.02000045776367,52.84000015258789,50.779998779296875,52.380001068115234,33.257747650146484,999805
2022-05-17,52.5,52.5,51.29999923706055,51.560001373291016,32.73711013793945,901790
2022-05-18,51.310001373291016,51.79999923706055,49.61000061035156,49.90999984741211,31.68946647644043,959051
2022-05-19,49.43000030517578,50.86000061035156,49.220001220703125,50.75,32.22280502319336,804307
2022-05-20,50.79999923706055,51.279998779296875,49.529998779296875,50.119998931884766,31.82280158996582,628954
2022-05-23,50.52000045776367,50.9900016784668,50.040000915527344,50.63999938964844,32.1529655456543,785025
2022-05-24,50.88999938964844,51.2400016784668,49.81999969482422,51.06999969482422,32.425987243652344,461963
2022-05-25,51.25,51.849998474121094,50.18000030517578,50.290000915527344,31.930736541748047,735342
2022-05-26,50.869998931884766,50.93000030517578,49.709999084472656,49.970001220703125,31.72756004333496,626708
2022-05-27,50.099998474121094,50.599998474121094,49.5099983215332,49.9900016784668,31.740262985229492,1111468
2022-05-30,50.060001373291016,50.689998626708984,49.7400016784668,50.08000183105469,31.79740333557129,523294
2022-05-31,50.0099983215332,50.06999969482422,47.5099983215332,48.54999923706055,30.82595443725586,4106266
2022-06-01,48.790000915527344,49.619998931884766,47.90999984741211,48.66999816894531,30.902145385742188,882388
2022-06-02,48.65999984741211,48.65999984741211,47.06999969482422,47.5099983215332,30.165626525878906,387113
2022-06-03,47.27000045776367,47.869998931884766,46.2599983215332,47.18000030517578,29.956104278564453,828417
2022-06-06,47.040000915527344,48.27000045776367,46.650001525878906,47.040000915527344,29.867212295532227,606743
2022-06-07,47.040000915527344,47.040000915527344,45.63999938964844,46.540000915527344,29.549745559692383,1046142
2022-06-08,46.4900016784668,46.849998474121094,45.560001373291016,45.97999954223633,29.19417953491211,1386744
2022-06-09,45.68000030517578,46.13999938964844,44.77000045776367,45.529998779296875,28.90846061706543,2100249
2022-06-10,45.29999923706055,45.5,43.529998779296875,43.959999084472656,27.911617279052734,2240113
2022-06-13,43.599998474121094,43.939998626708984,41.45000076293945,41.869998931884766,26.584609985351562,1250418
2022-06-14,42.06999969482422,42.59000015258789,41.22999954223633,41.599998474121094,26.413177490234375,2715790
2022-06-15,41.81999969482422,42.22999954223633,40.849998474121094,41.650001525878906,26.44492530822754,1118386
2022-06-16,41.599998474121094,45.0,38.560001373291016,39.68000030517578,25.19410514831543,2931711
2022-06-17,40.5099983215332,40.54999923706055,38.560001373291016,39.4900016784668,25.073474884033203,3179869
2022-06-20,39.9900016784668,40.529998779296875,39.630001068115234,40.47999954223633,25.70205307006836,151332
2022-06-21,40.68000030517578,41.59000015258789,40.5,40.959999084472656,26.006818771362305,2099621
2022-06-22,40.650001525878906,40.650001525878906,39.279998779296875,40.099998474121094,25.46078109741211,1039492
2022-06-23,40.2599983215332,40.33000183105469,38.86000061035156,39.720001220703125,25.21950340270996,1905928
2022-06-24,39.88999938964844,41.619998931884766,39.88999938964844,41.0,26.032217025756836,3065604
2022-06-27,41.0,42.04999923706055,40.439998626708984,41.939998626708984,26.62905502319336,1641057
2022-06-28,42.189998626708984,42.38999938964844,41.04999923706055,41.79999923706055,26.540164947509766,1428656
2022-06-29,42.380001068115234,42.380001068115234,40.209999084472656,40.66999816894531,25.82269287109375,2506982
2022-06-30,40.34000015258789,40.68000030517578,39.7400016784668,40.310001373291016,25.5941162109375,1908359
2022-07-01,40.33000183105469,41.47999954223633,40.150001525878906,40.529998779296875,25.733800888061523,2080590
2022-07-04,40.959999084472656,41.0,40.310001373291016,40.93000030517578,25.98777198791504,456861
2022-07-05,40.86000061035156,42.099998474121094,40.279998779296875,41.709999084472656,26.483020782470703,2268123
2022-07-06,42.04999923706055,42.04999923706055,41.0099983215332,41.4900016784668,26.343339920043945,1812034
2022-07-07,41.779998779296875,42.349998474121094,41.45000076293945,41.91999816894531,26.616357803344727,1426323
2022-07-08,41.720001220703125,43.95000076293945,41.54999923706055,43.33000183105469,27.511615753173828,936759
2022-07-11,43.4900016784668,44.97999954223633,43.02000045776367,44.52000045776367,28.267179489135742,1795784
2022-07-12,44.400001525878906,44.95000076293945,43.66999816894531,43.91999816894531,27.88621711730957,2035378
2022-07-13,43.900001525878906,44.09000015258789,43.2599983215332,43.650001525878906,27.714792251586914,2428120
2022-07-14,43.439998626708984,43.84000015258789,42.34000015258789,43.11000061035156,27.371925354003906,1882135
2022-07-15,43.310001373291016,43.650001525878906,42.70000076293945,43.40999984741211,27.562406539916992,721411
2022-07-18,43.52000045776367,44.22999954223633,43.36000061035156,43.70000076293945,27.746536254882812,1140297
2022-07-19,43.880001068115234,44.93000030517578,43.880001068115234,44.65999984741211,28.356069564819336,1155088
2022-07-20,44.43000030517578,46.099998474121094,44.31999969482422,45.650001525878906,28.984649658203125,2689914
2022-07-21,45.95000076293945,45.95000076293945,44.5099983215332,44.880001068115234,28.495756149291992,1605812
2022-07-22,44.88999938964844,45.900001525878906,44.869998931884766,44.97999954223633,28.559249877929688,659560
2022-07-25,44.900001525878906,45.959999084472656,44.540000915527344,45.5,28.889413833618164,733013
2022-07-26,45.130001068115234,46.25,45.130001068115234,45.77000045776367,29.06084632873535,1929186
2022-07-27,45.84000015258789,47.150001525878906,45.310001373291016,46.9900016784668,29.835466384887695,2829510
2022-07-28,47.060001373291016,48.70000076293945,46.619998931884766,47.59000015258789,30.21642303466797,1183299
2022-07-29,47.65999984741211,48.27000045776367,47.08000183105469,47.939998626708984,30.438644409179688,792882
2022-08-01,47.939998626708984,49.2599983215332,47.310001373291016,47.529998779296875,30.178321838378906,750675
2022-08-02,47.5,48.0,46.79999923706055,47.79999923706055,30.349761962890625,1504969
2022-08-03,47.849998474121094,48.34000015258789,46.599998474121094,47.58000183105469,30.21007537841797,1341418
2022-08-04,46.900001525878906,48.25,45.310001373291016,46.349998474121094,29.429105758666992,1884043
2022-08-05,46.220001220703125,46.7400016784668,45.150001525878906,45.9900016784668,29.20053482055664,1595091
2022-08-08,46.209999084472656,47.45000076293945,45.900001525878906,46.939998626708984,29.80371856689453,1519340
2022-08-09,47.0,47.47999954223633,46.529998779296875,47.209999084472656,29.975147247314453,1008098
2022-08-10,47.459999084472656,48.04999923706055,45.79999923706055,46.650001525878906,29.619585037231445,2093048
2022-08-11,47.52000045776367,48.11000061035156,46.290000915527344,46.88999938964844,29.77197265625,1891978
2022-08-12,46.79999923706055,47.529998779296875,46.27000045776367,46.86000061035156,29.75292205810547,1084988
2022-08-15,46.869998931884766,46.93000030517578,46.279998779296875,46.68000030517578,29.63863754272461,847733
2022-08-16,46.97999954223633,47.189998626708984,46.0099983215332,46.20000076293945,29.3338680267334,1024325
2022-08-17,46.68000030517578,46.77000045776367,45.70000076293945,46.150001525878906,29.302120208740234,1556078
2022-08-18,46.41999816894531,46.41999816894531,45.75,46.040000915527344,29.232280731201172,1499363
2022-08-19,46.2400016784668,46.90999984741211,45.75,46.209999084472656,29.340219497680664,2391049
2022-08-22,45.91999816894531,46.380001068115234,45.369998931884766,45.70000076293945,29.016401290893555,1706307
2022-08-23,45.81999969482422,47.40999984741211,45.779998779296875,47.22999954223633,29.987844467163086,1661163
2022-08-24,47.08000183105469,47.93000030517578,46.31999969482422,47.349998474121094,30.064041137695312,1545901
2022-08-25,47.380001068115234,49.0,47.380001068115234,48.25,30.635478973388672,1091362
2022-08-26,44.939998626708984,45.150001525878906,44.08000183105469,44.25,30.542831420898438,413217
2022-08-29,44.29999923706055,44.439998626708984,43.2599983215332,43.70000076293945,30.163198471069336,1780440
2022-08-30,43.959999084472656,44.18000030517578,42.650001525878906,43.16999816894531,29.79737663269043,1488747
2022-08-31,43.54999923706055,43.54999923706055,41.79999923706055,42.02000045776367,29.003604888916016,1648960
2022-09-01,42.560001373291016,42.72999954223633,41.400001525878906,42.459999084472656,29.30730628967285,1582960
2022-09-02,42.66999816894531,43.849998474121094,42.63999938964844,43.369998931884766,29.9354190826416,2068151
2022-09-05,43.650001525878906,44.4900016784668,43.2400016784668,44.290000915527344,30.570436477661133,272370
2022-09-06,44.970001220703125,44.970001220703125,42.45000076293945,43.34000015258789,29.914714813232422,1373190
2022-09-07,43.209999084472656,44.0,42.29999923706055,43.720001220703125,30.177003860473633,1076450
2022-09-08,43.75,44.15999984741211,43.2599983215332,44.04999923706055,30.40478515625,1006678
2022-09-09,44.25,45.599998474121094,44.25,45.279998779296875,31.25377082824707,1233025
2022-09-12,45.75,46.84000015258789,45.75,46.58000183105469,32.15107345581055,1505772
2022-09-13,46.34000015258789,46.86000061035156,45.970001220703125,46.220001220703125,31.902587890625,1987105
2022-09-14,46.220001220703125,47.68000030517578,45.959999084472656,47.349998474121094,32.682552337646484,1665367
2022-09-15,47.13999938964844,48.29999923706055,46.95000076293945,48.130001068115234,33.2209358215332,3080127
2022-09-19,46.119998931884766,49.119998931884766,46.119998931884766,48.880001068115234,33.73860549926758,1596710
2022-09-20,49.0,50.52000045776367,48.779998779296875,50.279998779296875,34.70492935180664,2081798
2022-09-21,50.0,50.369998931884766,49.029998779296875,49.95000076293945,34.47715377807617,1194141
2022-09-22,49.970001220703125,50.4900016784668,49.33000183105469,49.54999923706055,34.20106506347656,1036579
2022-09-23,49.4900016784668,50.040000915527344,48.150001525878906,48.959999084472656,33.7938232421875,587956
2022-09-26,48.97999954223633,49.4900016784668,48.560001373291016,49.349998474121094,34.063018798828125,1681499
2022-09-27,49.11000061035156,49.33000183105469,48.09000015258789,48.91999816894531,33.76621627807617,4802686
2022-09-28,48.4900016784668,50.63999938964844,48.4900016784668,50.369998931884766,34.76704788208008,2280001
2022-09-29,49.83000183105469,50.20000076293945,49.0,50.189998626708984,34.6428108215332,3192128
2022-09-30,49.81999969482422,51.310001373291016,49.40999984741211,50.9900016784668,35.195003509521484,2815418
2022-10-03,51.27000045776367,52.79999923706055,50.91999816894531,52.189998626708984,36.023277282714844,2891730
2022-10-04,52.779998779296875,53.290000915527344,51.189998626708984,53.220001220703125,36.734222412109375,3303120
2022-10-05,53.119998931884766,54.650001525878906,52.77000045776367,53.7400016784668,37.0931396484375,2848517
2022-10-06,53.56999969482422,55.040000915527344,53.56999969482422,54.060001373291016,37.31401824951172,2562982
2022-10-07,53.970001220703125,55.4900016784668,53.02000045776367,55.349998474121094,38.20441436767578,3415572
2022-10-10,55.349998474121094,56.08000183105469,54.58000183105469,55.439998626708984,38.26654052734375,1958490
2022-10-11,55.16999816894531,55.16999816894531,53.880001068115234,55.11000061035156,38.038761138916016,3744664
2022-10-12,54.720001220703125,55.52000045776367,54.720001220703125,55.400001525878906,38.238929748535156,1584498
2022-10-13,55.13999938964844,55.540000915527344,54.04999923706055,55.34000015258789,38.19751739501953,2341498
2022-10-14,55.5,56.0,54.34000015258789,54.79999923706055,37.82478713989258,1863246
2022-10-17,55.2400016784668,57.540000915527344,55.2400016784668,56.56999969482422,39.0464973449707,2034800
2022-10-18,57.459999084472656,57.5,55.349998474121094,55.79999923706055,38.515018463134766,1506306
2022-10-19,55.849998474121094,56.58000183105469,53.97999954223633,54.709999084472656,37.762664794921875,1893339
2022-10-20,54.90999984741211,55.540000915527344,53.720001220703125,54.0,37.27260208129883,4124929
2022-10-21,54.22999954223633,54.79999923706055,53.52000045776367,54.380001068115234,37.534889221191406,3878315
2022-10-24,55.220001220703125,55.279998779296875,53.66999816894531,54.13999938964844,37.369232177734375,1488424
2022-10-25,54.27000045776367,55.15999984741211,53.72999954223633,54.38999938964844,37.54179000854492,3216933
2022-10-26,55.18000030517578,55.459999084472656,54.0,54.279998779296875,37.46586608886719,3269310
2022-10-27,55.86000061035156,56.790000915527344,54.279998779296875,55.619998931884766,38.390777587890625,4260531
2022-10-28,55.439998626708984,55.83000183105469,54.81999969482422,55.38999938964844,38.232025146484375,2771835
2022-10-31,55.29999923706055,56.0,55.11000061035156,55.779998779296875,38.50121307373047,4323017
2022-11-01,55.79999923706055,56.400001525878906,55.5,56.400001525878906,38.92916488647461,3694747
2022-11-03,56.38999938964844,57.869998931884766,56.08000183105469,57.650001525878906,39.79195785522461,5037718
2022-11-04,57.7599983215332,58.13999938964844,57.54999923706055,57.79999923706055,39.895484924316406,1954608
2022-11-07,58.0,58.150001525878906,57.689998626708984,57.939998626708984,39.99211502075195,2734830
2022-11-08,57.970001220703125,58.13999938964844,55.97999954223633,56.689998626708984,39.129329681396484,2675890
2022-11-09,56.79999923706055,57.970001220703125,56.150001525878906,57.20000076293945,39.48134994506836,2376403
2022-11-10,57.279998779296875,60.4900016784668,57.119998931884766,58.9900016784668,40.71686553955078,5500239
2022-11-11,59.040000915527344,61.310001373291016,58.810001373291016,58.810001373291016,40.592628479003906,4354246
2022-11-14,59.02000045776367,59.02000045776367,57.209999084472656,58.150001525878906,40.13706970214844,2705472
2022-11-15,58.66999816894531,59.86000061035156,58.41999816894531,58.810001373291016,40.592628479003906,1470783
2022-11-16,59.189998626708984,61.90999984741211,58.95000076293945,61.2400016784668,42.26988983154297,3908147
2022-11-17,61.20000076293945,61.7599983215332,60.5,61.04999923706055,42.13874435424805,2541552
2022-11-18,61.79999923706055,62.650001525878906,60.459999084472656,60.7599983215332,41.938575744628906,1740373
2022-11-22,62.4900016784668,63.0,59.939998626708984,59.939998626708984,41.372589111328125,6049861
2022-11-23,60.29999923706055,61.189998626708984,59.34000015258789,59.43000030517578,41.02056884765625,4539346
2022-11-24,59.75,60.4900016784668,59.65999984741211,60.18000030517578,41.538246154785156,1263756
2022-11-25,61.369998931884766,61.369998931884766,59.68000030517578,60.0,41.414005279541016,2826408
2022-11-28,60.29999923706055,61.790000915527344,60.13999938964844,60.68000030517578,41.883365631103516,4320711
2022-11-29,61.06999969482422,61.099998474121094,58.45000076293945,59.619998931884766,41.15171432495117,5484859
2022-11-30,59.9900016784668,66.62000274658203,59.9900016784668,62.689998626708984,43.270729064941406,102905792
2022-12-01,63.20000076293945,64.0999984741211,61.08000183105469,63.27000045776367,43.67106246948242,5048386
2022-12-02,62.97999954223633,63.66999816894531,60.849998474121094,61.33000183105469,42.332008361816406,4091729
2022-12-05,61.52000045776367,62.060001373291016,59.5,60.7400016784668,41.924774169921875,1751034
2022-12-06,60.75,61.119998931884766,59.66999816894531,60.099998474121094,41.48302459716797,2570649
2022-12-07,60.58000183105469,62.65999984741211,60.459999084472656,61.13999938964844,42.20086669921875,2409025
2022-12-08,61.43000030517578,62.119998931884766,60.88999938964844,61.5099983215332,42.45625686645508,2248116
2022-12-09,61.970001220703125,63.29999923706055,60.369998931884766,61.119998931884766,42.18706130981445,3028513
2022-12-13,62.29999923706055,63.43000030517578,60.31999969482422,60.900001525878906,42.03521728515625,4345194
2022-12-14,60.709999084472656,61.5099983215332,59.72999954223633,61.0,42.10423278808594,2227030
2022-12-15,61.099998474121094,61.560001373291016,59.61000061035156,60.86000061035156,42.00760269165039,5992714
2022-12-16,60.93000030517578,60.959999084472656,58.810001373291016,60.470001220703125,41.7384147644043,3348874
2022-12-19,60.93000030517578,62.540000915527344,60.400001525878906,62.47999954223633,43.12577819824219,2086939
2022-12-20,62.599998474121094,63.31999969482422,61.97999954223633,62.31999969482422,43.01533889770508,1993953
2022-12-21,62.31999969482422,64.0,61.83000183105469,63.20000076293945,43.62274169921875,2220167
2022-12-22,63.25,63.66999816894531,60.77000045776367,62.20000076293945,42.93251419067383,1404761
2022-12-23,62.099998474121094,63.97999954223633,61.65999984741211,63.59000015258789,43.89194107055664,1173979
2022-12-26,63.9900016784668,63.9900016784668,63.0,63.599998474121094,43.898841857910156,80934
2022-12-27,63.5,63.9900016784668,62.66999816894531,63.4900016784668,43.82291030883789,526572
2022-12-28,63.90999984741211,63.90999984741211,61.470001220703125,62.08000183105469,42.84968948364258,1165036
2022-12-29,62.310001373291016,62.95000076293945,61.38999938964844,61.630001068115234,42.539085388183594,971887
2022-12-30,61.689998626708984,62.38999938964844,61.0,61.380001068115234,42.36653137207031,1394241
2023-01-02,61.619998931884766,62.38999938964844,61.02000045776367,61.869998931884766,42.704742431640625,79626
2023-01-03,61.5,63.150001525878906,61.439998626708984,62.310001373291016,43.00843811035156,834498
2023-01-04,63.0099983215332,64.52999877929688,62.31999969482422,63.9900016784668,44.168033599853516,1703451
2023-01-05,63.66999816894531,64.30000305175781,61.810001373291016,61.91999816894531,42.73925018310547,2454246
2023-01-06,62.349998474121094,64.86000061035156,62.349998474121094,64.8499984741211,44.76163101196289,2345878
2023-01-09,64.44999694824219,66.62000274658203,63.93000030517578,65.30999755859375,45.079139709472656,1621663
2023-01-10,66.0,66.38999938964844,65.5,65.87000274658203,45.46567916870117,1462812
2023-01-11,66.1500015258789,66.61000061035156,65.56999969482422,66.13999938964844,45.652034759521484,1672984
2023-01-12,66.13999938964844,67.2300033569336,65.75,66.9000015258789,46.176612854003906,2392096
2023-01-13,66.94000244140625,67.37000274658203,65.87999725341797,66.47000122070312,45.87981414794922,1570629
2023-01-16,66.29000091552734,68.80000305175781,66.29000091552734,68.0,46.935874938964844,1094118
2023-01-17,69.7699966430664,69.7699966430664,66.25,67.4800033569336,46.57695007324219,1320444
2023-01-18,67.79000091552734,68.05999755859375,66.69999694824219,67.6500015258789,46.69429016113281,2951925
2023-01-19,67.2699966430664,68.8499984741211,67.06999969482422,67.75,46.76331329345703,1795719
2023-01-20,68.5,69.79000091552734,67.66999816894531,69.5,47.97121810913086,1606083
2023-01-23,69.73999786376953,70.56999969482422,68.70999908447266,69.9800033569336,48.30253219604492,1444921
2023-01-24,70.9800033569336,71.36000061035156,69.87999725341797,70.75,48.83401107788086,1401486
2023-01-25,70.87000274658203,71.47000122070312,69.31999969482422,71.47000122070312,49.330989837646484,1572516
2023-01-26,71.0999984741211,77.68000030517578,71.0999984741211,76.5999984741211,52.87187957763672,2677088
2023-01-27,77.66999816894531,77.66999816894531,74.66999816894531,75.29000091552734,51.96766662597656,2701025
2023-01-30,75.37000274658203,76.98999786376953,74.2699966430664,75.37999725341797,52.02978515625,1499609
2023-01-31,75.9000015258789,76.76000213623047,73.51000213623047,75.63999938964844,52.20925521850586,3484195
2023-02-01,75.72000122070312,76.4000015258789,74.06999969482422,74.54000091552734,51.44999313354492,1464369
2023-02-02,74.80000305175781,74.80000305175781,70.06999969482422,70.2699966430664,48.5026969909668,2861898
2023-02-03,70.33000183105469,72.93000030517578,68.80999755859375,72.2300033569336,49.855560302734375,2775836
2023-02-07,72.5,72.9800033569336,68.29000091552734,69.0,47.626102447509766,5463441
2023-02-08,69.5,69.5,65.44000244140625,67.02999877929688,46.26634216308594,4378604
2023-02-09,69.91999816894531,70.9000015258789,67.16000366210938,70.72000122070312,48.81330108642578,3755648
2023-02-10,70.80000305175781,70.80000305175781,67.5,68.11000061035156,47.01179122924805,2660646
2023-02-13,68.87000274658203,70.27999877929688,68.30000305175781,70.01000213623047,48.32323455810547,2096442
2023-02-14,70.04000091552734,70.05000305175781,67.4000015258789,67.87000274658203,46.84614181518555,3228503
2023-02-15,67.79000091552734,69.63999938964844,67.31999969482422,69.58000183105469,48.02643585205078,2544110
2023-02-16,69.6500015258789,70.75,68.87000274658203,70.5199966430664,48.67525863647461,1438387
2023-02-17,70.47000122070312,70.47000122070312,68.76000213623047,69.31999969482422,47.84696960449219,1416733
2023-02-20,69.66000366210938,70.69999694824219,69.0999984741211,69.11000061035156,47.702030181884766,348184
2023-02-21,69.19999694824219,70.69000244140625,67.55000305175781,68.58000183105469,47.336204528808594,1739610
2023-02-22,68.58000183105469,70.04000091552734,68.29000091552734,69.19999694824219,47.7641487121582,1483119
2023-02-23,69.08000183105469,70.04000091552734,68.02999877929688,68.95999908447266,47.59849548339844,2592494
2023-02-24,68.20999908447266,68.83000183105469,67.91999816894531,68.18000030517578,47.06011199951172,1037927
2023-02-27,68.0,69.5999984741211,67.8499984741211,69.41999816894531,47.91600036621094,2153325
2023-02-28,69.0,70.7300033569336,67.80000305175781,69.91000366210938,48.25421142578125,5739412
2023-03-01,70.19000244140625,70.43000030517578,67.41000366210938,68.62000274658203,47.36381530761719,3318747
2023-03-02,68.7300033569336,69.91999816894531,67.16999816894531,69.37000274658203,47.881492614746094,3806053
2023-03-03,69.45999908447266,72.62000274658203,69.19999694824219,72.30000305175781,49.90387725830078,2193596
2023-03-06,72.30000305175781,72.97000122070312,70.7699966430664,71.2699966430664,49.19293212890625,2838402
2023-03-07,71.25,72.37000274658203,70.80999755859375,71.37999725341797,49.268856048583984,1925145
2023-03-08,71.37000274658203,72.22000122070312,69.6500015258789,70.19999694824219,48.45438003540039,1791328
2023-03-09,69.94999694824219,72.2300033569336,69.94999694824219,71.19999694824219,49.144615173339844,972539
2023-03-10,71.0,71.87000274658203,68.54000091552734,68.55000305175781,47.31549835205078,2288202
2023-03-13,67.97000122070312,68.69999694824219,64.4000015258789,66.38999938964844,45.82459259033203,4688895
2023-03-14,67.0999984741211,67.66000366210938,64.52999877929688,65.0,44.86517333984375,3485387
2023-03-15,64.7699966430664,64.81999969482422,60.88999938964844,61.83000183105469,42.677127838134766,3796821
2023-03-16,62.58000183105469,62.58000183105469,60.31999969482422,60.56999969482422,41.80743408203125,3863330
2023-03-17,60.599998474121094,61.11000061035156,59.61000061035156,60.09000015258789,41.47611999511719,7188987
2023-03-21,61.58000183105469,63.20000076293945,61.279998779296875,63.11000061035156,43.560630798339844,2409311
2023-03-22,63.95000076293945,64.38999938964844,62.9900016784668,63.4900016784668,43.82291030883789,2671934
2023-03-23,63.130001068115234,65.58000183105469,63.08000183105469,64.83000183105469,44.747833251953125,3788866
2023-03-24,65.1500015258789,65.1500015258789,63.9900016784668,64.44999694824219,44.48553466796875,2311006
2023-03-27,64.83000183105469,64.83000183105469,62.619998931884766,62.66999816894531,43.256927490234375,2193158
2023-03-28,62.900001525878906,64.33999633789062,62.09000015258789,62.83000183105469,43.36736297607422,1896878
2023-03-29,63.470001220703125,64.94999694824219,62.15999984741211,64.5999984741211,44.589073181152344,3498486
2023-03-30,64.93000030517578,65.58999633789062,64.20999908447266,65.0,44.86517333984375,1929759
2023-03-31,65.0,66.27999877929688,65.0,65.55000305175781,45.24480056762695,3447829
2023-04-03,65.51000213623047,65.55999755859375,63.36000061035156,64.69999694824219,44.65810012817383,1667669
2023-04-04,64.8499984741211,65.04000091552734,63.90999984741211,64.95999908447266,44.83755874633789,1355777
2023-04-05,65.11000061035156,65.11000061035156,63.63999938964844,63.959999084472656,44.1473274230957,2817253
2023-04-10,63.810001373291016,65.13999938964844,63.66999816894531,63.68000030517578,43.95405960083008,1105408
2023-04-11,64.06999969482422,65.16000366210938,63.630001068115234,63.650001525878906,43.93335723876953,1697561
2023-04-12,64.25,65.69000244140625,62.400001525878906,63.060001373291016,43.52611541748047,2227039
2023-04-13,62.939998626708984,64.81999969482422,62.84000015258789,63.470001220703125,43.809112548828125,1743085
2023-04-14,63.849998474121094,65.70999908447266,63.790000915527344,65.48999786376953,45.2033805847168,1473853
2023-04-17,65.30999755859375,65.4000015258789,62.959999084472656,63.13999938964844,43.58133316040039,2125809
2023-04-18,63.45000076293945,63.45000076293945,60.83000183105469,61.0,42.10423278808594,3292586
2023-04-19,61.2400016784668,62.36000061035156,61.2400016784668,61.5,42.4493522644043,2479937
2023-04-20,61.619998931884766,61.88999938964844,60.689998626708984,60.70000076293945,41.89716720581055,2153269
2023-04-21,60.720001220703125,61.06999969482422,59.7400016784668,60.13999938964844,41.5106315612793,3371065
2023-04-24,60.13999938964844,61.310001373291016,60.0099983215332,60.900001525878906,42.03521728515625,2957532
2023-04-25,60.9900016784668,61.04999923706055,59.0099983215332,60.040000915527344,41.44160842895508,2186038
2023-04-26,60.189998626708984,60.709999084472656,58.52000045776367,59.68000030517578,41.19313049316406,4131939
2023-04-27,60.400001525878906,60.40999984741211,57.790000915527344,58.40999984741211,40.31653594970703,4332588
2023-04-28,59.029998779296875,60.290000915527344,58.849998474121094,59.119998931884766,40.80659484863281,6548912
2023-05-02,59.0099983215332,59.5099983215332,57.88999938964844,59.0,40.72377014160156,3012198
2023-05-03,59.47999954223633,60.2400016784668,58.5,60.119998931884766,41.496826171875,6612352
2023-05-04,60.25,60.939998626708984,59.400001525878906,60.16999816894531,41.53133773803711,1550917
2023-05-05,59.79999923706055,61.900001525878906,59.79999923706055,61.400001525878906,42.38032913208008,16337857
2023-05-08,58.939998626708984,60.290000915527344,58.2400016784668,59.79999923706055,44.199493408203125,7953679
2023-05-09,59.47999954223633,59.47999954223633,58.099998474121094,58.7400016784668,43.41602325439453,1767003
2023-05-10,58.77000045776367,60.0,58.77000045776367,59.650001525878906,44.088626861572266,1712142
2023-05-11,59.84000015258789,59.86000061035156,59.029998779296875,59.68000030517578,44.11079788208008,944339
2023-05-12,59.779998779296875,59.84000015258789,58.9900016784668,59.599998474121094,44.051666259765625,3462916
2023-05-15,59.54999923706055,59.93000030517578,58.15999984741211,59.77000045776367,44.17731857299805,2291833
2023-05-16,59.310001373291016,60.2400016784668,58.959999084472656,59.22999954223633,43.77819061279297,2028605
2023-05-17,59.45000076293945,59.599998474121094,58.59000015258789,59.15999984741211,43.72645568847656,2139543
2023-05-18,59.150001525878906,60.0,58.79999923706055,59.900001525878906,44.27340316772461,777030
2023-05-19,60.0,60.040000915527344,58.70000076293945,58.9900016784668,43.600799560546875,2254394
2023-05-22,58.790000915527344,59.189998626708984,56.70000076293945,57.689998626708984,42.63994216918945,1720483
2023-05-23,57.65999984741211,58.43000030517578,57.349998474121094,57.720001220703125,42.6621208190918,1601136
2023-05-24,57.400001525878906,57.970001220703125,56.619998931884766,56.88999938964844,42.04864501953125,1677800
2023-05-25,57.310001373291016,57.61000061035156,56.13999938964844,56.70000076293945,41.9082145690918,1468336
2023-05-26,56.869998931884766,57.81999969482422,56.09000015258789,57.40999984741211,42.432987213134766,1930037
2023-05-29,57.52000045776367,57.95000076293945,57.369998931884766,57.439998626708984,42.45516586303711,207168
2023-05-30,57.529998779296875,57.619998931884766,55.83000183105469,56.130001068115234,41.48691177368164,2160971
2023-05-31,56.25,56.310001373291016,53.25,55.63999938964844,41.1247444152832,6829224
2023-06-01,55.720001220703125,56.38999938964844,54.7599983215332,55.61000061035156,41.10256576538086,1883328
2023-06-02,56.20000076293945,56.540000915527344,53.7400016784668,54.02000045776367,39.927364349365234,1446469
2023-06-05,54.63999938964844,56.0099983215332,54.189998626708984,55.099998474121094,40.725616455078125,1501402
2023-06-06,55.0,55.5,54.68000030517578,54.9900016784668,40.64431381225586,5492656
2023-06-07,55.13999938964844,55.290000915527344,54.790000915527344,54.900001525878906,40.57779312133789,5701618
2023-06-08,54.90999984741211,55.400001525878906,53.900001525878906,54.47999954223633,40.26736068725586,1924915
2023-06-09,55.04999923706055,56.0099983215332,54.54999923706055,55.900001525878906,41.316917419433594,3440903
2023-06-12,55.90999984741211,56.189998626708984,55.52000045776367,55.61000061035156,41.10256576538086,1625891
2023-06-13,55.61000061035156,56.189998626708984,55.369998931884766,55.689998626708984,41.16169357299805,2583007
2023-06-14,55.790000915527344,55.95000076293945,55.36000061035156,55.54999923706055,41.05821990966797,3215863
2023-06-15,55.41999816894531,56.189998626708984,55.29999923706055,55.5,41.02126693725586,5360619
2023-06-16,55.529998779296875,55.689998626708984,54.0099983215332,55.0099983215332,40.659095764160156,7082821
2023-06-19,55.209999084472656,55.849998474121094,54.849998474121094,55.7400016784668,41.19866180419922,405276
2023-06-20,55.27000045776367,55.38999938964844,54.09000015258789,54.5,40.28214645385742,1378017
2023-06-21,54.52000045776367,54.75,53.709999084472656,54.540000915527344,40.311710357666016,1304326
2023-06-22,54.66999816894531,55.58000183105469,52.27000045776367,52.75,38.988677978515625,1772410
2023-06-23,53.18000030517578,53.18000030517578,51.599998474121094,51.900001525878906,38.36042785644531,1637141
2023-06-26,51.959999084472656,52.029998779296875,50.04999923706055,51.619998931884766,38.15346908569336,2558116
2023-06-27,52.0,52.52000045776367,51.5,51.650001525878906,38.17565155029297,3177839
2023-06-28,53.15999984741211,53.15999984741211,51.20000076293945,52.630001068115234,38.899986267089844,1882927
2023-06-29,52.349998474121094,53.15999984741211,52.31999969482422,52.869998931884766,39.07737350463867,1557512
2023-06-30,52.650001525878906,52.959999084472656,51.77000045776367,52.290000915527344,38.648685455322266,2555689
2023-07-03,51.9900016784668,53.68000030517578,51.970001220703125,53.119998931884766,39.26215362548828,904780
2023-07-04,52.529998779296875,53.099998474121094,52.529998779296875,53.060001373291016,39.217811584472656,436750
2023-07-05,52.900001525878906,53.33000183105469,52.5099983215332,52.869998931884766,39.07737350463867,1963737
2023-07-06,53.279998779296875,53.279998779296875,50.90999984741211,51.25,37.87999725341797,1390886
2023-07-07,51.68000030517578,52.630001068115234,51.25,51.79999923706055,38.28651809692383,1705017
2023-07-10,52.599998474121094,52.599998474121094,51.529998779296875,52.4900016784668,38.796504974365234,448385
2023-07-11,52.290000915527344,53.7400016784668,52.099998474121094,53.529998779296875,39.5651969909668,1248031
2023-07-12,53.38999938964844,53.5,52.70000076293945,52.869998931884766,39.07737350463867,1067305
2023-07-13,53.0,55.599998474121094,52.81999969482422,55.22999954223633,40.82170486450195,1466997
2023-07-14,55.189998626708984,55.31999969482422,54.04999923706055,54.880001068115234,40.563011169433594,1287129
2023-07-17,55.02000045776367,55.38999938964844,54.02000045776367,54.54999923706055,40.3191032409668,674720
2023-07-18,54.9900016784668,56.40999984741211,54.75,55.869998931884766,41.29473876953125,1172025
2023-07-19,56.04999923706055,56.470001220703125,55.27000045776367,55.939998626708984,41.34648132324219,1376535
2023-07-20,55.849998474121094,56.04999923706055,54.779998779296875,55.939998626708984,41.34648132324219,1291448
2023-07-21,56.08000183105469,56.189998626708984,55.0099983215332,55.470001220703125,40.99909210205078,398415
2023-07-24,55.38999938964844,56.47999954223633,54.7599983215332,56.29999923706055,41.6125602722168,1718849
2023-07-25,55.959999084472656,56.720001220703125,55.0099983215332,56.5099983215332,41.76777648925781,2785157
2023-07-26,56.709999084472656,57.099998474121094,55.29999923706055,56.56999969482422,41.812129974365234,1186307
2023-07-27,56.79999923706055,57.0,54.540000915527344,54.709999084472656,40.43735885620117,2197514
2023-07-28,55.130001068115234,55.130001068115234,52.91999816894531,52.970001220703125,39.15128707885742,2149162
2023-07-31,53.09000015258789,53.2400016784668,50.689998626708984,50.790000915527344,37.540000915527344,5160837
2023-08-01,51.15999984741211,52.189998626708984,50.849998474121094,51.209999084472656,37.850433349609375,2273152
2023-08-02,51.16999816894531,51.540000915527344,49.13999938964844,49.790000915527344,36.800880432128906,2040563
2023-08-03,49.65999984741211,50.5,48.880001068115234,49.91999816894531,36.896968841552734,1772431
2023-08-04,50.04999923706055,51.79999923706055,49.79999923706055,50.9900016784668,37.687828063964844,2238065
2023-08-07,51.43000030517578,52.060001373291016,51.15999984741211,51.45000076293945,38.02782440185547,1559513
2023-08-08,51.119998931884766,51.130001068115234,49.79999923706055,50.099998474121094,37.030006408691406,1523031
2023-08-09,50.20000076293945,50.720001220703125,49.59000015258789,50.66999816894531,37.45130920410156,2034923
2023-08-10,50.63999938964844,51.349998474121094,50.119998931884766,50.36000061035156,37.22217559814453,2624142
2023-08-11,50.45000076293945,52.20000076293945,50.45000076293945,51.939998626708984,38.38999557495117,2669035
2023-08-14,51.90999984741211,52.18000030517578,50.52000045776367,52.060001373291016,38.47868728637695,1491748
2023-08-15,51.970001220703125,52.869998931884766,51.2599983215332,52.33000183105469,38.678253173828125,2147977
2023-08-16,52.18000030517578,53.20000076293945,51.90999984741211,52.75,38.988677978515625,2024232
2023-08-17,52.849998474121094,52.849998474121094,50.88999938964844,52.099998474121094,38.50825119018555,2486025
2023-08-18,51.619998931884766,52.38999938964844,51.36000061035156,52.0,38.4343376159668,1468895
2023-08-21,51.470001220703125,52.66999816894531,51.220001220703125,52.08000183105469,38.493473052978516,2010616
2023-08-22,52.40999984741211,52.47999954223633,51.47999954223633,52.16999816894531,38.559993743896484,1616903
2023-08-23,52.5,53.29999923706055,52.06999969482422,53.130001068115234,39.26954650878906,2762439
2023-08-24,52.849998474121094,53.060001373291016,51.97999954223633,52.36000061035156,38.70042419433594,1975898
2023-08-25,51.63999938964844,53.52000045776367,51.63999938964844,53.16999816894531,39.29911422729492,1449163
2023-08-28,53.02000045776367,54.52000045776367,53.02000045776367,54.02000045776367,39.927364349365234,1526641
2023-08-29,53.900001525878906,55.400001525878906,53.54999923706055,54.91999816894531,40.59257507324219,1938043
2023-08-30,54.95000076293945,55.66999816894531,53.939998626708984,55.61000061035156,41.10256576538086,1612027
2023-08-31,55.11000061035156,55.369998931884766,53.5,53.68000030517578,39.67606735229492,4283398
2023-09-01,53.810001373291016,53.91999816894531,52.40999984741211,53.0099983215332,39.18085479736328,1122958
2023-09-04,53.709999084472656,53.709999084472656,52.279998779296875,52.79999923706055,39.025638580322266,400942
2023-09-05,52.54999923706055,53.66999816894531,52.13999938964844,53.540000915527344,39.57258987426758,2364963
2023-09-06,53.2400016784668,54.25,52.959999084472656,54.189998626708984,40.053016662597656,2340697
2023-09-07,54.0,54.0,52.529998779296875,53.689998626708984,39.6834602355957,1198439
2023-09-08,53.47999954223633,54.15999984741211,52.849998474121094,53.119998931884766,39.26215362548828,938477
2023-09-11,53.38999938964844,54.349998474121094,53.20000076293945,54.220001220703125,40.075191497802734,1840998
2023-09-12,54.29999923706055,55.810001373291016,54.29999923706055,55.25,40.83648681640625,2022502
2023-09-13,55.040000915527344,55.5099983215332,54.290000915527344,54.65999984741211,40.40040588378906,1357573
2023-09-14,54.79999923706055,56.790000915527344,54.459999084472656,56.31999969482422,41.62734603881836,2368425
2023-09-15,56.709999084472656,56.84000015258789,55.20000076293945,55.31999969482422,40.88822555541992,6295153
2023-09-18,55.63999938964844,55.63999938964844,54.13999938964844,54.880001068115234,40.563011169433594,1551221
2023-09-19,54.720001220703125,57.0099983215332,54.650001525878906,56.279998779296875,41.597782135009766,1951253
2023-09-20,55.45000076293945,58.4900016784668,55.45000076293945,57.63999938964844,42.602989196777344,1870084
2023-09-21,56.52000045776367,58.13999938964844,56.5,57.560001373291016,42.54386520385742,1967576
2023-09-22,56.06999969482422,58.279998779296875,56.06999969482422,57.54999923706055,42.536460876464844,2653671
2023-09-25,57.36000061035156,57.540000915527344,56.02000045776367,56.29999923706055,41.6125602722168,1676865
2023-09-26,56.310001373291016,57.150001525878906,55.970001220703125,56.20000076293945,41.53865051269531,1439663
2023-09-27,56.189998626708984,57.2400016784668,55.79999923706055,56.630001068115234,41.85647964477539,2731922
2023-09-28,56.81999969482422,57.15999984741211,55.650001525878906,56.630001068115234,41.85647964477539,2402295
2023-09-29,56.77000045776367,56.77000045776367,54.11000061035156,54.61000061035156,40.36344909667969,4477501
2023-10-02,54.400001525878906,54.43000030517578,52.599998474121094,53.630001068115234,39.63911056518555,2165944
2023-10-03,53.810001373291016,54.11000061035156,52.540000915527344,53.27000045776367,39.373023986816406,2191949
2023-10-04,53.5099983215332,53.5099983215332,52.310001373291016,52.849998474121094,39.062591552734375,1960082
2023-10-05,53.029998779296875,53.15999984741211,51.45000076293945,52.77000045776367,39.00346374511719,1655447
2023-10-06,52.52000045776367,53.79999923706055,51.599998474121094,53.77000045776367,39.74258804321289,1461901
2023-10-09,53.279998779296875,55.2599983215332,52.220001220703125,54.4900016784668,40.27475357055664,1018493
2023-10-10,54.59000015258789,56.4900016784668,54.560001373291016,56.099998474121094,41.46473693847656,1787442
2023-10-11,55.939998626708984,57.810001373291016,55.869998931884766,56.68000030517578,41.893428802490234,1912144
2023-10-12,56.060001373291016,56.790000915527344,54.779998779296875,55.59000015258789,41.08778762817383,1043979
2023-10-13,55.470001220703125,55.70000076293945,54.290000915527344,55.130001068115234,40.7477912902832,1335667
2023-10-16,55.11000061035156,55.90999984741211,54.790000915527344,55.25,40.83648681640625,1804313
2023-10-17,55.209999084472656,55.22999954223633,54.2599983215332,54.86000061035156,40.54822540283203,2315127
2023-10-18,54.5099983215332,57.5099983215332,54.47999954223633,57.13999938964844,42.233428955078125,4159740
2023-10-19,56.150001525878906,57.22999954223633,55.869998931884766,56.41999816894531,41.701255798339844,1775836
2023-10-20,56.380001068115234,56.459999084472656,55.06999969482422,55.06999969482422,40.70344924926758,813000
2023-10-23,55.310001373291016,55.310001373291016,53.56999969482422,53.56999969482422,39.59476089477539,1402188
2023-10-24,53.959999084472656,55.09000015258789,53.79999923706055,55.04999923706055,40.68865966796875,1227114
2023-10-25,55.060001373291016,56.09000015258789,54.5,55.380001068115234,40.93257141113281,1404306
2023-10-26,55.709999084472656,55.709999084472656,53.2599983215332,54.630001068115234,40.378231048583984,920399
2023-10-27,55.0,56.04999923706055,54.25,54.810001373291016,40.51128005981445,445483
2023-10-30,54.95000076293945,55.400001525878906,54.0,54.90999984741211,40.585182189941406,1257533
2023-10-31,54.70000076293945,55.470001220703125,53.59000015258789,54.88999938964844,40.570404052734375,2628078
2023-11-01,53.84000015258789,55.290000915527344,53.13999938964844,54.83000183105469,41.55082702636719,1996963
2023-11-03,55.59000015258789,58.630001068115234,55.22999954223633,57.77000045776367,43.778785705566406,2283712
2023-11-06,57.790000915527344,59.380001068115234,57.369998931884766,57.959999084472656,43.92277145385742,2188343
2023-11-07,57.619998931884766,58.2400016784668,56.189998626708984,56.70000076293945,42.967933654785156,1737036
2023-11-08,56.75,57.369998931884766,56.209999084472656,56.77000045776367,43.02098083496094,1565689
2023-11-09,56.38999938964844,56.529998779296875,53.880001068115234,53.95000076293945,40.883949279785156,2557510
2023-11-10,54.369998931884766,55.75,53.869998931884766,55.63999938964844,42.164649963378906,1436463
2023-11-13,55.27000045776367,56.77000045776367,55.209999084472656,56.220001220703125,42.604183197021484,1060127
2023-11-14,56.29999923706055,58.09000015258789,56.29999923706055,57.54999923706055,43.61206817626953,2014836
2023-11-15,57.59000015258789,59.0,57.470001220703125,59.0,44.71089553833008,2224321
2023-11-16,58.47999954223633,58.880001068115234,58.099998474121094,58.68000030517578,44.46839904785156,2028344
2023-11-17,58.540000915527344,58.95000076293945,58.29999923706055,58.619998931884766,44.42292404174805,1864783
2023-11-21,58.439998626708984,58.439998626708984,56.52000045776367,57.689998626708984,43.718162536621094,2249079
2023-11-22,58.0099983215332,58.650001525878906,57.900001525878906,58.2599983215332,44.15011215209961,1695531
2023-11-23,58.40999984741211,58.40999984741211,56.810001373291016,57.040000915527344,43.2255859375,1110680
2023-11-24,57.5,57.90999984741211,57.02000045776367,57.400001525878906,43.4984016418457,1186674
2023-11-27,57.41999816894531,58.0,56.779998779296875,57.0099983215332,43.202850341796875,1999841
2023-11-28,57.220001220703125,57.36000061035156,56.2599983215332,56.40999984741211,42.748165130615234,2116729
2023-11-29,56.5,56.5,55.15999984741211,55.369998931884766,41.96004104614258,2502232
2023-11-30,55.380001068115234,55.63999938964844,54.619998931884766,55.63999938964844,42.164649963378906,9680132
2023-12-01,55.20000076293945,56.75,55.09000015258789,56.189998626708984,42.581443786621094,2264107
2023-12-04,55.38999938964844,56.38999938964844,54.150001525878906,54.75,41.49020004272461,1873335
2023-12-05,54.70000076293945,55.45000076293945,53.810001373291016,55.04999923706055,41.7175407409668,2165275
2023-12-06,55.11000061035156,55.470001220703125,54.08000183105469,54.84000015258789,41.55840301513672,1752964
2023-12-07,55.2599983215332,55.2599983215332,53.97999954223633,54.15999984741211,41.0430908203125,1738665
2023-12-08,54.2400016784668,54.36000061035156,53.18000030517578,53.75,40.73238754272461,1950401
2023-12-11,53.880001068115234,55.29999923706055,53.810001373291016,54.83000183105469,41.55082702636719,1768527
2023-12-13,54.72999954223633,56.93000030517578,54.72999954223633,56.470001220703125,42.793636322021484,2792247
2023-12-14,56.52000045776367,57.25,54.34000015258789,54.689998626708984,41.44472885131836,5075582
2023-12-15,55.0,57.040000915527344,54.63999938964844,56.630001068115234,42.914886474609375,15397655
2023-12-18,56.5,57.5,56.09000015258789,57.22999954223633,43.36956787109375,1551073
2023-12-19,57.189998626708984,58.119998931884766,56.15999984741211,56.31999969482422,42.679962158203125,1562950
2023-12-20,56.56999969482422,57.72999954223633,56.40999984741211,56.95000076293945,43.15738296508789,2017447
2023-12-21,56.88999938964844,58.0,56.88999938964844,57.970001220703125,43.930355072021484,1757124
2023-12-22,57.29999923706055,58.29999923706055,57.29999923706055,57.68000030517578,43.71059036254883,1004512
2023-12-26,57.689998626708984,58.290000915527344,57.400001525878906,57.47999954223633,43.559024810791016,745994
2023-12-27,57.47999954223633,58.0,57.47999954223633,57.93000030517578,43.90003967285156,1554140
2023-12-28,57.849998474121094,57.97999954223633,56.349998474121094,56.79999923706055,43.0437126159668,1286781
2023-12-29,56.79999923706055,57.709999084472656,56.58000183105469,56.70000076293945,42.967933654785156,1484566
2024-01-02,56.75,57.91999816894531,56.189998626708984,57.81999969482422,43.816680908203125,1464367
2024-01-03,57.33000183105469,58.0,56.400001525878906,56.880001068115234,43.10433578491211,1835851
2024-01-04,56.56999969482422,57.56999969482422,55.779998779296875,56.75,43.005821228027344,1944829
2024-01-05,56.7400016784668,59.31999969482422,56.720001220703125,58.93000030517578,44.6578483581543,3198644
2024-01-08,58.9900016784668,59.66999816894531,58.150001525878906,59.63999938964844,45.19589614868164,1289736
2024-01-09,59.470001220703125,59.470001220703125,58.029998779296875,58.630001068115234,44.430503845214844,2213481
2024-01-10,58.209999084472656,59.369998931884766,57.45000076293945,58.220001220703125,44.11980438232422,1962580
2024-01-11,58.2599983215332,59.099998474121094,58.08000183105469,58.880001068115234,44.61996078491211,1464071
2024-01-12,58.83000183105469,59.43000030517578,58.7599983215332,59.41999816894531,45.0291748046875,1683894
2024-01-15,59.20000076293945,59.86000061035156,58.939998626708984,59.59000015258789,45.15800857543945,827470
2024-01-16,59.650001525878906,59.880001068115234,58.95000076293945,59.380001068115234,44.998863220214844,1584979
2024-01-17,58.4900016784668,61.220001220703125,58.099998474121094,59.7400016784668,45.27167510986328,3533669
2024-01-18,59.900001525878906,60.88999938964844,59.709999084472656,60.560001373291016,45.893089294433594,1711749
2024-01-19,60.400001525878906,62.27000045776367,60.029998779296875,62.040000915527344,47.0146484375,1694871
2024-01-22,61.93000030517578,62.7599983215332,61.220001220703125,61.36000061035156,46.499332427978516,2013879
2024-01-23,61.29999923706055,63.630001068115234,61.29999923706055,63.2599983215332,47.939170837402344,1797482
2024-01-24,63.04999923706055,63.779998779296875,62.880001068115234,63.7599983215332,48.31808090209961,4497295
2024-01-25,63.77000045776367,64.26000213623047,62.65999984741211,63.849998474121094,48.38628387451172,2601632
2024-01-26,62.84000015258789,65.02999877929688,62.5099983215332,64.55000305175781,48.91675567626953,1236031
2024-01-29,64.25,64.55999755859375,63.279998779296875,64.44000244140625,48.833396911621094,1683448
2024-01-30,64.16999816894531,65.62999725341797,63.959999084472656,65.12999725341797,49.35628128051758,4370963
2024-01-31,64.8499984741211,66.56999969482422,63.7400016784668,65.69000244140625,49.780662536621094,3043659
2024-02-01,63.86000061035156,67.08000183105469,63.86000061035156,66.11000061035156,50.098941802978516,1576151
2024-02-02,65.45999908447266,67.86000061035156,65.01000213623047,66.98999786376953,50.765811920166016,1514326
2024-02-06,66.93000030517578,68.4800033569336,66.93000030517578,67.66000366210938,51.27355194091797,2930316
2024-02-07,67.77999877929688,68.04000091552734,66.80000305175781,67.30000305175781,51.000736236572266,2848671
2024-02-08,67.30999755859375,69.55999755859375,67.1500015258789,67.16000366210938,50.8946418762207,8001624
2024-02-09,67.19000244140625,68.5999984741211,66.7300033569336,67.5,51.15230178833008,8676609
2024-02-12,66.5199966430664,68.79000091552734,66.5199966430664,67.58999633789062,51.22050476074219,1225202
2024-02-13,67.44000244140625,68.69000244140625,66.5199966430664,66.83000183105469,50.64456558227539,2438315
2024-02-14,67.0,68.5199966430664,66.83999633789062,66.98999786376953,50.765811920166016,2464806
2024-02-15,67.16999816894531,68.29000091552734,66.55000305175781,67.0,50.77338790893555,3599520
2024-02-16,66.9800033569336,68.98999786376953,66.9800033569336,67.5199966430664,51.16744613647461,2621951
2024-02-19,67.4000015258789,67.9000015258789,65.08999633789062,66.87999725341797,50.68245315551758,530022
2024-02-20,66.87999725341797,68.80000305175781,66.36000061035156,66.83000183105469,50.64456558227539,1793332
2024-02-21,67.1500015258789,67.16000366210938,65.58000183105469,66.12000274658203,50.10652160644531,2120850
2024-02-22,65.73999786376953,66.94999694824219,65.23999786376953,65.31999969482422,49.50027084350586,3231487
2024-02-23,65.38999938964844,67.69000244140625,65.38999938964844,66.8499984741211,50.65972137451172,4654769
2024-02-26,66.26000213623047,67.58000183105469,65.97000122070312,66.38999938964844,50.31112289428711,2156758
2024-02-27,66.29000091552734,66.66999816894531,64.16000366210938,64.63999938964844,48.984954833984375,1486838
2024-02-28,64.8499984741211,64.8499984741211,60.61000061035156,61.880001068115234,46.89339828491211,3006190
2024-02-29,61.900001525878906,63.79999923706055,61.61000061035156,63.09000015258789,47.81034851074219,3337316
2024-03-01,63.540000915527344,64.80000305175781,62.95000076293945,63.959999084472656,48.469642639160156,1600932
2024-03-04,64.19000244140625,64.4000015258789,63.5,63.880001068115234,48.409019470214844,1278557
2024-03-05,63.790000915527344,65.5,63.7400016784668,65.12000274658203,49.34870910644531,1752278
2024-03-06,65.58999633789062,67.43000030517578,63.95000076293945,64.87999725341797,49.16682434082031,1738736
2024-03-07,64.77999877929688,65.73999786376953,64.12000274658203,64.48999786376953,48.87128448486328,1337052
2024-03-08,64.19000244140625,64.7300033569336,64.19000244140625,64.41999816894531,48.818233489990234,1180663
2024-03-11,64.61000061035156,65.13999938964844,64.06999969482422,64.9000015258789,49.18198776245117,2744616
2024-03-12,64.9800033569336,64.9800033569336,61.849998474121094,62.13999938964844,47.09042739868164,1630995
2024-03-13,62.5099983215332,64.87999725341797,61.9900016784668,64.38999938964844,48.795501708984375,1210617
2024-03-14,64.80000305175781,65.80000305175781,63.61000061035156,64.2699966430664,48.70456314086914,1580149
2024-03-15,64.79000091552734,65.37000274658203,63.16999816894531,64.72000122070312,49.04558181762695,6491966
2024-03-19,64.0,65.06999969482422,64.0,64.6500015258789,48.992530822753906,1098160
2024-03-20,64.72000122070312,64.83999633789062,63.220001220703125,63.66999816894531,48.2498779296875,1709920
2024-03-21,63.5,64.19999694824219,62.86000061035156,63.2400016784668,47.92402648925781,1214130
2024-03-22,63.22999954223633,63.33000183105469,61.959999084472656,62.939998626708984,47.696678161621094,2883454
2024-03-25,62.9900016784668,64.4800033569336,62.9900016784668,64.13999938964844,48.606048583984375,1199992
2024-03-26,63.959999084472656,64.8499984741211,63.529998779296875,63.630001068115234,48.219566345214844,1291869
2024-03-27,64.37000274658203,65.06999969482422,62.720001220703125,64.58999633789062,48.94706344604492,1191665
2024-04-01,64.58999633789062,64.58999633789062,63.0099983215332,64.01000213623047,48.507537841796875,1676272
2024-04-02,64.05000305175781,64.47000122070312,63.41999816894531,64.0999984741211,48.57573699951172,1918497
2024-04-03,64.1500015258789,65.12000274658203,64.04000091552734,64.4000015258789,48.80308151245117,2537235
2024-04-04,64.47000122070312,65.75,64.30999755859375,64.87000274658203,49.15925216674805,814675
2024-04-05,65.62000274658203,66.0,64.19000244140625,64.69999694824219,49.030426025390625,1479862
2024-04-08,64.73999786376953,65.18000030517578,63.83000183105469,64.16000366210938,48.62120819091797,990254
2024-04-09,64.20999908447266,64.7300033569336,62.720001220703125,62.79999923706055,47.59058380126953,4305295
2024-04-10,62.63999938964844,62.63999938964844,61.02000045776367,61.310001373291016,46.461448669433594,1205264
2024-04-11,61.40999984741211,62.060001373291016,61.209999084472656,61.599998474121094,46.681209564208984,1401337
2024-04-12,61.849998474121094,62.939998626708984,61.02000045776367,62.5,47.36323928833008,1706577
2024-04-15,61.45000076293945,63.040000915527344,61.13999938964844,62.93000030517578,47.6890983581543,1421783
2024-04-16,62.529998779296875,62.529998779296875,59.459999084472656,59.88999938964844,45.38534927368164,1786227
2024-04-17,59.88999938964844,61.09000015258789,59.88999938964844,61.08000183105469,46.28715133666992,1073906
2024-04-18,61.20000076293945,61.349998474121094,60.349998474121094,60.880001068115234,46.135581970214844,1845694
2024-04-19,60.689998626708984,61.060001373291016,60.09000015258789,60.90999984741211,46.158321380615234,1127926
2024-04-22,60.43000030517578,61.72999954223633,60.33000183105469,61.400001525878906,46.52964401245117,1380369
2024-04-23,61.599998474121094,62.29999923706055,60.65999984741211,61.150001525878906,46.3401985168457,3062764
2024-04-24,61.220001220703125,63.529998779296875,60.560001373291016,62.31999969482422,47.22683334350586,1578025
2024-04-25,62.38999938964844,62.650001525878906,60.630001068115234,62.060001373291016,47.02980422973633,2206042
2024-04-26,62.209999084472656,65.9800033569336,62.20000076293945,65.05999755859375,49.30324172973633,1429975
2024-04-29,64.20999908447266,67.98999786376953,63.599998474121094,66.0999984741211,50.09136199951172,3097798
2024-04-30,66.55999755859375,66.55999755859375,62.97999954223633,63.31999969482422,47.984649658203125,1865314
2024-05-02,63.9900016784668,68.0,63.279998779296875,65.62000274658203,49.72761154174805,3189711
2024-05-03,65.52999877929688,67.30000305175781,64.0,66.79000091552734,50.614253997802734,1843778
2024-05-06,67.2699966430664,67.41999816894531,66.12999725341797,67.19000244140625,50.917381286621094,938836
2024-05-07,67.30000305175781,67.30000305175781,65.0199966430664,65.5999984741211,49.71245574951172,1655319
2024-05-08,63.68000030517578,63.68000030517578,62.34000015258789,62.880001068115234,50.50193405151367,1252539
2024-05-09,63.68000030517578,63.779998779296875,62.34000015258789,62.79999923706055,50.43768310546875,1089043
2024-05-10,62.810001373291016,63.0,61.560001373291016,62.029998779296875,49.81925582885742,1889671
2024-05-13,62.209999084472656,64.91000366210938,62.209999084472656,63.88999938964844,51.31311798095703,1091482
2024-05-14,63.45000076293945,63.45000076293945,62.22999954223633,62.630001068115234,50.3011474609375,1113718
2024-05-15,63.0099983215332,65.0,62.529998779296875,63.970001220703125,51.37736511230469,1085763
2024-05-16,64.54000091552734,64.73999786376953,63.040000915527344,63.54999923706055,51.0400390625,1521872
2024-05-17,63.61000061035156,64.69000244140625,63.06999969482422,63.54999923706055,51.0400390625,1720288
2024-05-20,63.61000061035156,64.62000274658203,63.060001373291016,64.12999725341797,51.50586700439453,716275
2024-05-21,63.130001068115234,64.16999816894531,62.150001525878906,62.5,50.196739196777344,2105016
2024-05-22,62.0,62.7400016784668,61.279998779296875,61.779998779296875,49.61846923828125,1826074
2024-05-23,61.86000061035156,61.86000061035156,60.599998474121094,60.93000030517578,48.935794830322266,1742417
2024-05-24,61.0099983215332,61.279998779296875,60.31999969482422,60.689998626708984,48.7430419921875,1034523
2024-05-27,60.900001525878906,61.720001220703125,60.630001068115234,61.31999969482422,49.2490234375,1018566
2024-05-28,62.27000045776367,62.27000045776367,59.08000183105469,59.47999954223633,47.77123260498047,1269914
2024-05-29,59.099998474121094,60.88999938964844,57.099998474121094,60.349998474121094,48.46996307373047,2678244
2024-05-30,60.86000061035156,60.86000061035156,58.7599983215332,58.79999923706055,47.22509002685547,2774910
2024-05-31,58.90999984741211,59.56999969482422,57.31999969482422,58.75,47.18492889404297,3007346
2024-06-03,58.029998779296875,58.63999938964844,51.5,52.45000076293945,42.12509536743164,2062936
2024-06-04,52.790000915527344,55.7400016784668,52.790000915527344,54.5099983215332,43.77958679199219,5243273
2024-06-05,54.66999816894531,56.90999984741211,54.66999816894531,56.400001525878906,45.29753494262695,2454210
2024-06-06,56.52000045776367,58.97999954223633,56.119998931884766,56.560001373291016,45.4260368347168,4299058
2024-06-07,57.0,58.2599983215332,52.5099983215332,53.06999969482422,42.6230583190918,3067173
2024-06-10,53.060001373291016,53.060001373291016,51.22999954223633,52.099998474121094,41.84400177001953,2191083
2024-06-11,52.38999938964844,53.689998626708984,51.400001525878906,52.16999816894531,41.90022277832031,1966544
2024-06-12,52.279998779296875,54.20000076293945,52.02000045776367,52.97999954223633,42.5507698059082,3610190
2024-06-13,52.88999938964844,53.2599983215332,50.86000061035156,51.439998626708984,41.31392288208008,1845975
2024-06-14,51.40999984741211,51.40999984741211,50.08000183105469,50.88999938964844,40.8721923828125,3143180
2024-06-17,51.0,52.970001220703125,51.0,52.4900016784668,42.157230377197266,1686507
2024-06-18,52.25,53.400001525878906,51.56999969482422,52.5099983215332,42.17328643798828,1901574
2024-06-19,52.58000183105469,53.5,52.54999923706055,53.099998474121094,42.64714813232422,578537
2024-06-20,53.0,53.970001220703125,52.5,53.91999816894531,43.305728912353516,1744032
2024-06-21,53.59000015258789,54.97999954223633,53.13999938964844,54.459999084472656,43.73943328857422,11017428
2024-06-24,54.54999923706055,55.189998626708984,52.939998626708984,53.599998474121094,43.04872131347656,2794923
2024-06-25,53.689998626708984,54.52000045776367,51.849998474121094,53.84000015258789,43.241477966308594,2262217
2024-06-26,55.04999923706055,55.5,52.709999084472656,55.439998626708984,44.526512145996094,3155742
2024-06-27,55.369998931884766,55.369998931884766,53.25,54.25,43.57076644897461,1879956
2024-06-28,54.08000183105469,56.349998474121094,53.720001220703125,55.79999923706055,44.815650939941406,2448308
2024-07-01,55.06999969482422,56.369998931884766,54.97999954223633,55.79999923706055,44.815650939941406,1519165
2024-07-02,54.529998779296875,56.470001220703125,54.529998779296875,55.400001525878906,44.494388580322266,1375967
2024-07-03,55.68000030517578,58.36000061035156,55.68000030517578,57.72999954223633,46.36572265625,1424694
2024-07-04,57.779998779296875,57.779998779296875,56.86000061035156,56.86000061035156,45.66698455810547,411169
2024-07-05,57.15999984741211,57.58000183105469,55.93000030517578,56.79999923706055,45.61879348754883,1514933
2024-07-08,56.75,57.7599983215332,56.72999954223633,57.0099983215332,45.787452697753906,2116166
2024-07-09,57.2400016784668,57.4900016784668,56.90999984741211,57.290000915527344,46.01233673095703,1712573
2024-07-10,57.11000061035156,59.27000045776367,57.0,58.61000061035156,47.07249069213867,1721726
2024-07-11,58.310001373291016,59.59000015258789,57.70000076293945,58.790000915527344,47.21705627441406,1221029
2024-07-12,58.22999954223633,59.29999923706055,58.0099983215332,58.75,47.18492889404297,1037059
2024-07-15,59.349998474121094,59.36000061035156,56.65999984741211,56.72999954223633,45.56257247924805,962380
2024-07-16,57.279998779296875,58.099998474121094,55.22999954223633,56.83000183105469,45.64289093017578,728930
2024-07-17,56.11000061035156,56.97999954223633,55.29999923706055,56.61000061035156,45.46620178222656,1477753
2024-07-18,55.15999984741211,56.939998626708984,54.84000015258789,55.22999954223633,44.357852935791016,2146633
2024-07-19,55.349998474121094,57.47999954223633,55.279998779296875,57.13999938964844,45.89186477661133,922388
2024-07-22,57.4900016784668,59.91999816894531,57.150001525878906,58.880001068115234,47.289344787597656,1385311
2024-07-23,58.349998474121094,58.52000045776367,56.61000061035156,56.959999084472656,45.7473030090332,1228751
2024-07-24,56.119998931884766,57.060001373291016,54.5,55.65999984741211,44.703208923339844,1475955
2024-07-25,55.63999938964844,57.790000915527344,54.529998779296875,55.790000915527344,44.8076171875,1852158
2024-07-26,55.130001068115234,56.38999938964844,53.849998474121094,54.91999816894531,44.1088752746582,1461770
2024-07-29,55.38999938964844,55.779998779296875,53.2400016784668,53.880001068115234,43.27360534667969,1156595
2024-07-30,53.900001525878906,54.63999938964844,52.06999969482422,52.810001373291016,42.41423416137695,2769016
2024-07-31,53.5,56.189998626708984,53.4900016784668,55.939998626708984,44.9280891418457,1342637
2024-08-01,55.790000915527344,56.040000915527344,52.779998779296875,53.349998474121094,42.847930908203125,1011558
2024-08-02,53.27000045776367,53.27000045776367,51.90999984741211,52.689998626708984,42.31785583496094,619160
2024-08-05,51.66999816894531,52.97999954223633,50.599998474121094,51.810001373291016,41.611087799072266,1219461
2024-08-06,51.810001373291016,52.689998626708984,51.06999969482422,51.81999969482422,41.619117736816406,1406057
2024-08-07,51.650001525878906,53.5,51.619998931884766,52.13999938964844,41.876121520996094,1215608
2024-08-08,52.2599983215332,52.47999954223633,51.81999969482422,52.099998474121094,41.84400177001953,1534608
2024-08-09,51.630001068115234,52.09000015258789,51.369998931884766,51.959999084472656,41.73155975341797,1199262
2024-08-12,51.9900016784668,52.61000061035156,51.63999938964844,51.88999938964844,41.67533874511719,1431583
2024-08-13,52.59000015258789,52.70000076293945,52.029998779296875,52.20000076293945,41.92431640625,1595894
2024-08-14,52.29999923706055,53.15999984741211,51.93000030517578,52.689998626708984,42.31785583496094,1651177
2024-08-15,52.79999923706055,54.630001068115234,52.79999923706055,53.810001373291016,43.21738815307617,988483
2024-08-16,54.380001068115234,54.380001068115234,52.939998626708984,53.540000915527344,43.00053405761719,859735
2024-08-19,53.61000061035156,54.279998779296875,53.04999923706055,53.16999816894531,42.703365325927734,979736
2024-08-20,53.27000045776367,53.7599983215332,52.060001373291016,52.369998931884766,42.060848236083984,997563
2024-08-21,52.369998931884766,53.13999938964844,51.099998474121094,51.650001525878906,41.48258590698242,13089097
2024-08-22,51.5,51.90999984741211,50.220001220703125,50.33000183105469,40.42243194580078,2310741
2024-08-23,50.349998474121094,51.06999969482422,50.34000015258789,51.06999969482422,41.01675796508789,1759442
2024-08-26,50.90999984741211,51.099998474121094,48.84000015258789,49.5,39.75581359863281,2134833
2024-08-27,49.45000076293945,49.779998779296875,48.22999954223633,48.7400016784668,39.145423889160156,1348020
2024-08-28,48.93000030517578,49.9900016784668,48.349998474121094,48.90999984741211,39.28195571899414,1951467
2024-08-29,48.970001220703125,49.900001525878906,48.880001068115234,49.18000030517578,39.498809814453125,1713281
2024-08-30,49.84000015258789,50.40999984741211,48.959999084472656,49.08000183105469,39.418495178222656,7180162
2024-09-02,49.279998779296875,51.0,49.279998779296875,50.540000915527344,40.591087341308594,372531
2024-09-03,50.790000915527344,50.84000015258789,49.0099983215332,49.2400016784668,39.5469970703125,1020241
2024-09-04,48.84000015258789,48.84000015258789,47.52000045776367,48.11000061035156,40.14910125732422,2041087
2024-09-05,48.459999084472656,48.459999084472656,46.40999984741211,46.45000076293945,38.76378631591797,1263424
2024-09-06,46.70000076293945,47.0099983215332,43.81999969482422,44.66999816894531,37.2783203125,1182355
2024-09-09,45.15999984741211,46.11000061035156,44.5,44.7599983215332,37.35343551635742,1887196
2024-09-10,44.7599983215332,45.0,43.65999984741211,44.04999923706055,36.760921478271484,1526828
2024-09-11,44.59000015258789,45.029998779296875,43.31999969482422,43.54999923706055,36.34365463256836,3040144
2024-09-12,43.599998474121094,45.18000030517578,43.599998474121094,44.79999923706055,37.38681411743164,2777399
2024-09-13,45.119998931884766,46.70000076293945,44.369998931884766,46.209999084472656,38.563499450683594,1314892
2024-09-17,46.599998474121094,46.7400016784668,45.58000183105469,46.31999969482422,38.655296325683594,1974379
2024-09-18,46.38999938964844,48.119998931884766,46.36000061035156,47.56999969482422,39.69845962524414,1597799
2024-09-19,47.29999923706055,48.0,46.52000045776367,47.15999984741211,39.35629653930664,1993652
2024-09-20,46.88999938964844,47.5,45.88999938964844,46.099998474121094,38.471702575683594,7850915
2024-09-23,46.68000030517578,46.970001220703125,44.790000915527344,45.18000030517578,37.70393753051758,1692005
2024-09-24,45.79999923706055,46.959999084472656,45.72999954223633,46.47999954223633,38.788822174072266,1327318
2024-09-25,46.5,47.41999816894531,46.150001525878906,46.68000030517578,38.95573043823242,2093453
2024-09-26,46.939998626708984,47.790000915527344,46.2599983215332,47.060001373291016,39.272850036621094,1961160
2024-09-27,46.900001525878906,47.650001525878906,45.849998474121094,46.02000045776367,38.404937744140625,1939471
2024-09-30,46.400001525878906,46.5,45.06999969482422,46.099998474121094,38.471702575683594,1748693
2024-10-02,46.150001525878906,47.47999954223633,45.52000045776367,46.470001220703125,38.78047561645508,1818566
2024-10-03,46.470001220703125,46.849998474121094,45.220001220703125,46.54999923706055,38.84724044799805,1954590
2024-10-04,46.84000015258789,48.0099983215332,46.84000015258789,47.4900016784668,39.63169860839844,1064733
2024-10-07,47.790000915527344,47.790000915527344,45.599998474121094,46.08000183105469,38.45500946044922,2848306
2024-10-08,45.66999816894531,46.08000183105469,44.0,44.33000183105469,36.99459457397461,2279411
2024-10-09,44.689998626708984,45.20000076293945,43.90999984741211,44.279998779296875,36.95286178588867,1990043
2024-10-10,44.310001373291016,44.779998779296875,42.52000045776367,42.68000030517578,35.617618560791016,3988868
2024-10-11,42.75,44.290000915527344,42.529998779296875,44.209999084472656,36.894447326660156,2669591
2024-10-14,44.25,44.709999084472656,43.959999084472656,44.65999984741211,37.269981384277344,2122638
2024-10-15,44.689998626708984,44.779998779296875,42.27000045776367,43.0,35.88467025756836,4202202
2024-10-16,43.2400016784668,43.95000076293945,42.04999923706055,43.099998474121094,35.968116760253906,12244384
2024-10-17,43.380001068115234,46.4900016784668,43.380001068115234,46.380001068115234,38.70536422729492,3948553
2024-10-18,46.380001068115234,47.0,45.40999984741211,46.9900016784668,39.21443176269531,1794055
2024-10-21,46.790000915527344,46.790000915527344,44.939998626708984,45.439998626708984,37.92091369628906,2067221
2024-10-22,45.31999969482422,45.31999969482422,44.2599983215332,45.130001068115234,37.66221237182617,3204461
2024-10-23,45.27000045776367,45.38999938964844,44.06999969482422,44.43000030517578,37.078041076660156,1765170
2024-10-24,44.29999923706055,44.97999954223633,42.18000030517578,42.58000183105469,35.53416442871094,2411438
2024-10-25,42.58000183105469,43.97999954223633,42.58000183105469,43.68000030517578,36.452144622802734,1254141
2024-10-28,43.709999084472656,44.709999084472656,43.31999969482422,44.08000183105469,36.78596115112305,1329330
2024-10-29,43.560001373291016,44.11000061035156,42.720001220703125,43.02000045776367,35.90135955810547,1757633
2024-10-30,43.7599983215332,44.18000030517578,43.16999816894531,43.900001525878906,36.635746002197266,1912314
2024-10-31,43.959999084472656,44.689998626708984,43.04999923706055,44.369998931884766,37.02796936035156,2583326
2024-11-01,44.68000030517578,44.880001068115234,43.650001525878906,44.09000015258789,36.79429626464844,1233322
2024-11-04,43.689998626708984,44.939998626708984,43.470001220703125,44.68000030517578,37.286678314208984,1487682
2024-11-05,44.43000030517578,44.790000915527344,43.650001525878906,44.779998779296875,37.37012481689453,1698817
2024-11-06,44.06999969482422,44.529998779296875,42.54999923706055,43.880001068115234,36.619049072265625,4098724
2024-11-07,44.18000030517578,44.18000030517578,41.40999984741211,42.06999969482422,35.10855484008789,10671054
2024-11-08,42.119998931884766,42.650001525878906,41.36000061035156,42.47999954223633,35.450714111328125,3087641
2024-11-11,42.31999969482422,42.31999969482422,41.599998474121094,42.08000183105469,35.116905212402344,4902130
2024-11-12,41.849998474121094,41.869998931884766,40.70000076293945,40.869998931884766,34.10712432861328,6029862
2024-11-13,41.09000015258789,41.400001525878906,40.65999984741211,41.38999938964844,34.541080474853516,4330833
2024-11-14,41.47999954223633,42.52000045776367,40.810001373291016,41.970001220703125,35.02510452270508,4163814
2024-11-15,41.5,42.029998779296875,41.0,41.540000915527344,34.666259765625,3617818
2024-11-19,41.650001525878906,41.88999938964844,40.65999984741211,41.470001220703125,34.60784149169922,3932800
2024-11-20,40.91999816894531,41.18000030517578,40.29999923706055,40.54999923706055,33.84007263183594,3542560
2024-11-21,40.65999984741211,41.439998626708984,40.29999923706055,40.95000076293945,34.173885345458984,5912538
2024-11-22,41.25,41.25,40.27000045776367,40.709999084472656,33.973602294921875,6222245
2024-11-25,40.25,44.119998931884766,40.0,43.5,36.30192947387695,109497259
2024-11-26,41.880001068115234,43.27000045776367,41.02000045776367,41.79999923706055,34.88323211669922,2976733
2024-11-27,42.18000030517578,44.38999938964844,41.79999923706055,43.91999816894531,36.65243148803711,7842047
2024-11-28,43.86000061035156,44.189998626708984,42.70000076293945,42.720001220703125,35.6510009765625,2286302
2024-11-29,42.599998474121094,43.380001068115234,42.029998779296875,42.400001525878906,35.383949279785156,3284422
2024-12-02,42.5,43.0,42.060001373291016,42.849998474121094,35.75948715209961,2942401
2024-12-03,43.5,43.58000183105469,42.72999954223633,42.88999938964844,35.792869567871094,4730209
2024-12-04,43.13999938964844,43.70000076293945,42.75,43.529998779296875,36.326961517333984,2971893
2024-12-05,43.689998626708984,44.13999938964844,43.209999084472656,43.36000061035156,36.185096740722656,3989300
2024-12-06,43.709999084472656,44.560001373291016,43.279998779296875,44.45000076293945,37.094730377197266,2577746
2024-12-09,44.5099983215332,45.22999954223633,43.77000045776367,44.4900016784668,37.12811279296875,3267946
2024-12-10,44.349998474121094,44.4900016784668,44.0,44.29999923706055,36.96955108642578,2172498
2024-12-11,44.5099983215332,44.79999923706055,43.72999954223633,44.18000030517578,36.869407653808594,2431017
2024-12-13,43.75,44.0,42.93000030517578,43.56999969482422,36.36034393310547,3204688
2024-12-16,43.970001220703125,43.970001220703125,41.900001525878906,43.65999984741211,36.43545150756836,3483303
2024-12-17,43.63999938964844,44.20000076293945,43.060001373291016,43.45000076293945,36.26020431518555,2867093
2024-12-18,43.56999969482422,44.849998474121094,43.27000045776367,43.56999969482422,36.36034393310547,3195186
2024-12-19,43.34000015258789,43.83000183105469,42.29999923706055,42.310001373291016,35.3088493347168,1608593
2024-12-20,42.54999923706055,43.95000076293945,42.4900016784668,43.09000015258789,35.95977783203125,8365713
2024-12-23,43.459999084472656,43.459999084472656,42.380001068115234,42.7599983215332,35.68437957763672,511992
2024-12-24,42.77000045776367,42.83000183105469,42.029998779296875,42.25,35.25877380371094,407626
2024-12-26,42.54999923706055,42.56999969482422,41.540000915527344,41.95000076293945,35.00841522216797,467194
2024-12-27,42.119998931884766,43.369998931884766,41.90999984741211,42.040000915527344,35.08352279663086,616347
2024-12-30,41.90999984741211,42.029998779296875,41.43000030517578,41.9900016784668,35.04180145263672,593104
2024-12-31,42.130001068115234,42.130001068115234,41.560001373291016,41.650001525878906,34.758056640625,560640
2025-01-02,41.7599983215332,42.68000030517578,41.560001373291016,42.61000061035156,35.5592041015625,571607
2025-01-03,42.560001373291016,42.7400016784668,41.72999954223633,42.220001220703125,35.233734130859375,1503996
2025-01-06,42.84000015258789,43.83000183105469,42.689998626708984,43.22999954223633,36.07660675048828,1713963
2025-01-07,43.77000045776367,44.15999984741211,43.04999923706055,43.72999954223633,36.493873596191406,1331077
2025-01-08,43.939998626708984,43.9900016784668,42.5099983215332,43.45000076293945,36.26020431518555,1607793
2025-01-09,43.84000015258789,44.83000183105469,43.619998931884766,44.25,36.927825927734375,1144341
2025-01-10,44.15999984741211,44.290000915527344,42.900001525878906,43.0099983215332,35.89300537109375,2235760
2025-01-13,43.11000061035156,43.689998626708984,42.310001373291016,43.369998931884766,36.19343948364258,1185044
2025-01-14,43.38999938964844,43.4900016784668,42.84000015258789,43.16999816894531,36.02653503417969,2539743
2025-01-15,43.66999816894531,46.41999816894531,43.4900016784668,45.709999084472656,38.146236419677734,4094742
2025-01-16,45.779998779296875,46.29999923706055,45.06999969482422,45.97999954223633,38.371559143066406,1902002
2025-01-17,46.41999816894531,47.11000061035156,45.90999984741211,46.95000076293945,39.181053161621094,2011305
2025-01-20,47.0,47.099998474121094,46.20000076293945,47.099998474121094,39.30623245239258,566702
2025-01-21,47.13999938964844,47.81999969482422,45.93000030517578,46.20000076293945,38.55515670776367,2193198
2025-01-22,47.060001373291016,48.43000030517578,46.369998931884766,47.779998779296875,39.87370681762695,1993669
2025-01-23,47.849998474121094,48.599998474121094,47.189998626708984,47.900001525878906,39.97385025024414,1863794
2025-01-24,48.0,49.0099983215332,47.349998474121094,48.84000015258789,40.758304595947266,2340408
2025-01-27,48.810001373291016,49.65999984741211,48.11000061035156,49.060001373291016,40.94190216064453,2033130
2025-01-28,49.47999954223633,50.38999938964844,49.20000076293945,49.5,41.3090934753418,3070805
2025-01-29,49.7400016784668,50.0,49.040000915527344,49.40999984741211,41.233985900878906,1927271
2025-01-30,49.40999984741211,49.81999969482422,46.619998931884766,48.150001525878906,40.1824836730957,6441960
2025-01-31,47.599998474121094,48.9900016784668,47.04999923706055,47.58000183105469,39.70680618286133,3247510
2025-02-04,48.150001525878906,49.0,47.560001373291016,48.689998626708984,40.63312530517578,1508842
2025-02-05,48.5,49.11000061035156,46.93000030517578,47.54999923706055,39.6817626953125,2257418
2025-02-06,47.130001068115234,47.95000076293945,46.7599983215332,47.13999938964844,39.33960723876953,3413415
2025-02-07,47.20000076293945,48.20000076293945,46.79999923706055,47.709999084472656,39.81529235839844,2703476
2025-02-10,47.720001220703125,47.720001220703125,45.11000061035156,46.06999969482422,38.44667053222656,4865534
2025-02-11,46.310001373291016,47.16999816894531,45.86000061035156,46.0,38.388248443603516,2068114
2025-02-12,46.20000076293945,47.5,45.869998931884766,46.70000076293945,38.97241973876953,1932190
2025-02-13,47.0,48.0,46.459999084472656,47.18000030517578,39.372989654541016,2023956
2025-02-14,47.5,47.650001525878906,46.5099983215332,46.91999816894531,39.15601348876953,3530497
2025-02-17,47.5,48.27000045776367,46.5099983215332,48.150001525878906,40.1824836730957,481670
2025-02-18,47.9900016784668,48.939998626708984,47.18000030517578,47.97999954223633,40.04060745239258,2348345
2025-02-19,47.79999923706055,48.11000061035156,47.34000015258789,47.689998626708984,39.79859924316406,1461772
2025-02-20,47.599998474121094,48.470001220703125,47.040000915527344,48.0099983215332,40.06564712524414,1712892
2025-02-21,48.189998626708984,48.189998626708984,47.130001068115234,47.369998931884766,39.531551361083984,1413592
2025-02-24,47.4900016784668,48.5,46.900001525878906,47.97999954223633,40.04060745239258,2070754
2025-02-25,48.25,48.4900016784668,46.689998626708984,46.93000030517578,39.16436004638672,3351915
2025-02-26,46.58000183105469,46.91999816894531,46.29999923706055,46.40999984741211,38.73040771484375,4824123
2025-02-27,46.54999923706055,46.54999923706055,45.29999923706055,45.439998626708984,37.92091369628906,2674725
2025-02-28,45.459999084472656,46.70000076293945,44.7400016784668,46.54999923706055,38.84724044799805,7285067
2025-03-03,46.2599983215332,46.689998626708984,44.5,44.939998626708984,37.5036506652832,1763164
2025-03-04,44.849998474121094,45.27000045776367,43.040000915527344,44.779998779296875,37.37012481689453,1407612
2025-03-05,44.970001220703125,46.040000915527344,44.36000061035156,45.04999923706055,37.5954475402832,1726804
2025-03-06,44.86000061035156,46.04999923706055,44.20000076293945,45.5,37.970985412597656,2052864
2025-03-07,45.95000076293945,45.95000076293945,43.560001373291016,44.970001220703125,37.5286865234375,1684522
2025-03-10,44.720001220703125,45.66999816894531,44.400001525878906,45.650001525878906,38.09616470336914,4699173
2025-03-11,45.470001220703125,46.040000915527344,44.40999984741211,45.34000015258789,37.83746337890625,3376446
2025-03-12,45.959999084472656,46.060001373291016,45.18000030517578,45.38999938964844,37.87918472290039,3543356
2025-03-13,45.47999954223633,45.93000030517578,44.84000015258789,44.90999984741211,37.478614807128906,3021595
2025-03-14,44.810001373291016,45.779998779296875,44.810001373291016,45.439998626708984,37.92091369628906,2075137
2025-03-18,45.5,45.97999954223633,45.02000045776367,45.599998474121094,38.054443359375,2545494
2025-03-19,45.560001373291016,46.2599983215332,45.06999969482422,45.08000183105469,37.6204833984375,2215237
2025-03-20,45.220001220703125,46.599998474121094,44.900001525878906,45.9900016784668,38.379905700683594,2410802
2025-03-21,46.06999969482422,46.06999969482422,43.599998474121094,44.06999969482422,36.77761459350586,25762934
2025-03-24,44.290000915527344,45.83000183105469,44.150001525878906,45.220001220703125,37.7373161315918,7803475
2025-03-25,45.369998931884766,45.4900016784668,44.65999984741211,45.0099983215332,37.56206130981445,2593149
2025-03-26,45.189998626708984,45.31999969482422,44.5099983215332,44.52000045776367,37.15314865112305,2425401
2025-03-27,44.630001068115234,45.25,44.47999954223633,44.630001068115234,37.24494934082031,3328924
2025-03-28,44.77000045776367,44.790000915527344,43.61000061035156,44.70000076293945,37.303367614746094,1930273
2025-03-31,44.810001373291016,44.959999084472656,43.849998474121094,44.58000183105469,37.20322036743164,2031226
2025-04-01,45.4900016784668,45.4900016784668,44.119998931884766,45.119998931884766,37.653865814208984,3559691
2025-04-02,45.06999969482422,46.43000030517578,44.33000183105469,46.040000915527344,38.421627044677734,3210485
2025-04-03,45.5099983215332,49.79999923706055,45.2599983215332,49.779998779296875,41.542762756347656,4899365
2025-04-04,48.439998626708984,48.59000015258789,44.83000183105469,45.599998474121094,38.054443359375,1822351
2025-04-07,45.04999923706055,45.34000015258789,43.0,43.400001525878906,36.21847915649414,1671447
2025-04-08,43.880001068115234,44.59000015258789,43.20000076293945,43.939998626708984,36.66912078857422,1824223
2025-04-09,43.939998626708984,46.70000076293945,43.0099983215332,45.95000076293945,38.346519470214844,2012794
2025-04-10,46.75,46.939998626708984,44.90999984741211,45.61000061035156,38.062782287597656,1468896
2025-04-11,45.7599983215332,46.79999923706055,45.0099983215332,45.5099983215332,37.979331970214844,1511491
2025-04-14,45.7400016784668,46.95000076293945,45.66999816894531,45.91999816894531,38.32148742675781,1312423
2025-04-15,46.400001525878906,46.88999938964844,45.33000183105469,45.86000061035156,38.27141571044922,1461158
2025-04-16,45.59000015258789,46.459999084472656,44.880001068115234,45.279998779296875,37.78738784790039,938841
2025-04-21,45.47999954223633,46.0,45.040000915527344,45.5,37.970985412597656,1000423
2025-04-22,45.20000076293945,45.880001068115234,44.709999084472656,45.720001220703125,38.154579162597656,3173252
2025-04-23,46.29999923706055,48.08000183105469,45.650001525878906,47.959999084472656,40.023921966552734,1927991
2025-04-24,47.88999938964844,48.689998626708984,47.06999969482422,48.349998474121094,40.34938430786133,1854249
2025-04-25,48.349998474121094,48.959999084472656,47.77000045776367,48.93000030517578,40.833412170410156,969348
2025-04-28,48.9900016784668,50.439998626708984,48.66999816894531,49.93000030517578,41.667938232421875,1035872
2025-04-29,50.02000045776367,50.43000030517578,47.459999084472656,48.06999969482422,40.11572265625,1450268
2025-04-30,48.0099983215332,48.4900016784668,46.189998626708984,47.060001373291016,39.272850036621094,1252705
2025-05-02,47.0,49.7400016784668,46.970001220703125,48.95000076293945,40.85010528564453,899773
2025-05-05,49.13999938964844,49.720001220703125,47.36000061035156,47.900001525878906,39.97385025024414,2231042
2025-05-06,47.790000915527344,50.08000183105469,47.790000915527344,49.439998626708984,41.2590217590332,1967465
2025-05-07,48.33000183105469,50.810001373291016,48.33000183105469,50.709999084472656,42.318870544433594,2113331
2025-05-08,50.869998931884766,51.0,49.790000915527344,49.790000915527344,41.551109313964844,2964894
2025-05-09,47.939998626708984,48.900001525878906,47.810001373291016,48.40999984741211,42.30760192871094,1888913
2025-05-12,48.5099983215332,49.7400016784668,47.25,48.5,42.386253356933594,1806529
2025-05-13,48.5,49.720001220703125,47.33000183105469,49.220001220703125,43.015499114990234,1556414
2025-05-14,49.7599983215332,49.7599983215332,48.5,49.66999816894531,43.40876770019531,1387620
2025-05-15,49.33000183105469,50.47999954223633,49.02000045776367,49.97999954223633,43.679691314697266,1972095
2025-05-16,50.18000030517578,51.689998626708984,49.59000015258789,51.4900016784668,44.99934768676758,1143450
2025-05-19,51.38999938964844,53.099998474121094,50.959999084472656,52.099998474121094,45.532447814941406,1095087
2025-05-20,52.029998779296875,52.650001525878906,50.5099983215332,50.5099983215332,44.142879486083984,2929852
2025-05-21,50.91999816894531,51.290000915527344,50.08000183105469,50.869998931884766,44.45750427246094,2338200
2025-05-22,50.61000061035156,51.11000061035156,50.0,50.970001220703125,44.544898986816406,1831042
2025-05-23,50.22999954223633,51.36000061035156,50.11000061035156,51.0099983215332,44.57985305786133,1278963
2025-05-26,51.29999923706055,51.29999923706055,50.33000183105469,50.689998626708984,44.30018997192383,134204
2025-05-27,51.4900016784668,52.400001525878906,50.630001068115234,50.959999084472656,44.536155700683594,2120895
2025-05-28,51.33000183105469,52.0,50.869998931884766,51.77000045776367,45.244049072265625,1724997
2025-05-29,51.380001068115234,51.5,50.31999969482422,50.91999816894531,44.501197814941406,2096056
2025-05-30,50.7400016784668,51.20000076293945,50.099998474121094,50.34000015258789,43.99431228637695,5867853
2025-06-02,50.66999816894531,51.459999084472656,50.25,50.7400016784668,44.34389114379883,3183780
2025-06-03,51.0099983215332,51.040000915527344,49.68000030517578,50.060001373291016,43.74960708618164,4534053
2025-06-04,50.4900016784668,50.720001220703125,48.90999984741211,48.959999084472656,42.788272857666016,4226617
2025-06-05,49.349998474121094,49.349998474121094,47.16999816894531,47.18000030517578,41.23265075683594,4052321
2025-06-06,47.220001220703125,47.58000183105469,46.130001068115234,46.65999984741211,40.7781982421875,2928493
2025-06-09,47.119998931884766,47.5,46.5,47.13999938964844,41.19769287109375,1578701
2025-06-10,46.84000015258789,47.58000183105469,46.290000915527344,47.54999923706055,41.55601119995117,2127792
2025-06-11,47.47999954223633,47.689998626708984,46.5099983215332,46.90999984741211,40.99668502807617,4270226
2025-06-12,47.25,47.650001525878906,46.52000045776367,47.31999969482422,41.35499954223633,2277878
2025-06-13,47.16999816894531,47.25,46.2599983215332,46.40999984741211,40.559715270996094,1166913
2025-06-16,46.70000076293945,47.15999984741211,46.34000015258789,46.47999954223633,40.620887756347656,1380896
2025-06-17,46.45000076293945,46.56999969482422,45.11000061035156,45.130001068115234,39.44106674194336,4288966
2025-06-18,45.36000061035156,46.09000015258789,45.150001525878906,45.72999954223633,39.965431213378906,1008600
2025-06-19,45.689998626708984,46.380001068115234,45.63999938964844,46.310001373291016,40.472320556640625,229363
2025-06-20,46.04999923706055,46.310001373291016,45.33000183105469,45.349998474121094,39.63333511352539,4415797
2025-06-23,45.439998626708984,45.5,44.34000015258789,44.970001220703125,39.301239013671875,1037224
2025-06-24,44.79999923706055,45.369998931884766,44.5099983215332,44.90999984741211,39.248802185058594,1045491
2025-06-25,45.209999084472656,45.369998931884766,44.54999923706055,45.25,39.54594039916992,1289683
2025-06-26,45.189998626708984,46.68000030517578,45.189998626708984,46.220001220703125,40.3936653137207,2206342
2025-06-27,46.16999816894531,46.4900016784668,45.20000076293945,45.36000061035156,39.64207458496094,2637955
2025-06-30,45.400001525878906,46.349998474121094,45.22999954223633,45.29999923706055,39.589637756347656,1345699
2025-07-01,45.97999954223633,46.09000015258789,45.5099983215332,46.09000015258789,40.28005599975586,1218195
2025-07-02,45.77000045776367,46.7599983215332,45.7599983215332,46.09000015258789,40.28005599975586,1626143
2025-07-03,46.349998474121094,46.68000030517578,45.209999084472656,45.47999954223633,39.7469482421875,803495
2025-07-04,45.70000076293945,46.0099983215332,45.18000030517578,45.18000030517578,39.484764099121094,143164
2025-07-07,45.58000183105469,45.720001220703125,44.77000045776367,45.06999969482422,39.38862991333008,1412693
2025-07-08,45.31999969482422,45.4900016784668,44.810001373291016,45.349998474121094,39.63333511352539,1233576
2025-07-09,45.2599983215332,45.34000015258789,41.900001525878906,42.720001220703125,37.33486557006836,4943000
2025-07-10,43.0,43.689998626708984,42.650001525878906,43.5099983215332,38.0252799987793,2021577
2025-07-11,43.41999816894531,43.709999084472656,42.52000045776367,43.369998931884766,37.90292739868164,1119521
2025-07-14,43.369998931884766,43.369998931884766,42.56999969482422,42.900001525878906,37.4921760559082,1036921
2025-07-15,43.349998474121094,43.66999816894531,42.66999816894531,43.369998931884766,37.90292739868164,1110618
2025-07-16,44.099998474121094,44.099998474121094,43.09000015258789,43.25,37.79805374145508,916512
2025-07-17,43.470001220703125,43.970001220703125,43.099998474121094,43.5099983215332,38.0252799987793,991356
2025-07-18,43.380001068115234,43.65999984741211,42.959999084472656,43.11000061035156,37.67570495605469,801118
2025-07-21,43.25,43.5,42.599998474121094,42.779998779296875,37.387298583984375,697333
2025-07-22,42.9900016784668,43.5,42.22999954223633,42.290000915527344,36.959068298339844,1806472
2025-07-23,42.65999984741211,43.95000076293945,42.65999984741211,43.83000183105469,38.3049430847168,1085545
2025-07-24,43.779998779296875,43.779998779296875,41.70000076293945,42.40999984741211,37.063941955566406,1494384
2025-07-25,42.40999984741211,43.5,41.90999984741211,43.25,37.79805374145508,839746
2025-07-28,43.290000915527344,43.41999816894531,42.189998626708984,43.189998626708984,37.7456169128418,1363145
2025-07-29,43.31999969482422,45.47999954223633,42.459999084472656,44.900001525878906,39.24005889892578,1500515
2025-07-30,45.0,45.0,43.029998779296875,43.599998474121094,38.10393142700195,1331883
2025-07-31,43.90999984741211,43.91999816894531,42.310001373291016,42.400001525878906,37.055206298828125,2247432
2025-08-01,42.77000045776367,42.970001220703125,41.650001525878906,42.209999084472656,36.88915252685547,1857780
2025-08-04,42.369998931884766,42.650001525878906,41.720001220703125,41.86000061035156,36.58327102661133,996796
2025-08-05,42.189998626708984,42.869998931884766,41.810001373291016,42.47999954223633,37.12511444091797,1088041
2025-08-06,42.459999084472656,43.06999969482422,41.77000045776367,41.790000915527344,36.5220947265625,748531
2025-08-07,42.099998474121094,42.79999923706055,41.90999984741211,42.38999938964844,37.04646301269531,780437
2025-08-08,42.79999923706055,42.97999954223633,42.18000030517578,42.790000915527344,37.39603805541992,1323441
2025-08-11,42.689998626708984,42.95000076293945,42.29999923706055,42.61000061035156,37.238731384277344,2390309
2025-08-12,42.95000076293945,43.4900016784668,42.790000915527344,43.209999084472656,37.763092041015625,4273439
2025-08-13,43.38999938964844,43.41999816894531,42.560001373291016,42.70000076293945,37.317386627197266,1738150
2025-08-14,42.61000061035156,43.13999938964844,42.5,42.68000030517578,37.29990768432617,1231821
2025-08-15,42.650001525878906,43.290000915527344,42.619998931884766,42.70000076293945,37.317386627197266,2076597
2025-08-18,42.9900016784668,43.09000015258789,42.61000061035156,42.84000015258789,37.43973922729492,1144609
2025-08-19,42.810001373291016,42.90999984741211,42.0,42.060001373291016,36.758060455322266,1275682
2025-08-20,42.209999084472656,42.68000030517578,41.88999938964844,41.959999084472656,36.6706657409668,1363384
2025-08-21,42.209999084472656,42.47999954223633,41.810001373291016,42.029998779296875,36.731842041015625,889012
2025-08-22,42.150001525878906,42.61000061035156,41.79999923706055,42.130001068115234,36.81924057006836,701597
2025-08-25,42.380001068115234,42.47999954223633,41.79999923706055,41.79999923706055,36.53083419799805,863979
2025-08-26,41.9900016784668,42.36000061035156,41.81999969482422,42.22999954223633,36.9066276550293,1592663
2025-08-27,42.04999923706055,43.900001525878906,41.79999923706055,43.54999923706055,38.060237884521484,1631248
2025-08-28,43.36000061035156,45.22999954223633,42.900001525878906,44.86000061035156,39.205101013183594,1689120
2025-08-29,44.56999969482422,45.0,44.130001068115234,44.470001220703125,38.8642692565918,2412382
2025-09-01,44.470001220703125,45.86000061035156,43.72999954223633,43.72999954223633,38.21754837036133,567994
2025-09-02,44.4900016784668,46.4900016784668,44.220001220703125,46.0099983215332,40.21013259887695,3209052
2025-09-03,46.02000045776367,48.2599983215332,45.849998474121094,47.439998626708984,41.459877014160156,3087068
2025-09-04,47.209999084472656,47.939998626708984,47.209999084472656,47.61000061035156,41.60844802856445,3373177
2025-09-05,47.40999984741211,48.779998779296875,47.349998474121094,48.33000183105469,42.23768615722656,3218904
2025-09-08,48.5,48.79999923706055,47.5099983215332,48.13999938964844,42.07163619995117,2845481
2025-09-09,47.20000076293945,47.20000076293945,46.0099983215332,46.709999084472656,42.819313049316406,3816537
2025-09-10,46.79999923706055,47.470001220703125,46.79999923706055,47.0099983215332,43.094322204589844,2235522
2025-09-11,47.099998474121094,48.130001068115234,47.099998474121094,47.63999938964844,43.671844482421875,1517086
2025-09-12,47.56999969482422,48.900001525878906,47.279998779296875,48.040000915527344,44.03852844238281,2698084
2025-09-15,47.959999084472656,48.5,47.90999984741211,48.33000183105469,44.30437469482422,2165005
2025-09-17,48.41999816894531,48.56999969482422,47.439998626708984,47.88999938964844,43.901023864746094,3896773
2025-09-18,48.13999938964844,48.59000015258789,47.04999923706055,48.279998779296875,44.25853729248047,1763266
2025-09-19,47.959999084472656,48.220001220703125,46.54999923706055,47.38999938964844,43.44267272949219,9858653
2025-09-22,47.04999923706055,47.52000045776367,46.7599983215332,46.90999984741211,43.00265121459961,2837447
2025-09-23,47.13999938964844,47.88999938964844,45.959999084472656,46.91999816894531,43.011817932128906,4768959
2025-09-24,46.900001525878906,47.779998779296875,46.79999923706055,46.900001525878906,42.99348449707031,3265308
2025-09-25,47.13999938964844,47.529998779296875,45.290000915527344,45.849998474121094,42.030941009521484,1994891
2025-09-26,45.83000183105469,46.9900016784668,45.27000045776367,45.56999969482422,41.77426528930664,1251384
2025-09-29,45.75,45.95000076293945,45.220001220703125,45.72999954223633,41.92094039916992,1158843
2025-09-30,46.18000030517578,46.5,45.79999923706055,46.16999816894531,42.32428741455078,1881967
2025-10-01,46.0099983215332,46.040000915527344,43.970001220703125,44.54999923706055,40.83922576904297,1537680
2025-10-02,44.83000183105469,45.29999923706055,44.25,45.13999938964844,41.38008499145508,1493550
2025-10-03,44.95000076293945,45.45000076293945,44.400001525878906,44.459999084472656,40.7567253112793,1544227
2025-10-06,44.61000061035156,45.5099983215332,44.060001373291016,45.209999084472656,41.44425582885742,1461966
2025-10-07,44.810001373291016,45.880001068115234,44.810001373291016,45.40999984741211,41.627593994140625,1751358
2025-10-08,45.529998779296875,46.7599983215332,45.31999969482422,45.45000076293945,41.66426086425781,1755728
2025-10-09,45.529998779296875,45.9900016784668,44.83000183105469,45.720001220703125,41.911773681640625,1501240
2025-10-10,45.849998474121094,46.40999984741211,44.81999969482422,44.81999969482422,41.08673858642578,1158451
2025-10-13,45.38999938964844,46.16999816894531,44.93000030517578,45.630001068115234,41.82926940917969,1540026
2025-10-14,45.36000061035156,46.18000030517578,45.31999969482422,45.65999984741211,41.85676956176758,1441550
2025-10-15,45.5099983215332,46.25,45.31999969482422,45.810001373291016,41.99427795410156,14775327
2025-10-16,45.529998779296875,47.08000183105469,45.529998779296875,45.9900016784668,42.15928649902344,1660089
2025-10-17,45.959999084472656,46.68000030517578,44.380001068115234,44.56999969482422,40.85756301879883,1175845
2025-10-20,44.869998931884766,45.08000183105469,44.02000045776367,44.650001525878906,40.93090057373047,1111704
2025-10-21,44.61000061035156,45.77000045776367,44.290000915527344,45.2599983215332,41.490089416503906,1122965
2025-10-22,45.22999954223633,45.970001220703125,44.900001525878906,45.130001068115234,41.370914459228516,1387044
2025-10-23,45.02000045776367,45.06999969482422,44.0099983215332,44.18000030517578,40.50004577636719,1749110
2025-10-24,44.58000183105469,44.58000183105469,43.790000915527344,44.2599983215332,40.57338333129883,1507813
2025-10-27,44.25,45.7599983215332,43.939998626708984,45.75,41.93927001953125,1914981
2025-10-28,45.63999938964844,47.709999084472656,45.33000183105469,47.22999954223633,43.295997619628906,2729900
2025-10-29,47.5,48.209999084472656,46.900001525878906,47.58000183105469,43.616844177246094,1651346
2025-10-30,47.58000183105469,48.25,46.88999938964844,47.88999938964844,43.901023864746094,1789326
2025-10-31,47.66999816894531,48.189998626708984,47.060001373291016,47.40999984741211,43.46100616455078,1558732
2025-11-03,47.779998779296875,47.869998931884766,47.0,47.0099983215332,43.094322204589844,935532
2025-11-04,47.0,47.90999984741211,47.0,47.060001373291016,43.140159606933594,2037656
2025-11-05,47.56999969482422,48.72999954223633,47.22999954223633,47.36000061035156,43.41516876220703,2721073
2025-11-06,47.65999984741211,47.75,47.0,47.529998779296875,43.571006774902344,2247395
2025-11-07,47.560001373291016,47.7599983215332,47.04999923706055,47.27000045776367,43.33266830444336,1717987
2025-11-10,47.68000030517578,48.189998626708984,47.29999923706055,47.88999938964844,43.901023864746094,2395063
2025-11-11,48.09000015258789,49.54999923706055,47.349998474121094,48.689998626708984,44.6343879699707,4917146
2025-11-12,48.81999969482422,49.0,46.91999816894531,47.540000915527344,43.580177307128906,3461616
2025-11-13,47.34000015258789,47.65999984741211,46.5,46.709999084472656,42.819313049316406,1981052
2025-11-14,46.93000030517578,46.95000076293945,45.849998474121094,46.150001525878906,42.30596160888672,1628056
2025-11-18,45.810001373291016,46.09000015258789,44.56999969482422,44.75,41.02256774902344,2462146
2025-11-19,45.2400016784668,45.25,43.63999938964844,44.130001068115234,40.4542121887207,2337339
2025-11-20,43.70000076293945,44.84000015258789,43.70000076293945,44.189998626708984,40.509212493896484,2822030
2025-11-21,44.45000076293945,45.4900016784668,43.790000915527344,45.130001068115234,41.370914459228516,2234203
2025-11-24,45.36000061035156,46.9900016784668,44.97999954223633,46.970001220703125,43.057655334472656,3472404
2025-11-25,46.70000076293945,47.16999816894531,45.77000045776367,46.41999816894531,42.553462982177734,1360777
2025-11-26,46.47999954223633,47.290000915527344,46.16999816894531,47.189998626708984,43.25933074951172,3143568
2025-11-27,47.439998626708984,47.880001068115234,47.0099983215332,47.0099983215332,43.094322204589844,331271
2025-11-28,47.36000061035156,48.54999923706055,46.84000015258789,47.7400016784668,43.763519287109375,699140
2025-12-01,48.11000061035156,48.650001525878906,47.220001220703125,48.22999954223633,44.212703704833984,3191702
2025-12-02,47.95000076293945,49.33000183105469,47.15999984741211,48.599998474121094,45.39737319946289,4799034
2025-12-03,48.75,49.58000183105469,48.029998779296875,48.790000915527344,45.574851989746094,5171913
2025-12-04,48.70000076293945,49.189998626708984,48.29999923706055,48.4900016784668,45.294620513916016,3403217
2025-12-05,48.5,48.959999084472656,48.25,48.599998474121094,45.39737319946289,2370648
2025-12-08,48.709999084472656,50.0,48.29999923706055,49.66999816894531,46.3968620300293,4038467
2025-12-09,49.9900016784668,50.5,49.0099983215332,49.900001525878906,46.61170959472656,3056249
2025-12-10,49.59000015258789,49.88999938964844,48.81999969482422,48.959999084472656,45.733646392822266,1020628
2025-12-11,48.720001220703125,50.43000030517578,48.66999816894531,50.09000015258789,46.7891845703125,2221464
2025-12-15,49.790000915527344,51.02000045776367,49.310001373291016,49.31999969482422,46.06992721557617,1427393
2025-12-16,49.529998779296875,49.529998779296875,47.0,47.279998779296875,44.16435623168945,4088066
2025-12-17,47.65999984741211,48.4900016784668,46.65999984741211,46.77000045776367,43.687965393066406,1784398
2025-12-18,46.79999923706055,47.59000015258789,46.650001525878906,47.40999984741211,44.28579330444336,2173455
2025-12-19,47.56999969482422,48.060001373291016,45.209999084472656,46.279998779296875,43.230255126953125,6020433
2025-12-22,46.400001525878906,47.790000915527344,46.189998626708984,47.04999923706055,43.94951629638672,2300798
2025-12-23,46.619998931884766,47.470001220703125,46.540000915527344,47.2400016784668,44.12699508666992,1285559
2025-12-24,47.349998474121094,47.599998474121094,47.029998779296875,47.220001220703125,44.108314514160156,98283
2025-12-26,47.22999954223633,47.25,46.63999938964844,46.849998474121094,43.7626953125,441012
2025-12-29,47.09000015258789,47.099998474121094,46.150001525878906,46.439998626708984,43.37971115112305,586407
2025-12-30,47.0,47.0,45.36000061035156,45.63999938964844,42.63243103027344,1671326
2025-12-31,45.880001068115234,45.880001068115234,45.2400016784668,45.560001373291016,42.55770492553711,1504175
2026-01-02,45.97999954223633,46.189998626708984,45.220001220703125,45.7599983215332,42.74452209472656,629477
2026-01-05,45.529998779296875,46.540000915527344,45.52000045776367,45.86000061035156,42.83793258666992,3224390
2026-01-06,45.68000030517578,46.099998474121094,45.0,45.150001525878906,42.174720764160156,1875531
2026-01-07,45.290000915527344,46.060001373291016,45.20000076293945,45.779998779296875,42.76320266723633,2424999
2026-01-08,45.900001525878906,47.29999923706055,45.33000183105469,46.16999816894531,43.12750244140625,3827874
2026-01-09,46.13999938964844,46.59000015258789,45.0,46.13999938964844,43.09947967529297,2846131
2026-01-12,45.84000015258789,46.18000030517578,45.54999923706055,45.97999954223633,42.95002365112305,1964302
2026-01-13,46.08000183105469,46.189998626708984,45.36000061035156,45.7400016784668,42.7258415222168,1940535
2026-01-14,45.810001373291016,46.86000061035156,45.70000076293945,46.70000076293945,43.622581481933594,6907762
2026-01-15,46.470001220703125,47.779998779296875,46.459999084472656,46.86000061035156,43.772037506103516,1943264
2026-01-16,47.02000045776367,47.90999984741211,46.88999938964844,47.119998931884766,44.01490020751953,1866105
2026-01-19,47.650001525878906,48.06999969482422,47.2599983215332,47.779998779296875,44.63140869140625,3199890
2026-01-20,47.63999938964844,48.06999969482422,47.27000045776367,47.720001220703125,44.57536697387695,7950790
2026-01-21,47.869998931884766,50.0,47.68000030517578,49.95000076293945,46.658409118652344,9987420
2026-01-22,49.59000015258789,53.150001525878906,49.58000183105469,52.650001525878906,49.18048858642578,3847313
2026-01-23,51.06999969482422,54.08000183105469,51.06999969482422,53.959999084472656,50.4041633605957,3572220
2026-01-26,53.75,55.279998779296875,53.20000076293945,55.0,51.37562942504883,2092099
2026-01-27,55.33000183105469,56.150001525878906,55.130001068115234,55.79999923706055,52.12290954589844,2204100
2026-01-28,55.47999954223633,56.869998931884766,54.95000076293945,56.400001525878906,52.683372497558594,3429667
2026-01-29,56.380001068115234,56.47999954223633,51.29999923706055,53.04999923706055,49.55412673950195,4179316
2026-01-30,52.790000915527344,53.849998474121094,51.060001373291016,51.130001068115234,47.76065444946289,2462045
2026-02-03,51.08000183105469,53.91999816894531,50.65999984741211,52.81999969482422,49.33928680419922,2824037
2026-02-04,52.9900016784668,53.68000030517578,51.709999084472656,52.79999923706055,49.32060241699219,1731897
2026-02-05,52.70000076293945,53.79999923706055,52.65999984741211,53.75,50.208003997802734,2072471
2026-02-06,53.68000030517578,54.86000061035156,52.65999984741211,54.52000045776367,50.9272575378418,1214177
2026-02-09,54.650001525878906,55.400001525878906,54.09000015258789,55.150001525878906,51.515743255615234,1288680
2026-02-10,54.93000030517578,56.2400016784668,54.470001220703125,55.52000045776367,51.86136245727539,1196691
2026-02-11,55.66999816894531,55.83000183105469,54.88999938964844,55.36000061035156,51.71190643310547,1808806
2026-02-12,55.630001068115234,57.349998474121094,53.59000015258789,55.18000030517578,51.543766021728516,1326501
2026-02-13,54.939998626708984,55.56999969482422,54.20000076293945,55.25,51.609153747558594,821648
2026-02-16,55.25,55.52000045776367,53.52000045776367,53.959999084472656,50.4041633605957,305683
2026-02-17,54.189998626708984,54.529998779296875,53.29999923706055,54.2400016784668,50.665714263916016,1497894
2026-02-18,54.099998474121094,56.08000183105469,54.099998474121094,55.95000076293945,52.26302719116211,1362933
2026-02-19,55.58000183105469,55.88999938964844,54.5,55.02000045776367,51.394309997558594,1700722
2026-02-20,55.25,55.880001068115234,54.5,55.540000915527344,51.880043029785156,2038672
2026-02-23,55.15999984741211,55.33000183105469,53.529998779296875,54.81999969482422,51.207489013671875,1686639
2026-02-24,54.79999923706055,56.040000915527344,54.33000183105469,55.970001220703125,52.281707763671875,1780463
2026-02-25,56.099998474121094,56.709999084472656,55.814998626708984,56.709999084472656,52.97294235229492,1079900
2026-02-26,56.45000076293945,56.95000076293945,55.650001525878906,56.34000015258789,52.627323150634766,1903769
2026-02-27,55.560001373291016,58.099998474121094,55.27000045776367,57.43000030517578,53.6454963684082,2990513
2026-03-02,56.90999984741211,56.90999984741211,54.709999084472656,56.189998626708984,52.487205505371094,3773025
2026-03-03,56.18000030517578,56.189998626708984,54.0099983215332,55.29999923706055,51.65585708618164,7630210
2026-03-04,55.52000045776367,55.650001525878906,54.29999923706055,55.02000045776367,51.394309997558594,2539618
2026-03-05,54.40999984741211,54.630001068115234,51.68000030517578,51.849998474121094,48.433204650878906,3033813
2026-03-06,51.869998931884766,52.130001068115234,50.5,51.25,47.87274169921875,1711381
2026-03-09,51.150001525878906,51.150001525878906,49.40999984741211,50.279998779296875,46.9666633605957,1899451
2026-03-10,50.29999923706055,51.689998626708984,50.119998931884766,51.439998626708984,48.05022048950195,1707188
2026-03-11,51.369998931884766,51.7400016784668,50.86000061035156,51.08000183105469,47.71394729614258,952359
2026-03-12,51.7400016784668,51.7400016784668,48.22999954223633,48.70000076293945,45.49078369140625,2618777
2026-03-13,49.09000015258789,50.790000915527344,48.97999954223633,50.400001525878906,47.078758239746094,1195425
2026-03-17,50.779998779296875,51.630001068115234,50.209999084472656,50.95000076293945,47.59251403808594,1273407
2026-03-18,50.75,52.5,50.7400016784668,51.810001373291016,48.395843505859375,900567
2026-03-19,51.97999954223633,51.97999954223633,49.5,51.06999969482422,47.70460510253906,1396641
2026-03-20,50.810001373291016,51.290000915527344,49.66999816894531,50.880001068115234,47.52712631225586,11135695
2026-03-23,51.13999938964844,52.58000183105469,51.13999938964844,52.38999938964844,48.937618255615234,1055501
2026-03-24,52.400001525878906,53.79999923706055,51.459999084472656,53.59000015258789,50.05854415893555,2001112
2026-03-25,53.84000015258789,56.18000030517578,53.779998779296875,55.619998931884766,51.95477294921875,1404374
2026-03-26,55.56999969482422,56.279998779296875,54.27000045776367,54.290000915527344,50.71241760253906,1346970
2026-03-27,54.529998779296875,54.9900016784668,53.4900016784668,53.86000061035156,50.310752868652344,1109547
2026-03-30,54.0,54.5099983215332,53.18000030517578,53.709999084472656,50.17063522338867,1267149
2026-03-31,54.56999969482422,55.810001373291016,54.119998931884766,55.38999938964844,51.73992919921875,1203705
2026-04-01,55.650001525878906,57.61000061035156,55.560001373291016,56.90999984741211,53.15976333618164,1339361
2026-04-06,57.0,57.91999816894531,56.720001220703125,57.540000915527344,53.74824905395508,719819
2026-04-07,57.54999923706055,57.54999923706055,56.13999938964844,56.439998626708984,52.720733642578125,1259033
2026-04-08,56.59000015258789,59.5,56.59000015258789,57.369998931884766,53.58945083618164,1334432
2026-04-09,57.150001525878906,58.810001373291016,57.099998474121094,57.5099983215332,53.72022247314453,1649811
2026-04-10,57.97999954223633,58.650001525878906,57.689998626708984,58.31999969482422,54.476844787597656,1665581
2026-04-13,58.209999084472656,59.540000915527344,58.209999084472656,58.47999954223633,54.626304626464844,1776152
2026-04-14,58.880001068115234,58.880001068115234,56.790000915527344,57.41999816894531,53.63615417480469,1782737
2026-04-15,57.79999923706055,59.4900016784668,56.72999954223633,58.91999816894531,55.03730773925781,1773144
2026-04-16,59.290000915527344,59.290000915527344,57.31999969482422,57.900001525878906,54.08452606201172,945295
2026-04-17,58.68000030517578,58.91999816894531,56.59000015258789,57.189998626708984,53.42131423950195,1768312
2026-04-20,56.81999969482422,58.61000061035156,56.81999969482422,58.13999938964844,54.30870819091797,1403133
2026-04-21,57.84000015258789,58.88999938964844,56.90999984741211,57.27000045776367,53.49604034423828,1429088
2026-04-23,56.4900016784668,56.900001525878906,54.189998626708984,54.20000076293945,50.62834548950195,1499479
2026-04-24,54.869998931884766,55.56999969482422,54.220001220703125,54.59000015258789,50.99264907836914,1264842
2026-04-27,54.59000015258789,55.86000061035156,54.59000015258789,55.72999954223633,52.057525634765625,1079282
2026-04-28,55.529998779296875,55.529998779296875,54.130001068115234,54.5,50.90857696533203,3310886
2026-04-29,54.619998931884766,54.9900016784668,53.84000015258789,54.189998626708984,50.61900329589844,1738185
2026-04-30,54.310001373291016,55.0099983215332,53.560001373291016,54.970001220703125,51.34760665893555,2730147
2026-05-04,54.95000076293945,54.95000076293945,53.13999938964844,53.13999938964844,49.63819885253906,1010808
2026-05-05,53.13999938964844,53.869998931884766,53.0099983215332,53.75,50.208003997802734,875171
2026-05-06,53.959999084472656,55.95000076293945,53.95000076293945,55.650001525878906,51.98279571533203,1565085
2026-05-07,55.810001373291016,56.25,55.16999816894531,55.70000076293945,52.02949905395508,1549412
2026-05-08,54.45000076293945,54.880001068115234,53.560001373291016,54.470001220703125,52.684303283691406,1519325
2026-05-11,54.470001220703125,54.68000030517578,53.619998931884766,54.400001525878906,52.61659622192383,2949817
2026-05-12,54.41999816894531,55.279998779296875,54.2599983215332,55.099998474121094,53.29364776611328,899708
2026-05-13,55.06999969482422,55.540000915527344,54.86000061035156,55.189998626708984,53.38069534301758,1100437
2026-05-14,55.310001373291016,55.65999984741211,53.619998931884766,54.150001525878906,52.374794006347656,2430149
2026-05-15,53.79999923706055,54.7599983215332,53.790000915527344,54.70000076293945,52.906761169433594,1198549
2026-05-18,54.619998931884766,55.0,54.04999923706055,54.220001220703125,52.44249725341797,1531689
2026-05-19,54.220001220703125,55.84000015258789,54.060001373291016,55.529998779296875,53.70954895019531,1571635
2026-05-20,55.790000915527344,56.13999938964844,55.27000045776367,55.72999954223633,53.90299606323242,1325541
2026-05-21,55.400001525878906,55.77000045776367,54.9900016784668,55.5099983215332,53.69020462036133,1388013
2026-05-22,55.29999923706055,55.58000183105469,54.63999938964844,55.25,53.4387321472168,942522
2026-05-25,55.119998931884766,55.619998931884766,54.599998474121094,54.66999816894531,52.877742767333984,167637
2026-05-26,54.66999816894531,56.0099983215332,54.130001068115234,55.88999938964844,54.0577507019043,1237453
2026-05-27,55.970001220703125,58.45000076293945,55.970001220703125,57.63999938964844,55.7503776550293,1418790
2026-05-28,57.220001220703125,57.970001220703125,56.88999938964844,57.040000915527344,55.17005157470703,943273
2026-05-29,57.40999984741211,57.40999984741211,54.849998474121094,56.16999816894531,54.32856750488281,2555181
2026-06-01,56.040000915527344,56.83000183105469,54.90999984741211,56.459999084472656,54.60906219482422,1200328
2026-06-02,56.459999084472656,57.75,56.310001373291016,57.18000030517578,55.305458068847656,794002
2026-06-03,56.68000030517578,57.0,55.869998931884766,55.90999984741211,54.07709503173828,1890005
2026-06-04,56.43000030517578,56.43000030517578,55.72999954223633,56.099998474121094,54.2608642578125,935414
2026-06-05,56.0099983215332,56.25,54.849998474121094,55.0,53.19692611694336,1242935
2026-06-08,55.2400016784668,56.810001373291016,55.150001525878906,55.54999923706055,53.72889709472656,1266394
2026-06-09,55.63999938964844,56.369998931884766,54.11000061035156,55.279998779296875,53.46774673461914,1689834
2026-06-10,54.93000030517578,55.869998931884766,54.11000061035156,54.59000015258789,52.80036926269531,3435098
2026-06-11,54.900001525878906,55.630001068115234,52.439998626708984,52.810001373291016,51.0787239074707,3241359
2026-06-12,52.810001373291016,55.52000045776367,52.810001373291016,55.18000030517578,53.37102508544922,2104387
2026-06-15,55.63999938964844,56.83000183105469,54.84000015258789,54.9900016784668,53.187255859375,1302315
2026-06-16,55.0099983215332,56.06999969482422,54.970001220703125,55.33000183105469,53.516109466552734,1377309
2026-06-17,55.81999969482422,56.349998474121094,54.560001373291016,55.0,53.19692611694336,1346000
2026-06-18,55.56999969482422,56.5099983215332,55.33000183105469,56.119998931884766,54.280208587646484,1609886
2026-06-19,55.650001525878906,55.650001525878906,54.709999084472656,54.880001068115234,53.08086013793945,3070751
2026-06-22,55.18000030517578,55.459999084472656,54.11000061035156,54.77000045776367,52.97446823120117,1367897
2026-06-23,54.63999938964844,55.13999938964844,54.119998931884766,54.790000915527344,52.993812561035156,1712040
2026-06-24,54.790000915527344,55.08000183105469,54.27000045776367,54.849998474121094,53.051841735839844,2089347
2026-06-25,54.869998931884766,56.400001525878906,54.380001068115234,56.08000183105469,54.24152374267578,1270748
2026-06-26,55.58000183105469,56.5,54.81999969482422,55.86000061035156,54.02873229980469,993480
2026-06-29,55.20000076293945,58.689998626708984,55.20000076293945,57.150001525878906,55.27644348144531,627092
2026-06-30,57.33000183105469,57.93000030517578,56.2400016784668,56.650001525878906,54.7928352355957,2750559
2026-07-01,56.79999923706055,57.4900016784668,56.310001373291016,56.7599983215332,54.899227142333984,1087870
2026-07-02,56.61000061035156,57.95000076293945,56.5099983215332,56.720001220703125,54.86054229736328,703332
2026-07-03,56.9900016784668,57.11000061035156,56.33000183105469,56.34000015258789,54.49299621582031,361800
2026-07-06,56.5,57.310001373291016,56.5,56.84000015258789,54.97660446166992,791312
2026-07-07,56.7400016784668,56.849998474121094,56.13999938964844,56.38999938964844,54.541358947753906,744009
2026-07-08,56.2599983215332,56.709999084472656,55.380001068115234,56.189998626708984,54.3479118347168,1499456
2026-07-09,56.209999084472656,56.81999969482422,54.68000030517578,54.959999084472656,53.15823745727539,1639672
2026-07-10,54.959999084472656,56.59000015258789,54.959999084472656,56.189998626708984,54.3479118347168,1214172
2026-07-13,56.2599983215332,56.7599983215332,54.95000076293945,55.75,53.922340393066406,1396001
2026-07-14,55.900001525878906,57.279998779296875,55.7599983215332,56.72999954223633,54.87021255493164,1837012
2026-07-15,57.5,58.900001525878906,56.97999954223633,58.09000015258789,56.18562698364258,1561700
2026-07-16,58.25,58.790000915527344,56.970001220703125,57.11000061035156,55.237754821777344,2150809
2026-07-17,57.630001068115234,57.88999938964844,56.880001068115234,57.45000076293945,55.56660842895508,2052303
2026-07-20,57.31999969482422,58.869998931884766,57.040000915527344,57.400001525878906,55.51824951171875,1251244
2026-07-21,57.7599983215332,58.529998779296875,56.560001373291016,56.65999984741211,54.80250549316406,1248213
2026-07-22,57.040000915527344,58.029998779296875,56.380001068115234,57.13999938964844,55.26676940917969,1145899
2026-07-23,57.0099983215332,57.81999969482422,56.54999923706055,56.650001525878906,54.7928352355957,1152600
2026-07-24,56.65999984741211,58.4900016784668,56.65999984741211,58.209999084472656,56.301692962646484,1267404
2026-07-27,58.0,59.97999954223633,58.0,59.7400016784668,57.78153610229492,1541840
2026-07-28,59.720001220703125,60.90999984741211,58.95000076293945,60.66999816894531,58.68104553222656,1204990
2026-07-29,60.369998931884766,60.68000030517578,59.36000061035156,59.630001068115234,57.675140380859375,1675655
2026-07-30,59.869998931884766,60.9900016784668,58.02000045776367,58.13999938964844,56.233985900878906,3278013
2026-07-31,59.5099983215332,60.0,56.880001068115234,57.54999923706055,55.663330078125,5230300
2026-08-03,57.709999084472656,58.11000061035156,56.16999816894531,56.810001373291016,54.94758987426758,2857214
2026-08-04,56.810001373291016,57.560001373291016,56.209999084472656,56.72999954223633,54.87021255493164,2321958
2026-08-05,57.0099983215332,58.470001220703125,56.939998626708984,57.91999816894531,56.02119827270508,3453334
2026-08-06,57.79999923706055,58.220001220703125,57.400001525878906,57.529998779296875,55.643985748291016,1055009
2026-08-07,57.54999923706055,58.290000915527344,57.43000030517578,57.779998779296875,55.88578796386719,999319
2026-08-10,57.61000061035156,57.630001068115234,56.720001220703125,57.279998779296875,55.40217971801758,979443
2026-08-11,56.959999084472656,57.560001373291016,56.349998474121094,56.40999984741211,54.56070327758789,1191718
2026-08-12,56.38999938964844,57.599998474121094,56.150001525878906,56.779998779296875,54.91857147216797,1515590
2026-08-13,57.15999984741211,57.4900016784668,56.060001373291016,56.59000015258789,54.73480224609375,1234364
2026-08-14,56.16999816894531,56.619998931884766,55.630001068115234,55.7400016784668,53.91267013549805,1225755
2026-08-17,55.65999984741211,56.11000061035156,54.970001220703125,55.630001068115234,53.8062744140625,1193807
2026-08-18,55.81999969482422,55.81999969482422,54.599998474121094,55.369998931884766,53.55479431152344,886459
2026-08-19,55.119998931884766,56.060001373291016,54.7400016784668,55.90999984741211,54.07709503173828,1370605
2026-08-20,55.34000015258789,56.06999969482422,54.84000015258789,56.0,54.16414260864258,1483630
2026-08-21,56.0,57.45000076293945,55.880001068115234,56.540000915527344,54.68644332885742,1212696
2026-08-24,56.31999969482422,56.790000915527344,56.27000045776367,56.5099983215332,54.65742111206055,1352343
2026-08-25,56.650001525878906,57.33000183105469,55.810001373291016,57.33000183105469,55.45054244995117,896206
2026-08-26,56.970001220703125,58.189998626708984,56.970001220703125,57.709999084472656,55.818084716796875,1032938
2026-08-27,57.9900016784668,57.9900016784668,57.13999938964844,57.150001525878906,55.27644348144531,707186
2026-08-28,57.18000030517578,57.689998626708984,56.63999938964844,57.060001373291016,55.189395904541016,1224836
2026-08-31,56.880001068115234,57.72999954223633,56.599998474121094,57.619998931884766,55.73103332519531,4436486
2026-09-01,57.31999969482422,58.15999984741211,56.439998626708984,56.880001068115234,55.015296936035156,1676669
2026-09-02,57.060001373291016,58.41999816894531,56.75,58.16999816894531,56.26300048828125,1265107
