Price,Open,High,Low,Close,Adj Close,Volume
Ticker,FUNO11.MX,FUNO11.MX,FUNO11.MX,FUNO11.MX,FUNO11.MX,FUNO11.MX
Date,,,,,,
2021-08-16,21.479999542236328,21.84000015258789,21.299999237060547,21.59000015258789,13.569348335266113,2699844
2021-08-17,21.600000381469727,21.639999389648438,21.100000381469727,21.31999969482422,13.39965534210205,6342817
2021-08-18,21.309999465942383,21.559999465942383,21.25,21.360000610351562,13.424792289733887,4720333
2021-08-19,21.399999618530273,21.399999618530273,21.010000228881836,21.219999313354492,13.33680534362793,2169889
2021-08-20,21.200000762939453,21.459999084472656,20.780000686645508,21.200000762939453,13.324234008789062,3131730
2021-08-23,21.299999237060547,21.420000076293945,21.0,21.389999389648438,13.443649291992188,1021586
2021-08-24,21.420000076293945,21.5,20.90999984741211,21.229999542236328,13.343086242675781,4846832
2021-08-25,21.270000457763672,21.510000228881836,21.030000686645508,21.450000762939453,13.481359481811523,3389755
2021-08-26,21.399999618530273,21.639999389648438,21.18000030517578,21.600000381469727,13.575632095336914,4964330
2021-08-27,21.600000381469727,21.940000534057617,21.420000076293945,21.860000610351562,13.739044189453125,3135692
2021-08-30,21.860000610351562,22.299999237060547,21.6299991607666,22.190000534057617,13.946450233459473,4130461
2021-08-31,22.190000534057617,23.15999984741211,22.18000030517578,22.850000381469727,14.361259460449219,10892681
2021-09-01,22.690000534057617,22.760000228881836,21.90999984741211,22.110000610351562,13.896170616149902,3675924
2021-09-02,22.1200008392334,22.399999618530273,21.8799991607666,22.079999923706055,13.877321243286133,3538390
2021-09-03,22.18000030517578,22.559999465942383,22.049999237060547,22.290000915527344,14.009300231933594,1801582
2021-09-06,22.290000915527344,22.329999923706055,22.010000228881836,22.209999084472656,13.959023475646973,309024
2021-09-07,22.18000030517578,22.329999923706055,21.719999313354492,21.81999969482422,13.713905334472656,2201954
2021-09-08,21.8799991607666,21.959999084472656,21.700000762939453,21.799999237060547,13.701335906982422,4764126
2021-09-09,21.799999237060547,21.81999969482422,21.299999237060547,21.520000457763672,13.525355339050293,1976256
2021-09-10,21.709999084472656,21.860000610351562,21.25,21.610000610351562,13.58191967010498,3300873
2021-09-13,21.690000534057617,22.149999618530273,21.399999618530273,22.010000228881836,13.833319664001465,2924248
2021-09-14,22.010000228881836,22.280000686645508,21.829999923706055,22.0,13.827034950256348,3011264
2021-09-15,22.06999969482422,22.530000686645508,22.0,22.469999313354492,14.122428894042969,4015442
2021-09-17,22.600000381469727,23.510000228881836,22.579999923706055,23.299999237060547,14.644084930419922,13227352
2021-09-20,23.0,23.18000030517578,22.489999771118164,22.700000762939453,14.266990661621094,3688041
2021-09-21,22.739999771118164,23.25,22.510000228881836,23.06999969482422,14.499530792236328,2640374
2021-09-22,23.100000381469727,23.510000228881836,23.030000686645508,23.399999618530273,14.706936836242676,6747609
2021-09-23,23.40999984741211,23.729999542236328,23.299999237060547,23.649999618530273,14.86406135559082,2676302
2021-09-24,23.5,23.59000015258789,22.31999969482422,22.389999389648438,14.072149276733398,4616541
2021-09-27,22.5,22.610000610351562,22.100000381469727,22.5,14.141286849975586,2788962
2021-09-28,22.56999969482422,22.729999542236328,22.049999237060547,22.110000610351562,13.896170616149902,11156447
2021-09-29,22.219999313354492,23.0,22.1200008392334,22.610000610351562,14.210417747497559,16275408
2021-09-30,22.719999313354492,23.549999237060547,22.399999618530273,23.399999618530273,14.706936836242676,4219173
2021-10-01,23.489999771118164,23.489999771118164,22.829999923706055,22.950000762939453,14.424110412597656,9746154
2021-10-04,22.90999984741211,23.110000610351562,22.309999465942383,22.540000915527344,14.166426658630371,1300013
2021-10-05,22.530000686645508,22.65999984741211,22.09000015258789,22.299999237060547,14.015580177307129,3240586
2021-10-06,22.15999984741211,22.25,21.510000228881836,21.889999389648438,13.75790023803711,2671594
2021-10-07,21.75,22.1200008392334,21.5,21.700000762939453,13.638484001159668,6313007
2021-10-08,21.739999771118164,21.81999969482422,21.3700008392334,21.559999465942383,13.550495147705078,2658988
2021-10-11,21.559999465942383,21.690000534057617,20.90999984741211,21.0,13.198531150817871,11736630
2021-10-12,20.959999084472656,21.299999237060547,20.670000076293945,20.889999389648438,13.129395484924316,11864056
2021-10-13,21.079999923706055,21.239999771118164,20.75,20.889999389648438,13.129395484924316,13006658
2021-10-14,21.09000015258789,21.149999618530273,20.760000228881836,21.06999969482422,13.24252700805664,16565646
2021-10-15,21.200000762939453,21.3700008392334,21.06999969482422,21.25,13.355657577514648,4673465
2021-10-18,21.290000915527344,21.5,21.219999313354492,21.43000030517578,13.468788146972656,13582651
2021-10-19,21.459999084472656,21.600000381469727,21.1200008392334,21.239999771118164,13.349373817443848,7566297
2021-10-20,21.25,21.31999969482422,20.989999771118164,21.239999771118164,13.349373817443848,5098240
2021-10-21,21.170000076293945,22.56999969482422,20.899999618530273,21.239999771118164,13.349373817443848,20233704
2021-10-22,21.1200008392334,21.34000015258789,20.81999969482422,20.8700008392334,13.116828918457031,3241703
2021-10-25,20.93000030517578,20.950000762939453,20.700000762939453,20.780000686645508,13.060262680053711,3819416
2021-10-26,20.829999923706055,20.899999618530273,20.31999969482422,20.3700008392334,12.80257511138916,13283043
2021-10-27,20.350000381469727,20.450000762939453,19.979999542236328,20.18000030517578,12.683164596557617,2843020
2021-10-28,20.190000534057617,20.790000915527344,20.09000015258789,20.670000076293945,12.991127967834473,8289810
2021-10-29,20.68000030517578,20.739999771118164,20.40999984741211,20.459999084472656,12.85914134979248,14706648
2021-11-01,20.459999084472656,20.75,20.459999084472656,20.690000534057617,13.003697395324707,2868798
2021-11-03,20.75,21.200000762939453,20.649999618530273,20.950000762939453,13.167108535766602,7296215
2021-11-04,20.959999084472656,21.139999389648438,20.75,20.989999771118164,13.192248344421387,11307190
2021-11-05,20.760000228881836,21.149999618530273,20.610000610351562,21.100000381469727,13.49934196472168,3486137
2021-11-08,21.079999923706055,21.200000762939453,20.719999313354492,20.950000762939453,13.403376579284668,6882538
2021-11-09,20.860000610351562,21.100000381469727,20.770000457763672,20.920000076293945,13.384183883666992,4687040
2021-11-10,20.920000076293945,20.920000076293945,20.920000076293945,20.920000076293945,13.384183883666992,0
2021-11-11,20.920000076293945,20.920000076293945,20.920000076293945,20.920000076293945,13.384183883666992,0
2021-11-12,20.920000076293945,20.920000076293945,20.920000076293945,20.920000076293945,13.384183883666992,0
2021-11-16,20.920000076293945,20.920000076293945,20.920000076293945,20.920000076293945,13.384183883666992,0
2021-11-17,20.920000076293945,20.920000076293945,20.920000076293945,20.920000076293945,13.384183883666992,0
2021-11-18,19.989999771118164,20.149999618530273,19.65999984741211,20.100000381469727,12.859562873840332,9253768
2021-11-19,20.100000381469727,20.219999313354492,19.8799991607666,19.90999984741211,12.738004684448242,3649057
2021-11-22,19.899999618530273,19.899999618530273,19.18000030517578,19.270000457763672,12.328547477722168,7306196
2021-11-23,19.270000457763672,19.690000534057617,19.18000030517578,19.3700008392334,12.392524719238281,6330631
2021-11-24,19.360000610351562,19.479999542236328,19.110000610351562,19.31999969482422,12.360535621643066,8106765
2021-11-25,19.239999771118164,19.309999465942383,19.15999984741211,19.280000686645508,12.334943771362305,1286192
2021-11-26,19.15999984741211,19.34000015258789,19.010000228881836,19.270000457763672,12.328547477722168,5799501
2021-11-29,19.360000610351562,19.479999542236328,19.0,19.3700008392334,12.392524719238281,3779479
2021-11-30,19.459999084472656,19.979999542236328,19.110000610351562,19.700000762939453,12.603652954101562,18341030
2021-12-01,19.799999237060547,20.469999313354492,19.799999237060547,20.0,12.795585632324219,4547884
2021-12-02,20.100000381469727,20.510000228881836,20.030000686645508,20.459999084472656,13.089883804321289,4054888
2021-12-03,20.40999984741211,20.479999542236328,19.90999984741211,19.969999313354492,12.776391983032227,7122029
2021-12-06,19.979999542236328,20.15999984741211,19.899999618530273,20.100000381469727,12.859562873840332,2971606
2021-12-07,20.1200008392334,20.420000076293945,20.06999969482422,20.329999923706055,13.00671100616455,4083915
2021-12-08,20.3799991607666,20.639999389648438,20.170000076293945,20.31999969482422,13.00031566619873,3846826
2021-12-09,20.110000610351562,20.34000015258789,20.010000228881836,20.219999313354492,12.936336517333984,5961600
2021-12-10,20.799999237060547,20.799999237060547,20.309999465942383,20.6299991607666,13.198644638061523,2323152
2021-12-13,20.65999984741211,20.719999313354492,19.959999084472656,20.06999969482422,12.84036922454834,8486803
2021-12-14,19.979999542236328,20.899999618530273,19.510000228881836,20.850000381469727,13.339398384094238,13299236
2021-12-15,20.799999237060547,20.899999618530273,20.399999618530273,20.760000228881836,13.281816482543945,2243464
2021-12-16,20.790000915527344,20.860000610351562,20.469999313354492,20.75,13.275422096252441,2283984
2021-12-17,20.75,21.0,20.440000534057617,20.81999969482422,13.320204734802246,15795943
2021-12-20,20.889999389648438,20.889999389648438,19.770000457763672,20.010000228881836,12.801982879638672,5337653
2021-12-21,20.1200008392334,20.760000228881836,20.010000228881836,20.690000534057617,13.237030982971191,3792884
2021-12-22,20.709999084472656,20.8700008392334,20.399999618530273,20.790000915527344,13.301011085510254,3475814
2021-12-23,20.8700008392334,21.149999618530273,20.65999984741211,21.1200008392334,13.512140274047852,3324845
2021-12-24,21.079999923706055,21.440000534057617,21.040000915527344,21.3799991607666,13.67848014831543,202886
2021-12-27,21.209999084472656,21.440000534057617,21.030000686645508,21.270000457763672,13.60810375213623,2072031
2021-12-28,21.299999237060547,21.5,21.260000228881836,21.479999542236328,13.742457389831543,4650495
2021-12-29,21.489999771118164,21.799999237060547,21.270000457763672,21.40999984741211,13.697670936584473,1278698
2021-12-30,21.5,21.75,21.31999969482422,21.530000686645508,13.774446487426758,1846437
2021-12-31,21.649999618530273,21.729999542236328,21.399999618530273,21.639999389648438,13.844822883605957,1976413
2022-01-03,21.709999084472656,21.8700008392334,21.270000457763672,21.399999618530273,13.691275596618652,3240545
2022-01-04,21.399999618530273,21.540000915527344,20.889999389648438,21.190000534057617,13.556924819946289,3415805
2022-01-05,21.260000228881836,21.290000915527344,20.84000015258789,20.940000534057617,13.396979331970215,3073382
2022-01-06,20.899999618530273,21.149999618530273,20.780000686645508,20.8700008392334,13.352192878723145,4121382
2022-01-07,20.899999618530273,20.920000076293945,20.440000534057617,20.510000228881836,13.121869087219238,3022324
2022-01-10,20.540000915527344,20.59000015258789,20.020000457763672,20.1200008392334,12.872356414794922,3665344
2022-01-11,20.1200008392334,20.399999618530273,19.700000762939453,20.09000015258789,12.853163719177246,16601472
2022-01-12,20.09000015258789,20.84000015258789,20.09000015258789,20.770000457763672,13.288213729858398,5000478
2022-01-13,20.700000762939453,21.350000381469727,20.670000076293945,21.260000228881836,13.601707458496094,9127791
2022-01-14,21.229999542236328,21.639999389648438,21.110000610351562,21.510000228881836,13.761650085449219,3416032
2022-01-17,21.489999771118164,21.549999237060547,21.15999984741211,21.5,13.755252838134766,1183380
2022-01-18,21.350000381469727,21.56999969482422,21.1200008392334,21.530000686645508,13.774446487426758,4536868
2022-01-19,21.540000915527344,21.829999923706055,20.90999984741211,21.690000534057617,13.876811981201172,4450047
2022-01-20,21.6200008392334,22.34000015258789,21.510000228881836,22.200000762939453,14.203102111816406,7431394
2022-01-21,22.0,22.93000030517578,21.75,22.5,14.395034790039062,8016902
2022-01-24,22.489999771118164,22.690000534057617,21.0,21.780000686645508,13.934392929077148,3611217
2022-01-25,21.760000228881836,21.760000228881836,21.010000228881836,21.31999969482422,13.640095710754395,10152933
2022-01-26,21.329999923706055,21.450000762939453,20.670000076293945,20.93000030517578,13.390578269958496,4878638
2022-01-27,20.940000534057617,21.469999313354492,20.829999923706055,20.950000762939453,13.403376579284668,4558875
2022-01-28,20.950000762939453,21.059999465942383,20.479999542236328,20.59000015258789,13.173056602478027,8373237
2022-01-31,20.65999984741211,21.649999618530273,20.65999984741211,21.200000762939453,13.563319206237793,7401602
2022-02-01,21.8799991607666,22.280000686645508,21.469999313354492,21.920000076293945,14.02396011352539,5648214
2022-02-02,22.020000457763672,22.020000457763672,21.670000076293945,21.770000457763672,13.927995681762695,7003255
2022-02-03,21.889999389648438,22.170000076293945,21.200000762939453,21.360000610351562,13.665685653686523,7947888
2022-02-04,21.399999618530273,21.81999969482422,21.020000457763672,21.3799991607666,14.130205154418945,11000384
2022-02-08,21.3799991607666,21.479999542236328,20.670000076293945,20.75,13.713833808898926,14101984
2022-02-09,20.850000381469727,21.770000457763672,20.6299991607666,21.59000015258789,14.269000053405762,12309687
2022-02-10,21.59000015258789,23.309999465942383,21.579999923706055,22.59000015258789,14.92990779876709,12818333
2022-02-11,22.600000381469727,23.0,22.40999984741211,22.579999923706055,14.923294067382812,2587086
2022-02-14,22.600000381469727,22.770000457763672,21.850000381469727,22.309999465942383,14.744853019714355,4732481
2022-02-15,22.010000228881836,22.760000228881836,22.010000228881836,22.520000457763672,14.88364028930664,4662420
2022-02-16,22.700000762939453,23.170000076293945,22.299999237060547,23.079999923706055,15.253751754760742,4477256
2022-02-17,23.040000915527344,23.139999389648438,22.440000534057617,22.649999618530273,14.969557762145996,2582293
2022-02-18,22.93000030517578,22.969999313354492,22.5,22.59000015258789,14.92990779876709,2359078
2022-02-21,22.549999237060547,22.549999237060547,21.969999313354492,22.329999923706055,14.758069038391113,1287139
2022-02-22,22.360000610351562,23.0,22.200000762939453,22.670000076293945,14.98277759552002,4682534
2022-02-23,22.709999084472656,22.860000610351562,21.969999313354492,22.350000381469727,14.771289825439453,3205675
2022-02-24,22.049999237060547,22.06999969482422,21.079999923706055,21.799999237060547,14.40778923034668,3975979
2022-02-25,21.799999237060547,22.59000015258789,21.799999237060547,22.489999771118164,14.863815307617188,1591084
2022-02-28,22.489999771118164,23.360000610351562,22.0,23.079999923706055,15.253751754760742,13546400
2022-03-01,22.959999084472656,23.149999618530273,22.65999984741211,22.850000381469727,15.1017427444458,2879052
2022-03-02,22.84000015258789,23.90999984741211,22.649999618530273,23.739999771118164,15.689947128295898,3831376
2022-03-03,23.75,24.15999984741211,23.010000228881836,23.270000457763672,15.37932300567627,5381712
2022-03-04,23.200000762939453,23.3799991607666,22.649999618530273,22.829999923706055,15.088521957397461,2813664
2022-03-07,22.850000381469727,23.389999389648438,21.68000030517578,22.290000915527344,14.731636047363281,4708711
2022-03-08,22.3700008392334,22.829999923706055,21.8700008392334,22.239999771118164,14.698588371276855,7585906
2022-03-09,22.280000686645508,22.530000686645508,21.920000076293945,22.010000228881836,14.546577453613281,3694563
2022-03-10,21.93000030517578,22.34000015258789,21.690000534057617,21.780000686645508,14.394573211669922,3856274
2022-03-11,21.93000030517578,22.059999465942383,21.100000381469727,21.18000030517578,13.998029708862305,6829137
2022-03-14,21.18000030517578,21.31999969482422,21.0,21.170000076293945,13.99141788482666,14307371
2022-03-15,21.280000686645508,21.889999389648438,21.030000686645508,21.559999465942383,14.24917221069336,14698588
2022-03-16,21.780000686645508,22.360000610351562,21.610000610351562,22.229999542236328,14.691977500915527,3471761
2022-03-17,21.780000686645508,22.540000915527344,21.610000610351562,22.350000381469727,14.771289825439453,3046557
2022-03-18,22.350000381469727,23.489999771118164,22.260000228881836,23.190000534057617,15.326451301574707,21331313
2022-03-22,23.1200008392334,23.1200008392334,22.209999084472656,22.719999313354492,15.01581859588623,4505650
2022-03-23,22.770000457763672,22.940000534057617,22.15999984741211,22.3799991607666,14.791112899780273,3180121
2022-03-24,22.459999084472656,23.18000030517578,22.18000030517578,22.940000534057617,15.161226272583008,5779992
2022-03-25,22.899999618530273,23.149999618530273,22.350000381469727,22.959999084472656,15.174440383911133,11073462
2022-03-28,22.90999984741211,23.209999084472656,22.770000457763672,23.149999618530273,15.300017356872559,7127255
2022-03-29,23.170000076293945,23.389999389648438,23.010000228881836,23.219999313354492,15.346280097961426,10165819
2022-03-30,23.18000030517578,23.350000381469727,23.079999923706055,23.190000534057617,15.326451301574707,7301318
2022-03-31,23.139999389648438,23.399999618530273,23.1200008392334,23.299999237060547,15.399150848388672,12860464
2022-04-01,23.299999237060547,23.389999389648438,22.93000030517578,23.18000030517578,15.319840431213379,2626653
2022-04-04,23.18000030517578,23.229999542236328,22.950000762939453,23.1299991607666,15.286792755126953,1425847
2022-04-05,23.06999969482422,23.299999237060547,22.93000030517578,23.209999084472656,15.339666366577148,5341241
2022-04-06,23.18000030517578,23.18000030517578,22.31999969482422,22.459999084472656,14.843992233276367,3227890
2022-04-07,22.600000381469727,22.850000381469727,21.950000762939453,22.459999084472656,14.843992233276367,14813258
2022-04-08,22.5,22.579999923706055,22.15999984741211,22.479999542236328,14.857207298278809,6481767
2022-04-11,22.479999542236328,22.489999771118164,22.030000686645508,22.260000228881836,14.71180534362793,10553569
2022-04-12,22.25,22.549999237060547,21.979999542236328,22.18000030517578,14.658933639526367,12533846
2022-04-13,22.399999618530273,23.09000015258789,22.31999969482422,22.979999542236328,15.187661170959473,5619552
2022-04-18,22.969999313354492,23.229999542236328,22.75,23.100000381469727,15.266969680786133,9387185
2022-04-19,23.020000457763672,23.5,22.959999084472656,23.399999618530273,15.465241432189941,13730376
2022-04-20,23.5,24.399999618530273,23.25,24.0,15.861783027648926,13906626
2022-04-21,24.18000030517578,24.270000457763672,23.790000915527344,24.030000686645508,15.881611824035645,14797646
2022-04-22,24.149999618530273,24.649999618530273,23.520000457763672,23.649999618530273,15.63046932220459,19193947
2022-04-25,23.760000228881836,24.040000915527344,23.239999771118164,23.350000381469727,15.432196617126465,6015537
2022-04-26,23.350000381469727,23.459999084472656,22.389999389648438,22.579999923706055,14.923294067382812,5312821
2022-04-27,22.5,22.959999084472656,22.420000076293945,22.59000015258789,14.92990779876709,4167796
2022-04-28,22.8799991607666,23.200000762939453,22.329999923706055,23.020000457763672,15.21410083770752,6848890
2022-04-29,23.239999771118164,23.239999771118164,22.299999237060547,22.3799991607666,14.791112899780273,3258083
2022-05-02,22.5,22.59000015258789,22.010000228881836,22.239999771118164,14.698588371276855,2699168
2022-05-03,22.350000381469727,22.459999084472656,22.0,22.360000610351562,14.777898788452148,13690161
2022-05-04,22.3700008392334,22.989999771118164,22.270000457763672,22.729999542236328,15.022432327270508,5679879
2022-05-05,22.700000762939453,22.709999084472656,22.020000457763672,22.100000381469727,14.937856674194336,4349453
2022-05-06,22.209999084472656,22.440000534057617,22.030000686645508,22.329999923706055,15.09332275390625,12449272
2022-05-09,22.309999465942383,22.969999313354492,22.229999542236328,22.389999389648438,15.13387680053711,6406052
2022-05-10,22.350000381469727,23.15999984741211,22.299999237060547,22.56999969482422,15.25554370880127,12575222
2022-05-11,22.469999313354492,22.889999389648438,21.959999084472656,22.06999969482422,14.917586326599121,12665909
2022-05-12,22.0,22.34000015258789,21.649999618530273,21.950000762939453,14.836474418640137,7010986
2022-05-13,21.989999771118164,22.84000015258789,21.989999771118164,22.600000381469727,15.275823593139648,14413056
2022-05-16,22.450000762939453,22.450000762939453,20.31999969482422,20.649999618530273,13.957772254943848,21090828
2022-05-17,20.600000381469727,21.299999237060547,20.600000381469727,20.940000534057617,14.153794288635254,23744707
2022-05-18,20.940000534057617,21.260000228881836,20.440000534057617,20.56999969482422,13.90369987487793,10657791
2022-05-19,20.579999923706055,21.719999313354492,20.56999969482422,21.3700008392334,14.444440841674805,7630032
2022-05-20,21.329999923706055,21.329999923706055,20.309999465942383,20.440000534057617,13.815831184387207,8830429
2022-05-23,20.549999237060547,20.770000457763672,20.239999771118164,20.329999923706055,13.741479873657227,10383357
2022-05-24,20.40999984741211,20.600000381469727,20.100000381469727,20.209999084472656,13.660367965698242,21565869
2022-05-25,20.329999923706055,21.09000015258789,20.329999923706055,20.709999084472656,13.998331069946289,13398093
2022-05-26,20.809999465942383,21.200000762939453,20.59000015258789,20.65999984741211,13.964533805847168,9787696
2022-05-27,20.90999984741211,21.190000534057617,20.579999923706055,21.020000457763672,14.207867622375488,5541860
2022-05-30,21.059999465942383,21.15999984741211,20.56999969482422,20.649999618530273,13.957772254943848,2128684
2022-05-31,20.600000381469727,20.889999389648438,20.239999771118164,20.780000686645508,14.045647621154785,24167031
2022-06-01,20.770000457763672,20.770000457763672,20.239999771118164,20.450000762939453,13.822593688964844,3868924
2022-06-02,20.459999084472656,20.520000457763672,19.860000610351562,20.09000015258789,13.57926082611084,17092339
2022-06-03,20.190000534057617,20.5,20.0,20.360000610351562,13.761756896972656,9462288
2022-06-06,20.360000610351562,20.530000686645508,20.09000015258789,20.18000030517578,13.640096664428711,11478410
2022-06-07,20.100000381469727,20.549999237060547,20.030000686645508,20.510000228881836,13.863143920898438,4116250
2022-06-08,20.510000228881836,20.510000228881836,20.1200008392334,20.260000228881836,13.694165229797363,12814706
2022-06-09,20.260000228881836,20.68000030517578,20.100000381469727,20.530000686645508,13.876663208007812,4773160
2022-06-10,20.299999237060547,20.510000228881836,20.1200008392334,20.3799991607666,13.775278091430664,3966150
2022-06-13,20.149999618530273,20.149999618530273,19.15999984741211,19.520000457763672,13.193982124328613,6391419
2022-06-14,19.649999618530273,19.889999389648438,19.200000762939453,19.479999542236328,13.166946411132812,5360462
2022-06-15,19.489999771118164,19.690000534057617,18.84000015258789,18.920000076293945,12.78842830657959,16970589
2022-06-16,18.899999618530273,19.219999313354492,18.68000030517578,18.90999984741211,12.781672477722168,7057865
2022-06-17,19.010000228881836,19.149999618530273,18.709999084472656,18.780000686645508,12.693803787231445,24387539
2022-06-20,18.729999542236328,19.010000228881836,18.440000534057617,18.6299991607666,12.592413902282715,811939
2022-06-21,18.719999313354492,18.850000381469727,18.420000076293945,18.639999389648438,12.599173545837402,11556596
2022-06-22,18.690000534057617,18.790000915527344,18.450000762939453,18.59000015258789,12.56537914276123,5237382
2022-06-23,18.75,19.280000686645508,18.399999618530273,19.18000030517578,12.96417236328125,21016250
2022-06-24,19.149999618530273,19.829999923706055,18.84000015258789,19.65999984741211,13.288615226745605,7683339
2022-06-27,19.690000534057617,20.290000915527344,19.510000228881836,20.0,13.518428802490234,6644684
2022-06-28,20.0,20.600000381469727,19.969999313354492,20.100000381469727,13.586018562316895,14849732
2022-06-29,19.989999771118164,20.360000610351562,19.760000228881836,19.940000534057617,13.477873802185059,8497973
2022-06-30,20.0,20.3700008392334,19.969999313354492,20.030000686645508,13.538705825805664,11942212
2022-07-01,20.0,20.3700008392334,20.0,20.200000762939453,13.653609275817871,10524710
2022-07-04,20.299999237060547,21.139999389648438,20.280000686645508,20.6200008392334,13.937499046325684,3611966
2022-07-05,20.600000381469727,20.93000030517578,20.3700008392334,20.700000762939453,13.991576194763184,3864924
2022-07-06,20.530000686645508,21.43000030517578,20.530000686645508,21.25,14.363329887390137,5295578
2022-07-07,21.389999389648438,21.649999618530273,21.0,21.09000015258789,14.255183219909668,19154835
2022-07-08,21.100000381469727,21.209999084472656,20.780000686645508,20.90999984741211,14.133515357971191,2222578
2022-07-11,20.90999984741211,21.079999923706055,20.579999923706055,20.889999389648438,14.1199951171875,2196692
2022-07-12,20.860000610351562,21.139999389648438,20.3799991607666,20.479999542236328,13.842866897583008,4115345
2022-07-13,20.530000686645508,20.799999237060547,20.010000228881836,20.190000534057617,13.646852493286133,12958801
2022-07-14,20.260000228881836,20.940000534057617,20.020000457763672,20.809999465942383,14.065921783447266,3837853
2022-07-15,20.93000030517578,21.06999969482422,20.0,20.110000610351562,13.592779159545898,3347716
2022-07-18,20.15999984741211,20.90999984741211,20.15999984741211,20.440000534057617,13.815831184387207,3588573
2022-07-19,20.5,20.670000076293945,20.25,20.309999465942383,13.727964401245117,3473714
2022-07-20,20.309999465942383,20.5,20.110000610351562,20.270000457763672,13.700927734375,13644994
2022-07-21,20.350000381469727,20.739999771118164,20.149999618530273,20.6299991607666,13.944254875183105,3371824
2022-07-22,20.649999618530273,20.649999618530273,20.25,20.280000686645508,13.707687377929688,4327752
2022-07-25,20.31999969482422,20.559999465942383,20.25,20.420000076293945,13.802313804626465,4428466
2022-07-26,20.360000610351562,20.5,20.25,20.270000457763672,13.700927734375,6643199
2022-07-27,20.290000915527344,21.030000686645508,20.290000915527344,20.760000228881836,14.032129287719727,3865679
2022-07-28,20.700000762939453,20.940000534057617,20.530000686645508,20.739999771118164,14.018609046936035,4351829
2022-07-29,20.799999237060547,21.020000457763672,20.579999923706055,20.809999465942383,14.065921783447266,8002736
2022-08-01,20.81999969482422,21.1200008392334,20.68000030517578,21.030000686645508,14.21462631225586,8739368
2022-08-02,20.969999313354492,21.469999313354492,20.739999771118164,21.139999389648438,14.288973808288574,8248984
2022-08-03,21.309999465942383,21.6299991607666,21.040000915527344,21.459999084472656,14.505271911621094,5471790
2022-08-04,21.440000534057617,21.729999542236328,21.190000534057617,21.270000457763672,14.376847267150879,4364549
2022-08-05,21.06999969482422,21.1299991607666,20.420000076293945,20.90999984741211,14.490240097045898,3384932
2022-08-08,20.90999984741211,21.059999465942383,20.739999771118164,20.920000076293945,14.49716854095459,4348436
2022-08-09,20.790000915527344,21.5,20.65999984741211,21.020000457763672,14.5664701461792,6549570
2022-08-10,21.049999237060547,21.59000015258789,20.90999984741211,21.440000534057617,14.857521057128906,5680645
2022-08-11,21.43000030517578,21.65999984741211,21.049999237060547,21.209999084472656,14.69813346862793,7038730
2022-08-12,21.149999618530273,21.40999984741211,20.93000030517578,21.1299991607666,14.642694473266602,4333298
2022-08-15,21.1299991607666,21.469999313354492,21.010000228881836,21.290000915527344,14.753575325012207,1891142
2022-08-16,21.299999237060547,21.56999969482422,21.100000381469727,21.280000686645508,14.74664306640625,4630081
2022-08-17,21.280000686645508,21.290000915527344,20.959999084472656,21.239999771118164,14.71891975402832,2453091
2022-08-18,21.219999313354492,21.350000381469727,21.020000457763672,21.219999313354492,14.705063819885254,2815188
2022-08-19,21.25,21.25,20.850000381469727,21.0,14.552607536315918,1867551
2022-08-22,21.09000015258789,21.190000534057617,20.5,21.079999923706055,14.608049392700195,3793523
2022-08-23,21.049999237060547,21.09000015258789,20.3799991607666,20.459999084472656,14.178401947021484,2597346
2022-08-24,20.459999084472656,20.559999465942383,20.110000610351562,20.219999313354492,14.0120849609375,3328581
2022-08-25,20.25,20.670000076293945,20.200000762939453,20.579999923706055,14.261556625366211,4078217
2022-08-26,20.68000030517578,20.719999313354492,20.43000030517578,20.649999618530273,14.310062408447266,1441651
2022-08-29,20.520000457763672,20.639999389648438,20.100000381469727,20.219999313354492,14.0120849609375,6175240
2022-08-30,20.280000686645508,20.5,19.979999542236328,20.3700008392334,14.116026878356934,4507827
2022-08-31,20.399999618530273,21.139999389648438,20.15999984741211,21.09000015258789,14.614980697631836,46965805
2022-09-01,21.0,21.0,20.010000228881836,20.260000228881836,14.039801597595215,5140875
2022-09-02,20.399999618530273,21.06999969482422,20.219999313354492,20.459999084472656,14.178401947021484,10013494
2022-09-05,20.520000457763672,20.760000228881836,20.420000076293945,20.670000076293945,14.323921203613281,427975
2022-09-06,20.56999969482422,20.56999969482422,20.059999465942383,20.309999465942383,14.07445240020752,6910003
2022-09-07,20.34000015258789,21.149999618530273,20.079999923706055,20.889999389648438,14.476378440856934,6076733
2022-09-08,20.899999618530273,21.200000762939453,20.719999313354492,20.989999771118164,14.545675277709961,5247245
2022-09-09,21.09000015258789,21.239999771118164,20.899999618530273,21.18000030517578,14.677348136901855,3049522
2022-09-12,21.219999313354492,21.899999618530273,21.110000610351562,21.489999771118164,14.892167091369629,4810930
2022-09-13,21.440000534057617,22.06999969482422,21.290000915527344,21.700000762939453,15.037698745727539,5174325
2022-09-14,21.6299991607666,22.219999313354492,21.329999923706055,21.809999465942383,15.11391830444336,6075483
2022-09-15,21.850000381469727,22.3799991607666,21.719999313354492,22.020000457763672,15.259449005126953,15558177
2022-09-19,22.1299991607666,22.139999389648438,21.40999984741211,21.510000228881836,14.90602970123291,2518985
2022-09-20,21.6200008392334,22.010000228881836,21.309999465942383,21.889999389648438,15.169360160827637,5939714
2022-09-21,21.809999465942383,22.719999313354492,21.75,22.56999969482422,15.640586853027344,9940284
2022-09-22,22.520000457763672,22.84000015258789,22.1200008392334,22.510000228881836,15.599013328552246,6017600
2022-09-23,22.469999313354492,22.790000915527344,21.760000228881836,21.950000762939453,15.210942268371582,3930143
2022-09-26,22.350000381469727,22.350000381469727,20.739999771118164,20.8799991607666,14.469451904296875,3390343
2022-09-27,20.959999084472656,21.459999084472656,20.950000762939453,21.110000610351562,14.628837585449219,2881718
2022-09-28,21.200000762939453,21.31999969482422,20.780000686645508,20.790000915527344,14.407083511352539,3327236
2022-09-29,20.920000076293945,21.229999542236328,20.5,20.739999771118164,14.3724365234375,3172626
2022-09-30,20.81999969482422,21.280000686645508,20.65999984741211,20.719999313354492,14.358572959899902,4522375
2022-10-03,20.90999984741211,21.1299991607666,20.760000228881836,21.0,14.552607536315918,2281447
2022-10-04,21.010000228881836,21.09000015258789,20.530000686645508,20.899999618530273,14.483315467834473,2783420
2022-10-05,21.0,21.0,20.450000762939453,20.510000228881836,14.213046073913574,2820213
2022-10-06,20.639999389648438,21.0,20.549999237060547,20.8799991607666,14.469451904296875,3730915
2022-10-07,20.760000228881836,21.579999923706055,20.760000228881836,21.399999618530273,14.829798698425293,3638337
2022-10-10,21.3799991607666,21.3799991607666,20.809999465942383,20.889999389648438,14.476378440856934,10870978
2022-10-11,20.889999389648438,21.459999084472656,20.489999771118164,21.260000228881836,14.732780456542969,6246744
2022-10-12,21.260000228881836,22.059999465942383,21.18000030517578,21.850000381469727,15.141644477844238,3162763
2022-10-13,21.790000915527344,22.079999923706055,21.299999237060547,21.649999618530273,15.003046035766602,4010254
2022-10-14,21.579999923706055,21.860000610351562,21.309999465942383,21.350000381469727,14.795154571533203,2622994
2022-10-17,21.3700008392334,21.860000610351562,21.280000686645508,21.739999771118164,15.065414428710938,8296049
2022-10-18,21.81999969482422,22.299999237060547,21.469999313354492,22.049999237060547,15.280237197875977,6027088
2022-10-19,22.0,22.350000381469727,21.799999237060547,22.06999969482422,15.294099807739258,1670788
2022-10-20,22.049999237060547,22.280000686645508,21.739999771118164,21.889999389648438,15.169360160827637,9040308
2022-10-21,22.049999237060547,22.350000381469727,21.889999389648438,22.350000381469727,15.488133430480957,2287417
2022-10-24,22.350000381469727,22.670000076293945,21.979999542236328,22.09000015258789,15.307954788208008,4233179
2022-10-25,22.149999618530273,22.5,21.889999389648438,22.25,15.41883373260498,6485470
2022-10-26,22.209999084472656,22.510000228881836,22.0,22.170000076293945,15.363396644592285,6885769
2022-10-27,22.18000030517578,22.65999984741211,22.18000030517578,22.579999923706055,15.647517204284668,3029864
2022-10-28,22.600000381469727,23.209999084472656,22.469999313354492,22.899999618530273,15.869270324707031,4550309
2022-10-31,22.899999618530273,23.219999313354492,22.649999618530273,23.1299991607666,16.028656005859375,5752808
2022-11-01,23.1299991607666,23.40999984741211,22.920000076293945,23.350000381469727,16.181116104125977,3808711
2022-11-03,23.329999923706055,24.1299991607666,23.239999771118164,23.8799991607666,16.54839515686035,12743330
2022-11-04,23.799999237060547,24.0,23.700000762939453,24.0,16.631553649902344,5279961
2022-11-07,23.639999389648438,24.079999923706055,23.43000030517578,23.8700008392334,16.940919876098633,4084260
2022-11-08,23.8700008392334,23.8700008392334,23.299999237060547,23.579999923706055,16.735103607177734,3790578
2022-11-09,23.600000381469727,23.889999389648438,22.8799991607666,22.989999771118164,16.316370010375977,5621307
2022-11-10,23.139999389648438,24.350000381469727,23.139999389648438,23.899999618530273,16.962209701538086,3920874
2022-11-11,24.059999465942383,24.3799991607666,23.610000610351562,24.260000228881836,17.217708587646484,4117651
2022-11-14,24.34000015258789,24.34000015258789,23.850000381469727,24.0,17.03318214416504,6055649
2022-11-15,24.059999465942383,24.299999237060547,23.8700008392334,24.149999618530273,17.139636993408203,4031749
2022-11-16,24.18000030517578,24.200000762939453,23.510000228881836,23.739999771118164,16.848655700683594,5932576
2022-11-17,23.8799991607666,24.15999984741211,23.1200008392334,23.489999771118164,16.67123031616211,3486445
2022-11-18,23.65999984741211,23.81999969482422,23.25,23.5,16.678327560424805,2373643
2022-11-22,23.489999771118164,23.540000915527344,23.06999969482422,23.1299991607666,16.415727615356445,5731207
2022-11-23,23.239999771118164,23.889999389648438,23.139999389648438,23.510000228881836,16.6854190826416,3332857
2022-11-24,23.520000457763672,23.700000762939453,23.459999084472656,23.56999969482422,16.72800636291504,974318
2022-11-25,23.56999969482422,23.8799991607666,23.329999923706055,23.540000915527344,16.70671272277832,4059570
2022-11-28,23.670000076293945,24.149999618530273,23.649999618530273,23.850000381469727,16.92672348022461,3392972
2022-11-29,23.90999984741211,24.200000762939453,23.5,23.989999771118164,17.026081085205078,4512717
2022-11-30,23.969999313354492,24.489999771118164,23.739999771118164,23.8700008392334,16.940919876098633,16016206
2022-12-01,24.079999923706055,24.5,24.010000228881836,24.290000915527344,17.239002227783203,5255565
2022-12-02,24.260000228881836,24.280000686645508,23.850000381469727,23.940000534057617,16.9906005859375,2101578
2022-12-05,24.020000457763672,24.049999237060547,23.270000457763672,23.360000610351562,16.57896614074707,2746969
2022-12-06,23.299999237060547,23.65999984741211,23.030000686645508,23.18000030517578,16.451213836669922,5441197
2022-12-07,23.309999465942383,24.030000686645508,23.219999313354492,23.889999389648438,16.955116271972656,6248177
2022-12-08,23.950000762939453,24.3799991607666,23.81999969482422,24.139999389648438,17.13254165649414,7469463
2022-12-09,24.1299991607666,24.139999389648438,23.790000915527344,23.989999771118164,17.026081085205078,4232850
2022-12-13,23.950000762939453,24.670000076293945,23.739999771118164,24.530000686645508,17.409330368041992,33251255
2022-12-14,24.399999618530273,24.530000686645508,24.030000686645508,24.190000534057617,17.168025970458984,6771876
2022-12-15,24.229999542236328,24.309999465942383,23.8799991607666,23.93000030517578,16.983503341674805,9475439
2022-12-16,24.15999984741211,24.6299991607666,23.34000015258789,23.3799991607666,16.593156814575195,14508143
2022-12-19,23.489999771118164,23.920000076293945,23.200000762939453,23.8700008392334,16.940919876098633,2075571
2022-12-20,23.84000015258789,24.209999084472656,23.739999771118164,24.18000030517578,17.160930633544922,3568225
2022-12-21,24.15999984741211,24.360000610351562,23.799999237060547,24.0,17.03318214416504,2703359
2022-12-22,24.1200008392334,24.149999618530273,23.809999465942383,24.0,17.03318214416504,2556967
2022-12-23,24.0,24.229999542236328,23.920000076293945,23.989999771118164,17.026081085205078,2899298
2022-12-26,24.0,24.010000228881836,23.799999237060547,23.899999618530273,16.962209701538086,439907
2022-12-27,23.950000762939453,24.239999771118164,23.81999969482422,23.889999389648438,16.955116271972656,2556595
2022-12-28,23.889999389648438,23.950000762939453,23.219999313354492,23.43000030517578,16.628644943237305,2941297
2022-12-29,23.520000457763672,23.75,23.280000686645508,23.549999237060547,16.713808059692383,1719074
2022-12-30,23.510000228881836,23.559999465942383,22.860000610351562,23.0,16.32346534729004,4620280
2023-01-02,23.079999923706055,23.940000534057617,23.079999923706055,23.780000686645508,16.877044677734375,637122
2023-01-03,23.760000228881836,23.989999771118164,23.43000030517578,23.799999237060547,16.891239166259766,1595895
2023-01-04,23.889999389648438,24.34000015258789,23.780000686645508,23.799999237060547,16.891239166259766,5694774
2023-01-05,23.829999923706055,24.440000534057617,23.829999923706055,23.90999984741211,16.969308853149414,4341197
2023-01-06,24.079999923706055,24.290000915527344,23.979999542236328,24.170000076293945,17.153833389282227,2835463
2023-01-09,24.010000228881836,24.770000457763672,24.010000228881836,24.5,17.388038635253906,4954648
2023-01-10,24.5,24.84000015258789,24.34000015258789,24.350000381469727,17.281579971313477,6135902
2023-01-11,24.479999542236328,25.15999984741211,24.479999542236328,25.010000228881836,17.7499942779541,7163036
2023-01-12,25.040000915527344,25.93000030517578,24.799999237060547,25.459999084472656,18.069366455078125,10848024
2023-01-13,25.469999313354492,25.950000762939453,25.389999389648438,25.780000686645508,18.29647445678711,7621975
2023-01-16,25.81999969482422,26.100000381469727,25.809999465942383,26.049999237060547,18.48809814453125,2503107
2023-01-17,26.100000381469727,26.100000381469727,25.350000381469727,25.760000228881836,18.28227996826172,22451124
2023-01-18,25.860000610351562,26.100000381469727,24.700000762939453,24.950000762939453,17.707412719726562,5167304
2023-01-19,24.950000762939453,25.170000076293945,24.65999984741211,24.8700008392334,17.650632858276367,4787806
2023-01-20,24.950000762939453,25.1299991607666,24.709999084472656,25.010000228881836,17.7499942779541,7833110
2023-01-23,25.0,25.68000030517578,24.950000762939453,25.059999465942383,17.785480499267578,3263786
2023-01-24,25.1200008392334,25.559999465942383,25.079999923706055,25.270000457763672,17.93452262878418,3190473
2023-01-25,25.399999618530273,25.90999984741211,25.389999389648438,25.700000762939453,18.23969841003418,5256530
2023-01-26,25.690000534057617,25.899999618530273,25.6200008392334,25.780000686645508,18.29647445678711,2531528
2023-01-27,25.809999465942383,25.93000030517578,25.489999771118164,25.81999969482422,18.324867248535156,4474082
2023-01-30,25.770000457763672,26.0,25.6200008392334,25.829999923706055,18.331960678100586,10157444
2023-01-31,25.969999313354492,25.969999313354492,25.450000762939453,25.479999542236328,18.083560943603516,10125557
2023-02-01,25.59000015258789,26.799999237060547,25.59000015258789,26.59000015258789,18.87134552001953,18101706
2023-02-02,26.59000015258789,27.0,25.649999618530273,25.709999084472656,18.246795654296875,6760340
2023-02-03,25.700000762939453,26.170000076293945,25.600000381469727,25.899999618530273,18.38163948059082,6970229
2023-02-07,26.34000015258789,26.34000015258789,25.020000457763672,25.270000457763672,17.93452262878418,11948009
2023-02-08,24.59000015258789,25.100000381469727,24.149999618530273,25.030000686645508,18.459138870239258,5209409
2023-02-09,25.030000686645508,25.420000076293945,24.6200008392334,24.780000686645508,18.274768829345703,6066233
2023-02-10,24.84000015258789,25.280000686645508,24.549999237060547,24.90999984741211,18.37064552307129,2171925
2023-02-13,25.079999923706055,26.040000915527344,25.079999923706055,25.729999542236328,18.975372314453125,4268851
2023-02-14,25.729999542236328,26.309999465942383,25.639999389648438,26.290000915527344,19.38836669921875,4012886
2023-02-15,26.290000915527344,26.290000915527344,25.149999618530273,25.709999084472656,18.96062469482422,9514959
2023-02-16,25.739999771118164,25.93000030517578,25.5,25.56999969482422,18.857379913330078,4549292
2023-02-17,25.56999969482422,26.020000457763672,25.56999969482422,25.75,18.99012565612793,2926799
2023-02-20,25.739999771118164,25.989999771118164,25.610000610351562,25.719999313354492,18.968002319335938,849328
2023-02-21,25.940000534057617,26.350000381469727,25.700000762939453,25.8799991607666,19.085994720458984,3374457
2023-02-22,25.8799991607666,26.329999923706055,25.8799991607666,26.1299991607666,19.270368576049805,5240908
2023-02-23,26.200000762939453,26.360000610351562,25.780000686645508,26.18000030517578,19.307241439819336,4034287
2023-02-24,26.18000030517578,26.280000686645508,25.90999984741211,26.059999465942383,19.2187442779541,6582758
2023-02-27,26.190000534057617,27.219999313354492,25.959999084472656,26.579999923706055,19.602231979370117,6410288
2023-02-28,26.600000381469727,26.979999542236328,25.950000762939453,26.100000381469727,19.24824333190918,10142449
2023-03-01,26.489999771118164,26.5,25.850000381469727,26.219999313354492,19.336740493774414,5760819
2023-03-02,26.31999969482422,26.31999969482422,25.969999313354492,26.079999923706055,19.233491897583008,4566519
2023-03-03,26.200000762939453,26.31999969482422,26.0,26.100000381469727,19.24824333190918,8316561
2023-03-06,26.170000076293945,26.209999084472656,26.0,26.100000381469727,19.24824333190918,3993471
2023-03-07,26.149999618530273,26.149999618530273,25.360000610351562,25.3700008392334,18.709884643554688,2784090
2023-03-08,25.56999969482422,25.56999969482422,25.280000686645508,25.489999771118164,18.79837989807129,8740562
2023-03-09,25.440000534057617,26.260000228881836,25.440000534057617,26.110000610351562,19.255615234375,5215055
2023-03-10,26.100000381469727,26.100000381469727,25.469999313354492,25.610000610351562,18.886877059936523,4847355
2023-03-13,25.610000610351562,25.780000686645508,24.8700008392334,25.100000381469727,18.623777389526367,3945654
2023-03-14,25.610000610351562,25.780000686645508,24.799999237060547,24.90999984741211,18.482807159423828,8714445
2023-03-15,24.889999389648438,25.049999237060547,24.5,24.5,18.1785888671875,3819575
2023-03-16,24.889999389648438,25.049999237060547,24.459999084472656,24.469999313354492,18.156328201293945,5132491
2023-03-17,24.459999084472656,24.690000534057617,23.280000686645508,23.510000228881836,17.44402503967285,22042772
2023-03-21,23.549999237060547,23.860000610351562,23.479999542236328,23.610000610351562,17.518224716186523,6021092
2023-03-22,23.81999969482422,24.06999969482422,23.469999313354492,23.84000015258789,17.68887710571289,5065272
2023-03-23,23.959999084472656,24.309999465942383,23.8799991607666,24.299999237060547,18.03019142150879,6845345
2023-03-24,24.329999923706055,24.75,24.100000381469727,24.709999084472656,18.33440399169922,5814766
2023-03-27,24.670000076293945,25.100000381469727,24.43000030517578,24.8799991607666,18.460542678833008,9935366
2023-03-28,24.899999618530273,25.31999969482422,24.780000686645508,24.989999771118164,18.542163848876953,8744198
2023-03-29,24.860000610351562,25.0,24.520000457763672,24.979999542236328,18.534738540649414,5608829
2023-03-30,25.059999465942383,25.18000030517578,24.5,24.8700008392334,18.453123092651367,9352270
2023-03-31,25.0,25.309999465942383,24.760000228881836,25.229999542236328,18.720237731933594,9337551
2023-04-03,25.190000534057617,25.489999771118164,23.799999237060547,25.020000457763672,18.564422607421875,10037820
2023-04-04,25.09000015258789,25.440000534057617,24.940000534057617,25.290000915527344,18.764753341674805,3810372
2023-04-05,25.350000381469727,25.350000381469727,25.09000015258789,25.329999923706055,18.794435501098633,3217577
2023-04-10,25.09000015258789,25.549999237060547,25.09000015258789,25.290000915527344,18.764753341674805,3269895
2023-04-11,25.280000686645508,25.489999771118164,24.760000228881836,24.969999313354492,18.527320861816406,4039014
2023-04-12,24.969999313354492,25.299999237060547,24.950000762939453,25.139999389648438,18.653459548950195,6983013
2023-04-13,25.110000610351562,25.440000534057617,24.860000610351562,25.049999237060547,18.586679458618164,10095904
2023-04-14,25.049999237060547,25.149999618530273,24.549999237060547,24.950000762939453,18.512481689453125,5559358
2023-04-17,25.0,25.040000915527344,24.690000534057617,24.81999969482422,18.41602325439453,7378931
2023-04-18,24.799999237060547,25.31999969482422,24.770000457763672,25.020000457763672,18.564422607421875,9339055
2023-04-19,24.90999984741211,25.049999237060547,24.799999237060547,24.950000762939453,18.512481689453125,8579609
2023-04-20,24.809999465942383,25.09000015258789,24.809999465942383,25.0,18.549577713012695,7107709
2023-04-21,25.010000228881836,25.040000915527344,24.700000762939453,24.81999969482422,18.41602325439453,4773556
2023-04-24,24.90999984741211,24.959999084472656,24.700000762939453,24.760000228881836,18.371503829956055,2741782
2023-04-25,24.760000228881836,24.889999389648438,24.469999313354492,24.610000610351562,18.26020622253418,2695309
2023-04-26,24.690000534057617,24.8700008392334,24.1299991607666,24.389999389648438,18.09697151184082,5287958
2023-04-27,24.489999771118164,24.68000030517578,24.149999618530273,24.670000076293945,18.304729461669922,4257328
2023-04-28,24.649999618530273,24.950000762939453,24.3799991607666,24.809999465942383,18.408605575561523,6421684
2023-05-02,24.780000686645508,24.829999923706055,24.219999313354492,24.809999465942383,18.408605575561523,5442332
2023-05-03,24.780000686645508,24.780000686645508,24.43000030517578,24.450000762939453,18.141490936279297,2910735
2023-05-04,24.5,24.719999313354492,24.43000030517578,24.549999237060547,18.215686798095703,5187505
2023-05-05,24.5,24.770000457763672,24.299999237060547,24.690000534057617,18.6146183013916,4698611
2023-05-08,24.690000534057617,24.709999084472656,24.079999923706055,24.200000762939453,18.245187759399414,3153523
2023-05-09,24.209999084472656,24.489999771118164,24.139999389648438,24.34000015258789,18.350740432739258,2835246
2023-05-10,24.34000015258789,24.469999313354492,24.209999084472656,24.360000610351562,18.365819931030273,4380905
2023-05-11,24.420000076293945,24.43000030517578,23.790000915527344,24.15999984741211,18.215036392211914,3901328
2023-05-12,24.200000762939453,24.209999084472656,23.520000457763672,23.690000534057617,17.860687255859375,4208809
2023-05-15,23.799999237060547,24.139999389648438,23.510000228881836,24.079999923706055,18.15471839904785,4013660
2023-05-16,24.0,24.0,23.5,23.68000030517578,17.853147506713867,3440138
2023-05-17,23.649999618530273,23.770000457763672,23.309999465942383,23.610000610351562,17.800371170043945,5971921
2023-05-18,23.639999389648438,23.850000381469727,23.350000381469727,23.760000228881836,17.91345977783203,7214838
2023-05-19,23.799999237060547,23.829999923706055,23.43000030517578,23.5,17.717437744140625,3115003
2023-05-22,23.510000228881836,23.799999237060547,23.510000228881836,23.59000015258789,17.785289764404297,3405340
2023-05-23,23.530000686645508,24.0,23.469999313354492,23.59000015258789,17.785289764404297,3580499
2023-05-24,23.600000381469727,24.049999237060547,23.440000534057617,23.959999084472656,18.06424903869629,5438526
2023-05-25,24.040000915527344,24.040000915527344,23.56999969482422,23.850000381469727,17.981313705444336,6764321
2023-05-26,23.90999984741211,24.860000610351562,23.889999389648438,24.809999465942383,18.705093383789062,3838930
2023-05-29,24.760000228881836,25.059999465942383,24.40999984741211,24.700000762939453,18.622159957885742,1552018
2023-05-30,24.75,25.25,23.829999923706055,25.040000915527344,18.878494262695312,7758900
2023-05-31,24.989999771118164,25.950000762939453,23.75,25.799999237060547,19.45148277282715,36700477
2023-06-01,25.510000228881836,25.510000228881836,24.5,24.59000015258789,18.53922462463379,2168407
2023-06-02,24.639999389648438,24.979999542236328,24.549999237060547,24.829999923706055,18.720170974731445,3202813
2023-06-05,24.690000534057617,24.940000534057617,24.559999465942383,24.93000030517578,18.795562744140625,2377656
2023-06-06,24.90999984741211,25.43000030517578,24.700000762939453,25.200000762939453,18.999126434326172,18582374
2023-06-07,25.200000762939453,25.559999465942383,24.729999542236328,24.93000030517578,18.795562744140625,7337613
2023-06-08,24.93000030517578,25.670000076293945,24.90999984741211,25.540000915527344,19.255464553833008,3828495
2023-06-09,25.5,25.940000534057617,25.389999389648438,25.690000534057617,19.368553161621094,4893829
2023-06-12,25.690000534057617,25.790000915527344,25.559999465942383,25.600000381469727,19.300695419311523,2680659
2023-06-13,25.729999542236328,25.889999389648438,25.59000015258789,25.709999084472656,19.383630752563477,4052164
2023-06-14,25.670000076293945,26.260000228881836,25.450000762939453,26.06999969482422,19.655044555664062,4526302
2023-06-15,26.0,26.260000228881836,25.799999237060547,25.93000030517578,19.549495697021484,4021994
2023-06-16,26.0,26.149999618530273,25.469999313354492,25.700000762939453,19.3760929107666,17955033
2023-06-19,25.770000457763672,25.780000686645508,25.450000762939453,25.5,19.225305557250977,812248
2023-06-20,25.5,25.690000534057617,25.31999969482422,25.520000457763672,19.240385055541992,3228359
2023-06-21,25.530000686645508,25.690000534057617,25.34000015258789,25.479999542236328,19.210227966308594,2593615
2023-06-22,25.489999771118164,25.559999465942383,24.790000915527344,24.860000610351562,18.742788314819336,3020890
2023-06-23,25.079999923706055,25.079999923706055,24.049999237060547,24.170000076293945,18.22257423400879,1801457
2023-06-26,24.209999084472656,24.479999542236328,24.040000915527344,24.360000610351562,18.365819931030273,4358993
2023-06-27,24.360000610351562,24.479999542236328,24.31999969482422,24.350000381469727,18.3582820892334,7017180
2023-06-28,24.3799991607666,24.65999984741211,24.31999969482422,24.469999313354492,18.44875144958496,5261592
2023-06-29,24.579999923706055,25.209999084472656,24.520000457763672,25.1299991607666,18.946346282958984,3386891
2023-06-30,25.1299991607666,25.18000030517578,24.829999923706055,24.989999771118164,18.840801239013672,9019750
2023-07-03,25.0,25.280000686645508,24.8700008392334,25.0,18.84833526611328,3057030
2023-07-04,25.0,25.219999313354492,24.920000076293945,25.0,18.84833526611328,563192
2023-07-05,25.360000610351562,25.5,24.790000915527344,24.969999313354492,18.825719833374023,6735037
2023-07-06,24.979999542236328,25.049999237060547,24.219999313354492,24.889999389648438,18.765403747558594,4907719
2023-07-07,24.989999771118164,25.059999465942383,24.690000534057617,24.969999313354492,18.825719833374023,6185095
2023-07-10,24.989999771118164,25.190000534057617,24.81999969482422,24.989999771118164,18.840801239013672,3902823
2023-07-11,25.049999237060547,25.1299991607666,24.68000030517578,25.09000015258789,18.91619300842285,3770018
2023-07-12,25.1200008392334,25.229999542236328,24.90999984741211,24.93000030517578,18.795562744140625,4500332
2023-07-13,25.040000915527344,25.200000762939453,24.920000076293945,25.0,18.84833526611328,3633651
2023-07-14,25.0,25.110000610351562,24.889999389648438,24.989999771118164,18.840801239013672,2343469
2023-07-17,25.0,25.110000610351562,24.6200008392334,24.799999237060547,18.697553634643555,1426806
2023-07-18,24.799999237060547,25.149999618530273,24.729999542236328,25.1200008392334,18.938812255859375,7616692
2023-07-19,25.100000381469727,25.200000762939453,24.799999237060547,24.950000762939453,18.81064224243164,6537601
2023-07-20,24.979999542236328,25.0,24.780000686645508,24.950000762939453,18.81064224243164,4522926
2023-07-21,24.979999542236328,25.030000686645508,24.899999618530273,25.0,18.84833526611328,3123461
2023-07-24,25.079999923706055,25.139999389648438,24.90999984741211,25.010000228881836,18.855876922607422,3680708
2023-07-25,25.020000457763672,25.309999465942383,24.969999313354492,25.049999237060547,18.88603401184082,4120690
2023-07-26,25.079999923706055,25.219999313354492,24.90999984741211,25.049999237060547,18.88603401184082,6080146
2023-07-27,25.079999923706055,25.239999771118164,24.75,24.760000228881836,18.66739273071289,7127985
2023-07-28,25.020000457763672,25.040000915527344,24.809999465942383,25.0,18.84833526611328,5793800
2023-07-31,25.079999923706055,25.25,24.969999313354492,25.170000076293945,18.97650718688965,12544331
2023-08-01,25.15999984741211,25.93000030517578,25.110000610351562,25.299999237060547,19.074520111083984,7620506
2023-08-02,25.389999389648438,25.399999618530273,25.049999237060547,25.209999084472656,19.006664276123047,7612862
2023-08-03,25.219999313354492,25.459999084472656,24.920000076293945,25.270000457763672,19.051902770996094,8359426
2023-08-04,25.3799991607666,25.670000076293945,25.1299991607666,25.479999542236328,19.210227966308594,7262476
2023-08-07,25.25,25.479999542236328,25.06999969482422,25.280000686645508,19.49659538269043,3506911
2023-08-08,25.280000686645508,25.440000534057617,25.139999389648438,25.299999237060547,19.51201820373535,7967683
2023-08-09,25.299999237060547,25.920000076293945,25.299999237060547,25.8700008392334,19.951614379882812,3929419
2023-08-10,25.770000457763672,26.350000381469727,25.489999771118164,25.65999984741211,19.78965950012207,6281763
2023-08-11,25.649999618530273,26.25,25.6200008392334,25.75,19.859067916870117,8706232
2023-08-14,26.0,26.0,25.610000610351562,25.889999389648438,19.967041015625,5504559
2023-08-15,25.889999389648438,25.969999313354492,25.600000381469727,25.68000030517578,19.805086135864258,3145080
2023-08-16,25.790000915527344,26.0,25.579999923706055,25.670000076293945,19.797372817993164,4804419
2023-08-17,25.700000762939453,25.860000610351562,25.299999237060547,25.56999969482422,19.72024917602539,5052114
2023-08-18,25.600000381469727,25.809999465942383,25.360000610351562,25.5,19.666263580322266,7337434
2023-08-21,25.440000534057617,25.6200008392334,25.1200008392334,25.399999618530273,19.58913803100586,5586453
2023-08-22,25.3700008392334,25.530000686645508,25.06999969482422,25.209999084472656,19.442607879638672,3088463
2023-08-23,25.1200008392334,25.899999618530273,25.1200008392334,25.639999389648438,19.77423095703125,9423780
2023-08-24,25.709999084472656,25.969999313354492,25.200000762939453,25.270000457763672,19.488882064819336,4480212
2023-08-25,25.299999237060547,25.65999984741211,25.299999237060547,25.3700008392334,19.56600570678711,2560788
2023-08-28,25.440000534057617,25.920000076293945,25.440000534057617,25.670000076293945,19.797372817993164,2642763
2023-08-29,25.670000076293945,25.90999984741211,25.6299991607666,25.649999618530273,19.781946182250977,3215614
2023-08-30,25.649999618530273,25.8799991607666,25.469999313354492,25.65999984741211,19.78965950012207,2343817
2023-08-31,25.579999923706055,25.780000686645508,24.520000457763672,24.760000228881836,19.09555435180664,17311260
2023-09-01,24.950000762939453,25.329999923706055,24.68000030517578,24.860000610351562,19.172677993774414,4183649
2023-09-04,24.899999618530273,24.969999313354492,24.520000457763672,24.6200008392334,18.987581253051758,906201
2023-09-05,24.739999771118164,24.739999771118164,24.31999969482422,24.510000228881836,18.902748107910156,3975353
2023-09-06,24.520000457763672,24.559999465942383,23.989999771118164,24.309999465942383,18.748504638671875,5207922
2023-09-07,24.309999465942383,24.5,24.1299991607666,24.280000686645508,18.72536849975586,3367413
2023-09-08,24.389999389648438,29.1299991607666,24.18000030517578,28.610000610351562,22.06477928161621,25976039
2023-09-11,28.75,29.860000610351562,28.31999969482422,28.950000762939453,22.32699203491211,18111293
2023-09-12,28.81999969482422,29.139999389648438,27.979999542236328,28.6200008392334,22.072486877441406,9002659
2023-09-13,28.1299991607666,28.969999313354492,27.90999984741211,28.709999084472656,22.141897201538086,7570384
2023-09-14,28.799999237060547,29.030000686645508,28.200000762939453,28.700000762939453,22.134187698364258,5611567
2023-09-15,28.700000762939453,28.790000915527344,27.84000015258789,28.020000457763672,21.609752655029297,18659371
2023-09-18,28.020000457763672,28.049999237060547,27.1200008392334,27.149999618530273,20.93878936767578,3673390
2023-09-19,27.200000762939453,27.790000915527344,26.899999618530273,27.760000228881836,21.40923500061035,23065663
2023-09-20,27.799999237060547,28.700000762939453,27.799999237060547,28.200000762939453,21.748571395874023,13510609
2023-09-21,28.229999542236328,28.489999771118164,27.850000381469727,28.030000686645508,21.61746597290039,7513323
2023-09-22,28.020000457763672,28.979999542236328,27.90999984741211,28.610000610351562,22.06477928161621,8206192
2023-09-25,28.65999984741211,28.719999313354492,27.90999984741211,27.940000534057617,21.548053741455078,4348884
2023-09-26,27.899999618530273,28.600000381469727,27.700000762939453,28.540000915527344,22.010793685913086,7920648
2023-09-27,28.469999313354492,28.889999389648438,27.969999313354492,28.0,21.594329833984375,9033164
2023-09-28,28.389999389648438,28.6299991607666,28.0,28.049999237060547,21.632892608642578,5729693
2023-09-29,28.239999771118164,29.219999313354492,27.989999771118164,29.149999618530273,22.481237411499023,11697237
2023-10-02,29.079999923706055,29.079999923706055,28.3799991607666,28.709999084472656,22.141897201538086,7816239
2023-10-03,28.649999618530273,28.65999984741211,27.579999923706055,27.940000534057617,21.548053741455078,5163724
2023-10-04,27.93000030517578,27.979999542236328,26.75,27.670000076293945,21.33982276916504,6588167
2023-10-05,27.68000030517578,28.0,27.280000686645508,27.770000457763672,21.416946411132812,8605525
2023-10-06,27.799999237060547,28.290000915527344,27.399999618530273,28.09000015258789,21.66373634338379,5268537
2023-10-09,28.100000381469727,28.940000534057617,27.920000076293945,28.510000228881836,21.987651824951172,5947342
2023-10-10,28.520000457763672,29.149999618530273,28.450000762939453,28.469999313354492,21.956802368164062,10455779
2023-10-11,28.709999084472656,29.360000610351562,28.389999389648438,28.889999389648438,22.28072166442871,11535692
2023-10-12,28.889999389648438,29.170000076293945,28.3700008392334,28.68000030517578,22.118757247924805,6597459
2023-10-13,28.809999465942383,29.079999923706055,28.329999923706055,28.579999923706055,22.04163932800293,3653895
2023-10-16,28.549999237060547,29.5,28.549999237060547,29.399999618530273,22.674041748046875,6619772
2023-10-17,29.43000030517578,29.65999984741211,29.0,29.190000534057617,22.512088775634766,5186808
2023-10-18,29.3799991607666,29.489999771118164,28.940000534057617,29.049999237060547,22.40411376953125,14277534
2023-10-19,29.06999969482422,29.290000915527344,28.760000228881836,29.110000610351562,22.450387954711914,5844738
2023-10-20,29.1299991607666,29.459999084472656,28.75,29.020000457763672,22.3809814453125,4471451
2023-10-23,28.979999542236328,29.3700008392334,28.600000381469727,28.65999984741211,22.103336334228516,14850805
2023-10-24,28.65999984741211,29.09000015258789,28.399999618530273,28.809999465942383,22.219018936157227,4236474
2023-10-25,29.200000762939453,29.229999542236328,28.649999618530273,28.889999389648438,22.28072166442871,6836522
2023-10-26,29.040000915527344,29.229999542236328,28.700000762939453,29.190000534057617,22.512088775634766,6931261
2023-10-27,29.219999313354492,29.530000686645508,28.709999084472656,28.75,22.172746658325195,4988482
2023-10-30,28.81999969482422,28.940000534057617,27.309999465942383,27.690000534057617,21.355247497558594,7694940
2023-10-31,27.799999237060547,27.799999237060547,27.0,27.40999984741211,21.139305114746094,6014475
2023-11-01,27.43000030517578,28.200000762939453,27.200000762939453,28.049999237060547,21.632892608642578,4550648
2023-11-03,28.18000030517578,30.5,28.030000686645508,28.510000228881836,21.987651824951172,13943204
2023-11-06,28.68000030517578,29.959999084472656,28.68000030517578,29.010000228881836,22.373266220092773,8412718
2023-11-07,29.0,29.030000686645508,28.329999923706055,28.549999237060547,22.469499588012695,17452847
2023-11-08,28.549999237060547,28.860000610351562,28.459999084472656,28.780000686645508,22.650516510009766,6145723
2023-11-09,28.799999237060547,28.93000030517578,28.3799991607666,28.610000610351562,22.516725540161133,3786594
2023-11-10,28.700000762939453,28.760000228881836,28.489999771118164,28.709999084472656,22.595426559448242,3023099
2023-11-13,28.709999084472656,28.760000228881836,28.309999465942383,28.540000915527344,22.46163558959961,2531364
2023-11-14,28.510000228881836,29.40999984741211,28.3700008392334,28.809999465942383,22.67412757873535,9362934
2023-11-15,29.0,29.6200008392334,28.8700008392334,29.149999618530273,22.941715240478516,7330830
2023-11-16,29.209999084472656,29.56999969482422,28.31999969482422,28.5,22.430150985717773,6183658
2023-11-17,28.389999389648438,29.209999084472656,28.389999389648438,28.75,22.626907348632812,5909242
2023-11-21,28.809999465942383,29.020000457763672,28.219999313354492,28.739999771118164,22.619035720825195,5885495
2023-11-22,28.75,28.989999771118164,28.18000030517578,28.40999984741211,22.35931968688965,3658257
2023-11-23,28.31999969482422,28.809999465942383,28.31999969482422,28.540000915527344,22.46163558959961,2196680
2023-11-24,28.670000076293945,28.670000076293945,27.90999984741211,28.1299991607666,22.138954162597656,2475170
2023-11-27,28.299999237060547,28.350000381469727,27.81999969482422,28.190000534057617,22.186176300048828,3806917
2023-11-28,28.1299991607666,28.280000686645508,27.989999771118164,28.06999969482422,22.09173011779785,8271246
2023-11-29,27.989999771118164,27.989999771118164,27.1299991607666,27.229999542236328,21.43062973022461,16745050
2023-11-30,27.200000762939453,28.09000015258789,26.979999542236328,28.079999923706055,22.09960174560547,18306058
2023-12-01,28.049999237060547,28.459999084472656,27.770000457763672,28.309999465942383,22.280614852905273,3103707
2023-12-04,28.5,28.600000381469727,28.1299991607666,28.219999313354492,22.209781646728516,3514727
2023-12-05,28.219999313354492,28.469999313354492,27.920000076293945,28.389999389648438,22.34358024597168,3028631
2023-12-06,28.489999771118164,29.09000015258789,28.420000076293945,28.989999771118164,22.815792083740234,7529094
2023-12-07,29.049999237060547,29.3799991607666,28.93000030517578,29.049999237060547,22.863014221191406,6207886
2023-12-08,29.299999237060547,29.459999084472656,28.81999969482422,29.100000381469727,22.902366638183594,9022812
2023-12-11,29.100000381469727,29.34000015258789,28.90999984741211,29.139999389648438,22.9338436126709,5545198
2023-12-13,29.25,29.93000030517578,29.200000762939453,29.700000762939453,23.37458038330078,9370781
2023-12-14,29.8700008392334,31.0,29.829999923706055,30.6299991607666,24.10651206970215,6441647
2023-12-15,30.670000076293945,30.690000534057617,29.8700008392334,30.290000915527344,23.83892250061035,19308989
2023-12-18,30.270000457763672,30.75,30.09000015258789,30.520000457763672,24.019939422607422,2767149
2023-12-19,30.540000915527344,30.75,29.950000762939453,30.1299991607666,23.712997436523438,7234037
2023-12-20,30.190000534057617,30.34000015258789,29.989999771118164,30.110000610351562,23.69725799560547,4911780
2023-12-21,30.200000762939453,30.559999465942383,30.06999969482422,30.329999923706055,23.870405197143555,2552421
2023-12-22,30.34000015258789,30.610000610351562,29.989999771118164,30.190000534057617,23.76021957397461,2144071
2023-12-26,30.110000610351562,30.860000610351562,30.110000610351562,30.489999771118164,23.996326446533203,2485988
2023-12-27,30.5,30.8799991607666,30.31999969482422,30.56999969482422,24.059289932250977,2768172
2023-12-28,30.360000610351562,30.649999618530273,30.329999923706055,30.450000762939453,23.964847564697266,2906143
2023-12-29,30.440000534057617,30.670000076293945,30.43000030517578,30.5,24.00419807434082,1623272
2024-01-02,30.6200008392334,30.959999084472656,30.139999389648438,30.43000030517578,23.949106216430664,3137131
2024-01-03,30.43000030517578,30.559999465942383,29.899999618530273,30.110000610351562,23.69725799560547,3369776
2024-01-04,30.079999923706055,30.079999923706055,29.43000030517578,29.440000534057617,23.169952392578125,2480369
2024-01-05,29.440000534057617,30.1200008392334,29.440000534057617,29.959999084472656,23.57920265197754,3889594
2024-01-08,30.0,30.440000534057617,29.959999084472656,30.200000762939453,23.768091201782227,2597223
2024-01-09,30.190000534057617,30.209999084472656,29.600000381469727,29.950000762939453,23.571334838867188,4713525
2024-01-10,30.0,30.219999313354492,29.709999084472656,29.8700008392334,23.508373260498047,3636073
2024-01-11,29.8799991607666,30.18000030517578,29.670000076293945,30.100000381469727,23.68938636779785,2733595
2024-01-12,30.06999969482422,30.149999618530273,29.690000534057617,29.719999313354492,23.39031982421875,1595848
2024-01-15,29.790000915527344,30.0,29.389999389648438,29.399999618530273,23.138471603393555,278632
2024-01-16,29.5,29.8799991607666,29.399999618530273,29.510000228881836,23.225046157836914,3302375
2024-01-17,29.56999969482422,29.579999923706055,28.450000762939453,28.65999984741211,22.556076049804688,6412299
2024-01-18,28.68000030517578,28.959999084472656,28.420000076293945,28.81999969482422,22.6820011138916,8471272
2024-01-19,28.979999542236328,29.299999237060547,28.739999771118164,29.020000457763672,22.83940315246582,3589349
2024-01-22,28.989999771118164,29.530000686645508,28.6200008392334,28.719999313354492,22.603296279907227,3206958
2024-01-23,28.719999313354492,29.6299991607666,28.709999084472656,29.239999771118164,23.012550354003906,4989457
2024-01-24,29.25,29.940000534057617,29.25,29.770000457763672,23.429670333862305,9726875
2024-01-25,29.729999542236328,30.170000076293945,29.389999389648438,29.56999969482422,23.27226448059082,5915509
2024-01-26,29.489999771118164,29.850000381469727,29.170000076293945,29.43000030517578,23.16208267211914,7592900
2024-01-29,29.43000030517578,29.75,28.6200008392334,28.739999771118164,22.619035720825195,4798971
2024-01-30,28.829999923706055,29.469999313354492,28.760000228881836,28.850000381469727,22.70560646057129,4451672
2024-01-31,28.799999237060547,29.399999618530273,28.799999237060547,29.229999542236328,23.004680633544922,7235312
2024-02-01,29.25,29.84000015258789,29.18000030517578,29.579999923706055,23.280136108398438,8920205
2024-02-02,29.639999389648438,30.280000686645508,29.5,29.559999465942383,23.264394760131836,5104924
2024-02-06,29.549999237060547,30.280000686645508,29.43000030517578,29.549999237060547,23.25652503967285,8165006
2024-02-07,29.399999618530273,29.809999465942383,29.040000915527344,29.190000534057617,23.454002380371094,6840559
2024-02-08,29.170000076293945,29.34000015258789,28.799999237060547,29.299999237060547,23.542388916015625,6123997
2024-02-09,29.25,29.600000381469727,29.200000762939453,29.399999618530273,23.622737884521484,3732257
2024-02-12,29.56999969482422,29.809999465942383,29.229999542236328,29.389999389648438,23.614702224731445,2160366
2024-02-13,29.40999984741211,29.719999313354492,29.209999084472656,29.6299991607666,23.807540893554688,3706807
2024-02-14,29.790000915527344,30.1299991607666,29.639999389648438,30.09000015258789,24.17715072631836,3658567
2024-02-15,30.040000915527344,30.1200008392334,29.790000915527344,30.049999237060547,24.145009994506836,6225988
2024-02-16,30.049999237060547,30.399999618530273,29.899999618530273,30.25,24.305709838867188,5719803
2024-02-19,30.219999313354492,30.65999984741211,30.1299991607666,30.520000457763672,24.522655487060547,2603301
2024-02-20,30.5,31.399999618530273,30.5,31.350000381469727,25.189552307128906,15064015
2024-02-21,31.239999771118164,31.770000457763672,30.979999542236328,31.56999969482422,25.36631965637207,14422385
2024-02-22,31.889999389648438,33.209999084472656,31.850000381469727,32.290000915527344,25.944839477539062,17985924
2024-02-23,32.18000030517578,32.61000061035156,31.8700008392334,32.43000030517578,26.057329177856445,11514530
2024-02-26,32.61000061035156,33.029998779296875,32.29999923706055,32.54999923706055,26.153743743896484,6577395
2024-02-27,32.470001220703125,32.72999954223633,30.40999984741211,30.989999771118164,24.90029525756836,13662247
2024-02-28,30.950000762939453,30.959999084472656,29.610000610351562,30.270000457763672,24.321781158447266,9489722
2024-02-29,30.200000762939453,31.0,29.959999084472656,30.719999313354492,24.683349609375,48590012
2024-03-01,30.510000228881836,31.0,30.510000228881836,30.809999465942383,24.75566291809082,4898752
2024-03-04,30.90999984741211,31.0,30.450000762939453,30.700000762939453,24.667280197143555,2796140
2024-03-05,30.799999237060547,31.520000457763672,30.790000915527344,31.31999969482422,25.165447235107422,8287785
2024-03-06,31.309999465942383,32.11000061035156,29.989999771118164,30.290000915527344,24.337848663330078,7867760
2024-03-07,30.360000610351562,30.360000610351562,29.709999084472656,29.850000381469727,23.984310150146484,9379804
2024-03-08,29.8799991607666,30.06999969482422,29.239999771118164,29.260000228881836,23.51024627685547,5341978
2024-03-11,29.350000381469727,29.81999969482422,29.049999237060547,29.40999984741211,23.63077163696289,5418794
2024-03-12,29.520000457763672,29.940000534057617,29.190000534057617,29.510000228881836,23.71112060546875,4520168
2024-03-13,29.530000686645508,30.18000030517578,29.25,29.729999542236328,23.966699600219727,4696034
2024-03-14,29.65999984741211,30.030000686645508,28.8799991607666,29.139999389648438,23.491073608398438,5455911
2024-03-15,29.190000534057617,29.479999542236328,28.09000015258789,28.40999984741211,22.902587890625,21903457
2024-03-19,28.020000457763672,28.979999542236328,28.010000228881836,28.559999465942383,23.02351188659668,5653077
2024-03-20,28.690000534057617,29.229999542236328,28.34000015258789,28.81999969482422,23.233104705810547,2615117
2024-03-21,28.81999969482422,28.81999969482422,28.190000534057617,28.350000381469727,22.854217529296875,2873450
2024-03-22,28.3799991607666,29.049999237060547,28.209999084472656,29.010000228881836,23.386274337768555,7123638
2024-03-25,28.979999542236328,29.100000381469727,28.0,28.0,22.572071075439453,3523611
2024-03-26,28.0,28.399999618530273,27.420000076293945,27.790000915527344,22.40277862548828,15286378
2024-03-27,27.700000762939453,28.200000762939453,27.5,27.719999313354492,22.34634780883789,6300876
2024-04-01,27.610000610351562,28.520000457763672,27.610000610351562,28.260000228881836,22.78166389465332,4744406
2024-04-02,28.260000228881836,28.280000686645508,27.6200008392334,27.729999542236328,22.35441017150879,4929819
2024-04-03,27.860000610351562,28.389999389648438,27.729999542236328,28.219999313354492,22.749420166015625,6213088
2024-04-04,28.309999465942383,28.770000457763672,28.020000457763672,28.31999969482422,22.830036163330078,6896210
2024-04-05,28.520000457763672,28.520000457763672,27.649999618530273,28.15999984741211,22.701051712036133,2797959
2024-04-08,27.93000030517578,28.299999237060547,27.450000762939453,28.190000534057617,22.725236892700195,5026816
2024-04-09,28.110000610351562,28.489999771118164,27.950000762939453,28.049999237060547,22.612377166748047,2096669
2024-04-10,28.06999969482422,28.06999969482422,27.1299991607666,27.34000015258789,22.04001235961914,4026717
2024-04-11,27.34000015258789,27.43000030517578,26.610000610351562,26.809999465942383,21.612754821777344,2309658
2024-04-12,26.799999237060547,27.079999923706055,26.010000228881836,27.020000457763672,21.782047271728516,14155507
2024-04-15,26.989999771118164,27.020000457763672,26.15999984741211,26.299999237060547,21.20162010192871,2847283
2024-04-16,26.360000610351562,26.950000762939453,26.239999771118164,26.760000228881836,21.572446823120117,5092922
2024-04-17,26.65999984741211,27.1299991607666,26.610000610351562,26.649999618530273,21.4837703704834,5255302
2024-04-18,26.649999618530273,26.649999618530273,25.610000610351562,25.989999771118164,20.951719284057617,6363653
2024-04-19,25.860000610351562,26.389999389648438,25.829999923706055,26.110000610351562,21.048452377319336,8716900
2024-04-22,26.1299991607666,26.459999084472656,25.790000915527344,26.290000915527344,21.193559646606445,8101721
2024-04-23,26.3799991607666,26.790000915527344,26.1200008392334,26.3700008392334,21.258054733276367,8340208
2024-04-24,26.31999969482422,26.350000381469727,25.610000610351562,25.709999084472656,20.725994110107422,7389859
2024-04-25,25.739999771118164,25.84000015258789,24.889999389648438,25.639999389648438,20.66956329345703,4300420
2024-04-26,25.649999618530273,25.829999923706055,24.65999984741211,24.8799991607666,20.056894302368164,5490858
2024-04-29,24.940000534057617,25.09000015258789,24.690000534057617,24.799999237060547,19.99240493774414,10078754
2024-04-30,24.780000686645508,24.940000534057617,24.450000762939453,24.520000457763672,19.766681671142578,23425677
2024-05-02,24.5,25.190000534057617,24.260000228881836,24.40999984741211,19.67800521850586,16297181
2024-05-03,24.559999465942383,25.139999389648438,24.40999984741211,25.100000381469727,20.2342472076416,5740469
2024-05-06,25.209999084472656,25.700000762939453,24.90999984741211,25.530000686645508,20.580890655517578,6694903
2024-05-07,25.489999771118164,25.6299991607666,25.040000915527344,25.280000686645508,20.7061824798584,5892683
2024-05-08,25.399999618530273,25.530000686645508,24.799999237060547,25.09000015258789,20.550556182861328,3998996
2024-05-09,25.399999618530273,25.65999984741211,24.799999237060547,25.450000762939453,20.84541893005371,8023419
2024-05-10,25.700000762939453,25.729999542236328,25.100000381469727,25.139999389648438,20.591506958007812,2346156
2024-05-13,25.40999984741211,25.65999984741211,25.229999542236328,25.440000534057617,20.837230682373047,1759198
2024-05-14,25.450000762939453,25.450000762939453,25.0,25.049999237060547,20.517789840698242,3632386
2024-05-15,25.209999084472656,25.649999618530273,25.100000381469727,25.389999389648438,20.796276092529297,3159698
2024-05-16,25.34000015258789,25.489999771118164,25.049999237060547,25.360000610351562,20.771705627441406,2267918
2024-05-17,25.43000030517578,25.770000457763672,25.209999084472656,25.34000015258789,20.75532341003418,4624626
2024-05-20,25.399999618530273,25.670000076293945,25.260000228881836,25.34000015258789,20.75532341003418,2582407
2024-05-21,25.329999923706055,25.549999237060547,25.0,25.010000228881836,20.485029220581055,5642859
2024-05-22,25.1200008392334,25.3799991607666,25.020000457763672,25.229999542236328,20.66522216796875,3212459
2024-05-23,25.059999465942383,25.190000534057617,25.0,25.09000015258789,20.550556182861328,3463987
2024-05-24,25.020000457763672,25.040000915527344,24.579999923706055,24.75,20.272069931030273,3084319
2024-05-27,24.799999237060547,24.850000381469727,24.559999465942383,24.579999923706055,20.13282585144043,928303
2024-05-28,24.719999313354492,25.0,24.469999313354492,24.520000457763672,20.083681106567383,3966102
2024-05-29,24.520000457763672,24.56999969482422,23.709999084472656,23.799999237060547,19.49394989013672,7494318
2024-05-30,23.8700008392334,24.780000686645508,23.729999542236328,24.299999237060547,19.903486251831055,8574942
2024-05-31,24.31999969482422,24.559999465942383,23.360000610351562,24.0,19.657760620117188,27844592
2024-06-03,24.09000015258789,24.139999389648438,22.309999465942383,22.600000381469727,18.511058807373047,7046936
2024-06-04,22.709999084472656,23.299999237060547,22.420000076293945,23.020000457763672,18.855073928833008,23462511
2024-06-05,23.18000030517578,24.329999923706055,23.020000457763672,24.030000686645508,19.68233871459961,12233935
2024-06-06,24.149999618530273,24.989999771118164,24.149999618530273,24.440000534057617,20.01815414428711,22830015
2024-06-07,24.479999542236328,25.1299991607666,24.1200008392334,24.229999542236328,19.84615135192871,12106556
2024-06-10,24.299999237060547,24.299999237060547,23.18000030517578,23.600000381469727,19.330135345458984,5836688
2024-06-11,23.59000015258789,24.100000381469727,23.549999237060547,24.0,19.657760620117188,7066820
2024-06-12,23.989999771118164,23.989999771118164,23.06999969482422,23.200000762939453,19.002506256103516,5751808
2024-06-13,23.229999542236328,23.229999542236328,22.31999969482422,22.43000030517578,18.37181854248047,2679793
2024-06-14,22.56999969482422,22.719999313354492,22.31999969482422,22.3799991607666,18.33086585998535,6123953
2024-06-17,22.579999923706055,22.790000915527344,21.920000076293945,22.270000457763672,18.240766525268555,3036105
2024-06-18,22.1299991607666,22.979999542236328,22.1299991607666,22.209999084472656,18.191619873046875,2642649
2024-06-19,22.209999084472656,22.940000534057617,22.209999084472656,22.850000381469727,18.715829849243164,2661750
2024-06-20,22.8799991607666,22.889999389648438,22.200000762939453,22.670000076293945,18.568395614624023,11982024
2024-06-21,22.780000686645508,23.100000381469727,22.0,22.139999389648438,18.13428497314453,17694165
2024-06-24,22.43000030517578,23.010000228881836,22.219999313354492,22.989999771118164,18.83049964904785,4804812
2024-06-25,22.979999542236328,23.06999969482422,22.219999313354492,22.5,18.42915153503418,7735170
2024-06-26,22.799999237060547,22.799999237060547,22.18000030517578,22.3700008392334,18.322677612304688,7061110
2024-06-27,22.3700008392334,22.59000015258789,22.06999969482422,22.3700008392334,18.322677612304688,5141561
2024-06-28,22.479999542236328,22.950000762939453,22.270000457763672,22.579999923706055,18.494680404663086,7433624
2024-07-01,22.610000610351562,22.8700008392334,22.299999237060547,22.389999389648438,18.339054107666016,4101699
2024-07-02,22.34000015258789,22.799999237060547,22.18000030517578,22.290000915527344,18.257150650024414,7973831
2024-07-03,22.329999923706055,22.950000762939453,22.329999923706055,22.510000228881836,18.437345504760742,3251866
2024-07-04,22.649999618530273,22.729999542236328,22.5,22.600000381469727,18.511058807373047,324764
2024-07-05,22.649999618530273,22.770000457763672,22.5,22.600000381469727,18.511058807373047,3142632
2024-07-08,22.670000076293945,23.06999969482422,22.5,23.0,18.83868980407715,6079142
2024-07-09,22.8700008392334,23.290000915527344,22.829999923706055,23.15999984741211,18.969741821289062,3839783
2024-07-10,23.170000076293945,23.670000076293945,23.09000015258789,23.6299991607666,19.354707717895508,6254875
2024-07-11,23.75,23.899999618530273,23.229999542236328,23.739999771118164,19.444805145263672,2712693
2024-07-12,23.65999984741211,24.239999771118164,23.65999984741211,24.079999923706055,19.723291397094727,6867744
2024-07-15,24.190000534057617,24.239999771118164,23.700000762939453,24.200000762939453,19.821578979492188,5564585
2024-07-16,24.200000762939453,24.31999969482422,23.90999984741211,24.1200008392334,19.756053924560547,19820986
2024-07-17,24.059999465942383,24.1299991607666,23.690000534057617,24.0,19.657760620117188,4394897
2024-07-18,23.829999923706055,24.25,23.600000381469727,24.200000762939453,19.821578979492188,5752858
2024-07-19,24.280000686645508,24.540000915527344,23.709999084472656,24.420000076293945,20.001773834228516,5646059
2024-07-22,24.420000076293945,24.719999313354492,24.31999969482422,24.65999984741211,20.198352813720703,4750907
2024-07-23,24.530000686645508,24.549999237060547,24.040000915527344,24.389999389648438,19.97719955444336,8951036
2024-07-24,24.3799991607666,24.3799991607666,23.579999923706055,23.6200008392334,19.346519470214844,13059699
2024-07-25,24.020000457763672,24.020000457763672,22.93000030517578,23.260000228881836,19.051647186279297,13677258
2024-07-26,23.290000915527344,23.719999313354492,22.850000381469727,23.559999465942383,19.297367095947266,3981754
2024-07-29,23.59000015258789,23.829999923706055,22.770000457763672,23.399999618530273,19.166316986083984,9569521
2024-07-30,23.510000228881836,23.510000228881836,22.709999084472656,23.440000534057617,19.19908332824707,9714956
2024-07-31,23.440000534057617,23.829999923706055,23.09000015258789,23.700000762939453,19.412044525146484,5786932
2024-08-01,23.68000030517578,23.719999313354492,22.860000610351562,23.200000762939453,19.002506256103516,4521400
2024-08-02,23.149999618530273,23.219999313354492,22.520000457763672,23.209999084472656,19.01069450378418,30949232
2024-08-05,22.969999313354492,23.479999542236328,22.719999313354492,23.209999084472656,19.01069450378418,20798669
2024-08-06,23.200000762939453,23.520000457763672,23.020000457763672,23.459999084472656,19.21546173095703,8190035
2024-08-07,23.530000686645508,24.549999237060547,23.479999542236328,24.329999923706055,19.928056716918945,9223607
2024-08-08,24.299999237060547,24.68000030517578,23.8799991607666,24.420000076293945,20.437763214111328,2846291
2024-08-09,24.440000534057617,24.719999313354492,24.149999618530273,24.549999237060547,20.546566009521484,2110523
2024-08-12,24.579999923706055,24.579999923706055,24.100000381469727,24.270000457763672,20.312225341796875,2230933
2024-08-13,24.280000686645508,24.559999465942383,24.229999542236328,24.43000030517578,20.446134567260742,4046251
2024-08-14,24.309999465942383,24.93000030517578,24.309999465942383,24.6299991607666,20.613521575927734,3830297
2024-08-15,24.610000610351562,24.729999542236328,24.3799991607666,24.540000915527344,20.53820037841797,2303936
2024-08-16,24.450000762939453,24.6299991607666,24.190000534057617,24.200000762939453,20.253643035888672,3064719
2024-08-19,24.399999618530273,24.700000762939453,24.079999923706055,24.440000534057617,20.454504013061523,2150313
2024-08-20,24.3799991607666,24.520000457763672,24.010000228881836,24.350000381469727,20.379182815551758,3876084
2024-08-21,24.3700008392334,24.690000534057617,24.040000915527344,24.149999618530273,20.211795806884766,3358282
2024-08-22,24.309999465942383,24.5,24.110000610351562,24.1200008392334,20.186687469482422,4739194
2024-08-23,24.360000610351562,24.579999923706055,23.979999542236328,24.059999465942383,20.136472702026367,2616182
2024-08-26,24.040000915527344,24.260000228881836,23.760000228881836,24.030000686645508,20.111364364624023,3026736
2024-08-27,23.889999389648438,24.0,23.1200008392334,23.299999237060547,19.500408172607422,3440364
2024-08-28,23.299999237060547,23.549999237060547,22.8700008392334,23.200000762939453,19.416715621948242,5838248
2024-08-29,23.299999237060547,23.459999084472656,23.09000015258789,23.15999984741211,19.383237838745117,9280290
2024-08-30,23.170000076293945,24.010000228881836,23.0,23.219999313354492,19.43345069885254,11114739
2024-09-02,23.299999237060547,23.479999542236328,23.1299991607666,23.280000686645508,19.48366928100586,653337
2024-09-03,23.190000534057617,23.280000686645508,22.65999984741211,22.850000381469727,19.123790740966797,3517514
2024-09-04,22.8799991607666,23.06999969482422,22.700000762939453,22.899999618530273,19.165634155273438,5227672
2024-09-05,22.969999313354492,23.440000534057617,22.959999084472656,23.0,19.249326705932617,5000013
2024-09-06,23.06999969482422,23.1200008392334,22.280000686645508,22.670000076293945,18.97314453125,6364878
2024-09-09,22.739999771118164,23.3799991607666,22.739999771118164,23.18000030517578,19.399974822998047,3382728
2024-09-10,23.010000228881836,23.010000228881836,22.329999923706055,22.56999969482422,18.88945198059082,3862190
2024-09-11,22.760000228881836,22.760000228881836,22.1200008392334,22.25,18.62163543701172,6615272
2024-09-12,22.149999618530273,23.040000915527344,22.149999618530273,22.84000015258789,19.11542320251465,2632478
2024-09-13,22.8799991607666,22.899999618530273,22.350000381469727,22.489999771118164,18.822498321533203,9487749
2024-09-17,22.559999465942383,22.739999771118164,22.149999618530273,22.489999771118164,18.822498321533203,3448516
2024-09-18,22.549999237060547,23.280000686645508,22.350000381469727,23.139999389648438,19.366498947143555,11560693
2024-09-19,23.59000015258789,23.59000015258789,22.81999969482422,23.200000762939453,19.416715621948242,21302474
2024-09-20,23.100000381469727,23.350000381469727,22.59000015258789,22.790000915527344,19.07357406616211,20573257
2024-09-23,22.649999618530273,22.969999313354492,21.899999618530273,22.350000381469727,18.705326080322266,13254764
2024-09-24,22.350000381469727,23.350000381469727,22.1299991607666,23.190000534057617,19.408344268798828,16460713
2024-09-25,23.06999969482422,23.350000381469727,22.6299991607666,22.75,19.040096282958984,6727959
2024-09-26,22.850000381469727,23.18000030517578,22.690000534057617,23.059999465942383,19.299543380737305,5779499
2024-09-27,23.1200008392334,23.600000381469727,23.1200008392334,23.200000762939453,19.416715621948242,3549618
2024-09-30,23.299999237060547,23.850000381469727,22.809999465942383,22.93000030517578,19.190744400024414,4424746
2024-10-02,22.850000381469727,23.639999389648438,22.850000381469727,23.280000686645508,19.48366928100586,5656512
2024-10-03,23.1299991607666,23.25,22.709999084472656,23.200000762939453,19.416715621948242,5770419
2024-10-04,22.889999389648438,24.719999313354492,22.889999389648438,24.40999984741211,20.42939567565918,7003240
2024-10-07,24.459999084472656,24.459999084472656,22.719999313354492,22.850000381469727,19.123790740966797,7244956
2024-10-08,22.940000534057617,23.299999237060547,22.700000762939453,23.139999389648438,19.366498947143555,9079332
2024-10-09,23.1200008392334,23.829999923706055,23.110000610351562,23.559999465942383,19.718008041381836,7582203
2024-10-10,23.510000228881836,23.889999389648438,23.18000030517578,23.510000228881836,19.676162719726562,8511030
2024-10-11,23.350000381469727,23.489999771118164,22.93000030517578,23.34000015258789,19.533884048461914,3300959
2024-10-14,23.25,23.260000228881836,22.700000762939453,22.829999923706055,19.1070499420166,8095791
2024-10-15,22.850000381469727,23.290000915527344,22.670000076293945,23.170000076293945,19.391605377197266,22843637
2024-10-16,23.170000076293945,23.3799991607666,22.75,23.170000076293945,19.391605377197266,27617690
2024-10-17,23.149999618530273,23.399999618530273,23.0,23.18000030517578,19.399974822998047,8422289
2024-10-18,23.010000228881836,23.360000610351562,23.0,23.25,19.458559036254883,11207812
2024-10-21,23.149999618530273,23.350000381469727,23.0,23.149999618530273,19.374868392944336,9317219
2024-10-22,23.200000762939453,23.34000015258789,22.920000076293945,23.190000534057617,19.408344268798828,6661422
2024-10-23,23.229999542236328,23.360000610351562,22.920000076293945,23.350000381469727,19.542255401611328,6509462
2024-10-24,23.1299991607666,23.360000610351562,22.959999084472656,23.260000228881836,19.466930389404297,2751971
2024-10-25,23.260000228881836,23.309999465942383,22.969999313354492,23.1200008392334,19.34975814819336,1218282
2024-10-28,22.950000762939453,23.1299991607666,22.799999237060547,22.920000076293945,19.182374954223633,2942545
2024-10-29,22.799999237060547,23.290000915527344,22.75,23.1299991607666,19.358129501342773,4694048
2024-10-30,23.190000534057617,23.350000381469727,22.920000076293945,23.350000381469727,19.542255401611328,3942815
2024-10-31,23.450000762939453,23.450000762939453,22.959999084472656,23.049999237060547,19.291173934936523,5383271
2024-11-01,23.149999618530273,23.260000228881836,22.950000762939453,23.030000686645508,19.274438858032227,2482541
2024-11-04,23.010000228881836,23.31999969482422,22.940000534057617,23.239999771118164,19.450193405151367,2898808
2024-11-05,23.239999771118164,23.239999771118164,22.899999618530273,23.06999969482422,19.307912826538086,4396695
2024-11-06,22.920000076293945,23.100000381469727,22.0,22.959999084472656,19.21585464477539,3167917
2024-11-07,22.8700008392334,23.399999618530273,22.760000228881836,23.209999084472656,19.42508316040039,6248331
2024-11-08,23.100000381469727,23.149999618530273,22.43000030517578,22.989999771118164,19.68625259399414,3415132
2024-11-11,22.84000015258789,23.020000457763672,22.6200008392334,22.719999313354492,19.455053329467773,3797964
2024-11-12,22.719999313354492,22.790000915527344,22.260000228881836,22.510000228881836,19.275232315063477,4862190
2024-11-13,22.6299991607666,22.6299991607666,22.260000228881836,22.360000610351562,19.146787643432617,4184929
2024-11-14,22.3700008392334,22.850000381469727,22.350000381469727,22.489999771118164,19.25810432434082,5231191
2024-11-15,22.670000076293945,22.770000457763672,22.450000762939453,22.600000381469727,19.352298736572266,3466399
2024-11-19,22.56999969482422,22.649999618530273,21.920000076293945,21.93000030517578,18.778579711914062,6632949
2024-11-20,21.989999771118164,22.479999542236328,21.770000457763672,21.889999389648438,18.744327545166016,5118754
2024-11-21,21.950000762939453,21.969999313354492,21.450000762939453,21.549999237060547,18.453189849853516,5796228
2024-11-22,21.579999923706055,21.610000610351562,21.309999465942383,21.530000686645508,18.436059951782227,4447259
2024-11-25,21.649999618530273,21.93000030517578,21.360000610351562,21.510000228881836,18.41893768310547,47167881
2024-11-26,21.6299991607666,21.790000915527344,21.229999542236328,21.360000610351562,18.290491104125977,5423586
2024-11-27,21.440000534057617,21.530000686645508,21.079999923706055,21.290000915527344,18.23055076599121,11667442
2024-11-28,21.25,21.600000381469727,21.1200008392334,21.280000686645508,18.221986770629883,2929621
2024-11-29,21.31999969482422,21.510000228881836,20.899999618530273,21.110000610351562,18.076417922973633,5647526
2024-12-02,21.290000915527344,21.469999313354492,20.850000381469727,21.059999465942383,18.033601760864258,19593620
2024-12-03,21.110000610351562,21.350000381469727,21.010000228881836,21.149999618530273,18.11067008972168,2668340
2024-12-04,21.15999984741211,21.329999923706055,20.860000610351562,21.1200008392334,18.08498191833496,19068398
2024-12-05,21.18000030517578,21.920000076293945,21.110000610351562,21.799999237060547,18.667261123657227,36568506
2024-12-06,21.780000686645508,21.979999542236328,21.559999465942383,21.8700008392334,18.727201461791992,7161428
2024-12-09,21.729999542236328,22.219999313354492,21.729999542236328,22.049999237060547,18.88133430480957,10656993
2024-12-10,22.0,22.110000610351562,21.649999618530273,21.770000457763672,18.641571044921875,6410545
2024-12-11,21.75,22.059999465942383,21.59000015258789,21.670000076293945,18.55594253540039,7298196
2024-12-13,21.610000610351562,22.15999984741211,21.399999618530273,21.690000534057617,18.573070526123047,11769022
2024-12-16,21.920000076293945,22.030000686645508,21.649999618530273,21.700000762939453,18.581634521484375,8882548
2024-12-17,21.700000762939453,21.8799991607666,21.25,21.489999771118164,18.40180778503418,5430294
2024-12-18,21.559999465942383,21.559999465942383,21.030000686645508,21.110000610351562,18.076417922973633,3637640
2024-12-19,21.15999984741211,21.530000686645508,20.610000610351562,20.84000015258789,17.845216751098633,7378980
2024-12-20,20.920000076293945,20.920000076293945,20.40999984741211,20.65999984741211,17.691083908081055,13968730
2024-12-23,20.690000534057617,20.690000534057617,20.34000015258789,20.450000762939453,17.511260986328125,2051346
2024-12-24,20.5,21.100000381469727,20.43000030517578,20.709999084472656,17.733898162841797,1535912
2024-12-26,20.809999465942383,20.950000762939453,20.40999984741211,20.459999084472656,17.51982307434082,1116052
2024-12-27,20.549999237060547,21.010000228881836,20.479999542236328,20.790000915527344,17.80240249633789,2023531
2024-12-30,20.889999389648438,20.920000076293945,20.600000381469727,20.700000762939453,17.72533416748047,2246515
2024-12-31,20.770000457763672,20.850000381469727,20.5,20.690000534057617,17.716773986816406,2357326
2025-01-02,20.959999084472656,21.209999084472656,20.950000762939453,21.209999084472656,18.162044525146484,1796216
2025-01-03,21.209999084472656,21.239999771118164,20.75,20.899999618530273,17.896596908569336,3013558
2025-01-06,20.860000610351562,21.049999237060547,20.600000381469727,20.719999313354492,17.74245834350586,7366543
2025-01-07,20.639999389648438,20.989999771118164,20.540000915527344,20.729999542236328,17.751022338867188,6285114
2025-01-08,20.799999237060547,20.799999237060547,20.309999465942383,20.600000381469727,17.639705657958984,6544601
2025-01-09,20.670000076293945,20.75,20.469999313354492,20.649999618530273,17.682519912719727,2241077
2025-01-10,20.59000015258789,20.649999618530273,20.100000381469727,20.239999771118164,17.331438064575195,4049008
2025-01-13,20.260000228881836,20.31999969482422,19.829999923706055,20.209999084472656,17.305749893188477,7593201
2025-01-14,20.299999237060547,20.40999984741211,20.0,20.139999389648438,17.245805740356445,4308590
2025-01-15,20.149999618530273,20.860000610351562,20.149999618530273,20.799999237060547,17.810964584350586,5657667
2025-01-16,20.829999923706055,20.920000076293945,20.389999389648438,20.610000610351562,17.648269653320312,9296464
2025-01-17,20.600000381469727,20.860000610351562,20.3700008392334,20.5,17.554075241088867,5210544
2025-01-20,20.459999084472656,20.690000534057617,20.459999084472656,20.579999923706055,17.62257957458496,1595195
2025-01-21,20.600000381469727,21.079999923706055,20.579999923706055,20.690000534057617,17.716773986816406,4423006
2025-01-22,20.75,21.540000915527344,20.579999923706055,21.43000030517578,18.350431442260742,7993788
2025-01-23,21.459999084472656,21.459999084472656,21.06999969482422,21.299999237060547,18.239110946655273,6304662
2025-01-24,21.399999618530273,21.5,21.09000015258789,21.260000228881836,18.204858779907227,3573299
2025-01-27,21.149999618530273,21.399999618530273,21.040000915527344,21.15999984741211,18.119232177734375,1908701
2025-01-28,21.239999771118164,21.649999618530273,21.149999618530273,21.540000915527344,18.444623947143555,5916764
2025-01-29,21.43000030517578,22.0,21.40999984741211,21.75,18.624446868896484,3736388
2025-01-30,21.8700008392334,22.09000015258789,21.5,21.610000610351562,18.504566192626953,4803809
2025-01-31,21.799999237060547,21.799999237060547,21.25,21.510000228881836,18.41893768310547,8365238
2025-02-04,21.809999465942383,22.940000534057617,21.56999969482422,22.68000030517578,19.42080307006836,29171282
2025-02-05,22.790000915527344,22.799999237060547,22.190000534057617,22.3799991607666,19.163911819458008,20848876
2025-02-06,22.600000381469727,22.8700008392334,22.229999542236328,22.260000228881836,19.0611572265625,24984506
2025-02-07,22.0,22.25,21.6200008392334,22.139999389648438,19.43988037109375,22423385
2025-02-10,22.350000381469727,22.40999984741211,21.799999237060547,21.899999618530273,19.229150772094727,6486625
2025-02-11,22.049999237060547,22.049999237060547,21.559999465942383,21.600000381469727,18.96573829650879,17795550
2025-02-12,21.450000762939453,22.31999969482422,21.450000762939453,22.0,19.316953659057617,12692235
2025-02-13,22.0,22.600000381469727,21.979999542236328,22.200000762939453,19.49256706237793,31515223
2025-02-14,22.09000015258789,23.010000228881836,22.09000015258789,22.6299991607666,19.87012481689453,17343400
2025-02-17,22.65999984741211,22.700000762939453,22.399999618530273,22.510000228881836,19.764759063720703,1218683
2025-02-18,22.540000915527344,23.079999923706055,22.43000030517578,22.81999969482422,20.036951065063477,9221060
2025-02-19,22.739999771118164,23.049999237060547,22.329999923706055,22.549999237060547,19.799880981445312,18701981
2025-02-20,22.420000076293945,22.719999313354492,22.270000457763672,22.610000610351562,19.852563858032227,6839974
2025-02-21,22.649999618530273,22.649999618530273,22.1200008392334,22.299999237060547,19.580366134643555,4581571
2025-02-24,22.190000534057617,22.729999542236328,21.6299991607666,22.209999084472656,19.5013427734375,62236459
2025-02-25,22.440000534057617,22.440000534057617,22.059999465942383,22.280000686645508,19.562807083129883,4937794
2025-02-26,22.3700008392334,22.510000228881836,22.010000228881836,22.360000610351562,19.633052825927734,6931316
2025-02-27,22.350000381469727,22.8799991607666,22.350000381469727,22.489999771118164,19.747196197509766,4573295
2025-02-28,22.670000076293945,22.75,22.219999313354492,22.389999389648438,19.65938949584961,23435632
2025-03-03,22.399999618530273,23.559999465942383,22.399999618530273,23.15999984741211,20.335485458374023,7905004
2025-03-04,23.0,23.0,22.170000076293945,22.479999542236328,19.73841667175293,15389779
2025-03-05,22.700000762939453,23.170000076293945,22.5,22.709999084472656,19.940364837646484,3509537
2025-03-06,22.81999969482422,23.149999618530273,22.309999465942383,22.600000381469727,19.843782424926758,6070059
2025-03-07,22.56999969482422,22.989999771118164,22.299999237060547,22.899999618530273,20.107194900512695,6479623
2025-03-10,22.760000228881836,22.809999465942383,21.6299991607666,21.90999984741211,19.237930297851562,5645512
2025-03-11,21.90999984741211,22.600000381469727,21.90999984741211,22.440000534057617,19.703292846679688,7013400
2025-03-12,22.34000015258789,22.979999542236328,22.34000015258789,22.8799991607666,20.08963394165039,6123128
2025-03-13,22.889999389648438,22.989999771118164,22.639999389648438,22.809999465942383,20.028169631958008,4456957
2025-03-14,22.93000030517578,23.770000457763672,22.790000915527344,23.65999984741211,20.774507522583008,7322699
2025-03-18,23.549999237060547,24.18000030517578,23.3700008392334,23.610000610351562,20.730606079101562,8029765
2025-03-19,23.6200008392334,24.139999389648438,23.6200008392334,23.739999771118164,20.844749450683594,5671802
2025-03-20,23.81999969482422,23.940000534057617,23.549999237060547,23.799999237060547,20.89743423461914,6446227
2025-03-21,23.75,24.239999771118164,23.610000610351562,24.110000610351562,21.169628143310547,17456753
2025-03-24,24.1299991607666,24.1299991607666,23.469999313354492,23.520000457763672,20.651580810546875,4925602
2025-03-25,23.530000686645508,24.43000030517578,23.530000686645508,24.290000915527344,21.327674865722656,8163160
2025-03-26,24.3700008392334,24.489999771118164,23.889999389648438,24.200000762939453,21.2486515045166,5747727
2025-03-27,24.350000381469727,24.450000762939453,24.010000228881836,24.079999923706055,21.143285751342773,3571242
2025-03-28,24.270000457763672,24.65999984741211,23.790000915527344,24.40999984741211,21.433042526245117,6821620
2025-03-31,24.540000915527344,24.540000915527344,23.700000762939453,23.899999618530273,20.98523712158203,6062030
2025-04-01,23.959999084472656,24.450000762939453,23.75,24.260000228881836,21.301334381103516,7740172
2025-04-02,24.31999969482422,24.389999389648438,23.979999542236328,24.280000686645508,21.31889533996582,6453622
2025-04-03,24.3799991607666,26.3700008392334,24.260000228881836,25.25,22.170597076416016,12447379
2025-04-04,25.3700008392334,25.3700008392334,24.079999923706055,24.270000457763672,21.310115814208984,6717597
2025-04-07,23.809999465942383,23.889999389648438,22.209999084472656,22.299999237060547,19.580366134643555,10361922
2025-04-08,22.68000030517578,22.899999618530273,21.829999923706055,22.040000915527344,19.352079391479492,8868642
2025-04-09,21.809999465942383,24.260000228881836,21.270000457763672,24.079999923706055,21.143285751342773,8540706
2025-04-10,23.889999389648438,23.989999771118164,22.8799991607666,23.270000457763672,20.43207359313965,9699361
2025-04-11,22.979999542236328,23.649999618530273,22.649999618530273,23.229999542236328,20.396949768066406,3019788
2025-04-14,23.389999389648438,24.68000030517578,23.389999389648438,24.3700008392334,21.397920608520508,4577713
2025-04-15,24.399999618530273,24.600000381469727,24.239999771118164,24.270000457763672,21.310115814208984,6353294
2025-04-16,24.34000015258789,24.729999542236328,24.100000381469727,24.190000534057617,21.239871978759766,4526536
2025-04-21,24.15999984741211,24.450000762939453,24.020000457763672,24.40999984741211,21.433042526245117,1884301
2025-04-22,24.40999984741211,24.5,23.889999389648438,24.219999313354492,21.26621437072754,5116926
2025-04-23,24.209999084472656,25.579999923706055,24.209999084472656,25.5,22.390108108520508,7571962
2025-04-24,25.5,26.649999618530273,25.1200008392334,26.0,22.82912826538086,8322277
2025-04-25,25.93000030517578,26.969999313354492,25.09000015258789,25.540000915527344,22.425230026245117,5834897
2025-04-28,25.790000915527344,26.549999237060547,25.719999313354492,25.809999465942383,22.66229820251465,5420526
2025-04-29,25.899999618530273,25.899999618530273,24.729999542236328,25.0,21.951086044311523,9951770
2025-04-30,25.0,25.40999984741211,24.510000228881836,25.3799991607666,22.284740447998047,10340555
2025-05-02,25.440000534057617,25.68000030517578,24.8799991607666,25.389999389648438,22.293521881103516,6228504
2025-05-05,25.34000015258789,25.549999237060547,25.0,25.399999618530273,22.302303314208984,2934118
2025-05-06,25.190000534057617,25.90999984741211,25.149999618530273,25.760000228881836,22.618398666381836,4323670
2025-05-07,25.440000534057617,25.989999771118164,25.389999389648438,25.93000030517578,22.767667770385742,7312914
2025-05-08,25.780000686645508,25.8799991607666,24.81999969482422,25.010000228881836,22.440128326416016,7777506
2025-05-09,25.030000686645508,25.260000228881836,24.8700008392334,24.979999542236328,22.413211822509766,16928862
2025-05-12,24.899999618530273,24.979999542236328,24.290000915527344,24.579999923706055,22.05431365966797,4443905
2025-05-13,24.719999313354492,25.09000015258789,24.200000762939453,24.979999542236328,22.413211822509766,11879575
2025-05-14,25.09000015258789,25.09000015258789,24.3700008392334,24.549999237060547,22.027395248413086,6346967
2025-05-15,24.549999237060547,24.600000381469727,23.799999237060547,24.40999984741211,21.901782989501953,4837910
2025-05-16,24.530000686645508,25.0,24.09000015258789,24.829999923706055,22.27862548828125,6968648
2025-05-19,24.93000030517578,25.0,24.40999984741211,24.729999542236328,22.18889808654785,2518381
2025-05-20,24.790000915527344,25.020000457763672,24.690000534057617,24.989999771118164,22.422183990478516,6204236
2025-05-21,25.059999465942383,25.059999465942383,24.549999237060547,24.989999771118164,22.422183990478516,4844607
2025-05-22,25.059999465942383,25.059999465942383,24.40999984741211,24.420000076293945,21.910751342773438,3626536
2025-05-23,24.639999389648438,24.950000762939453,24.200000762939453,24.739999771118164,22.197872161865234,6032371
2025-05-26,24.959999084472656,25.079999923706055,24.8700008392334,24.989999771118164,22.422183990478516,1092329
2025-05-27,24.989999771118164,26.829999923706055,24.959999084472656,26.280000686645508,23.57962989807129,12946441
2025-05-28,25.6299991607666,26.5,25.6299991607666,26.059999465942383,23.382238388061523,9224675
2025-05-29,25.610000610351562,26.600000381469727,25.610000610351562,26.489999771118164,23.76805305480957,5149218
2025-05-30,26.260000228881836,27.479999542236328,25.8799991607666,27.1200008392334,24.33332061767578,32847087
2025-06-02,27.190000534057617,27.25,26.760000228881836,26.829999923706055,24.073118209838867,6342253
2025-06-03,26.65999984741211,27.030000686645508,26.530000686645508,27.0,24.22564697265625,9000036
2025-06-04,26.899999618530273,28.030000686645508,26.6200008392334,26.6200008392334,23.88469696044922,8013126
2025-06-05,26.75,26.8799991607666,26.450000762939453,26.610000610351562,23.875722885131836,4523002
2025-06-06,26.799999237060547,27.110000610351562,26.440000534057617,26.809999465942383,24.0551700592041,2295095
2025-06-09,26.8799991607666,27.0,26.540000915527344,26.799999237060547,24.04619789123535,2465136
2025-06-10,26.889999389648438,27.079999923706055,26.65999984741211,26.84000015258789,24.082090377807617,6591359
2025-06-11,26.90999984741211,27.420000076293945,25.899999618530273,26.510000228881836,23.785999298095703,15996233
2025-06-12,26.690000534057617,26.81999969482422,26.229999542236328,26.31999969482422,23.615522384643555,6073330
2025-06-13,26.139999389648438,26.3799991607666,25.899999618530273,25.940000534057617,23.274568557739258,18191093
2025-06-16,26.1200008392334,26.350000381469727,26.0,26.1200008392334,23.43607521057129,3811780
2025-06-17,26.020000457763672,26.229999542236328,25.200000762939453,25.5,22.879779815673828,11447573
2025-06-18,25.459999084472656,25.690000534057617,25.1299991607666,25.520000457763672,22.89772605895996,12355583
2025-06-19,25.719999313354492,25.729999542236328,25.219999313354492,25.65999984741211,23.023338317871094,6871886
2025-06-20,25.65999984741211,26.100000381469727,25.399999618530273,25.59000015258789,22.96053123474121,39927930
2025-06-23,25.450000762939453,25.75,25.299999237060547,25.649999618530273,23.014366149902344,5523792
2025-06-24,25.799999237060547,26.270000457763672,25.799999237060547,26.010000228881836,23.33737564086914,2652374
2025-06-25,25.860000610351562,26.219999313354492,25.739999771118164,26.010000228881836,23.33737564086914,7451082
2025-06-26,26.139999389648438,26.360000610351562,25.709999084472656,25.809999465942383,23.157922744750977,4070970
2025-06-27,25.760000228881836,26.25,25.670000076293945,26.15999984741211,23.471960067749023,4926762
2025-06-30,26.110000610351562,26.25,25.709999084472656,25.940000534057617,23.274568557739258,5710400
2025-07-01,25.899999618530273,27.010000228881836,25.770000457763672,26.989999771118164,24.216676712036133,4656007
2025-07-02,26.780000686645508,27.25,26.6200008392334,27.030000686645508,24.2525691986084,5438184
2025-07-03,27.06999969482422,27.1200008392334,26.09000015258789,26.81999969482422,24.064144134521484,1810026
2025-07-04,26.850000381469727,27.329999923706055,26.670000076293945,27.020000457763672,24.243593215942383,625280
2025-07-07,27.06999969482422,27.079999923706055,26.450000762939453,27.0,24.22564697265625,2980815
2025-07-08,26.989999771118164,26.989999771118164,26.610000610351562,26.760000228881836,24.01030921936035,2154364
2025-07-09,26.81999969482422,27.100000381469727,26.389999389648438,26.809999465942383,24.0551700592041,6440945
2025-07-10,27.049999237060547,27.719999313354492,26.6200008392334,27.25,24.449962615966797,6390718
2025-07-11,27.389999389648438,27.979999542236328,26.3700008392334,26.65999984741211,23.92058563232422,9595278
2025-07-14,26.799999237060547,26.940000534057617,26.450000762939453,26.5,23.77702522277832,3547839
2025-07-15,26.68000030517578,26.709999084472656,26.1200008392334,26.399999618530273,23.687301635742188,3787928
2025-07-16,26.600000381469727,26.860000610351562,26.219999313354492,26.399999618530273,23.687301635742188,2635817
2025-07-17,26.309999465942383,26.600000381469727,26.1299991607666,26.399999618530273,23.687301635742188,2450481
2025-07-18,26.399999618530273,26.59000015258789,26.260000228881836,26.43000030517578,23.71422004699707,3276102
2025-07-21,26.5,26.5,26.020000457763672,26.09000015258789,23.40915298461914,3044196
2025-07-22,26.149999618530273,26.149999618530273,25.549999237060547,25.84000015258789,23.184844970703125,2992243
2025-07-23,26.0,26.739999771118164,25.860000610351562,26.579999923706055,23.848804473876953,4863187
2025-07-24,26.579999923706055,27.059999465942383,26.459999084472656,27.0,24.22564697265625,4940189
2025-07-25,26.860000610351562,27.100000381469727,25.920000076293945,26.65999984741211,23.92058563232422,4621231
2025-07-28,26.799999237060547,26.799999237060547,26.1299991607666,26.389999389648438,23.678329467773438,2504234
2025-07-29,26.15999984741211,27.200000762939453,26.15999984741211,26.90999984741211,24.144895553588867,4900102
2025-07-30,26.860000610351562,27.1299991607666,26.610000610351562,26.790000915527344,24.037229537963867,5148850
2025-07-31,26.860000610351562,27.200000762939453,26.5,26.809999465942383,24.0551700592041,4101430
2025-08-01,26.75,27.09000015258789,26.579999923706055,26.700000762939453,23.95647621154785,3695035
2025-08-04,26.809999465942383,26.81999969482422,26.299999237060547,26.40999984741211,23.696273803710938,2374795
2025-08-05,26.989999771118164,26.989999771118164,26.450000762939453,26.700000762939453,23.95647621154785,2988405
2025-08-06,26.700000762939453,27.18000030517578,26.399999618530273,26.43000030517578,23.71422004699707,3026420
2025-08-07,26.18000030517578,26.90999984741211,26.18000030517578,26.56999969482422,23.839832305908203,5210625
2025-08-08,26.600000381469727,26.600000381469727,26.06999969482422,26.209999084472656,24.032386779785156,3853218
2025-08-11,26.200000762939453,26.270000457763672,26.010000228881836,26.06999969482422,23.90401840209961,2661794
2025-08-12,26.239999771118164,26.239999771118164,25.8799991607666,25.940000534057617,23.784818649291992,2548822
2025-08-13,26.1299991607666,26.25,25.90999984741211,26.040000915527344,23.87651252746582,5518556
2025-08-14,25.959999084472656,26.010000228881836,25.540000915527344,25.579999923706055,23.454729080200195,4587489
2025-08-15,25.670000076293945,25.969999313354492,25.579999923706055,25.940000534057617,23.784818649291992,6219168
2025-08-18,25.899999618530273,25.940000534057617,25.469999313354492,25.649999618530273,23.518911361694336,3621614
2025-08-19,25.709999084472656,25.950000762939453,25.510000228881836,25.65999984741211,23.5280818939209,2448003
2025-08-20,25.68000030517578,25.68000030517578,25.1200008392334,25.170000076293945,23.078792572021484,4084925
2025-08-21,25.200000762939453,25.829999923706055,25.1299991607666,25.649999618530273,23.518911361694336,3866210
2025-08-22,25.559999465942383,26.100000381469727,25.309999465942383,25.860000610351562,23.71146583557129,6803980
2025-08-25,25.649999618530273,25.920000076293945,25.6299991607666,25.649999618530273,23.518911361694336,2412218
2025-08-26,25.510000228881836,25.950000762939453,25.31999969482422,25.780000686645508,23.63811492919922,20464777
2025-08-27,25.6299991607666,25.959999084472656,25.200000762939453,25.93000030517578,23.77564811706543,4916563
2025-08-28,25.8799991607666,26.489999771118164,25.860000610351562,26.34000015258789,24.151586532592773,5404194
2025-08-29,26.350000381469727,26.450000762939453,26.040000915527344,26.309999465942383,24.12407684326172,3588971
2025-09-01,26.290000915527344,26.299999237060547,26.010000228881836,26.209999084472656,24.032386779785156,3803985
2025-09-02,26.170000076293945,26.700000762939453,26.1299991607666,26.579999923706055,24.371646881103516,2782076
2025-09-03,26.3700008392334,26.940000534057617,26.3700008392334,26.84000015258789,24.610044479370117,3539183
2025-09-04,26.84000015258789,27.790000915527344,26.799999237060547,27.790000915527344,25.481115341186523,4407568
2025-09-05,27.690000534057617,28.579999923706055,27.610000610351562,28.510000228881836,26.141294479370117,6619167
2025-09-08,28.40999984741211,28.489999771118164,28.06999969482422,28.389999389648438,26.031261444091797,2025704
2025-09-09,28.399999618530273,28.719999313354492,28.0,28.31999969482422,25.96708106994629,4744630
2025-09-10,28.479999542236328,28.690000534057617,28.1200008392334,28.479999542236328,26.113786697387695,2613310
2025-09-11,28.389999389648438,29.059999465942383,28.170000076293945,28.90999984741211,26.508060455322266,2722667
2025-09-12,29.0,29.75,28.84000015258789,28.84000015258789,26.443876266479492,3191882
2025-09-15,28.81999969482422,29.34000015258789,28.81999969482422,29.260000228881836,26.8289852142334,1969121
2025-09-17,29.25,29.479999542236328,27.979999542236328,28.709999084472656,26.324676513671875,6451757
2025-09-18,28.700000762939453,28.989999771118164,28.209999084472656,28.579999923706055,26.20547866821289,2370048
2025-09-19,28.469999313354492,29.049999237060547,28.1299991607666,28.90999984741211,26.508060455322266,13620049
2025-09-22,28.899999618530273,29.1299991607666,28.579999923706055,29.110000610351562,26.69144630432129,4887122
2025-09-23,29.149999618530273,29.450000762939453,28.40999984741211,28.809999465942383,26.41636848449707,2843248
2025-09-24,29.040000915527344,29.040000915527344,28.360000610351562,28.56999969482422,26.19631004333496,3790620
2025-09-25,28.670000076293945,28.920000076293945,27.950000762939453,28.06999969482422,25.737850189208984,4084678
2025-09-26,28.200000762939453,28.200000762939453,27.639999389648438,27.799999237060547,25.49028205871582,6279249
2025-09-29,27.700000762939453,27.75,27.309999465942383,27.549999237060547,25.26105499267578,4871305
2025-09-30,27.649999618530273,28.219999313354492,26.889999389648438,27.15999984741211,24.90345573425293,16326070
2025-10-01,27.270000457763672,27.6299991607666,27.040000915527344,27.559999465942383,25.270221710205078,4032683
2025-10-02,27.420000076293945,27.65999984741211,27.100000381469727,27.280000686645508,25.013486862182617,5842556
2025-10-03,27.309999465942383,27.479999542236328,27.149999618530273,27.219999313354492,24.95846939086914,2999950
2025-10-06,27.43000030517578,27.68000030517578,27.079999923706055,27.670000076293945,25.371084213256836,2828306
2025-10-07,27.6299991607666,28.020000457763672,27.479999542236328,27.959999084472656,25.63698959350586,5075731
2025-10-08,28.020000457763672,28.020000457763672,27.329999923706055,27.43000030517578,25.151023864746094,2033809
2025-10-09,27.639999389648438,27.639999389648438,27.0,27.229999542236328,24.967641830444336,3173916
2025-10-10,27.09000015258789,27.450000762939453,26.420000076293945,26.530000686645508,24.3257999420166,4208936
2025-10-13,26.540000915527344,27.829999923706055,26.530000686645508,27.510000228881836,25.22437858581543,4443763
2025-10-14,27.3700008392334,27.700000762939453,27.010000228881836,27.059999465942383,24.811763763427734,3737432
2025-10-15,27.079999923706055,27.540000915527344,27.010000228881836,27.1200008392334,24.86678123474121,2628362
2025-10-16,27.309999465942383,27.75,27.100000381469727,27.399999618530273,25.123516082763672,4834039
2025-10-17,27.780000686645508,27.780000686645508,26.719999313354492,27.049999237060547,24.802597045898438,3034825
2025-10-20,27.229999542236328,27.229999542236328,26.520000457763672,26.68000030517578,24.463336944580078,2274295
2025-10-21,26.809999465942383,26.809999465942383,26.260000228881836,26.520000457763672,24.316631317138672,1459396
2025-10-22,26.520000457763672,27.09000015258789,26.520000457763672,26.950000762939453,24.710906982421875,1990498
2025-10-23,27.18000030517578,27.219999313354492,26.84000015258789,27.09000015258789,24.839271545410156,1399753
2025-10-24,27.190000534057617,27.31999969482422,26.889999389648438,27.040000915527344,24.793428421020508,2398607
2025-10-27,27.100000381469727,27.520000457763672,27.049999237060547,27.450000762939453,25.169363021850586,1747743
2025-10-28,27.450000762939453,28.1200008392334,27.399999618530273,27.959999084472656,25.63698959350586,2651799
2025-10-29,27.959999084472656,28.06999969482422,26.6299991607666,27.360000610351562,25.086841583251953,3355151
2025-10-30,27.0,27.489999771118164,26.8799991607666,27.1200008392334,24.86678123474121,3204137
2025-10-31,27.25,27.25,26.889999389648438,27.06999969482422,24.820932388305664,3611507
2025-11-03,26.950000762939453,27.219999313354492,26.950000762939453,27.139999389648438,24.88511848449707,1407566
2025-11-04,27.139999389648438,27.739999771118164,26.780000686645508,27.739999771118164,25.435266494750977,4349366
2025-11-05,27.530000686645508,28.729999542236328,27.420000076293945,28.59000015258789,26.214649200439453,5804051
2025-11-06,28.639999389648438,28.709999084472656,28.15999984741211,28.389999389648438,26.031261444091797,3489979
2025-11-07,28.329999923706055,28.329999923706055,27.65999984741211,28.040000915527344,26.27016830444336,2003908
2025-11-10,28.190000534057617,28.299999237060547,27.56999969482422,27.860000610351562,26.101531982421875,3850043
2025-11-11,28.030000686645508,28.299999237060547,27.809999465942383,28.040000915527344,26.27016830444336,3193608
2025-11-12,28.100000381469727,28.149999618530273,27.420000076293945,27.489999771118164,25.754884719848633,3070611
2025-11-13,27.6200008392334,27.809999465942383,26.950000762939453,27.020000457763672,25.314550399780273,3048016
2025-11-14,27.219999313354492,27.290000915527344,26.5,26.649999618530273,24.96790313720703,4924268
2025-11-18,26.709999084472656,27.5,26.709999084472656,27.139999389648438,25.42697525024414,4098306
2025-11-19,27.299999237060547,27.489999771118164,26.829999923706055,26.989999771118164,25.28644371032715,3471567
2025-11-20,26.81999969482422,27.520000457763672,26.700000762939453,26.989999771118164,25.28644371032715,4367000
2025-11-21,26.959999084472656,27.100000381469727,26.600000381469727,26.889999389648438,25.1927547454834,1694238
2025-11-24,26.899999618530273,26.979999542236328,26.020000457763672,26.149999618530273,24.499462127685547,18393053
2025-11-25,26.0,26.989999771118164,26.0,26.780000686645508,25.089698791503906,5589542
2025-11-26,26.989999771118164,27.100000381469727,26.5,26.75,25.06159210205078,6794971
2025-11-27,26.93000030517578,27.200000762939453,26.450000762939453,26.780000686645508,25.089698791503906,764911
2025-11-28,26.860000610351562,26.950000762939453,26.479999542236328,26.5,24.827369689941406,2739312
2025-12-01,26.739999771118164,27.3799991607666,26.670000076293945,27.079999923706055,25.37076187133789,8657407
2025-12-02,27.329999923706055,27.329999923706055,26.1200008392334,26.31999969482422,24.658733367919922,5038324
2025-12-03,26.510000228881836,26.540000915527344,26.059999465942383,26.3700008392334,24.705577850341797,4545813
2025-12-04,26.420000076293945,26.799999237060547,26.280000686645508,26.690000534057617,25.005380630493164,5442044
2025-12-05,26.799999237060547,27.010000228881836,26.610000610351562,26.84000015258789,25.145912170410156,2008940
2025-12-08,26.760000228881836,26.850000381469727,26.440000534057617,26.610000610351562,24.930429458618164,3396484
2025-12-09,26.610000610351562,27.309999465942383,26.5,27.200000762939453,25.48318862915039,7708940
2025-12-10,27.399999618530273,27.399999618530273,26.700000762939453,27.059999465942383,25.35202407836914,3314236
2025-12-11,27.049999237060547,27.920000076293945,26.979999542236328,27.700000762939453,25.951629638671875,6817162
2025-12-15,26.940000534057617,27.950000762939453,26.700000762939453,27.5,25.764251708984375,5451645
2025-12-16,27.649999618530273,27.649999618530273,26.950000762939453,27.229999542236328,25.511295318603516,2930342
2025-12-17,27.40999984741211,27.43000030517578,26.489999771118164,26.68000030517578,24.996009826660156,5593773
2025-12-18,26.739999771118164,27.350000381469727,26.739999771118164,27.260000228881836,25.53940200805664,8861194
2025-12-19,27.260000228881836,27.260000228881836,26.610000610351562,26.799999237060547,25.108434677124023,11674943
2025-12-22,26.8799991607666,27.0,26.350000381469727,26.479999542236328,24.808631896972656,5855246
2025-12-23,26.479999542236328,27.360000610351562,26.469999313354492,27.1200008392334,25.408239364624023,5258782
2025-12-24,27.15999984741211,27.360000610351562,26.889999389648438,27.15999984741211,25.44571304321289,742000
2025-12-26,27.1299991607666,27.260000228881836,26.90999984741211,26.989999771118164,25.28644371032715,1690690
2025-12-29,27.09000015258789,27.440000534057617,26.889999389648438,26.889999389648438,25.1927547454834,8225880
2025-12-30,26.959999084472656,27.18000030517578,26.75,26.8700008392334,25.17401695251465,5258707
2025-12-31,26.969999313354492,27.270000457763672,26.780000686645508,27.059999465942383,25.35202407836914,2328460
2026-01-02,27.100000381469727,27.579999923706055,26.81999969482422,27.0,25.295812606811523,2490207
2026-01-05,27.190000534057617,27.190000534057617,26.40999984741211,26.56999969482422,24.89295196533203,7138348
2026-01-06,26.739999771118164,26.790000915527344,26.200000762939453,26.540000915527344,24.86484718322754,10714227
2026-01-07,26.469999313354492,26.809999465942383,26.34000015258789,26.639999389648438,24.95853614807129,5156847
2026-01-08,26.780000686645508,26.989999771118164,26.649999618530273,26.790000915527344,25.09906768798828,3981972
2026-01-09,27.0,27.43000030517578,26.829999923706055,27.3799991607666,25.651826858520508,3525978
2026-01-12,27.440000534057617,27.639999389648438,27.209999084472656,27.6299991607666,25.88604736328125,1702048
2026-01-13,27.6299991607666,27.739999771118164,27.389999389648438,27.56999969482422,25.829835891723633,4233701
2026-01-14,27.690000534057617,28.34000015258789,27.350000381469727,28.190000534057617,26.410701751708984,6019084
2026-01-15,28.229999542236328,28.229999542236328,27.65999984741211,27.860000610351562,26.101531982421875,2868371
2026-01-16,28.15999984741211,28.469999313354492,27.6200008392334,28.260000228881836,26.47628402709961,7052849
2026-01-19,28.25,29.059999465942383,28.25,28.989999771118164,27.160205841064453,1507766
2026-01-20,28.989999771118164,28.989999771118164,28.0,28.110000610351562,26.335750579833984,4040886
2026-01-21,28.040000915527344,28.260000228881836,27.579999923706055,27.709999084472656,25.960996627807617,4944950
2026-01-22,27.75,28.260000228881836,27.68000030517578,28.219999313354492,26.43880844116211,4441929
2026-01-23,28.34000015258789,28.780000686645508,28.200000762939453,28.579999923706055,26.776086807250977,6002406
2026-01-26,28.700000762939453,29.06999969482422,28.459999084472656,28.829999923706055,27.01030731201172,5522584
2026-01-27,29.0,29.290000915527344,28.690000534057617,29.149999618530273,27.310108184814453,5047124
2026-01-28,29.18000030517578,29.6200008392334,29.040000915527344,29.239999771118164,27.394428253173828,4293765
2026-01-29,29.389999389648438,29.389999389648438,28.440000534057617,28.809999465942383,26.991567611694336,4019906
2026-01-30,28.860000610351562,28.8700008392334,27.100000381469727,27.18000030517578,25.464452743530273,12287532
2026-02-03,27.31999969482422,28.649999618530273,27.31999969482422,28.479999542236328,26.682397842407227,5015638
2026-02-04,28.68000030517578,28.969999313354492,28.149999618530273,28.690000534057617,26.87914276123047,4698162
2026-02-05,28.770000457763672,29.040000915527344,28.280000686645508,28.600000381469727,26.794824600219727,4057548
2026-02-06,28.469999313354492,29.030000686645508,28.149999618530273,28.780000686645508,27.61027717590332,3412656
2026-02-09,28.690000534057617,29.0,28.59000015258789,28.850000381469727,27.677433013916016,3045588
2026-02-10,28.850000381469727,29.149999618530273,28.770000457763672,28.989999771118164,27.81174087524414,5404078
2026-02-11,29.25,29.440000534057617,28.860000610351562,29.290000915527344,28.099550247192383,3913004
2026-02-12,29.290000915527344,29.8700008392334,28.959999084472656,29.239999771118164,28.05158042907715,5667018
2026-02-13,29.489999771118164,29.899999618530273,29.020000457763672,29.6299991607666,28.425729751586914,6945120
2026-02-16,29.8799991607666,30.0,29.520000457763672,29.889999389648438,28.67516326904297,498239
2026-02-17,29.920000076293945,29.979999542236328,29.399999618530273,29.68000030517578,28.473697662353516,2582186
2026-02-18,29.899999618530273,30.209999084472656,29.6200008392334,30.1200008392334,28.895814895629883,5460033
2026-02-19,30.149999618530273,30.209999084472656,29.40999984741211,29.809999465942383,28.598413467407227,2348311
2026-02-20,29.920000076293945,30.350000381469727,29.729999542236328,29.969999313354492,28.751909255981445,6120165
2026-02-23,29.520000457763672,30.0,28.81999969482422,29.75,28.540851593017578,3195854
2026-02-24,29.75,30.110000610351562,29.219999313354492,29.65999984741211,28.454509735107422,5503289
2026-02-25,29.84000015258789,29.84000015258789,28.65999984741211,28.809999465942383,27.639057159423828,7149896
2026-02-26,28.950000762939453,30.0,28.799999237060547,29.799999237060547,28.58881950378418,4444266
2026-02-27,29.799999237060547,30.09000015258789,28.75,29.860000610351562,28.646381378173828,25347367
2026-03-02,30.0,30.0,29.209999084472656,29.610000610351562,28.406543731689453,2846402
2026-03-03,29.510000228881836,29.510000228881836,28.260000228881836,28.93000030517578,27.754179000854492,4293497
2026-03-04,29.719999313354492,29.719999313354492,28.729999542236328,29.049999237060547,27.86930274963379,6485909
2026-03-05,29.209999084472656,29.489999771118164,28.600000381469727,29.030000686645508,27.850116729736328,4504885
2026-03-06,29.049999237060547,29.049999237060547,28.450000762939453,28.760000228881836,27.591089248657227,6049766
2026-03-09,28.739999771118164,28.739999771118164,27.020000457763672,27.739999771118164,26.612545013427734,4609057
2026-03-10,27.84000015258789,28.18000030517578,27.56999969482422,28.030000686645508,26.89076042175293,5710430
2026-03-11,28.0,28.510000228881836,27.459999084472656,27.739999771118164,26.612545013427734,4924268
2026-03-12,27.950000762939453,27.950000762939453,26.440000534057617,26.5,25.422943115234375,5124436
2026-03-13,26.6299991607666,27.190000534057617,26.559999465942383,26.81999969482422,25.729938507080078,3826589
2026-03-17,26.940000534057617,27.68000030517578,26.579999923706055,27.489999771118164,26.37270736694336,12202981
2026-03-18,27.6200008392334,27.700000762939453,27.010000228881836,27.3700008392334,26.257583618164062,4041383
2026-03-19,27.489999771118164,27.489999771118164,26.860000610351562,27.209999084472656,26.10408592224121,1748084
2026-03-20,27.18000030517578,27.600000381469727,26.510000228881836,26.920000076293945,25.82587432861328,14109952
2026-03-23,27.030000686645508,27.229999542236328,26.700000762939453,26.899999618530273,25.806686401367188,2471861
2026-03-24,27.0,27.639999389648438,26.709999084472656,27.5,26.382299423217773,8593762
2026-03-25,27.68000030517578,28.059999465942383,27.360000610351562,27.920000076293945,26.78523063659668,4283163
2026-03-26,27.989999771118164,28.209999084472656,27.700000762939453,27.860000610351562,26.72766876220703,3086955
2026-03-27,28.0,28.350000381469727,27.84000015258789,28.15999984741211,27.01547622680664,4010418
2026-03-30,28.5,29.299999237060547,28.389999389648438,29.18000030517578,27.994020462036133,4461159
2026-03-31,29.010000228881836,29.65999984741211,29.0,29.280000686645508,28.089954376220703,8035429
2026-04-01,29.280000686645508,29.6299991607666,29.010000228881836,29.510000228881836,28.31060791015625,3997115
2026-04-06,29.639999389648438,29.90999984741211,29.290000915527344,29.559999465942383,28.35857391357422,1138105
2026-04-07,29.68000030517578,29.799999237060547,29.31999969482422,29.770000457763672,28.560039520263672,3707682
2026-04-08,29.649999618530273,30.479999542236328,29.649999618530273,30.280000686645508,29.049312591552734,6051906
2026-04-09,30.0,30.6200008392334,29.93000030517578,30.329999923706055,29.097278594970703,5833887
2026-04-10,30.450000762939453,31.34000015258789,30.360000610351562,30.610000610351562,29.36590003967285,7371428
2026-04-13,30.510000228881836,31.260000228881836,29.860000610351562,30.0,28.78069305419922,15996906
2026-04-14,29.979999542236328,30.700000762939453,29.959999084472656,30.59000015258789,29.346712112426758,6527103
2026-04-15,30.559999465942383,31.299999237060547,30.260000228881836,31.15999984741211,29.893545150756836,6344049
2026-04-16,31.200000762939453,31.329999923706055,30.84000015258789,31.200000762939453,29.93191909790039,2831212
2026-04-17,31.18000030517578,31.809999465942383,30.549999237060547,31.600000381469727,30.315662384033203,8099684
2026-04-20,31.8799991607666,32.459999084472656,31.579999923706055,32.08000183105469,30.776155471801758,5194607
2026-04-21,32.15999984741211,32.619998931884766,31.0,31.139999389648438,29.874357223510742,4486857
2026-04-23,31.260000228881836,31.520000457763672,31.1200008392334,31.209999084472656,29.941513061523438,2775025
2026-04-24,31.020000457763672,31.479999542236328,31.020000457763672,31.399999618530273,30.123788833618164,1878625
2026-04-27,31.559999465942383,31.559999465942383,30.690000534057617,31.06999969482422,29.80720329284668,2878961
2026-04-28,31.110000610351562,31.170000076293945,30.6200008392334,30.850000381469727,29.596145629882812,2605827
2026-04-29,30.989999771118164,31.299999237060547,30.799999237060547,30.90999984741211,29.653705596923828,3086705
2026-04-30,30.899999618530273,30.899999618530273,29.899999618530273,29.969999313354492,28.751909255981445,6125906
2026-05-04,30.1299991607666,30.700000762939453,30.059999465942383,30.059999465942383,28.8382511138916,4012276
2026-05-05,30.260000228881836,30.479999542236328,30.0,30.049999237060547,28.828659057617188,5199395
2026-05-06,30.100000381469727,30.889999389648438,30.0,30.649999618530273,29.404273986816406,5303645
2026-05-07,30.920000076293945,31.0,30.399999618530273,30.799999237060547,29.548175811767578,3924048
2026-05-08,30.790000915527344,30.8700008392334,30.059999465942383,30.18000030517578,29.548175811767578,2916305
2026-05-11,30.0,30.649999618530273,30.0,30.399999618530273,29.76357078552246,2410020
2026-05-12,30.469999313354492,30.469999313354492,29.780000686645508,29.829999923706055,29.205503463745117,2993085
2026-05-13,29.969999313354492,30.149999618530273,29.479999542236328,29.709999084472656,29.088014602661133,3949584
2026-05-14,29.90999984741211,30.190000534057617,29.639999389648438,29.729999542236328,29.10759735107422,2305182
2026-05-15,29.739999771118164,29.940000534057617,29.440000534057617,29.450000762939453,28.833459854125977,3689011
2026-05-18,29.639999389648438,30.030000686645508,29.31999969482422,29.739999771118164,29.117387771606445,3058663
2026-05-19,29.809999465942383,29.899999618530273,29.260000228881836,29.34000015258789,28.72576141357422,3999440
2026-05-20,29.649999618530273,29.65999984741211,29.219999313354492,29.270000457763672,28.657228469848633,4186314
2026-05-21,29.31999969482422,29.350000381469727,28.799999237060547,29.15999984741211,28.549530029296875,3406313
2026-05-22,29.229999542236328,29.309999465942383,29.010000228881836,29.200000762939453,28.588693618774414,2259021
2026-05-25,29.329999923706055,29.520000457763672,29.18000030517578,29.389999389648438,28.774715423583984,719761
2026-05-26,29.399999618530273,29.850000381469727,29.399999618530273,29.829999923706055,29.205503463745117,3520088
2026-05-27,29.829999923706055,30.3799991607666,29.68000030517578,30.139999389648438,29.50901222229004,3721820
2026-05-28,30.139999389648438,30.149999618530273,29.5,29.700000762939453,29.07822608947754,3908961
2026-05-29,29.600000381469727,30.190000534057617,29.479999542236328,29.950000762939453,29.3229923248291,28111791
2026-06-01,30.149999618530273,30.200000762939453,28.5,28.860000610351562,28.25581169128418,7004364
2026-06-02,28.799999237060547,29.700000762939453,28.790000915527344,29.649999618530273,29.029272079467773,5908282
2026-06-03,29.770000457763672,29.799999237060547,29.170000076293945,29.229999542236328,28.618064880371094,4111447
2026-06-04,29.459999084472656,29.5,28.760000228881836,28.899999618530273,28.294973373413086,3945635
2026-06-05,28.899999618530273,28.90999984741211,28.40999984741211,28.6299991607666,28.030624389648438,3869681
2026-06-08,28.670000076293945,29.309999465942383,28.530000686645508,29.010000228881836,28.40266990661621,4328262
2026-06-09,29.010000228881836,29.149999618530273,28.350000381469727,28.56999969482422,27.971881866455078,2717869
2026-06-10,28.75,28.969999313354492,28.200000762939453,28.280000686645508,27.68795394897461,3736019
2026-06-11,28.489999771118164,28.860000610351562,28.299999237060547,28.579999923706055,27.981672286987305,3366951
2026-06-12,28.739999771118164,29.600000381469727,28.700000762939453,29.3700008392334,28.75513458251953,2921437
2026-06-15,29.43000030517578,30.079999923706055,29.219999313354492,29.56999969482422,28.950946807861328,5759065
2026-06-16,29.68000030517578,29.899999618530273,29.40999984741211,29.559999465942383,28.9411563873291,3578003
2026-06-17,29.700000762939453,29.860000610351562,29.020000457763672,29.239999771118164,28.62785530090332,4705901
2026-06-18,29.260000228881836,29.770000457763672,29.020000457763672,29.209999084472656,28.598482131958008,3542334
2026-06-19,28.989999771118164,29.31999969482422,28.899999618530273,29.030000686645508,28.422252655029297,12804311
2026-06-22,29.309999465942383,29.309999465942383,28.56999969482422,28.84000015258789,28.236228942871094,5293520
2026-06-23,28.84000015258789,29.360000610351562,28.549999237060547,29.190000534057617,28.578903198242188,3651090
2026-06-24,29.040000915527344,29.5,28.90999984741211,28.979999542236328,28.37329864501953,6321823
2026-06-25,29.020000457763672,29.56999969482422,28.940000534057617,29.170000076293945,28.5593204498291,3856710
2026-06-26,29.309999465942383,29.770000457763672,29.239999771118164,29.610000610351562,28.990110397338867,2172394
2026-06-29,29.6299991607666,30.399999618530273,29.6299991607666,30.200000762939453,29.567758560180664,1363825
2026-06-30,30.229999542236328,30.360000610351562,29.770000457763672,30.049999237060547,29.420896530151367,7348639
2026-07-01,29.81999969482422,30.200000762939453,29.68000030517578,29.989999771118164,29.362154006958008,2571497
2026-07-02,29.979999542236328,30.459999084472656,29.979999542236328,30.31999969482422,29.685245513916016,3211626
2026-07-03,30.399999618530273,30.399999618530273,29.709999084472656,29.770000457763672,29.146760940551758,1182585
2026-07-06,29.959999084472656,30.299999237060547,29.81999969482422,30.06999969482422,29.440479278564453,3484148
2026-07-07,30.219999313354492,30.399999618530273,30.0,30.31999969482422,29.685245513916016,2486811
2026-07-08,30.3799991607666,30.3799991607666,29.920000076293945,30.15999984741211,29.528594970703125,4027940
2026-07-09,30.389999389648438,30.399999618530273,29.610000610351562,29.770000457763672,29.146760940551758,1923774
2026-07-10,29.780000686645508,30.219999313354492,29.780000686645508,30.030000686645508,29.401317596435547,3571672
2026-07-13,30.190000534057617,30.270000457763672,29.8799991607666,30.09000015258789,29.460060119628906,2036158
2026-07-14,30.219999313354492,30.469999313354492,29.969999313354492,30.149999618530273,29.5188045501709,2301439
2026-07-15,30.200000762939453,30.600000381469727,30.149999618530273,30.5,29.86147689819336,4997203
2026-07-16,30.5,31.25,30.290000915527344,31.09000015258789,30.439125061035156,5008835
2026-07-17,31.350000381469727,31.350000381469727,30.979999542236328,31.079999923706055,30.42933464050293,4933860
2026-07-21,30.889999389648438,30.899999618530273,30.25,30.450000762939453,29.812524795532227,4894470
2026-07-22,30.5,31.059999465942383,30.31999969482422,30.969999313354492,30.321636199951172,4722214
2026-07-23,31.049999237060547,31.049999237060547,30.639999389648438,30.780000686645508,30.135616302490234,3870519
2026-07-24,31.06999969482422,31.06999969482422,30.520000457763672,30.760000228881836,30.11603355407715,3312256
2026-07-27,30.860000610351562,31.350000381469727,30.809999465942383,31.1299991607666,30.478286743164062,2860035
2026-07-28,31.31999969482422,31.950000762939453,31.1299991607666,31.760000228881836,31.0950984954834,3584505
2026-07-29,32.0,32.0,31.219999313354492,31.469999313354492,30.811168670654297,3446050
2026-07-30,31.649999618530273,31.649999618530273,31.030000686645508,31.170000076293945,30.5174503326416,8280708
2026-08-03,31.34000015258789,31.5,31.059999465942383,31.43000030517578,30.77200698852539,2906718
2026-08-04,31.559999465942383,31.719999313354492,31.190000534057617,31.530000686645508,30.869915008544922,2453469
2026-08-05,31.610000610351562,31.610000610351562,30.610000610351562,30.790000915527344,30.14540672302246,4837537
2026-08-06,30.829999923706055,31.059999465942383,30.40999984741211,30.559999465942383,29.92022132873535,3937270
2026-08-07,30.3799991607666,30.459999084472656,29.860000610351562,30.34000015258789,30.34000015258789,2435571
2026-08-10,30.530000686645508,30.530000686645508,29.760000228881836,29.829999923706055,29.829999923706055,3042452
2026-08-11,29.969999313354492,30.399999618530273,29.739999771118164,30.110000610351562,30.110000610351562,2711761
2026-08-12,30.0,30.049999237060547,29.43000030517578,29.829999923706055,29.829999923706055,3121941
