Price,Open,High,Low,Close,Adj Close,Volume
Ticker,LABB.MX,LABB.MX,LABB.MX,LABB.MX,LABB.MX,LABB.MX
Date,,,,,,
2021-10-01,19.649999618530273,19.649999618530273,19.040000915527344,19.290000915527344,14.683980941772461,2060478
2021-10-04,19.200000762939453,19.34000015258789,19.100000381469727,19.1299991607666,14.562186241149902,260147
2021-10-05,19.239999771118164,19.34000015258789,18.899999618530273,19.170000076293945,14.59263801574707,845371
2021-10-06,19.06999969482422,19.59000015258789,18.920000076293945,19.399999618530273,14.767714500427246,6081826
2021-10-07,19.350000381469727,19.770000457763672,19.049999237060547,19.170000076293945,14.59263801574707,1639322
2021-10-08,19.110000610351562,19.25,18.93000030517578,19.010000228881836,14.470841407775879,722118
2021-10-11,19.1299991607666,19.579999923706055,19.049999237060547,19.360000610351562,14.737269401550293,679240
2021-10-12,19.799999237060547,19.799999237060547,19.1200008392334,19.290000915527344,14.683980941772461,687170
2021-10-13,19.149999618530273,19.239999771118164,18.690000534057617,18.75,14.272923469543457,1279797
2021-10-14,18.799999237060547,19.25,18.479999542236328,19.079999923706055,14.524127006530762,2238753
2021-10-15,19.200000762939453,19.700000762939453,19.059999465942383,19.459999084472656,14.813390731811523,1566252
2021-10-18,19.799999237060547,19.799999237060547,19.1299991607666,19.270000457763672,14.668758392333984,769429
2021-10-19,19.239999771118164,19.389999389648438,19.010000228881836,19.079999923706055,14.524127006530762,546045
2021-10-20,19.100000381469727,19.489999771118164,19.09000015258789,19.399999618530273,14.767714500427246,1780190
2021-10-21,19.40999984741211,19.450000762939453,19.190000534057617,19.34000015258789,14.722043991088867,529002
2021-10-22,19.350000381469727,19.559999465942383,19.200000762939453,19.43000030517578,14.790550231933594,946221
2021-10-25,19.68000030517578,19.68000030517578,19.200000762939453,19.360000610351562,14.737269401550293,332467
2021-10-26,19.420000076293945,19.420000076293945,18.940000534057617,19.049999237060547,14.501287460327148,641397
2021-10-27,19.0,19.489999771118164,18.959999084472656,19.389999389648438,14.76010513305664,1588571
2021-10-28,19.549999237060547,20.209999084472656,19.440000534057617,19.81999969482422,15.087428092956543,1548798
2021-10-29,19.639999389648438,19.899999618530273,19.559999465942383,19.700000762939453,14.996084213256836,1635571
2021-11-01,19.709999084472656,19.989999771118164,19.649999618530273,19.770000457763672,15.049368858337402,727079
2021-11-03,19.65999984741211,20.1299991607666,19.469999313354492,19.93000030517578,15.171168327331543,2352805
2021-11-04,19.93000030517578,20.15999984741211,19.670000076293945,19.8799991607666,15.133100509643555,5022026
2021-11-05,19.780000686645508,19.899999618530273,19.170000076293945,19.270000457763672,14.668758392333984,712104
2021-11-08,19.329999923706055,19.6299991607666,19.100000381469727,19.600000381469727,14.919960975646973,1053038
2021-11-09,19.59000015258789,19.600000381469727,19.0,19.1299991607666,14.562186241149902,854714
2021-11-10,19.200000762939453,19.200000762939453,18.790000915527344,18.959999084472656,14.432779312133789,693727
2021-11-11,19.030000686645508,19.09000015258789,18.75,18.8799991607666,14.371879577636719,937889
2021-11-12,18.920000076293945,19.049999237060547,18.81999969482422,19.0,14.463231086730957,4597775
2021-11-16,18.920000076293945,19.579999923706055,18.860000610351562,19.299999237060547,14.6915922164917,2296351
2021-11-17,19.219999313354492,19.3700008392334,18.760000228881836,18.90999984741211,14.3947172164917,1935687
2021-11-18,19.040000915527344,19.239999771118164,18.610000610351562,18.6299991607666,14.181571960449219,1163363
2021-11-19,18.700000762939453,18.81999969482422,18.209999084472656,18.350000381469727,13.968432426452637,787549
2021-11-22,18.420000076293945,18.559999465942383,18.149999618530273,18.270000457763672,13.9075345993042,513293
2021-11-23,18.149999618530273,18.25,17.309999465942383,17.459999084472656,13.290945053100586,2178740
2021-11-24,17.5,17.610000610351562,17.059999465942383,17.229999542236328,13.115867614746094,2797438
2021-11-25,17.170000076293945,17.5,17.170000076293945,17.389999389648438,13.23765754699707,482374
2021-11-26,17.149999618530273,18.290000915527344,16.799999237060547,18.059999465942383,13.747679710388184,1010637
2021-11-29,18.100000381469727,18.3700008392334,17.40999984741211,18.020000457763672,13.717229843139648,1812346
2021-11-30,17.989999771118164,18.020000457763672,17.600000381469727,17.950000762939453,13.663946151733398,6009168
2021-12-01,17.799999237060547,18.68000030517578,17.700000762939453,17.93000030517578,14.254941940307617,2900441
2021-12-02,18.1299991607666,18.690000534057617,18.1299991607666,18.540000915527344,14.739908218383789,1696410
2021-12-03,18.489999771118164,19.5,18.280000686645508,18.889999389648438,15.018170356750488,2140258
2021-12-06,18.799999237060547,19.209999084472656,18.610000610351562,19.06999969482422,15.161275863647461,767030
2021-12-07,19.020000457763672,20.059999465942383,18.719999313354492,19.770000457763672,15.71779727935791,3597112
2021-12-08,19.610000610351562,19.670000076293945,19.209999084472656,19.559999465942383,15.856975555419922,641732
2021-12-09,19.489999771118164,19.75,19.040000915527344,19.149999618530273,15.524593353271484,611470
2021-12-10,19.149999618530273,19.530000686645508,19.0,19.290000915527344,15.638090133666992,1390837
2021-12-13,19.270000457763672,19.8799991607666,18.940000534057617,19.31999969482422,15.662410736083984,1434296
2021-12-14,19.399999618530273,21.0,19.399999618530273,20.56999969482422,16.675764083862305,3585427
2021-12-15,20.600000381469727,20.799999237060547,20.399999618530273,20.479999542236328,16.602800369262695,3959683
2021-12-16,20.559999465942383,21.0,20.540000915527344,20.690000534057617,16.77305030822754,1992795
2021-12-17,20.809999465942383,21.100000381469727,20.440000534057617,20.690000534057617,16.77305030822754,9426202
2021-12-20,20.399999618530273,20.68000030517578,20.1200008392334,20.489999771118164,16.61090850830078,599804
2021-12-21,20.540000915527344,21.200000762939453,20.299999237060547,21.079999923706055,17.08921241760254,7137665
2021-12-22,21.170000076293945,21.799999237060547,20.940000534057617,21.559999465942383,17.47834014892578,2998735
2021-12-23,21.440000534057617,22.170000076293945,21.440000534057617,21.93000030517578,17.778297424316406,3113993
2021-12-24,21.920000076293945,22.040000915527344,21.690000534057617,21.81999969482422,17.689119338989258,8186
2021-12-27,21.989999771118164,22.299999237060547,21.729999542236328,22.209999084472656,18.00528907775879,755898
2021-12-28,22.260000228881836,22.260000228881836,21.350000381469727,21.639999389648438,17.543195724487305,716810
2021-12-29,21.540000915527344,22.0,21.25,21.3799991607666,17.332416534423828,873751
2021-12-30,21.309999465942383,21.75,21.0,21.139999389648438,17.13785743713379,526061
2021-12-31,21.219999313354492,21.700000762939453,21.020000457763672,21.479999542236328,17.413488388061523,552554
2022-01-03,21.479999542236328,21.530000686645508,21.219999313354492,21.350000381469727,17.3080997467041,757853
2022-01-04,21.350000381469727,21.549999237060547,21.100000381469727,21.209999084472656,17.194602966308594,7927879
2022-01-05,21.200000762939453,21.399999618530273,20.40999984741211,20.8799991607666,16.927078247070312,1606320
2022-01-06,20.90999984741211,21.3700008392334,20.510000228881836,21.100000381469727,17.10542869567871,1168959
2022-01-07,20.719999313354492,21.149999618530273,20.600000381469727,20.81999969482422,16.878433227539062,834128
2022-01-10,20.799999237060547,21.09000015258789,20.639999389648438,20.979999542236328,17.008150100708008,613770
2022-01-11,20.889999389648438,21.190000534057617,20.209999084472656,20.43000030517578,16.562271118164062,785304
2022-01-12,20.479999542236328,20.889999389648438,20.309999465942383,20.729999542236328,16.80547332763672,6748929
2022-01-13,20.75,20.75,20.18000030517578,20.530000686645508,16.643341064453125,1284774
2022-01-14,20.389999389648438,20.5,20.149999618530273,20.3799991607666,16.521738052368164,1550923
2022-01-17,20.260000228881836,20.450000762939453,19.700000762939453,19.75,16.011005401611328,460580
2022-01-18,19.84000015258789,19.93000030517578,19.110000610351562,19.56999969482422,15.865080833435059,1741338
2022-01-19,19.65999984741211,20.350000381469727,19.299999237060547,19.920000076293945,16.14882469177246,3425263
2022-01-20,19.81999969482422,20.06999969482422,19.579999923706055,19.989999771118164,16.205570220947266,4314529
2022-01-21,19.850000381469727,19.920000076293945,19.34000015258789,19.5,15.808333396911621,1201318
2022-01-24,19.399999618530273,19.5,18.09000015258789,19.31999969482422,15.662410736083984,1524052
2022-01-25,19.329999923706055,20.1299991607666,18.809999465942383,19.700000762939453,15.97047233581543,1768322
2022-01-26,19.690000534057617,20.06999969482422,19.110000610351562,19.719999313354492,15.986685752868652,2361513
2022-01-27,19.639999389648438,20.15999984741211,19.25,19.739999771118164,16.002899169921875,1950390
2022-01-28,19.850000381469727,20.040000915527344,19.360000610351562,19.979999542236328,16.19746208190918,980151
2022-01-31,19.979999542236328,20.739999771118164,19.950000762939453,20.489999771118164,16.61090850830078,2268153
2022-02-01,20.559999465942383,20.639999389648438,20.350000381469727,20.540000915527344,16.651445388793945,1214872
2022-02-02,20.540000915527344,20.799999237060547,20.540000915527344,20.65999984741211,16.74872589111328,1368252
2022-02-03,20.639999389648438,20.700000762939453,20.299999237060547,20.639999389648438,16.732513427734375,850505
2022-02-04,20.520000457763672,20.940000534057617,20.25,20.770000457763672,16.83790397644043,796823
2022-02-08,20.700000762939453,20.75,20.25,20.3799991607666,16.521738052368164,6375666
2022-02-09,20.450000762939453,20.940000534057617,20.020000457763672,20.770000457763672,16.83790397644043,1731145
2022-02-10,20.6299991607666,20.780000686645508,20.469999313354492,20.6299991607666,16.724403381347656,1696201
2022-02-11,20.600000381469727,20.65999984741211,20.1299991607666,20.280000686645508,16.4406681060791,1243784
2022-02-14,20.329999923706055,20.3799991607666,19.459999084472656,19.639999389648438,15.921832084655762,1192215
2022-02-15,19.600000381469727,19.940000534057617,19.440000534057617,19.760000228881836,16.01910972595215,1411297
2022-02-16,19.979999542236328,20.100000381469727,19.3799991607666,19.479999542236328,15.792119979858398,1265232
2022-02-17,19.579999923706055,19.6200008392334,19.110000610351562,19.149999618530273,15.524593353271484,1112146
2022-02-18,19.40999984741211,19.40999984741211,18.899999618530273,19.170000076293945,15.540811538696289,595024
2022-02-21,19.229999542236328,19.719999313354492,19.200000762939453,19.450000762939453,15.767800331115723,176952
2022-02-22,19.559999465942383,19.68000030517578,19.100000381469727,19.399999618530273,15.727263450622559,1453798
2022-02-23,19.43000030517578,19.43000030517578,18.5,18.81999969482422,15.257070541381836,1883205
2022-02-24,18.790000915527344,19.200000762939453,17.989999771118164,18.639999389648438,15.111146926879883,1394344
2022-02-25,18.780000686645508,19.209999084472656,18.65999984741211,19.09000015258789,15.475953102111816,599250
2022-02-28,18.90999984741211,19.09000015258789,18.510000228881836,18.68000030517578,15.143577575683594,2030650
2022-03-01,18.690000534057617,18.8700008392334,18.309999465942383,18.700000762939453,15.159788131713867,1419165
2022-03-02,18.639999389648438,19.5,18.59000015258789,18.920000076293945,15.338138580322266,4973257
2022-03-03,18.93000030517578,19.270000457763672,18.65999984741211,19.139999389648438,15.516487121582031,1567642
2022-03-04,19.100000381469727,19.350000381469727,18.739999771118164,19.049999237060547,15.443524360656738,742322
2022-03-07,19.149999618530273,19.329999923706055,18.5,19.110000610351562,15.492168426513672,797675
2022-03-08,19.1299991607666,19.40999984741211,18.75,19.09000015258789,15.475953102111816,1011690
2022-03-09,19.100000381469727,19.639999389648438,19.100000381469727,19.530000686645508,15.832653999328613,759019
2022-03-10,19.299999237060547,19.670000076293945,18.75,18.959999084472656,15.370565414428711,1144266
2022-03-11,18.8700008392334,19.350000381469727,18.8700008392334,19.149999618530273,15.524593353271484,1208283
2022-03-14,19.110000610351562,19.350000381469727,18.399999618530273,18.729999542236328,15.184104919433594,758850
2022-03-15,18.610000610351562,19.200000762939453,18.469999313354492,19.010000228881836,15.411101341247559,1024391
2022-03-16,19.06999969482422,19.56999969482422,18.68000030517578,18.90999984741211,15.33003044128418,1745322
2022-03-17,18.959999084472656,19.5,18.8799991607666,19.31999969482422,15.662410736083984,1975569
2022-03-18,19.270000457763672,21.0,19.270000457763672,20.079999923706055,16.27853012084961,6284885
2022-03-22,20.18000030517578,20.350000381469727,19.510000228881836,19.979999542236328,16.19746208190918,3723350
2022-03-23,19.979999542236328,20.469999313354492,19.799999237060547,20.219999313354492,16.39202880859375,9706952
2022-03-24,19.950000762939453,20.829999923706055,19.920000076293945,20.459999084472656,16.586589813232422,1654099
2022-03-25,20.450000762939453,20.450000762939453,20.049999237060547,20.190000534057617,16.367706298828125,3213438
2022-03-28,20.420000076293945,21.389999389648438,20.209999084472656,20.889999389648438,16.935184478759766,2201234
2022-03-29,20.809999465942383,21.799999237060547,20.450000762939453,21.600000381469727,17.51076889038086,8174537
2022-03-30,21.549999237060547,22.010000228881836,21.549999237060547,21.90999984741211,17.762083053588867,2117777
2022-03-31,21.920000076293945,22.239999771118164,21.700000762939453,21.850000381469727,17.713441848754883,2399513
2022-04-01,21.84000015258789,22.09000015258789,21.579999923706055,21.979999542236328,17.818830490112305,1729524
2022-04-04,21.8700008392334,22.600000381469727,21.850000381469727,22.5,18.240385055541992,1413590
2022-04-05,22.360000610351562,22.600000381469727,21.700000762939453,22.100000381469727,17.91611099243164,2775040
2022-04-06,22.079999923706055,22.670000076293945,22.0,22.489999771118164,18.23227882385254,4181846
2022-04-07,22.459999084472656,22.5,22.010000228881836,22.399999618530273,18.159320831298828,3347239
2022-04-08,22.06999969482422,22.549999237060547,22.010000228881836,22.399999618530273,18.159320831298828,1708832
2022-04-11,22.3700008392334,22.600000381469727,22.25,22.450000762939453,18.19985008239746,2263743
2022-04-12,22.59000015258789,23.0,22.440000534057617,22.959999084472656,18.613300323486328,2559188
2022-04-13,22.93000030517578,22.93000030517578,22.3700008392334,22.739999771118164,18.43494987487793,2052621
2022-04-18,22.5,22.729999542236328,22.229999542236328,22.579999923706055,18.30524253845215,1149310
2022-04-19,22.579999923706055,22.790000915527344,22.280000686645508,22.670000076293945,18.378204345703125,2045975
2022-04-20,22.700000762939453,22.739999771118164,22.260000228881836,22.329999923706055,18.10256576538086,4311439
2022-04-21,22.3700008392334,22.799999237060547,21.59000015258789,22.520000457763672,18.2565975189209,2105335
2022-04-22,22.489999771118164,22.600000381469727,21.950000762939453,22.40999984741211,18.16742515563965,1126112
2022-04-25,22.450000762939453,22.579999923706055,22.030000686645508,22.3799991607666,18.143102645874023,1732589
2022-04-26,22.31999969482422,23.0,22.31999969482422,22.690000534057617,18.3944149017334,2791546
2022-04-27,22.700000762939453,22.889999389648438,22.059999465942383,22.209999084472656,18.00528907775879,1145527
2022-04-28,22.25,22.280000686645508,21.3700008392334,21.950000762939453,17.794506072998047,1642337
2022-04-29,21.93000030517578,22.479999542236328,21.309999465942383,21.489999771118164,17.421594619750977,1916395
2022-05-02,21.479999542236328,21.65999984741211,20.84000015258789,21.209999084472656,17.194602966308594,2034682
2022-05-03,21.280000686645508,21.809999465942383,20.6200008392334,20.850000381469727,16.90275764465332,2997200
2022-05-04,20.850000381469727,21.149999618530273,20.31999969482422,20.489999771118164,16.61090850830078,5511713
2022-05-05,20.489999771118164,20.489999771118164,19.90999984741211,20.18000030517578,16.35959815979004,2338441
2022-05-06,20.110000610351562,20.15999984741211,19.549999237060547,19.690000534057617,15.962366104125977,1545189
2022-05-09,19.549999237060547,20.059999465942383,18.8799991607666,19.729999542236328,15.994791030883789,1629332
2022-05-10,19.739999771118164,20.100000381469727,19.1299991607666,19.280000686645508,15.629984855651855,1650932
2022-05-11,19.299999237060547,19.540000915527344,18.1200008392334,18.8700008392334,15.29760456085205,1835225
2022-05-12,18.940000534057617,19.309999465942383,18.559999465942383,18.6299991607666,15.103034973144531,1396802
2022-05-13,18.760000228881836,19.399999618530273,18.600000381469727,19.209999084472656,15.573235511779785,1437766
2022-05-16,19.170000076293945,19.739999771118164,19.149999618530273,19.639999389648438,15.921832084655762,1671172
2022-05-17,19.709999084472656,20.84000015258789,19.56999969482422,20.68000030517578,16.764944076538086,1989859
2022-05-18,20.6299991607666,20.670000076293945,20.040000915527344,20.229999542236328,16.400136947631836,1546582
2022-05-19,20.110000610351562,20.8799991607666,20.100000381469727,20.719999313354492,16.797367095947266,1944200
2022-05-20,20.719999313354492,20.989999771118164,20.030000686645508,20.200000762939453,16.37581443786621,1959317
2022-05-23,20.079999923706055,20.899999618530273,20.079999923706055,20.520000457763672,16.635234832763672,735513
2022-05-24,20.5,20.670000076293945,20.239999771118164,20.469999313354492,16.594696044921875,1570046
2022-05-25,20.59000015258789,20.760000228881836,20.049999237060547,20.239999771118164,16.40824317932129,1215601
2022-05-26,20.280000686645508,20.280000686645508,19.65999984741211,19.950000762939453,16.173141479492188,1569910
2022-05-27,19.950000762939453,20.06999969482422,19.709999084472656,19.920000076293945,16.14882469177246,579369
2022-05-30,19.93000030517578,20.350000381469727,19.860000610351562,20.030000686645508,16.237998962402344,227256
2022-05-31,19.920000076293945,20.280000686645508,19.56999969482422,19.850000381469727,16.092077255249023,2440554
2022-06-01,19.719999313354492,20.110000610351562,19.389999389648438,19.489999771118164,15.800228118896484,1125070
2022-06-02,19.6299991607666,19.799999237060547,19.049999237060547,19.520000457763672,15.824544906616211,699908
2022-06-03,19.59000015258789,19.979999542236328,19.280000686645508,19.520000457763672,15.824544906616211,572715
2022-06-06,19.25,20.100000381469727,19.25,19.770000457763672,16.346851348876953,1000043
2022-06-07,19.649999618530273,20.200000762939453,19.559999465942383,20.1299991607666,16.644519805908203,915940
2022-06-08,20.010000228881836,21.299999237060547,19.950000762939453,21.06999969482422,17.42176055908203,1776027
2022-06-09,20.979999542236328,21.450000762939453,20.6200008392334,21.1299991607666,17.471372604370117,1349954
2022-06-10,20.950000762939453,20.950000762939453,19.600000381469727,20.329999923706055,16.80988883972168,2698268
2022-06-13,20.3700008392334,20.540000915527344,19.200000762939453,19.239999771118164,15.908621788024902,1597800
2022-06-14,19.3799991607666,19.700000762939453,18.84000015258789,19.09000015258789,15.78459644317627,1806266
2022-06-15,19.389999389648438,20.34000015258789,19.360000610351562,20.040000915527344,16.570106506347656,2819326
2022-06-16,20.100000381469727,20.579999923706055,19.40999984741211,19.56999969482422,16.181482315063477,2509732
2022-06-17,19.65999984741211,20.219999313354492,19.1299991607666,19.790000915527344,16.363388061523438,1572224
2022-06-20,19.850000381469727,20.040000915527344,19.34000015258789,19.920000076293945,16.47088050842285,212671
2022-06-21,19.81999969482422,19.989999771118164,19.260000228881836,19.450000762939453,16.082263946533203,1553718
2022-06-22,19.3700008392334,20.690000534057617,19.209999084472656,20.219999313354492,16.718935012817383,2125679
2022-06-23,20.549999237060547,20.56999969482422,20.010000228881836,20.40999984741211,16.876039505004883,1813621
2022-06-24,20.510000228881836,21.0,20.309999465942383,20.81999969482422,17.215045928955078,1295662
2022-06-27,20.6200008392334,21.540000915527344,20.6200008392334,21.239999771118164,17.562326431274414,2086720
2022-06-28,21.540000915527344,21.540000915527344,20.75,21.139999389648438,17.479639053344727,1616043
2022-06-29,21.200000762939453,21.219999313354492,20.200000762939453,20.540000915527344,16.983530044555664,1574615
2022-06-30,20.59000015258789,20.770000457763672,20.040000915527344,20.1299991607666,16.644519805908203,2487651
2022-07-01,20.260000228881836,20.690000534057617,19.399999618530273,20.219999313354492,16.718935012817383,1124350
2022-07-04,20.450000762939453,20.850000381469727,20.15999984741211,20.459999084472656,16.917377471923828,231950
2022-07-05,20.639999389648438,20.639999389648438,20.15999984741211,20.450000762939453,16.90911102294922,438782
2022-07-06,20.459999084472656,20.709999084472656,20.350000381469727,20.5,16.95045280456543,1207969
2022-07-07,20.56999969482422,20.700000762939453,20.18000030517578,20.43000030517578,16.8925724029541,258904
2022-07-08,20.3799991607666,20.75,20.110000610351562,20.389999389648438,16.859500885009766,866678
2022-07-11,20.549999237060547,20.56999969482422,20.139999389648438,20.350000381469727,16.826427459716797,308293
2022-07-12,20.530000686645508,20.530000686645508,19.809999465942383,19.940000534057617,16.487417221069336,1236362
2022-07-13,19.989999771118164,20.110000610351562,19.549999237060547,19.65999984741211,16.255901336669922,461053
2022-07-14,19.75,19.770000457763672,19.299999237060547,19.530000686645508,16.148408889770508,553011
2022-07-15,19.75,19.75,19.239999771118164,19.399999618530273,16.040918350219727,365370
2022-07-18,19.5,19.799999237060547,19.31999969482422,19.600000381469727,16.206289291381836,482255
2022-07-19,19.700000762939453,20.010000228881836,19.399999618530273,19.770000457763672,16.346851348876953,758385
2022-07-20,19.719999313354492,19.979999542236328,19.290000915527344,19.719999313354492,16.305513381958008,1891446
2022-07-21,20.0,20.0,19.350000381469727,19.459999084472656,16.09052848815918,1060865
2022-07-22,19.559999465942383,19.950000762939453,19.110000610351562,19.6299991607666,16.23109245300293,1886928
2022-07-25,19.719999313354492,19.90999984741211,19.200000762939453,19.3700008392334,16.01611328125,855148
2022-07-26,19.440000534057617,19.59000015258789,18.610000610351562,18.709999084472656,15.470391273498535,1783354
2022-07-27,18.950000762939453,19.600000381469727,18.729999542236328,19.399999618530273,16.040918350219727,1190373
2022-07-28,19.649999618530273,19.649999618530273,18.809999465942383,19.31999969482422,15.974767684936523,1130217
2022-07-29,19.3700008392334,19.639999389648438,18.829999923706055,18.950000762939453,15.668837547302246,2174625
2022-08-01,18.950000762939453,19.079999923706055,18.260000228881836,18.3700008392334,15.189261436462402,2615112
2022-08-02,18.450000762939453,18.450000762939453,17.280000686645508,17.729999542236328,14.660077095031738,4298796
2022-08-03,17.799999237060547,18.100000381469727,17.450000762939453,17.889999389648438,14.792372703552246,2282111
2022-08-04,17.90999984741211,18.329999923706055,17.6200008392334,18.0,14.883328437805176,2722833
2022-08-05,17.8799991607666,17.90999984741211,17.110000610351562,17.559999465942383,14.519510269165039,3335763
2022-08-08,17.6200008392334,17.639999389648438,16.700000762939453,17.190000534057617,14.213577270507812,3803689
2022-08-09,17.18000030517578,17.299999237060547,16.850000381469727,16.940000534057617,14.00686264038086,1823194
2022-08-10,17.0,17.1299991607666,16.6200008392334,16.690000534057617,13.800151824951172,3950471
2022-08-11,16.65999984741211,17.079999923706055,16.65999984741211,16.969999313354492,14.031669616699219,3526341
2022-08-12,17.010000228881836,17.1200008392334,16.809999465942383,16.899999618530273,13.97378921508789,2242645
2022-08-15,16.989999771118164,17.100000381469727,16.790000915527344,16.889999389648438,13.965523719787598,3839634
2022-08-16,17.010000228881836,17.290000915527344,16.90999984741211,17.239999771118164,14.25492000579834,3522827
2022-08-17,17.329999923706055,17.329999923706055,16.81999969482422,17.049999237060547,14.097817420959473,3542755
2022-08-18,17.049999237060547,17.200000762939453,16.889999389648438,17.110000610351562,14.147425651550293,3110827
2022-08-19,17.0,17.34000015258789,16.93000030517578,17.09000015258789,14.130889892578125,2160104
2022-08-22,17.200000762939453,17.200000762939453,16.90999984741211,17.049999237060547,14.097817420959473,2036184
2022-08-23,17.06999969482422,17.219999313354492,16.719999313354492,17.030000686645508,14.081282615661621,4286598
2022-08-24,17.1200008392334,17.540000915527344,17.0,17.350000381469727,14.345871925354004,1982041
2022-08-25,17.329999923706055,17.469999313354492,16.969999313354492,17.059999465942383,14.106086730957031,2124434
2022-08-26,16.719999313354492,16.760000228881836,16.520000457763672,16.700000762939453,13.808420181274414,1238482
2022-08-29,16.780000686645508,16.989999771118164,16.600000381469727,16.639999389648438,13.758809089660645,2087313
2022-08-30,16.770000457763672,16.770000457763672,16.3799991607666,16.43000030517578,13.585169792175293,2138033
2022-08-31,16.549999237060547,16.790000915527344,15.9399995803833,16.469999313354492,13.618244171142578,3331232
2022-09-01,16.3799991607666,16.739999771118164,15.90999984741211,16.170000076293945,13.370187759399414,3205404
2022-09-02,16.15999984741211,16.690000534057617,15.949999809265137,16.229999542236328,13.419795989990234,1875779
2022-09-05,16.25,16.25,15.25,15.399999618530273,12.733511924743652,1028014
2022-09-06,15.350000381469727,15.59000015258789,14.699999809265137,15.020000457763672,12.419307708740234,10158517
2022-09-07,15.010000228881836,15.600000381469727,14.75,15.109999656677246,12.493724822998047,4156035
2022-09-08,15.199999809265137,15.619999885559082,14.90999984741211,15.399999618530273,12.733511924743652,3874907
2022-09-09,15.460000038146973,15.899999618530273,15.34000015258789,15.649999618530273,12.940224647521973,3886652
2022-09-12,15.720000267028809,15.819999694824219,14.989999771118164,15.029999732971191,12.42757797241211,3702883
2022-09-13,15.029999732971191,15.180000305175781,14.850000381469727,14.869999885559082,12.295283317565918,5227267
2022-09-14,14.930000305175781,15.819999694824219,14.899999618530273,15.640000343322754,12.93195629119873,7537029
2022-09-15,15.65999984741211,15.75,15.109999656677246,15.630000114440918,12.923689842224121,31607788
2022-09-19,15.5,15.710000038146973,15.319999694824219,15.649999618530273,12.940224647521973,2553888
2022-09-20,15.649999618530273,15.880000114440918,15.40999984741211,15.789999961853027,13.055984497070312,2951570
2022-09-21,15.789999961853027,15.850000381469727,15.119999885559082,15.210000038146973,12.576409339904785,2497950
2022-09-22,15.210000038146973,15.680000305175781,15.149999618530273,15.539999961853027,12.849270820617676,3588071
2022-09-23,15.510000228881836,15.510000228881836,14.960000038146973,15.100000381469727,12.485456466674805,917820
2022-09-26,15.180000305175781,15.180000305175781,14.25,14.359999656677246,11.873586654663086,1232001
2022-09-27,14.460000038146973,15.0,14.149999618530273,14.869999885559082,12.295283317565918,2032027
2022-09-28,14.9399995803833,15.109999656677246,14.770000457763672,14.800000190734863,12.237401008605957,1742500
2022-09-29,15.029999732971191,15.029999732971191,13.890000343322754,14.010000228881836,11.584188461303711,2490714
2022-09-30,14.050000190734863,14.25,13.640000343322754,13.899999618530273,11.493234634399414,2374543
2022-10-03,14.0,14.100000381469727,13.479999542236328,13.680000305175781,11.311327934265137,1914682
2022-10-04,13.850000381469727,13.90999984741211,13.0600004196167,13.180000305175781,10.897904396057129,5403371
2022-10-05,13.40999984741211,13.40999984741211,12.680000305175781,12.699999809265137,10.501014709472656,4459885
2022-10-06,12.850000381469727,13.4399995803833,12.5600004196167,13.350000381469727,11.038467407226562,14999738
2022-10-07,13.380000114440918,13.699999809265137,13.140000343322754,13.550000190734863,11.203835487365723,4797432
2022-10-10,13.600000381469727,14.279999732971191,13.539999961853027,13.65999984741211,11.294791221618652,2796456
2022-10-11,13.630000114440918,13.729999542236328,13.069999694824219,13.4399995803833,11.112883567810059,3213678
2022-10-12,13.430000305175781,13.850000381469727,13.279999732971191,13.460000038146973,11.129422187805176,2604900
2022-10-13,13.470000267028809,13.949999809265137,13.229999542236328,13.539999961853027,11.19556999206543,2874040
2022-10-14,13.550000190734863,13.619999885559082,12.960000038146973,13.15999984741211,10.881365776062012,1772885
2022-10-17,13.149999618530273,13.6899995803833,13.100000381469727,13.34000015258789,11.030198097229004,1103471
2022-10-18,13.430000305175781,14.510000228881836,13.34000015258789,14.100000381469727,11.65860366821289,6637004
2022-10-19,14.079999923706055,14.1899995803833,13.859999656677246,14.079999923706055,11.642066955566406,4783709
2022-10-20,14.25,14.380000114440918,13.989999771118164,14.270000457763672,11.799168586730957,11888643
2022-10-21,14.180000305175781,14.25,13.850000381469727,14.0600004196167,11.625531196594238,3817089
2022-10-24,14.25,14.8100004196167,14.039999961853027,14.399999618530273,11.906661033630371,2349311
2022-10-25,14.420000076293945,14.75,14.289999961853027,14.34000015258789,11.857051849365234,2540806
2022-10-26,14.3100004196167,14.460000038146973,14.170000076293945,14.460000038146973,11.956273078918457,1881196
2022-10-27,14.029999732971191,15.729999542236328,14.029999732971191,15.0,12.40277099609375,3862776
2022-10-28,14.979999542236328,15.569999694824219,14.979999542236328,15.279999732971191,12.634288787841797,3393850
2022-10-31,15.329999923706055,15.479999542236328,14.819999694824219,15.25,12.609482765197754,3397117
2022-11-01,15.449999809265137,16.18000030517578,15.260000228881836,15.649999618530273,12.940224647521973,8614385
2022-11-03,15.5,15.539999961853027,14.800000190734863,14.8100004196167,12.2456693649292,4053927
2022-11-04,15.0,15.069999694824219,14.140000343322754,14.5,11.98934555053711,3729555
2022-11-07,14.579999923706055,14.770000457763672,14.3100004196167,14.489999771118164,11.981077194213867,2657666
2022-11-08,14.510000228881836,14.520000457763672,14.020000457763672,14.390000343322754,11.898393630981445,3212452
2022-11-09,14.1899995803833,14.800000190734863,14.069999694824219,14.300000190734863,12.146138191223145,3806653
2022-11-10,14.329999923706055,15.59000015258789,14.329999923706055,15.25,12.953049659729004,4406002
2022-11-11,15.15999984741211,15.869999885559082,15.069999694824219,15.75,13.377738952636719,1782503
2022-11-14,15.75,15.75,15.029999732971191,15.180000305175781,12.893592834472656,1977739
2022-11-15,15.319999694824219,16.200000762939453,15.229999542236328,15.869999885559082,13.47966480255127,2113308
2022-11-16,15.850000381469727,16.0,15.449999809265137,15.789999961853027,13.41171646118164,1737546
2022-11-17,15.819999694824219,16.0,15.420000076293945,15.850000381469727,13.462678909301758,3477296
2022-11-18,15.979999542236328,16.0,15.539999961853027,15.729999542236328,13.360750198364258,1352966
2022-11-22,15.770000457763672,15.850000381469727,15.350000381469727,15.6899995803833,13.326777458190918,2370430
2022-11-23,15.819999694824219,15.859999656677246,15.609999656677246,15.770000457763672,13.39472770690918,1556173
2022-11-24,15.850000381469727,15.859999656677246,15.5600004196167,15.600000381469727,13.250333786010742,1476188
2022-11-25,15.739999771118164,15.880000114440918,15.600000381469727,15.850000381469727,13.462678909301758,1401741
2022-11-28,15.779999732971191,15.930000305175781,15.460000038146973,15.6899995803833,13.326777458190918,3435985
2022-11-29,15.729999542236328,15.850000381469727,15.350000381469727,15.470000267028809,13.139912605285645,3272091
2022-11-30,15.539999961853027,15.6899995803833,15.270000457763672,15.550000190734863,13.207865715026855,3755224
2022-12-01,15.6899995803833,16.15999984741211,15.6899995803833,16.1299991607666,13.700504302978516,4245150
2022-12-02,16.049999237060547,16.940000534057617,16.049999237060547,16.670000076293945,14.159170150756836,3229316
2022-12-05,16.700000762939453,16.940000534057617,16.309999465942383,16.690000534057617,14.176158905029297,1353037
2022-12-06,16.729999542236328,17.1299991607666,16.649999618530273,17.0,14.439467430114746,7578207
2022-12-07,17.100000381469727,17.920000076293945,16.81999969482422,17.75,15.07650089263916,7320710
2022-12-08,17.709999084472656,18.209999084472656,17.530000686645508,17.540000915527344,14.898130416870117,6106689
2022-12-09,17.700000762939453,17.700000762939453,17.079999923706055,17.260000228881836,14.660303115844727,3583550
2022-12-13,17.209999084472656,17.8799991607666,17.09000015258789,17.239999771118164,14.643318176269531,3929105
2022-12-14,17.31999969482422,18.270000457763672,17.010000228881836,17.530000686645508,14.889639854431152,5962766
2022-12-15,17.5,17.8799991607666,17.200000762939453,17.719999313354492,15.051019668579102,3489845
2022-12-16,17.489999771118164,17.81999969482422,17.15999984741211,17.540000915527344,14.898130416870117,4043674
2022-12-19,17.329999923706055,17.920000076293945,17.309999465942383,17.489999771118164,14.855657577514648,3077311
2022-12-20,17.5,17.59000015258789,16.75,17.049999237060547,14.48193645477295,3583575
2022-12-21,17.030000686645508,17.209999084472656,16.579999923706055,16.84000015258789,14.303564071655273,3291847
2022-12-22,16.860000610351562,17.1200008392334,16.469999313354492,17.040000915527344,14.473443031311035,3237862
2022-12-23,16.989999771118164,17.280000686645508,16.709999084472656,16.940000534057617,14.388503074645996,3142567
2022-12-26,17.06999969482422,17.06999969482422,16.809999465942383,16.850000381469727,14.312057495117188,151391
2022-12-27,16.729999542236328,17.049999237060547,16.579999923706055,16.920000076293945,14.371515274047852,1435291
2022-12-28,16.889999389648438,16.889999389648438,16.350000381469727,16.489999771118164,14.006280899047852,1517753
2022-12-29,16.549999237060547,16.860000610351562,16.309999465942383,16.68000030517578,14.167665481567383,2811609
2022-12-30,16.690000534057617,17.059999465942383,16.520000457763672,16.8700008392334,14.329046249389648,3761627
2023-01-02,17.0,17.969999313354492,16.93000030517578,17.530000686645508,14.889639854431152,3025308
2023-01-03,17.399999618530273,17.809999465942383,16.90999984741211,16.959999084472656,14.405489921569824,3027521
2023-01-04,17.010000228881836,17.459999084472656,16.559999465942383,17.209999084472656,14.617833137512207,3725911
2023-01-05,17.239999771118164,17.920000076293945,17.1299991607666,17.34000015258789,14.728255271911621,4717999
2023-01-06,17.15999984741211,17.84000015258789,17.15999984741211,17.639999389648438,14.983068466186523,4936186
2023-01-09,17.6200008392334,17.899999618530273,17.40999984741211,17.5,14.864152908325195,5274566
2023-01-10,17.549999237060547,17.68000030517578,17.299999237060547,17.549999237060547,14.906625747680664,4196036
2023-01-11,17.3799991607666,17.959999084472656,17.18000030517578,17.299999237060547,14.694276809692383,6455133
2023-01-12,17.209999084472656,17.84000015258789,17.209999084472656,17.469999313354492,14.838672637939453,6114790
2023-01-13,17.540000915527344,17.610000610351562,16.729999542236328,17.40999984741211,14.787711143493652,4949747
2023-01-16,17.399999618530273,17.899999618530273,17.290000915527344,17.75,15.07650089263916,3188756
2023-01-17,17.75,18.34000015258789,17.739999771118164,18.15999984741211,15.424744606018066,3742863
2023-01-18,18.09000015258789,18.209999084472656,17.280000686645508,17.5,14.864152908325195,2982329
2023-01-19,17.420000076293945,17.530000686645508,17.110000610351562,17.450000762939453,14.821687698364258,3447363
2023-01-20,17.389999389648438,17.59000015258789,17.31999969482422,17.459999084472656,14.830178260803223,4030696
2023-01-23,17.5,17.8700008392334,17.43000030517578,17.540000915527344,14.898130416870117,5062928
2023-01-24,17.610000610351562,17.739999771118164,16.93000030517578,17.079999923706055,14.507413864135742,5663138
2023-01-25,17.18000030517578,17.18000030517578,16.75,17.139999389648438,14.558377265930176,6056400
2023-01-26,17.170000076293945,17.700000762939453,17.139999389648438,17.350000381469727,14.736749649047852,4261258
2023-01-27,17.520000457763672,17.979999542236328,17.3700008392334,17.6299991607666,14.974574089050293,4628587
2023-01-30,17.719999313354492,17.729999542236328,17.219999313354492,17.309999465942383,14.702768325805664,3009380
2023-01-31,17.469999313354492,17.84000015258789,17.209999084472656,17.780000686645508,15.101982116699219,5574668
2023-02-01,17.790000915527344,18.479999542236328,17.790000915527344,18.43000030517578,15.654078483581543,4238525
2023-02-02,18.5,19.0,18.5,18.989999771118164,16.129732131958008,4642020
2023-02-03,18.93000030517578,19.270000457763672,18.770000457763672,19.0,16.138227462768555,5528173
2023-02-07,19.100000381469727,19.389999389648438,18.799999237060547,19.209999084472656,16.316598892211914,3257530
2023-02-08,19.299999237060547,19.34000015258789,18.260000228881836,18.889999389648438,16.044795989990234,4578252
2023-02-09,18.889999389648438,18.979999542236328,18.25,18.3799991607666,15.611610412597656,4422313
2023-02-10,18.399999618530273,18.40999984741211,17.559999465942383,17.93000030517578,15.229390144348145,4474538
2023-02-13,18.0,18.43000030517578,17.799999237060547,17.860000610351562,15.169933319091797,2464763
2023-02-14,17.940000534057617,18.049999237060547,17.3700008392334,17.6200008392334,14.966081619262695,4131166
2023-02-15,17.639999389648438,17.739999771118164,17.299999237060547,17.700000762939453,15.034034729003906,3336140
2023-02-16,17.649999618530273,17.690000534057617,17.15999984741211,17.489999771118164,14.855657577514648,3373858
2023-02-17,17.489999771118164,17.5,17.170000076293945,17.399999618530273,14.779216766357422,3395149
2023-02-20,17.350000381469727,18.209999084472656,17.049999237060547,17.90999984741211,15.212403297424316,1945282
2023-02-21,18.149999618530273,18.149999618530273,17.3700008392334,17.40999984741211,14.787711143493652,2722128
2023-02-22,17.510000228881836,17.809999465942383,17.209999084472656,17.229999542236328,14.634822845458984,2729122
2023-02-23,17.030000686645508,17.280000686645508,15.130000114440918,15.510000228881836,13.17388916015625,13329789
2023-02-24,15.550000190734863,15.989999771118164,15.210000038146973,15.470000267028809,13.139912605285645,4864774
2023-02-27,15.380000114440918,15.380000114440918,14.550000190734863,14.5600004196167,12.366978645324707,4920797
2023-02-28,14.880000114440918,14.880000114440918,14.550000190734863,14.710000038146973,12.494382858276367,3447878
2023-03-01,14.75,14.760000228881836,14.25,14.399999618530273,12.23107624053955,6526890
2023-03-02,14.579999923706055,14.739999771118164,14.4399995803833,14.619999885559082,12.417937278747559,3968303
2023-03-03,14.65999984741211,15.15999984741211,14.65999984741211,15.069999694824219,12.800161361694336,5559237
2023-03-06,15.210000038146973,15.430000305175781,15.119999885559082,15.289999961853027,12.98702335357666,3863830
2023-03-07,15.399999618530273,15.399999618530273,14.829999923706055,15.140000343322754,12.859618186950684,6783047
2023-03-08,15.199999809265137,15.8100004196167,15.079999923706055,15.670000076293945,13.309789657592773,4095189
2023-03-09,15.579999923706055,16.010000228881836,15.510000228881836,15.600000381469727,13.250333786010742,8946780
2023-03-10,15.670000076293945,15.680000305175781,14.539999961853027,14.6899995803833,12.477396965026855,4829379
2023-03-13,14.789999961853027,14.819999694824219,14.149999618530273,14.59000015258789,12.39245891571045,2901902
2023-03-14,14.5600004196167,14.760000228881836,14.279999732971191,14.350000381469727,12.188607215881348,2406261
2023-03-15,14.289999961853027,14.569999694824219,14.010000228881836,14.220000267028809,12.078187942504883,2716965
2023-03-16,14.279999732971191,14.920000076293945,14.229999542236328,14.3100004196167,12.154634475708008,2521209
2023-03-17,14.5,14.770000457763672,14.020000457763672,14.289999961853027,12.13764476776123,36792422
2023-03-21,14.399999618530273,14.489999771118164,13.520000457763672,13.720000267028809,11.653498649597168,6201247
2023-03-22,13.899999618530273,13.960000038146973,13.579999923706055,13.729999542236328,11.66199016571045,5069314
2023-03-23,13.729999542236328,13.90999984741211,13.600000381469727,13.65999984741211,11.602535247802734,4626600
2023-03-24,13.84000015258789,14.170000076293945,13.670000076293945,13.890000343322754,11.797894477844238,2902418
2023-03-27,14.09000015258789,14.210000038146973,13.75,13.979999542236328,11.874338150024414,3912405
2023-03-28,13.770000457763672,14.180000305175781,13.770000457763672,14.0,11.891324996948242,5471907
2023-03-29,13.979999542236328,14.350000381469727,13.829999923706055,14.300000190734863,12.146138191223145,3183166
2023-03-30,14.350000381469727,14.65999984741211,14.170000076293945,14.539999961853027,12.349989891052246,3253216
2023-03-31,14.539999961853027,14.649999618530273,14.170000076293945,14.510000228881836,12.324509620666504,5722821
2023-04-03,14.569999694824219,14.569999694824219,13.960000038146973,13.960000038146973,11.85734748840332,2562637
2023-04-04,14.069999694824219,14.3100004196167,13.930000305175781,14.239999771118164,12.095174789428711,2568957
2023-04-05,14.210000038146973,14.220000267028809,13.979999542236328,14.079999923706055,11.959273338317871,261500
2023-04-10,14.0,14.449999809265137,13.979999542236328,14.050000190734863,11.933792114257812,1892086
2023-04-11,14.0600004196167,14.350000381469727,13.979999542236328,14.239999771118164,12.095174789428711,3018573
2023-04-12,14.350000381469727,14.380000114440918,14.069999694824219,14.199999809265137,12.061201095581055,3156470
2023-04-13,14.149999618530273,14.789999961853027,14.149999618530273,14.539999961853027,12.349989891052246,3527770
2023-04-14,14.5,14.670000076293945,14.210000038146973,14.380000114440918,12.214088439941406,3911172
2023-04-17,14.579999923706055,14.59000015258789,14.229999542236328,14.529999732971191,12.341495513916016,3500432
2023-04-18,14.539999961853027,14.869999885559082,14.479999542236328,14.850000381469727,12.613298416137695,2960234
2023-04-19,14.859999656677246,15.319999694824219,14.510000228881836,14.829999923706055,12.596309661865234,5018287
2023-04-20,14.829999923706055,15.010000228881836,14.529999732971191,14.5600004196167,12.366978645324707,3737450
2023-04-21,14.649999618530273,15.0,14.489999771118164,14.829999923706055,12.596309661865234,3679650
2023-04-24,14.850000381469727,15.34000015258789,14.65999984741211,15.140000343322754,12.859618186950684,4580743
2023-04-25,15.149999618530273,15.550000190734863,14.819999694824219,15.270000457763672,12.970038414001465,3995990
2023-04-26,15.210000038146973,15.449999809265137,14.930000305175781,15.149999618530273,12.868110656738281,2709929
2023-04-27,15.119999885559082,15.40999984741211,14.859999656677246,15.270000457763672,12.970038414001465,3046978
2023-04-28,15.260000228881836,15.399999618530273,14.899999618530273,14.930000305175781,12.681246757507324,3227611
2023-05-02,15.119999885559082,15.460000038146973,14.760000228881836,15.40999984741211,13.088950157165527,4220247
2023-05-03,15.350000381469727,15.489999771118164,15.020000457763672,15.050000190734863,12.783173561096191,4629024
2023-05-04,15.100000381469727,15.100000381469727,14.529999732971191,14.65999984741211,12.45191478729248,3141833
2023-05-05,14.770000457763672,15.220000267028809,14.65999984741211,15.15999984741211,12.876605033874512,6586161
2023-05-08,15.149999618530273,15.25,14.720000267028809,14.800000190734863,12.57082748413086,5365834
2023-05-09,14.899999618530273,15.020000457763672,14.770000457763672,14.899999618530273,12.65576457977295,7789439
2023-05-10,14.9399995803833,15.100000381469727,14.859999656677246,15.079999923706055,12.80865478515625,3797968
2023-05-11,15.020000457763672,15.079999923706055,14.609999656677246,14.800000190734863,12.57082748413086,3282275
2023-05-12,14.8100004196167,15.239999771118164,14.720000267028809,15.199999809265137,12.910579681396484,2609774
2023-05-15,15.0,15.489999771118164,15.0,15.479999542236328,13.148407936096191,1839584
2023-05-16,15.4399995803833,15.869999885559082,15.210000038146973,15.380000114440918,13.063469886779785,3512555
2023-05-17,15.430000305175781,15.729999542236328,15.239999771118164,15.5,13.16539478302002,2750224
2023-05-18,15.510000228881836,15.579999923706055,15.220000267028809,15.380000114440918,13.063469886779785,2755501
2023-05-19,15.460000038146973,15.600000381469727,15.0600004196167,15.199999809265137,12.910579681396484,3152982
2023-05-22,15.149999618530273,15.199999809265137,14.8100004196167,15.109999656677246,12.834136962890625,2965073
2023-05-23,15.119999885559082,15.5,14.819999694824219,14.829999923706055,12.596309661865234,4558318
2023-05-24,14.890000343322754,14.949999809265137,14.609999656677246,14.84000015258789,12.604804992675781,1746216
2023-05-25,14.899999618530273,15.149999618530273,14.640000343322754,15.020000457763672,12.75769329071045,2801728
2023-05-26,15.079999923706055,15.140000343322754,14.869999885559082,15.020000457763672,12.75769329071045,2901973
2023-05-29,15.100000381469727,15.25,14.970000267028809,15.079999923706055,12.80865478515625,951967
2023-05-30,15.079999923706055,15.079999923706055,14.359999656677246,14.609999656677246,12.409445762634277,5586734
2023-05-31,14.720000267028809,14.90999984741211,14.350000381469727,14.880000114440918,12.638779640197754,3581376
2023-06-01,14.859999656677246,15.5,14.850000381469727,15.130000114440918,12.85112476348877,3008421
2023-06-02,15.100000381469727,15.390000343322754,15.0,15.329999923706055,13.021000862121582,2504213
2023-06-05,15.140000343322754,15.180000305175781,14.770000457763672,15.0,12.905778884887695,3145494
2023-06-06,14.989999771118164,15.199999809265137,14.930000305175781,15.039999961853027,12.940193176269531,2768639
2023-06-07,15.050000190734863,15.100000381469727,14.710000038146973,14.779999732971191,12.716493606567383,4499101
2023-06-08,14.920000076293945,15.0600004196167,14.789999961853027,14.979999542236328,12.888567924499512,3735844
2023-06-09,14.920000076293945,15.039999961853027,14.569999694824219,14.630000114440918,12.587434768676758,2303572
2023-06-12,14.6899995803833,14.739999771118164,14.289999961853027,14.350000381469727,12.346527099609375,2688359
2023-06-13,14.390000343322754,14.399999618530273,14.109999656677246,14.140000343322754,12.165844917297363,2365485
2023-06-14,14.3100004196167,14.390000343322754,14.170000076293945,14.199999809265137,12.217469215393066,5237601
2023-06-15,14.239999771118164,14.470000267028809,14.149999618530273,14.1899995803833,12.208864212036133,3400281
2023-06-16,14.239999771118164,14.300000190734863,13.979999542236328,14.170000076293945,12.191658020019531,12809239
2023-06-19,14.359999656677246,14.359999656677246,14.039999961853027,14.069999694824219,12.105618476867676,1322386
2023-06-20,14.1899995803833,14.569999694824219,14.149999618530273,14.430000305175781,12.415358543395996,2621511
2023-06-21,14.4399995803833,14.550000190734863,14.300000190734863,14.449999809265137,12.432564735412598,2837006
2023-06-22,14.449999809265137,14.479999542236328,14.130000114440918,14.229999542236328,12.243281364440918,805892
2023-06-23,14.210000038146973,14.319999694824219,13.960000038146973,14.130000114440918,12.157243728637695,1946458
2023-06-26,14.199999809265137,14.199999809265137,13.800000190734863,13.819999694824219,11.890522956848145,2299352
2023-06-27,13.819999694824219,13.920000076293945,13.5600004196167,13.829999923706055,11.899126052856445,3508937
2023-06-28,13.859999656677246,13.949999809265137,13.5600004196167,13.720000267028809,11.804485321044922,2681017
2023-06-29,13.920000076293945,13.920000076293945,13.649999618530273,13.699999809265137,11.787275314331055,2436651
2023-06-30,13.680000305175781,13.739999771118164,13.180000305175781,13.180000305175781,11.339877128601074,3149766
2023-07-03,13.260000228881836,13.949999809265137,13.199999809265137,13.800000190734863,11.873316764831543,3168070
2023-07-04,13.770000457763672,13.949999809265137,13.670000076293945,13.739999771118164,11.82169246673584,823929
2023-07-05,13.819999694824219,13.819999694824219,13.529999732971191,13.600000381469727,11.701236724853516,2150366
2023-07-06,13.59000015258789,13.59000015258789,13.25,13.260000228881836,11.408707618713379,1731470
2023-07-07,13.460000038146973,13.569999694824219,13.300000190734863,13.350000381469727,11.486143112182617,1166439
2023-07-10,13.390000343322754,13.510000228881836,13.300000190734863,13.3100004196167,11.451726913452148,731318
2023-07-11,13.390000343322754,13.680000305175781,13.350000381469727,13.5,11.61520004272461,1170522
2023-07-12,13.579999923706055,13.609999656677246,13.460000038146973,13.550000190734863,11.658218383789062,902002
2023-07-13,13.600000381469727,13.979999542236328,13.529999732971191,13.760000228881836,11.83890151977539,1491671
2023-07-14,13.789999961853027,13.930000305175781,13.460000038146973,13.630000114440918,11.72705078125,2203938
2023-07-17,13.630000114440918,13.84000015258789,13.510000228881836,13.59000015258789,11.692633628845215,2508835
2023-07-18,13.670000076293945,13.829999923706055,13.59000015258789,13.65999984741211,11.752861976623535,2391366
2023-07-19,13.6899995803833,13.899999618530273,13.609999656677246,13.649999618530273,11.744256019592285,3884866
2023-07-20,13.899999618530273,14.119999885559082,13.59000015258789,14.039999961853027,12.079809188842773,3855966
2023-07-21,14.039999961853027,14.079999923706055,13.739999771118164,13.90999984741211,11.96795654296875,1893932
2023-07-24,13.960000038146973,14.430000305175781,13.880000114440918,14.029999732971191,12.07120418548584,2228894
2023-07-25,14.09000015258789,14.289999961853027,14.0600004196167,14.149999618530273,12.174449920654297,2010439
2023-07-26,14.149999618530273,14.5,14.140000343322754,14.260000228881836,12.269091606140137,1490116
2023-07-27,14.399999618530273,15.0,14.270000457763672,14.850000381469727,12.77672004699707,6170769
2023-07-28,14.710000038146973,15.25,14.710000038146973,14.9399995803833,12.854154586791992,2451612
2023-07-31,14.90999984741211,15.050000190734863,14.6899995803833,15.010000228881836,12.914381980895996,2787937
2023-08-01,14.890000343322754,14.899999618530273,14.470000267028809,14.529999732971191,12.501395225524902,3903973
2023-08-02,14.5,14.5600004196167,14.369999885559082,14.430000305175781,12.415358543395996,7162158
2023-08-03,14.420000076293945,14.699999809265137,14.260000228881836,14.380000114440918,12.37233829498291,1994929
2023-08-04,14.380000114440918,14.779999732971191,14.350000381469727,14.489999771118164,12.466980934143066,4218638
2023-08-07,14.539999961853027,14.9399995803833,14.34000015258789,14.920000076293945,12.836946487426758,2840501
2023-08-08,14.789999961853027,14.890000343322754,14.420000076293945,14.510000228881836,12.484190940856934,1857381
2023-08-09,14.520000457763672,14.989999771118164,14.460000038146973,14.869999885559082,12.793928146362305,2904359
2023-08-10,14.859999656677246,14.899999618530273,14.4399995803833,14.649999618530273,12.604642868041992,2479246
2023-08-11,14.609999656677246,14.770000457763672,14.34000015258789,14.649999618530273,12.604642868041992,2686326
2023-08-14,14.640000343322754,14.680000305175781,14.279999732971191,14.369999885559082,12.363736152648926,4391577
2023-08-15,14.359999656677246,14.40999984741211,13.970000267028809,14.149999618530273,12.174449920654297,2857516
2023-08-16,14.149999618530273,14.520000457763672,14.149999618530273,14.289999961853027,12.294904708862305,3112480
2023-08-17,14.300000190734863,14.329999923706055,13.819999694824219,13.930000305175781,11.9851655960083,13059684
2023-08-18,13.949999809265137,14.050000190734863,13.640000343322754,13.739999771118164,11.82169246673584,2140433
2023-08-21,13.850000381469727,13.899999618530273,13.520000457763672,13.630000114440918,11.72705078125,2177075
2023-08-22,13.760000228881836,14.0,13.5600004196167,13.649999618530273,11.744256019592285,2945692
2023-08-23,13.699999809265137,13.859999656677246,13.600000381469727,13.720000267028809,11.804485321044922,2925871
2023-08-24,13.680000305175781,13.699999809265137,13.510000228881836,13.600000381469727,11.701236724853516,2997135
2023-08-25,13.5600004196167,13.680000305175781,13.489999771118164,13.510000228881836,11.623804092407227,3475842
2023-08-28,13.550000190734863,13.859999656677246,13.550000190734863,13.699999809265137,11.787275314331055,2331834
2023-08-29,13.779999732971191,14.149999618530273,13.649999618530273,13.949999809265137,12.002374649047852,2518289
2023-08-30,13.970000267028809,14.260000228881836,13.800000190734863,14.050000190734863,12.088410377502441,2422778
2023-08-31,14.020000457763672,14.069999694824219,13.760000228881836,13.829999923706055,11.899126052856445,2776906
2023-09-01,13.899999618530273,14.130000114440918,13.770000457763672,14.109999656677246,12.140033721923828,3750925
2023-09-04,14.119999885559082,14.229999542236328,13.949999809265137,14.029999732971191,12.07120418548584,1198375
2023-09-05,14.100000381469727,14.180000305175781,13.920000076293945,14.100000381469727,12.131430625915527,2506825
2023-09-06,14.119999885559082,14.420000076293945,14.0,14.34000015258789,12.337924003601074,3237308
2023-09-07,14.300000190734863,14.800000190734863,14.029999732971191,14.300000190734863,12.303507804870605,2085929
2023-09-08,14.199999809265137,14.399999618530273,14.069999694824219,14.300000190734863,12.303507804870605,2635433
2023-09-11,14.300000190734863,14.770000457763672,14.260000228881836,14.5,12.475584983825684,3193975
2023-09-12,14.539999961853027,14.59000015258789,14.180000305175781,14.300000190734863,12.303507804870605,1699292
2023-09-13,14.279999732971191,14.40999984741211,14.0,14.210000038146973,12.226073265075684,3427700
2023-09-14,14.199999809265137,14.3100004196167,13.989999771118164,14.199999809265137,12.217469215393066,3435057
2023-09-15,14.270000457763672,14.270000457763672,13.760000228881836,13.8100004196167,11.881919860839844,6712972
2023-09-18,13.90999984741211,14.119999885559082,13.729999542236328,13.920000076293945,11.976561546325684,2632610
2023-09-19,13.989999771118164,14.350000381469727,13.899999618530273,14.0600004196167,12.097014427185059,6187712
2023-09-20,14.149999618530273,14.699999809265137,14.0600004196167,14.390000343322754,12.380941390991211,3102281
2023-09-21,14.350000381469727,14.5,14.100000381469727,14.279999732971191,12.286299705505371,2753511
2023-09-22,14.300000190734863,14.569999694824219,14.300000190734863,14.3100004196167,12.312113761901855,2279302
2023-09-25,14.329999923706055,14.479999542236328,14.220000267028809,14.289999961853027,12.294904708862305,2443934
2023-09-26,14.199999809265137,14.210000038146973,14.0,14.130000114440918,12.157243728637695,2661453
2023-09-27,13.970000267028809,14.010000228881836,13.800000190734863,13.899999618530273,11.959354400634766,2882400
2023-09-28,13.920000076293945,13.920000076293945,13.550000190734863,13.630000114440918,11.894845008850098,2922572
2023-09-29,13.699999809265137,13.829999923706055,13.319999694824219,13.399999618530273,11.694123268127441,3748355
2023-10-02,13.5,13.640000343322754,13.350000381469727,13.539999961853027,11.816302299499512,4614617
2023-10-03,13.5,13.869999885559082,13.300000190734863,13.579999923706055,11.851207733154297,4606733
2023-10-04,13.600000381469727,13.680000305175781,13.479999542236328,13.619999885559082,11.88611888885498,3880871
2023-10-05,13.630000114440918,13.84000015258789,13.420000076293945,13.729999542236328,11.982111930847168,3731259
2023-10-06,13.819999694824219,13.899999618530273,13.460000038146973,13.569999694824219,11.842480659484863,4745050
2023-10-09,13.510000228881836,13.670000076293945,13.25,13.430000305175781,11.720305442810059,4243800
2023-10-10,13.319999694824219,13.579999923706055,13.319999694824219,13.449999809265137,11.73775863647461,4739327
2023-10-11,13.539999961853027,13.539999961853027,13.210000038146973,13.369999885559082,11.667943000793457,3889868
2023-10-12,13.319999694824219,13.399999618530273,13.100000381469727,13.239999771118164,11.554492950439453,3503500
2023-10-13,13.260000228881836,13.34000015258789,13.100000381469727,13.260000228881836,11.57194709777832,3676592
2023-10-16,13.199999809265137,13.579999923706055,13.149999618530273,13.369999885559082,11.667943000793457,3561285
2023-10-17,13.319999694824219,13.579999923706055,13.3100004196167,13.399999618530273,11.694123268127441,3756251
2023-10-18,13.34000015258789,13.359999656677246,13.010000228881836,13.069999694824219,11.406133651733398,7043513
2023-10-19,13.130000114440918,13.390000343322754,13.0,13.109999656677246,11.441041946411133,3590569
2023-10-20,13.079999923706055,13.149999618530273,12.930000305175781,13.010000228881836,11.353772163391113,4444570
2023-10-23,12.979999542236328,13.119999885559082,12.779999732971191,12.9399995803833,11.292682647705078,2700871
2023-10-24,13.010000228881836,13.5,12.90999984741211,13.079999923706055,11.414860725402832,4754082
2023-10-25,13.1899995803833,13.5,12.930000305175781,13.020000457763672,11.362499237060547,4386572
2023-10-26,13.109999656677246,13.430000305175781,13.100000381469727,13.359999656677246,11.659217834472656,2494443
2023-10-27,13.300000190734863,13.489999771118164,13.199999809265137,13.319999694824219,11.624308586120605,2475819
2023-10-30,13.270000457763672,13.6899995803833,13.260000228881836,13.550000190734863,11.825027465820312,3351688
2023-10-31,13.489999771118164,13.65999984741211,13.399999618530273,13.420000076293945,11.711577415466309,3671634
2023-11-01,13.520000457763672,13.600000381469727,13.300000190734863,13.59000015258789,11.85993480682373,5451420
2023-11-03,13.720000267028809,14.470000267028809,13.640000343322754,14.149999618530273,12.348645210266113,3786557
2023-11-06,14.100000381469727,14.6899995803833,14.0600004196167,14.510000228881836,12.662818908691406,4021951
2023-11-07,14.399999618530273,14.859999656677246,14.319999694824219,14.640000343322754,12.776267051696777,4191044
2023-11-08,14.5600004196167,14.800000190734863,14.319999694824219,14.390000343322754,12.55809211730957,4030051
2023-11-09,14.390000343322754,14.59000015258789,14.140000343322754,14.390000343322754,12.55809211730957,3097114
2023-11-10,14.329999923706055,14.489999771118164,14.220000267028809,14.279999732971191,12.462096214294434,3365513
2023-11-13,14.270000457763672,14.300000190734863,13.84000015258789,13.890000343322754,12.121746063232422,3536752
2023-11-14,13.960000038146973,14.140000343322754,13.680000305175781,13.829999923706055,12.069382667541504,4618609
2023-11-15,13.880000114440918,14.0,13.779999732971191,13.90999984741211,12.139198303222656,3936208
2023-11-16,13.899999618530273,14.15999984741211,13.850000381469727,14.0600004196167,12.270103454589844,3836641
2023-11-17,14.140000343322754,14.270000457763672,14.0,14.119999885559082,12.322463989257812,3747370
2023-11-21,14.100000381469727,14.6899995803833,14.010000228881836,14.510000228881836,12.662818908691406,4360426
2023-11-22,14.510000228881836,14.9399995803833,14.510000228881836,14.699999809265137,12.828628540039062,3597034
2023-11-23,14.640000343322754,14.729999542236328,14.449999809265137,14.609999656677246,12.750085830688477,2919283
2023-11-24,14.699999809265137,14.949999809265137,14.619999885559082,14.800000190734863,12.91589641571045,2554005
2023-11-27,14.75,14.800000190734863,14.359999656677246,14.430000305175781,12.593001365661621,7564850
2023-11-28,14.5600004196167,14.680000305175781,14.079999923706055,14.220000267028809,12.409734725952148,7103358
2023-11-29,14.34000015258789,14.510000228881836,14.09000015258789,14.260000228881836,12.44464111328125,4825310
2023-11-30,14.270000457763672,14.380000114440918,14.029999732971191,14.15999984741211,12.357372283935547,14379211
2023-12-01,14.069999694824219,14.279999732971191,13.880000114440918,14.15999984741211,12.357372283935547,4255085
2023-12-04,14.180000305175781,14.229999542236328,13.720000267028809,13.869999885559082,12.104290962219238,4636794
2023-12-05,13.859999656677246,13.859999656677246,13.550000190734863,13.680000305175781,11.938477516174316,4433910
2023-12-06,13.720000267028809,13.850000381469727,13.520000457763672,13.770000457763672,12.017022132873535,11859496
2023-12-07,13.739999771118164,13.890000343322754,13.600000381469727,13.670000076293945,11.929752349853516,3283272
2023-12-08,13.670000076293945,13.670000076293945,13.279999732971191,13.390000343322754,11.68539810180664,6048680
2023-12-11,13.420000076293945,13.449999809265137,13.15999984741211,13.229999542236328,11.545763969421387,4683734
2023-12-13,13.260000228881836,13.260000228881836,12.869999885559082,13.1899995803833,11.510857582092285,5030872
2023-12-14,13.220000267028809,13.489999771118164,12.970000267028809,13.430000305175781,11.720305442810059,26488460
2023-12-15,13.449999809265137,13.699999809265137,13.100000381469727,13.520000457763672,11.798848152160645,5837752
2023-12-18,13.529999732971191,13.65999984741211,13.479999542236328,13.600000381469727,11.868661880493164,4407184
2023-12-19,13.600000381469727,13.75,13.5,13.649999618530273,11.912297248840332,4715536
2023-12-20,13.680000305175781,13.90999984741211,13.630000114440918,13.699999809265137,11.9559326171875,4020452
2023-12-21,13.619999885559082,13.989999771118164,13.619999885559082,13.75,11.999567985534668,2748735
2023-12-22,13.739999771118164,13.739999771118164,13.5,13.510000228881836,11.960683822631836,2677546
2023-12-26,13.59000015258789,14.229999542236328,13.350000381469727,14.119999885559082,12.50072956085205,5295289
2023-12-27,14.0600004196167,14.579999923706055,13.90999984741211,14.470000267028809,12.810592651367188,3579572
2023-12-28,14.470000267028809,14.539999961853027,14.199999809265137,14.34000015258789,12.695501327514648,2568877
2023-12-29,14.279999732971191,14.5,14.079999923706055,14.140000343322754,12.51843547821045,3664922
2024-01-02,14.149999618530273,14.5,14.100000381469727,14.359999656677246,12.71320629119873,3363920
2024-01-03,14.300000190734863,14.399999618530273,14.140000343322754,14.210000038146973,12.580409049987793,3662098
2024-01-04,14.210000038146973,14.489999771118164,14.0,14.09000015258789,12.474169731140137,4933189
2024-01-05,14.069999694824219,14.5,14.039999961853027,14.34000015258789,12.695501327514648,2859707
2024-01-08,14.319999694824219,14.5,14.199999809265137,14.359999656677246,12.71320629119873,3701631
2024-01-09,14.229999542236328,14.289999961853027,13.970000267028809,14.119999885559082,12.50072956085205,3557246
2024-01-10,14.199999809265137,14.25,13.680000305175781,13.789999961853027,12.208572387695312,4297551
2024-01-11,13.789999961853027,13.989999771118164,13.75,13.9399995803833,12.3413724899292,3592921
2024-01-12,13.970000267028809,14.300000190734863,13.960000038146973,14.170000076293945,12.544995307922363,2122249
2024-01-15,14.170000076293945,14.479999542236328,14.100000381469727,14.319999694824219,12.67779541015625,567883
2024-01-16,14.399999618530273,14.420000076293945,14.020000457763672,14.109999656677246,12.491874694824219,2932805
2024-01-17,14.09000015258789,14.199999809265137,13.600000381469727,13.770000457763672,12.19086742401123,4139683
2024-01-18,13.859999656677246,13.949999809265137,13.479999542236328,13.579999923706055,12.022655487060547,4048430
2024-01-19,13.649999618530273,13.729999542236328,13.520000457763672,13.680000305175781,12.111187934875488,2566822
2024-01-22,13.670000076293945,13.880000114440918,13.470000267028809,13.470000267028809,11.925272941589355,3392058
2024-01-23,13.489999771118164,13.899999618530273,13.430000305175781,13.770000457763672,12.19086742401123,4583277
2024-01-24,13.739999771118164,14.15999984741211,13.710000038146973,13.880000114440918,12.288252830505371,5827357
2024-01-25,14.010000228881836,14.5,13.729999542236328,14.149999618530273,12.527289390563965,5238513
2024-01-26,14.140000343322754,14.720000267028809,14.140000343322754,14.579999923706055,12.907977104187012,2990276
2024-01-29,14.520000457763672,14.6899995803833,13.899999618530273,14.149999618530273,12.527289390563965,4177552
2024-01-30,14.15999984741211,14.420000076293945,13.680000305175781,14.130000114440918,12.509583473205566,5245507
2024-01-31,14.170000076293945,14.5,14.050000190734863,14.09000015258789,12.474169731140137,5842647
2024-02-01,14.149999618530273,14.489999771118164,14.079999923706055,14.09000015258789,12.474169731140137,4060043
2024-02-02,14.170000076293945,14.300000190734863,14.010000228881836,14.100000381469727,12.48302173614502,2606986
2024-02-06,14.180000305175781,14.380000114440918,14.010000228881836,14.100000381469727,12.48302173614502,4424431
2024-02-07,14.199999809265137,14.289999961853027,13.90999984741211,13.989999771118164,12.385638236999512,4930017
2024-02-08,14.0,14.029999732971191,13.260000228881836,13.329999923706055,11.801326751708984,3169318
2024-02-09,13.430000305175781,13.470000267028809,12.979999542236328,13.149999618530273,11.6419677734375,2506195
2024-02-12,13.220000267028809,13.220000267028809,13.09000015258789,13.130000114440918,11.624261856079102,3899098
2024-02-13,13.149999618530273,13.279999732971191,13.0600004196167,13.149999618530273,11.6419677734375,2981999
2024-02-14,13.210000038146973,13.229999542236328,13.029999732971191,13.119999885559082,11.61540699005127,1999352
2024-02-15,13.149999618530273,13.350000381469727,13.119999885559082,13.270000457763672,11.748208045959473,2785312
2024-02-16,13.300000190734863,13.3100004196167,12.579999923706055,12.619999885559082,11.172748565673828,5207799
2024-02-19,12.729999542236328,12.899999618530273,12.699999809265137,12.770000457763672,11.30554485321045,1422192
2024-02-20,12.789999961853027,12.920000076293945,12.510000228881836,12.539999961853027,11.101923942565918,3730416
2024-02-21,12.600000381469727,12.739999771118164,12.460000038146973,12.550000190734863,11.110776901245117,3895278
2024-02-22,12.5,13.970000267028809,12.390000343322754,13.819999694824219,12.235133171081543,10953478
2024-02-23,13.800000190734863,14.40999984741211,13.779999732971191,14.270000457763672,12.633527755737305,5005154
2024-02-26,14.300000190734863,14.529999732971191,13.960000038146973,14.100000381469727,12.48302173614502,4202095
2024-02-27,13.970000267028809,14.119999885559082,13.869999885559082,13.90999984741211,12.314812660217285,2603238
2024-02-28,13.899999618530273,13.930000305175781,13.300000190734863,13.359999656677246,11.827887535095215,4508699
2024-02-29,13.380000114440918,13.380000114440918,13.029999732971191,13.1899995803833,11.677380561828613,5454273
2024-03-01,13.199999809265137,13.979999542236328,13.130000114440918,13.760000228881836,12.182015419006348,3258629
2024-03-04,13.819999694824219,14.140000343322754,13.789999961853027,13.930000305175781,12.33251953125,2201277
2024-03-05,13.869999885559082,14.399999618530273,13.850000381469727,14.390000343322754,12.739766120910645,3164842
2024-03-06,14.359999656677246,14.380000114440918,14.010000228881836,14.079999923706055,12.465315818786621,2779215
2024-03-07,14.069999694824219,14.180000305175781,13.930000305175781,14.039999961853027,12.42990493774414,1990470
2024-03-08,14.010000228881836,14.1899995803833,13.949999809265137,14.010000228881836,12.40334415435791,1816983
2024-03-11,14.010000228881836,14.350000381469727,14.010000228881836,14.1899995803833,12.562701225280762,2348734
2024-03-12,14.220000267028809,14.390000343322754,14.079999923706055,14.130000114440918,12.509583473205566,2178132
2024-03-13,14.0600004196167,14.420000076293945,14.0600004196167,14.300000190734863,12.660087585449219,2877347
2024-03-14,14.3100004196167,14.600000381469727,14.289999961853027,14.550000190734863,12.881417274475098,3236514
2024-03-15,14.369999885559082,14.800000190734863,14.369999885559082,14.789999961853027,13.093894958496094,8561200
2024-03-19,14.619999885559082,14.850000381469727,14.420000076293945,14.800000190734863,13.102746963500977,2450614
2024-03-20,14.649999618530273,14.960000038146973,14.649999618530273,14.84000015258789,13.138161659240723,2534098
2024-03-21,14.710000038146973,15.369999885559082,14.710000038146973,15.210000038146973,13.646032333374023,2608205
2024-03-22,15.220000267028809,15.229999542236328,14.829999923706055,14.989999771118164,13.448655128479004,2253743
2024-03-25,15.0,15.579999923706055,14.710000038146973,15.460000038146973,13.870327949523926,4433667
2024-03-26,15.420000076293945,15.779999732971191,15.350000381469727,15.510000228881836,13.915186882019043,2372377
2024-03-27,15.550000190734863,15.930000305175781,15.449999809265137,15.6899995803833,14.076675415039062,2956976
2024-04-01,15.770000457763672,15.850000381469727,15.210000038146973,15.399999618530273,13.816496849060059,5609531
2024-04-02,15.40999984741211,15.59000015258789,15.199999809265137,15.430000305175781,13.84341049194336,3269363
2024-04-03,15.510000228881836,15.760000228881836,15.260000228881836,15.59000015258789,13.986961364746094,3462808
2024-04-04,15.59000015258789,15.9399995803833,15.489999771118164,15.90999984741211,14.274055480957031,2590097
2024-04-05,15.859999656677246,15.920000076293945,15.300000190734863,15.460000038146973,13.870327949523926,2941713
2024-04-08,15.449999809265137,15.890000343322754,15.369999885559082,15.850000381469727,14.220226287841797,1480387
2024-04-09,15.850000381469727,15.920000076293945,15.470000267028809,15.729999542236328,14.112563133239746,2257531
2024-04-10,15.739999771118164,15.770000457763672,15.260000228881836,15.289999961853027,13.717805862426758,3673254
2024-04-11,15.3100004196167,15.539999961853027,15.220000267028809,15.40999984741211,13.825469017028809,2739869
2024-04-12,15.5,15.5600004196167,15.050000190734863,15.130000114440918,13.574260711669922,2701620
2024-04-15,15.039999961853027,15.039999961853027,14.430000305175781,14.600000381469727,13.09875774383545,2633440
2024-04-16,14.449999809265137,14.569999694824219,14.300000190734863,14.3100004196167,12.838577270507812,3051665
2024-04-17,14.289999961853027,14.489999771118164,13.899999618530273,14.100000381469727,12.650168418884277,3684223
2024-04-18,14.100000381469727,14.680000305175781,14.050000190734863,14.449999809265137,12.964179039001465,4056939
2024-04-19,14.479999542236328,15.149999618530273,14.4399995803833,15.109999656677246,13.556316375732422,4111855
2024-04-22,15.010000228881836,15.460000038146973,14.800000190734863,15.399999618530273,13.816496849060059,3374905
2024-04-23,15.430000305175781,15.449999809265137,15.029999732971191,15.109999656677246,13.556316375732422,2265801
2024-04-24,15.069999694824219,15.069999694824219,14.3100004196167,14.640000343322754,13.134644508361816,4201098
2024-04-25,14.779999732971191,16.239999771118164,14.779999732971191,15.800000190734863,14.17536735534668,6137884
2024-04-26,15.800000190734863,16.479999542236328,15.800000190734863,16.34000015258789,14.659842491149902,4739871
2024-04-29,16.34000015258789,16.8700008392334,16.34000015258789,16.59000015258789,14.884134292602539,3646083
2024-04-30,16.65999984741211,17.219999313354492,16.34000015258789,16.6200008392334,14.911051750183105,3902223
2024-05-02,16.719999313354492,17.270000457763672,16.670000076293945,17.06999969482422,15.314779281616211,3621459
2024-05-03,16.950000762939453,17.190000534057617,16.329999923706055,16.56999969482422,14.866189956665039,3954308
2024-05-06,16.649999618530273,17.079999923706055,16.469999313354492,17.020000457763672,15.269922256469727,3589023
2024-05-07,17.040000915527344,17.579999923706055,17.010000228881836,17.25,15.476272583007812,2994479
2024-05-08,17.1299991607666,17.399999618530273,16.829999923706055,17.260000228881836,15.48524284362793,2317336
2024-05-09,17.1299991607666,17.549999237060547,16.829999923706055,17.530000686645508,15.7274808883667,3303656
2024-05-10,17.510000228881836,17.700000762939453,17.25,17.329999923706055,15.548043251037598,2873091
2024-05-13,17.31999969482422,17.700000762939453,17.219999313354492,17.25,15.476272583007812,1752139
2024-05-14,17.31999969482422,17.399999618530273,16.8700008392334,16.90999984741211,15.171231269836426,2451712
2024-05-15,16.989999771118164,17.549999237060547,16.950000762939453,17.139999389648438,15.377579689025879,5779259
2024-05-16,17.15999984741211,17.360000610351562,16.81999969482422,17.040000915527344,15.287864685058594,3145387
2024-05-17,16.950000762939453,17.18000030517578,16.770000457763672,16.899999618530273,15.162259101867676,4572117
2024-05-20,16.690000534057617,17.34000015258789,16.690000534057617,17.149999618530273,15.386552810668945,7484103
2024-05-21,17.200000762939453,17.290000915527344,16.549999237060547,16.639999389648438,14.92899227142334,2507079
2024-05-22,16.719999313354492,17.06999969482422,16.600000381469727,16.940000534057617,15.198145866394043,2265774
2024-05-23,17.040000915527344,17.15999984741211,16.260000228881836,16.93000030517578,15.18917465209961,4025200
2024-05-24,17.0,17.0,16.639999389648438,16.670000076293945,14.95590877532959,3216742
2024-05-27,16.68000030517578,16.809999465942383,16.549999237060547,16.649999618530273,14.937965393066406,875151
2024-05-28,16.68000030517578,17.079999923706055,16.68000030517578,17.0,15.25197982788086,3360009
2024-05-29,16.989999771118164,17.889999389648438,16.989999771118164,17.68000030517578,15.862054824829102,4378985
2024-05-30,17.690000534057617,18.770000457763672,17.6200008392334,18.559999465942383,16.651569366455078,4687152
2024-05-31,18.559999465942383,18.559999465942383,17.270000457763672,17.709999084472656,15.888969421386719,5828893
2024-06-03,17.670000076293945,17.770000457763672,15.210000038146973,15.6899995803833,14.076675415039062,2781843
2024-06-04,15.8100004196167,17.329999923706055,15.8100004196167,17.229999542236328,15.458328247070312,3041100
2024-06-05,17.1200008392334,18.079999923706055,17.1200008392334,17.799999237060547,15.969714164733887,2357634
2024-06-06,18.010000228881836,18.399999618530273,17.229999542236328,17.40999984741211,15.619818687438965,3715959
2024-06-07,17.3700008392334,17.489999771118164,16.360000610351562,16.610000610351562,14.902079582214355,2739069
2024-06-10,16.780000686645508,17.850000381469727,16.780000686645508,17.700000762939453,15.880000114440918,6978037
2024-06-11,17.479999542236328,18.0,17.239999771118164,17.34000015258789,15.557016372680664,5325101
2024-06-12,17.399999618530273,17.6200008392334,16.420000076293945,16.489999771118164,14.794418334960938,3565098
2024-06-13,16.559999465942383,17.139999389648438,16.34000015258789,16.3799991607666,14.69572639465332,5016961
2024-06-14,16.450000762939453,16.760000228881836,16.270000457763672,16.309999465942383,14.632925033569336,3803673
2024-06-17,16.350000381469727,16.6200008392334,15.84000015258789,16.299999237060547,14.623952865600586,4582593
2024-06-18,16.440000534057617,17.600000381469727,16.440000534057617,17.350000381469727,15.565987586975098,3838946
2024-06-19,17.229999542236328,17.5,17.229999542236328,17.459999084472656,15.664674758911133,772889
2024-06-20,17.299999237060547,17.450000762939453,16.559999465942383,16.809999465942383,15.256268501281738,2217246
2024-06-21,16.979999542236328,17.079999923706055,16.5,16.6299991607666,15.092906951904297,8765571
2024-06-24,16.68000030517578,17.15999984741211,16.290000915527344,17.110000610351562,15.528542518615723,3994793
2024-06-25,16.989999771118164,17.25,16.6200008392334,17.1200008392334,15.537617683410645,1294036
2024-06-26,17.1200008392334,17.139999389648438,16.510000228881836,16.75,15.201814651489258,2870345
2024-06-27,16.739999771118164,16.989999771118164,16.549999237060547,16.940000534057617,15.374258041381836,2835208
2024-06-28,16.850000381469727,17.450000762939453,16.670000076293945,17.18000030517578,15.592071533203125,2419275
2024-07-01,17.200000762939453,17.399999618530273,16.920000076293945,17.079999923706055,15.501313209533691,2188608
2024-07-02,17.040000915527344,17.219999313354492,16.34000015258789,16.56999969482422,15.0384521484375,2773319
2024-07-03,16.5,16.979999542236328,16.5,16.829999923706055,15.274421691894531,3962064
2024-07-04,16.8700008392334,17.43000030517578,16.8700008392334,17.06999969482422,15.492238998413086,575285
2024-07-05,17.18000030517578,17.270000457763672,16.75,16.90999984741211,15.347026824951172,3248961
2024-07-08,16.93000030517578,17.84000015258789,16.920000076293945,17.84000015258789,16.191068649291992,5234012
2024-07-09,17.84000015258789,18.389999389648438,17.84000015258789,18.299999237060547,16.608549118041992,4842437
2024-07-10,18.290000915527344,19.149999618530273,18.010000228881836,18.8799991607666,17.13494110107422,9473900
2024-07-11,18.850000381469727,19.1200008392334,18.799999237060547,18.8700008392334,17.12586784362793,4716919
2024-07-12,18.81999969482422,19.0,18.299999237060547,18.530000686645508,16.817293167114258,2479365
2024-07-15,18.420000076293945,18.520000457763672,17.889999389648438,17.93000030517578,16.272750854492188,3081890
2024-07-16,18.110000610351562,18.360000610351562,17.639999389648438,18.1299991607666,16.454265594482422,2570350
2024-07-17,18.15999984741211,18.309999465942383,17.649999618530273,17.770000457763672,16.12753677368164,4157897
2024-07-18,17.809999465942383,18.06999969482422,17.450000762939453,17.670000076293945,16.03678321838379,6062060
2024-07-19,17.3799991607666,17.8700008392334,16.979999542236328,17.739999771118164,16.100311279296875,3136105
2024-07-22,17.809999465942383,18.059999465942383,17.200000762939453,17.350000381469727,15.746357917785645,2300398
2024-07-23,17.459999084472656,18.079999923706055,17.1299991607666,17.639999389648438,16.009553909301758,4297180
2024-07-24,17.729999542236328,17.959999084472656,17.149999618530273,17.399999618530273,15.79173755645752,3000841
2024-07-25,17.43000030517578,18.489999771118164,17.18000030517578,17.739999771118164,16.100311279296875,5132446
2024-07-26,17.8799991607666,18.940000534057617,17.8799991607666,18.899999618530273,17.153091430664062,5783999
2024-07-29,18.899999618530273,18.989999771118164,18.530000686645508,18.8700008392334,17.12586784362793,1390428
2024-07-30,18.770000457763672,19.09000015258789,18.770000457763672,18.950000762939453,17.19847297668457,4194949
2024-07-31,19.09000015258789,19.350000381469727,18.68000030517578,19.149999618530273,17.37998390197754,5251241
2024-08-01,19.100000381469727,19.100000381469727,18.639999389648438,18.760000228881836,17.02603530883789,3350798
2024-08-02,18.459999084472656,19.0,18.149999618530273,18.8799991607666,17.13494110107422,2204221
2024-08-05,18.639999389648438,18.850000381469727,18.010000228881836,18.510000228881836,16.799142837524414,3647373
2024-08-06,18.59000015258789,18.59000015258789,18.229999542236328,18.40999984741211,16.708383560180664,4072474
2024-08-07,18.389999389648438,18.920000076293945,18.350000381469727,18.360000610351562,16.663005828857422,2643754
2024-08-08,18.5,18.75,18.40999984741211,18.530000686645508,16.817293167114258,4092540
2024-08-09,18.670000076293945,18.889999389648438,18.559999465942383,18.81999969482422,17.080488204956055,2810052
2024-08-12,18.780000686645508,18.829999923706055,18.31999969482422,18.780000686645508,17.044185638427734,2193347
2024-08-13,18.780000686645508,19.399999618530273,18.610000610351562,19.350000381469727,17.561498641967773,3149937
2024-08-14,19.479999542236328,19.610000610351562,19.149999618530273,19.489999771118164,17.688560485839844,2498435
2024-08-15,19.489999771118164,19.600000381469727,19.229999542236328,19.549999237060547,17.74301528930664,3568980
2024-08-16,19.56999969482422,19.950000762939453,19.3700008392334,19.790000915527344,17.960830688476562,3062593
2024-08-19,19.84000015258789,20.0,19.649999618530273,19.790000915527344,17.960830688476562,2637026
2024-08-20,19.950000762939453,20.030000686645508,19.780000686645508,19.829999923706055,17.99713706970215,3382499
2024-08-21,19.889999389648438,19.889999389648438,19.3700008392334,19.520000457763672,17.715789794921875,1714397
2024-08-22,19.520000457763672,19.770000457763672,19.3700008392334,19.5,17.697635650634766,3560948
2024-08-23,19.59000015258789,19.65999984741211,19.280000686645508,19.489999771118164,17.688560485839844,2675346
2024-08-26,19.360000610351562,19.6200008392334,19.239999771118164,19.399999618530273,17.60688018798828,2369314
2024-08-27,19.31999969482422,19.420000076293945,18.799999237060547,18.979999542236328,17.2257022857666,2679086
2024-08-28,18.920000076293945,19.09000015258789,18.600000381469727,18.8799991607666,17.13494110107422,2516102
2024-08-29,18.610000610351562,19.06999969482422,18.610000610351562,18.739999771118164,17.007883071899414,3405193
2024-08-30,18.709999084472656,19.030000686645508,18.59000015258789,18.989999771118164,17.234773635864258,3434126
2024-09-02,18.860000610351562,19.389999389648438,18.860000610351562,19.190000534057617,17.416288375854492,903226
2024-09-03,18.93000030517578,19.09000015258789,18.40999984741211,18.989999771118164,17.234773635864258,6972211
2024-09-04,19.0,19.8799991607666,19.0,19.5,17.697635650634766,4658761
2024-09-05,19.510000228881836,19.510000228881836,19.1200008392334,19.260000228881836,17.47981834411621,6585600
2024-09-06,19.18000030517578,19.8799991607666,19.15999984741211,19.739999771118164,17.91545295715332,3011087
2024-09-09,19.549999237060547,19.850000381469727,19.549999237060547,19.700000762939453,17.879150390625,2443271
2024-09-10,19.709999084472656,20.700000762939453,19.670000076293945,20.469999313354492,18.577980041503906,4054479
2024-09-11,20.540000915527344,21.5,20.540000915527344,21.459999084472656,19.476476669311523,4489065
2024-09-12,21.469999313354492,21.5,21.200000762939453,21.309999465942383,19.3403377532959,1807862
2024-09-13,21.200000762939453,21.489999771118164,20.860000610351562,21.079999923706055,19.312854766845703,2704598
2024-09-17,21.0,21.399999618530273,20.84000015258789,21.15999984741211,19.38614845275879,4039792
2024-09-18,21.219999313354492,21.239999771118164,20.739999771118164,20.889999389648438,19.138784408569336,2919548
2024-09-19,20.899999618530273,21.809999465942383,20.649999618530273,21.450000762939453,19.651840209960938,6112738
2024-09-20,21.489999771118164,21.84000015258789,20.780000686645508,20.799999237060547,19.05632781982422,13292337
2024-09-23,20.93000030517578,21.290000915527344,20.469999313354492,20.760000228881836,19.019681930541992,9001185
2024-09-24,20.8700008392334,21.510000228881836,20.8700008392334,21.209999084472656,19.431957244873047,8378628
2024-09-25,21.209999084472656,22.700000762939453,21.209999084472656,22.34000015258789,20.46722984313965,8910205
2024-09-26,22.34000015258789,22.8700008392334,22.34000015258789,22.489999771118164,20.60465431213379,4271757
2024-09-27,22.489999771118164,22.719999313354492,22.270000457763672,22.399999618530273,20.522199630737305,3278626
2024-09-30,22.280000686645508,22.65999984741211,22.110000610351562,22.649999618530273,20.751243591308594,4679003
2024-10-02,22.649999618530273,23.209999084472656,22.540000915527344,23.079999923706055,21.14519691467285,7767262
2024-10-03,23.18000030517578,23.790000915527344,22.899999618530273,23.040000915527344,21.108549118041992,5930412
2024-10-04,23.200000762939453,23.40999984741211,22.5,22.5,20.61381721496582,4028480
2024-10-07,22.75,23.15999984741211,22.6299991607666,22.670000076293945,20.76956558227539,4245005
2024-10-08,22.8700008392334,24.350000381469727,22.8700008392334,23.950000762939453,21.9422664642334,5610060
2024-10-09,24.450000762939453,24.450000762939453,23.510000228881836,23.760000228881836,21.768190383911133,4391040
2024-10-10,23.809999465942383,24.0,23.5,23.780000686645508,21.786514282226562,5960543
2024-10-11,23.790000915527344,23.940000534057617,23.450000762939453,23.510000228881836,21.53915023803711,2397093
2024-10-14,23.56999969482422,24.06999969482422,23.520000457763672,23.700000762939453,21.713220596313477,3899546
2024-10-15,23.780000686645508,24.34000015258789,23.450000762939453,24.18000030517578,22.15298080444336,9911079
2024-10-16,24.270000457763672,24.860000610351562,24.15999984741211,24.649999618530273,22.583581924438477,3937896
2024-10-17,24.649999618530273,25.1200008392334,24.520000457763672,24.989999771118164,22.895082473754883,6427163
2024-10-18,24.799999237060547,25.170000076293945,24.43000030517578,24.520000457763672,22.464481353759766,1535630
2024-10-21,24.5,24.889999389648438,24.34000015258789,24.690000534057617,22.620227813720703,2898262
2024-10-22,24.709999084472656,24.969999313354492,24.40999984741211,24.420000076293945,22.372859954833984,3248382
2024-10-23,24.549999237060547,24.760000228881836,24.1299991607666,24.489999771118164,22.436992645263672,2501635
2024-10-24,24.489999771118164,26.479999542236328,24.399999618530273,25.3700008392334,23.243223190307617,8001815
2024-10-25,25.3799991607666,26.260000228881836,25.3799991607666,25.690000534057617,23.536396026611328,8383653
2024-10-28,25.719999313354492,25.950000762939453,25.420000076293945,25.670000076293945,23.518075942993164,1533840
2024-10-29,25.860000610351562,25.860000610351562,25.399999618530273,25.510000228881836,23.371488571166992,3049205
2024-10-30,25.579999923706055,26.25,25.579999923706055,26.0,23.82040786743164,4207649
2024-10-31,25.920000076293945,26.829999923706055,25.920000076293945,26.799999237060547,24.5533447265625,11145408
2024-11-01,26.989999771118164,27.049999237060547,26.329999923706055,26.489999771118164,24.26933479309082,2781142
2024-11-04,26.489999771118164,27.0,26.260000228881836,26.799999237060547,24.5533447265625,2863815
2024-11-05,26.799999237060547,26.8799991607666,26.020000457763672,26.84000015258789,24.58999252319336,3322626
2024-11-06,26.559999465942383,26.75,25.600000381469727,26.510000228881836,24.28765869140625,2208867
2024-11-07,26.6200008392334,27.670000076293945,26.6200008392334,27.440000534057617,25.139694213867188,4880865
2024-11-08,27.06999969482422,28.389999389648438,25.959999084472656,26.899999618530273,24.644962310791016,2861754
2024-11-11,26.780000686645508,27.489999771118164,26.510000228881836,27.270000457763672,24.983943939208984,2112330
2024-11-12,27.520000457763672,27.559999465942383,26.959999084472656,27.489999771118164,25.185503005981445,1902412
2024-11-13,27.5,27.5,26.100000381469727,26.530000686645508,24.305978775024414,2362899
2024-11-14,26.530000686645508,26.950000762939453,26.229999542236328,26.81999969482422,24.571666717529297,1973948
2024-11-15,26.899999618530273,27.09000015258789,26.31999969482422,26.739999771118164,24.498376846313477,1293730
2024-11-19,26.489999771118164,27.489999771118164,26.389999389648438,27.100000381469727,24.82819938659668,2213676
2024-11-20,27.1200008392334,27.1200008392334,26.030000686645508,26.079999923706055,23.893705368041992,1659094
2024-11-21,26.100000381469727,26.489999771118164,25.760000228881836,26.15999984741211,23.966997146606445,1806251
2024-11-22,26.020000457763672,26.6200008392334,25.979999542236328,26.190000534057617,23.99448585510254,2081267
2024-11-25,26.200000762939453,26.530000686645508,25.31999969482422,25.459999084472656,23.3256778717041,6575306
2024-11-26,25.309999465942383,26.6200008392334,25.309999465942383,26.06999969482422,23.88454246520996,3211466
2024-11-27,26.09000015258789,26.260000228881836,25.40999984741211,26.020000457763672,23.838733673095703,3541014
2024-11-28,26.200000762939453,27.239999771118164,26.020000457763672,26.450000762939453,24.232688903808594,1308941
2024-11-29,26.450000762939453,27.350000381469727,26.450000762939453,27.0,24.7365779876709,2335274
2024-12-02,27.030000686645508,27.139999389648438,26.56999969482422,26.6299991607666,24.397598266601562,2687024
2024-12-03,27.020000457763672,27.200000762939453,26.59000015258789,27.0,24.7365779876709,3345274
2024-12-04,26.809999465942383,27.360000610351562,26.809999465942383,27.059999465942383,24.791553497314453,3186041
2024-12-05,26.920000076293945,27.3700008392334,26.559999465942383,26.59000015258789,24.360952377319336,2906609
2024-12-06,26.979999542236328,27.010000228881836,26.649999618530273,26.889999389648438,24.635801315307617,2626173
2024-12-09,27.0,27.5,26.860000610351562,26.90999984741211,24.654125213623047,2915551
2024-12-10,27.309999465942383,27.510000228881836,26.889999389648438,27.0,24.7365779876709,2900045
2024-12-11,27.25,27.420000076293945,26.989999771118164,27.299999237060547,25.011430740356445,2775857
2024-12-13,27.229999542236328,27.549999237060547,27.200000762939453,27.40999984741211,25.112207412719727,3725073
2024-12-16,27.450000762939453,27.450000762939453,26.719999313354492,26.850000381469727,24.59915542602539,2529115
2024-12-17,26.790000915527344,27.31999969482422,26.6299991607666,26.709999084472656,24.6545352935791,3546849
2024-12-18,26.239999771118164,26.850000381469727,26.239999771118164,26.6299991607666,24.580692291259766,1327448
2024-12-19,26.450000762939453,26.600000381469727,25.280000686645508,25.56999969482422,23.602266311645508,1479183
2024-12-20,25.399999618530273,26.09000015258789,25.399999618530273,25.719999313354492,23.740720748901367,8140725
2024-12-23,25.799999237060547,25.8799991607666,25.399999618530273,25.639999389648438,23.66687774658203,1027887
2024-12-24,25.600000381469727,25.940000534057617,25.459999084472656,25.459999084472656,23.500728607177734,1047431
2024-12-26,25.600000381469727,26.0,25.600000381469727,25.739999771118164,23.759183883666992,1621196
2024-12-27,25.770000457763672,26.0,25.510000228881836,25.690000534057617,23.713027954101562,1664440
2024-12-30,25.719999313354492,25.719999313354492,24.739999771118164,25.389999389648438,23.43611717224121,998923
2024-12-31,25.389999389648438,25.81999969482422,24.100000381469727,25.34000015258789,23.389963150024414,908282
2025-01-02,25.25,25.93000030517578,24.81999969482422,25.700000762939453,23.722265243530273,1800407
2025-01-03,25.790000915527344,26.079999923706055,25.020000457763672,26.020000457763672,24.017635345458984,1716805
2025-01-06,25.8799991607666,26.579999923706055,25.6200008392334,26.1200008392334,24.109941482543945,1941160
2025-01-07,26.309999465942383,27.280000686645508,25.889999389648438,26.760000228881836,24.70069122314453,1972671
2025-01-08,26.989999771118164,27.0,25.959999084472656,26.09000015258789,24.08224868774414,1706492
2025-01-09,26.219999313354492,27.389999389648438,26.219999313354492,26.700000762939453,24.645309448242188,1205420
2025-01-10,26.709999084472656,26.760000228881836,26.229999542236328,26.3700008392334,24.340702056884766,2656872
2025-01-13,26.360000610351562,27.790000915527344,25.899999618530273,27.239999771118164,25.14375114440918,2981670
2025-01-14,26.479999542236328,27.489999771118164,26.100000381469727,26.290000915527344,24.26685905456543,2457425
2025-01-15,26.350000381469727,26.670000076293945,25.649999618530273,26.1299991607666,24.119173049926758,1642550
2025-01-16,26.0,26.469999313354492,25.940000534057617,26.1200008392334,24.109941482543945,2183168
2025-01-17,26.229999542236328,27.09000015258789,26.0,26.739999771118164,24.68222999572754,1457545
2025-01-20,26.6200008392334,27.850000381469727,26.610000610351562,27.479999542236328,25.36528205871582,2795363
2025-01-21,27.329999923706055,27.809999465942383,27.200000762939453,27.479999542236328,25.36528205871582,1939933
2025-01-22,27.440000534057617,28.170000076293945,27.149999618530273,27.600000381469727,25.47604751586914,3004827
2025-01-23,27.6200008392334,28.09000015258789,27.110000610351562,27.770000457763672,25.632965087890625,2920978
2025-01-24,28.049999237060547,28.510000228881836,27.610000610351562,27.950000762939453,25.799114227294922,5899422
2025-01-27,27.899999618530273,28.31999969482422,27.65999984741211,27.770000457763672,25.632965087890625,1612816
2025-01-28,27.850000381469727,27.90999984741211,27.40999984741211,27.579999923706055,25.457582473754883,1264164
2025-01-29,27.3799991607666,27.670000076293945,26.649999618530273,27.479999542236328,25.36528205871582,1904795
2025-01-30,27.790000915527344,28.530000686645508,27.790000915527344,28.43000030517578,26.24217414855957,1818027
2025-01-31,28.239999771118164,28.489999771118164,27.739999771118164,28.170000076293945,26.00218391418457,2725221
2025-02-04,28.170000076293945,28.489999771118164,28.0,28.030000686645508,25.872957229614258,2418941
2025-02-05,28.219999313354492,28.670000076293945,28.200000762939453,28.329999923706055,26.149869918823242,4200609
2025-02-06,28.40999984741211,28.40999984741211,27.420000076293945,27.5,25.383743286132812,2112986
2025-02-07,27.6200008392334,28.940000534057617,27.3700008392334,28.399999618530273,26.2144832611084,4376607
2025-02-10,28.399999618530273,28.899999618530273,28.34000015258789,28.729999542236328,26.51909065246582,3182407
2025-02-11,28.709999084472656,28.8799991607666,28.3799991607666,28.420000076293945,26.23294448852539,3352910
2025-02-12,28.56999969482422,29.18000030517578,28.34000015258789,28.920000076293945,26.69446563720703,10238897
2025-02-13,29.100000381469727,29.100000381469727,28.670000076293945,28.84000015258789,26.620624542236328,6878952
2025-02-14,28.75,28.75,27.719999313354492,28.389999389648438,26.20525550842285,8179456
2025-02-17,28.270000457763672,28.8799991607666,28.09000015258789,28.649999618530273,26.44524574279785,1174405
2025-02-18,28.860000610351562,28.860000610351562,28.030000686645508,28.299999237060547,26.122177124023438,4050117
2025-02-19,28.389999389648438,28.40999984741211,27.739999771118164,27.829999923706055,25.68834686279297,4559366
2025-02-20,27.799999237060547,27.809999465942383,27.049999237060547,27.299999237060547,25.199134826660156,4103209
2025-02-21,27.479999542236328,27.75,27.1299991607666,27.209999084472656,25.11606216430664,4025613
2025-02-24,27.049999237060547,27.549999237060547,26.290000915527344,27.270000457763672,25.171445846557617,2223289
2025-02-25,27.190000534057617,27.209999084472656,26.600000381469727,26.719999313354492,24.663766860961914,2226917
2025-02-26,26.649999618530273,26.959999084472656,26.3799991607666,26.559999465942383,24.51607894897461,2184289
2025-02-27,26.610000610351562,26.649999618530273,24.719999313354492,25.450000762939453,23.491500854492188,4010715
2025-02-28,25.399999618530273,26.329999923706055,25.020000457763672,25.780000686645508,23.79610824584961,5203087
2025-03-03,25.989999771118164,27.3799991607666,25.739999771118164,27.06999969482422,24.986833572387695,4521222
2025-03-04,27.0,27.0,25.31999969482422,25.809999465942383,23.823795318603516,4162678
2025-03-05,25.809999465942383,25.850000381469727,24.399999618530273,24.700000762939453,22.79922103881836,3842856
2025-03-06,24.639999389648438,25.219999313354492,24.209999084472656,24.34000015258789,22.466922760009766,2428861
2025-03-07,24.270000457763672,24.84000015258789,24.270000457763672,24.399999618530273,22.52230453491211,2546982
2025-03-10,24.239999771118164,24.549999237060547,23.280000686645508,23.350000381469727,21.553104400634766,3430685
2025-03-11,23.270000457763672,24.200000762939453,23.18000030517578,23.760000228881836,21.931554794311523,2691649
2025-03-12,23.8799991607666,24.420000076293945,23.06999969482422,24.010000228881836,22.162317276000977,4183146
2025-03-13,23.889999389648438,24.270000457763672,22.780000686645508,23.600000381469727,21.966848373413086,7456825
2025-03-14,23.510000228881836,24.010000228881836,22.790000915527344,23.1299991607666,21.52937126159668,4710190
2025-03-18,23.079999923706055,24.649999618530273,23.079999923706055,24.309999465942383,22.627714157104492,5417926
2025-03-19,24.399999618530273,25.549999237060547,24.299999237060547,25.3700008392334,23.614360809326172,4355773
2025-03-20,25.34000015258789,25.34000015258789,24.459999084472656,24.850000381469727,23.130348205566406,3501017
2025-03-21,24.850000381469727,25.0,24.299999237060547,24.81999969482422,23.102420806884766,8363466
2025-03-24,24.729999542236328,25.100000381469727,24.3799991607666,24.889999389648438,23.167577743530273,2124835
2025-03-25,24.850000381469727,25.719999313354492,24.790000915527344,25.049999237060547,23.316505432128906,1799792
2025-03-26,25.030000686645508,25.360000610351562,24.549999237060547,24.760000228881836,23.046573638916016,1613318
2025-03-27,24.700000762939453,25.34000015258789,24.670000076293945,25.229999542236328,23.484050750732422,2663567
2025-03-28,25.200000762939453,25.540000915527344,24.420000076293945,25.440000534057617,23.679519653320312,3466996
2025-03-31,25.399999618530273,25.68000030517578,24.899999618530273,25.329999923706055,23.577129364013672,4037868
2025-04-01,25.239999771118164,25.520000457763672,24.770000457763672,25.059999465942383,23.32581329345703,2871455
2025-04-02,25.020000457763672,25.520000457763672,24.969999313354492,25.3799991607666,23.623666763305664,2110206
2025-04-03,25.030000686645508,26.059999465942383,24.989999771118164,25.280000686645508,23.530590057373047,2680227
2025-04-04,25.079999923706055,25.15999984741211,23.450000762939453,23.719999313354492,22.078542709350586,2482039
2025-04-07,23.010000228881836,23.459999084472656,22.190000534057617,22.450000762939453,20.89643096923828,2162558
2025-04-08,22.709999084472656,23.399999618530273,22.139999389648438,22.520000457763672,20.961585998535156,2038546
2025-04-09,22.389999389648438,23.8799991607666,21.709999084472656,23.6299991607666,21.994770050048828,3102850
2025-04-10,23.469999313354492,23.469999313354492,22.649999618530273,23.209999084472656,21.60383415222168,3607887
2025-04-11,23.190000534057617,23.219999313354492,22.56999969482422,22.75,21.175670623779297,2593043
2025-04-14,22.75,23.25,22.610000610351562,22.860000610351562,21.278057098388672,2160426
2025-04-15,22.850000381469727,23.079999923706055,22.420000076293945,22.489999771118164,20.93366050720215,2933601
2025-04-16,22.6200008392334,22.719999313354492,22.15999984741211,22.329999923706055,20.784732818603516,3672099
2025-04-21,22.31999969482422,22.6299991607666,22.110000610351562,22.399999618530273,20.84988784790039,1740428
2025-04-22,22.40999984741211,22.459999084472656,22.139999389648438,22.280000686645508,20.738195419311523,2769055
2025-04-23,22.399999618530273,23.139999389648438,22.389999389648438,22.940000534057617,21.352521896362305,4236345
2025-04-24,22.940000534057617,23.440000534057617,22.75,23.200000762939453,21.594532012939453,3585148
2025-04-25,23.260000228881836,24.899999618530273,23.260000228881836,24.649999618530273,22.944183349609375,2305607
2025-04-28,24.649999618530273,25.0,24.56999969482422,24.790000915527344,23.074499130249023,2498763
2025-04-29,24.8799991607666,25.479999542236328,24.56999969482422,24.59000015258789,22.888336181640625,2596690
2025-04-30,24.56999969482422,24.56999969482422,21.799999237060547,22.920000076293945,21.333904266357422,10307544
2025-05-02,23.209999084472656,23.920000076293945,23.209999084472656,23.3700008392334,21.752765655517578,4552947
2025-05-05,23.440000534057617,23.440000534057617,21.610000610351562,21.719999313354492,20.21694564819336,4202485
2025-05-06,21.75,21.950000762939453,21.260000228881836,21.809999465942383,20.300716400146484,2759943
2025-05-07,21.950000762939453,21.950000762939453,20.75,20.84000015258789,19.397844314575195,3902193
2025-05-08,20.84000015258789,21.329999923706055,20.479999542236328,21.09000015258789,19.630542755126953,6021266
2025-05-09,21.200000762939453,21.56999969482422,21.110000610351562,21.3799991607666,19.900474548339844,2744486
2025-05-12,21.530000686645508,21.530000686645508,21.010000228881836,21.469999313354492,19.98424530029297,7247046
2025-05-13,21.399999618530273,21.950000762939453,21.299999237060547,21.639999389648438,20.142480850219727,2990823
2025-05-14,21.739999771118164,21.790000915527344,21.0,21.579999923706055,20.08663558959961,8253164
2025-05-15,21.530000686645508,21.829999923706055,21.31999969482422,21.34000015258789,19.863243103027344,2502200
2025-05-16,21.440000534057617,21.799999237060547,21.219999313354492,21.780000686645508,20.27279281616211,1450960
2025-05-19,21.6299991607666,21.65999984741211,21.299999237060547,21.59000015258789,20.0959415435791,2092454
2025-05-20,21.459999084472656,21.670000076293945,21.149999618530273,21.239999771118164,19.770160675048828,3142201
2025-05-21,21.149999618530273,21.350000381469727,20.899999618530273,21.079999923706055,19.62123680114746,2203790
2025-05-22,21.0,21.600000381469727,21.0,21.06999969482422,19.61192512512207,1629051
2025-05-23,20.829999923706055,21.360000610351562,20.6200008392334,21.239999771118164,19.770160675048828,1832983
2025-05-26,21.1299991607666,21.350000381469727,21.100000381469727,21.25,19.779470443725586,941597
2025-05-27,21.260000228881836,22.34000015258789,21.260000228881836,22.309999465942383,20.766115188598633,4271022
2025-05-28,22.270000457763672,22.6299991607666,21.709999084472656,21.799999237060547,20.29140853881836,2838382
2025-05-29,22.010000228881836,22.329999923706055,21.850000381469727,22.260000228881836,20.71957778930664,2399436
2025-05-30,22.260000228881836,22.65999984741211,22.0,22.420000076293945,20.868505477905273,4477826
2025-06-02,22.5,22.8799991607666,22.40999984741211,22.6299991607666,21.063974380493164,2461121
2025-06-03,22.799999237060547,22.799999237060547,21.889999389648438,21.93000030517578,20.41241455078125,2203916
2025-06-04,22.049999237060547,22.1299991607666,21.639999389648438,21.829999923706055,20.319332122802734,3213373
2025-06-05,21.600000381469727,22.170000076293945,21.56999969482422,22.040000915527344,20.514802932739258,1583392
2025-06-06,22.209999084472656,22.360000610351562,21.850000381469727,22.239999771118164,20.700963973999023,1863516
2025-06-09,22.329999923706055,22.389999389648438,21.719999313354492,21.799999237060547,20.29140853881836,1845197
2025-06-10,21.729999542236328,21.920000076293945,21.479999542236328,21.739999771118164,20.23556137084961,2308236
2025-06-11,21.989999771118164,21.989999771118164,21.559999465942383,21.860000610351562,20.347257614135742,8797319
2025-06-12,21.75,22.15999984741211,21.100000381469727,21.25,19.779470443725586,23091670
2025-06-13,21.09000015258789,21.309999465942383,20.540000915527344,20.65999984741211,19.230297088623047,5438629
2025-06-16,20.809999465942383,21.049999237060547,20.649999618530273,20.799999237060547,19.360612869262695,8722699
2025-06-17,20.889999389648438,21.56999969482422,20.709999084472656,21.350000381469727,19.87255096435547,1996125
2025-06-18,21.399999618530273,21.600000381469727,20.6299991607666,20.780000686645508,19.341997146606445,2421904
2025-06-19,20.649999618530273,21.190000534057617,20.649999618530273,21.09000015258789,19.630542755126953,1248580
2025-06-20,21.239999771118164,21.239999771118164,20.670000076293945,20.700000762939453,19.267532348632812,6058713
2025-06-23,20.899999618530273,20.899999618530273,20.25,20.6200008392334,19.193065643310547,1955917
2025-06-24,20.65999984741211,21.43000030517578,20.649999618530273,21.239999771118164,19.770160675048828,3134488
2025-06-25,21.389999389648438,21.420000076293945,20.510000228881836,20.559999465942383,19.137218475341797,3913092
2025-06-26,20.649999618530273,21.270000457763672,20.649999618530273,20.899999618530273,19.453689575195312,3307656
2025-06-27,20.829999923706055,20.8700008392334,20.600000381469727,20.719999313354492,19.286148071289062,2454474
2025-06-30,20.6200008392334,20.639999389648438,20.25,20.450000762939453,19.22035789489746,4410221
2025-07-01,20.59000015258789,20.75,20.450000762939453,20.530000686645508,19.29554557800293,3125681
2025-07-02,20.760000228881836,20.809999465942383,20.459999084472656,20.639999389648438,19.3989315032959,2834240
2025-07-03,20.780000686645508,20.889999389648438,20.350000381469727,20.350000381469727,19.12636947631836,2025790
2025-07-04,20.5,20.860000610351562,20.5,20.610000610351562,19.37073516845703,1207595
2025-07-07,20.610000610351562,20.649999618530273,20.110000610351562,20.309999465942383,19.08877182006836,4448202
2025-07-08,20.280000686645508,20.770000457763672,20.229999542236328,20.520000457763672,19.286149978637695,3468091
2025-07-09,20.549999237060547,20.56999969482422,19.81999969482422,19.969999313354492,18.76921844482422,6806792
2025-07-10,20.040000915527344,20.209999084472656,19.84000015258789,19.959999084472656,18.75982093811035,2996765
2025-07-11,20.0,20.3700008392334,19.850000381469727,20.15999984741211,18.94779396057129,2418357
2025-07-14,20.1299991607666,20.170000076293945,19.75,19.950000762939453,18.75042152404785,3520639
2025-07-15,19.81999969482422,20.399999618530273,19.81999969482422,20.200000762939453,18.98539161682129,7359560
2025-07-16,20.209999084472656,21.18000030517578,20.06999969482422,20.90999984741211,19.65269660949707,4175296
2025-07-17,20.850000381469727,20.8700008392334,20.3700008392334,20.600000381469727,19.36133575439453,2535076
2025-07-18,20.450000762939453,20.600000381469727,20.190000534057617,20.450000762939453,19.22035789489746,2557316
2025-07-21,20.450000762939453,21.3799991607666,20.280000686645508,21.280000686645508,20.000446319580078,2625948
2025-07-22,21.170000076293945,21.239999771118164,20.520000457763672,20.670000076293945,19.427127838134766,2872795
2025-07-23,20.809999465942383,21.270000457763672,20.690000534057617,20.90999984741211,19.65269660949707,3047368
2025-07-24,21.25,21.6200008392334,20.610000610351562,20.649999618530273,19.408329010009766,2323358
2025-07-25,20.700000762939453,20.920000076293945,20.420000076293945,20.899999618530273,19.64329719543457,4711030
2025-07-28,20.81999969482422,21.799999237060547,20.790000915527344,21.559999465942383,20.263612747192383,2812667
2025-07-29,21.579999923706055,22.280000686645508,21.440000534057617,22.110000610351562,20.780542373657227,2949961
2025-07-30,22.1299991607666,22.139999389648438,21.020000457763672,21.3799991607666,20.09443473815918,6206135
2025-07-31,21.34000015258789,22.190000534057617,21.34000015258789,21.780000686645508,20.470382690429688,5406493
2025-08-01,21.700000762939453,21.700000762939453,21.110000610351562,21.25,19.972251892089844,2520438
2025-08-04,21.260000228881836,21.3799991607666,20.950000762939453,21.0,19.737285614013672,2094521
2025-08-05,21.110000610351562,21.34000015258789,20.989999771118164,21.18000030517578,19.906465530395508,3016473
2025-08-06,21.270000457763672,21.899999618530273,21.200000762939453,21.579999923706055,20.28240966796875,2158129
2025-08-07,21.809999465942383,21.899999618530273,21.280000686645508,21.780000686645508,20.470382690429688,3869267
2025-08-08,21.780000686645508,21.889999389648438,21.3700008392334,21.75,20.442188262939453,4367912
2025-08-11,21.700000762939453,22.950000762939453,21.440000534057617,22.670000076293945,21.306867599487305,8155793
2025-08-12,22.959999084472656,23.600000381469727,22.360000610351562,23.139999389648438,21.748607635498047,4588898
2025-08-13,23.459999084472656,23.459999084472656,22.209999084472656,22.479999542236328,21.128292083740234,6561934
2025-08-14,22.440000534057617,22.440000534057617,21.420000076293945,21.459999084472656,20.169626235961914,2663532
2025-08-15,21.469999313354492,21.579999923706055,20.68000030517578,21.079999923706055,19.812475204467773,2560025
2025-08-18,21.079999923706055,21.549999237060547,20.93000030517578,21.15999984741211,19.887664794921875,1818113
2025-08-19,21.299999237060547,21.489999771118164,20.93000030517578,21.040000915527344,19.774879455566406,3897519
2025-08-20,21.09000015258789,21.3700008392334,20.899999618530273,21.31999969482422,20.038042068481445,4152749
2025-08-21,21.239999771118164,21.799999237060547,21.18000030517578,21.600000381469727,20.30120849609375,4222727
2025-08-22,21.65999984741211,22.360000610351562,21.65999984741211,22.209999084472656,20.87452507019043,3713914
2025-08-25,22.280000686645508,22.43000030517578,21.809999465942383,21.920000076293945,20.601966857910156,5291479
2025-08-26,22.040000915527344,22.18000030517578,21.90999984741211,22.110000610351562,20.780542373657227,2512043
2025-08-27,21.959999084472656,22.229999542236328,21.540000915527344,22.059999465942383,20.733549118041992,3014259
2025-08-28,22.010000228881836,22.530000686645508,21.959999084472656,22.43000030517578,21.081298828125,2858228
2025-08-29,22.31999969482422,22.719999313354492,22.200000762939453,22.31999969482422,20.977914810180664,2833517
2025-09-01,22.25,22.68000030517578,22.049999237060547,22.450000762939453,21.10009765625,762483
2025-09-02,22.59000015258789,23.09000015258789,22.450000762939453,23.049999237060547,21.664020538330078,3195461
2025-09-03,23.100000381469727,23.200000762939453,22.299999237060547,22.389999389648438,21.043704986572266,3951066
2025-09-04,22.43000030517578,22.559999465942383,22.270000457763672,22.420000076293945,21.071903228759766,2661492
2025-09-05,22.5,22.719999313354492,22.420000076293945,22.65999984741211,21.29747200012207,3710238
2025-09-08,22.469999313354492,22.790000915527344,22.200000762939453,22.6299991607666,21.269275665283203,3569440
2025-09-09,22.84000015258789,22.84000015258789,21.149999618530273,21.520000457763672,20.22601890563965,10631405
2025-09-10,21.610000610351562,21.610000610351562,21.010000228881836,21.1200008392334,19.85007095336914,2471513
2025-09-11,21.15999984741211,21.3700008392334,20.93000030517578,21.219999313354492,19.944055557250977,2671312
2025-09-12,21.25,21.25,20.43000030517578,20.440000534057617,19.21095848083496,2413009
2025-09-15,20.479999542236328,20.510000228881836,20.18000030517578,20.299999237060547,19.07937240600586,1106980
2025-09-17,20.309999465942383,20.360000610351562,19.93000030517578,20.0,18.797414779663086,5604688
2025-09-18,20.0,20.030000686645508,19.75,19.770000457763672,18.76893424987793,2317629
2025-09-19,19.8700008392334,20.899999618530273,19.209999084472656,20.5,19.46196746826172,14702826
2025-09-22,20.450000762939453,20.450000762939453,19.469999313354492,19.610000610351562,18.617034912109375,3276984
2025-09-23,19.75,19.75,19.479999542236328,19.549999237060547,18.56007194519043,4406935
2025-09-24,19.520000457763672,19.520000457763672,18.75,18.780000686645508,17.829063415527344,3433878
2025-09-25,18.799999237060547,18.81999969482422,17.709999084472656,18.010000228881836,17.098051071166992,4772192
2025-09-26,18.079999923706055,19.100000381469727,18.049999237060547,18.84000015258789,17.886024475097656,6379226
2025-09-29,18.899999618530273,19.350000381469727,18.829999923706055,19.049999237060547,18.085390090942383,3197249
2025-09-30,19.18000030517578,19.3700008392334,18.65999984741211,19.219999313354492,18.246784210205078,4101083
2025-10-01,19.290000915527344,19.489999771118164,18.899999618530273,19.34000015258789,18.360708236694336,2605951
2025-10-02,19.3799991607666,19.3799991607666,18.899999618530273,19.1200008392334,18.151845932006836,3159074
2025-10-03,19.15999984741211,19.389999389648438,18.8799991607666,18.969999313354492,18.009441375732422,1297397
2025-10-06,19.010000228881836,19.010000228881836,18.68000030517578,18.770000457763672,17.819568634033203,1257429
2025-10-07,18.829999923706055,18.850000381469727,18.209999084472656,18.440000534057617,17.50628089904785,1899720
2025-10-08,18.43000030517578,18.549999237060547,18.030000686645508,18.1200008392334,17.202484130859375,2132861
2025-10-09,18.1200008392334,18.280000686645508,17.920000076293945,17.959999084472656,17.050582885742188,2961494
2025-10-10,18.100000381469727,18.280000686645508,17.709999084472656,17.719999313354492,16.822734832763672,7259719
2025-10-13,17.8700008392334,17.8700008392334,17.25,17.290000915527344,16.41451072692871,3611036
2025-10-14,17.309999465942383,17.399999618530273,16.93000030517578,17.040000915527344,16.177167892456055,3476492
2025-10-15,17.040000915527344,17.18000030517578,16.8799991607666,17.049999237060547,16.186660766601562,5633123
2025-10-16,17.100000381469727,17.520000457763672,17.010000228881836,17.399999618530273,16.518938064575195,2917131
2025-10-17,17.3799991607666,17.479999542236328,17.079999923706055,17.270000457763672,16.395523071289062,3531527
2025-10-20,17.299999237060547,17.459999084472656,17.200000762939453,17.329999923706055,16.452484130859375,1615735
2025-10-21,17.350000381469727,17.3799991607666,17.049999237060547,17.139999389648438,16.27210235595703,1452787
2025-10-22,17.200000762939453,17.25,17.010000228881836,17.170000076293945,16.30058479309082,1969893
2025-10-23,17.09000015258789,17.450000762939453,17.010000228881836,17.399999618530273,16.518938064575195,2971728
2025-10-24,17.450000762939453,17.860000610351562,17.239999771118164,17.690000534057617,16.794254302978516,3343024
2025-10-27,17.600000381469727,18.670000076293945,17.600000381469727,18.5,17.56324005126953,4577053
2025-10-28,18.450000762939453,18.899999618530273,18.43000030517578,18.829999923706055,17.87653160095215,5726282
2025-10-29,18.719999313354492,18.8700008392334,18.56999969482422,18.780000686645508,17.829063415527344,3425209
2025-10-30,18.709999084472656,18.780000686645508,18.170000076293945,18.309999465942383,17.38286018371582,5854133
2025-10-31,18.309999465942383,18.649999618530273,18.09000015258789,18.139999389648438,17.221467971801758,5155168
2025-11-03,18.149999618530273,18.479999542236328,17.520000457763672,17.719999313354492,16.822734832763672,2538215
2025-11-04,17.84000015258789,17.860000610351562,17.5,17.75,16.85121726989746,3213069
2025-11-05,17.84000015258789,17.979999542236328,17.600000381469727,17.889999389648438,16.984128952026367,2923634
2025-11-06,17.950000762939453,18.31999969482422,17.84000015258789,18.110000610351562,17.192989349365234,2955840
2025-11-07,18.1299991607666,18.170000076293945,17.709999084472656,17.799999237060547,16.898683547973633,2460541
2025-11-10,17.81999969482422,18.18000030517578,17.81999969482422,18.1299991607666,17.21197509765625,2229950
2025-11-11,18.06999969482422,18.43000030517578,18.040000915527344,18.1299991607666,17.21197509765625,2136211
2025-11-12,18.100000381469727,18.200000762939453,17.860000610351562,17.8700008392334,16.96514320373535,3336042
2025-11-13,18.0,18.5,17.899999618530273,17.969999313354492,17.060077667236328,2882086
2025-11-14,17.860000610351562,17.959999084472656,17.3799991607666,17.59000015258789,16.69931983947754,2970788
2025-11-18,17.5,18.049999237060547,17.40999984741211,17.899999618530273,16.993621826171875,2949255
2025-11-19,17.8700008392334,17.940000534057617,17.510000228881836,17.690000534057617,16.794254302978516,2798787
2025-11-20,17.6299991607666,17.950000762939453,17.579999923706055,17.59000015258789,16.69931983947754,4171166
2025-11-21,17.700000762939453,17.989999771118164,17.670000076293945,17.770000457763672,16.870203018188477,1838582
2025-11-24,17.809999465942383,18.670000076293945,17.739999771118164,18.5,17.56324005126953,7069035
2025-11-25,18.479999542236328,18.520000457763672,18.030000686645508,18.219999313354492,17.29741859436035,2390448
2025-11-26,18.239999771118164,18.34000015258789,18.059999465942383,18.190000534057617,17.268938064575195,2098060
2025-11-27,18.309999465942383,18.450000762939453,18.200000762939453,18.229999542236328,17.30691146850586,180453
2025-11-28,18.1200008392334,18.8799991607666,18.1200008392334,18.739999771118164,17.791088104248047,1619251
2025-12-01,18.75,18.889999389648438,18.329999923706055,18.5,17.56324005126953,2605036
2025-12-02,18.56999969482422,18.65999984741211,18.1200008392334,18.389999389648438,17.45880889892578,3109467
2025-12-03,18.399999618530273,18.56999969482422,18.270000457763672,18.43000030517578,17.496784210205078,2942299
2025-12-04,18.299999237060547,18.93000030517578,18.299999237060547,18.709999084472656,17.76260757446289,5397434
2025-12-05,18.579999923706055,18.899999618530273,18.399999618530273,18.489999771118164,17.553749084472656,1683309
2025-12-08,18.399999618530273,18.520000457763672,18.010000228881836,18.239999771118164,17.31640625,3191107
2025-12-09,18.239999771118164,18.889999389648438,18.049999237060547,18.719999313354492,17.77210235595703,2595645
2025-12-10,18.809999465942383,19.139999389648438,18.530000686645508,18.920000076293945,17.961973190307617,4440667
2025-12-11,19.200000762939453,19.200000762939453,18.5,18.799999237060547,17.848051071166992,3713436
2025-12-15,18.770000457763672,18.950000762939453,18.40999984741211,18.540000915527344,17.601215362548828,2743704
2025-12-16,18.579999923706055,18.579999923706055,17.950000762939453,18.059999465942383,17.145519256591797,3135980
2025-12-17,18.110000610351562,18.110000610351562,17.5,17.600000381469727,16.70881462097168,4201086
2025-12-18,17.600000381469727,18.479999542236328,17.479999542236328,18.440000534057617,17.50628089904785,3964471
2025-12-19,18.489999771118164,18.5,18.020000457763672,18.149999618530273,17.2309627532959,7196556
2025-12-22,18.260000228881836,18.260000228881836,17.510000228881836,17.709999084472656,16.813241958618164,2859501
2025-12-23,17.700000762939453,18.239999771118164,17.700000762939453,18.170000076293945,17.44698143005371,1689153
2025-12-24,18.229999542236328,18.229999542236328,18.049999237060547,18.149999618530273,17.427776336669922,60149
2025-12-26,18.139999389648438,18.229999542236328,17.989999771118164,18.06999969482422,17.3509578704834,1239945
2025-12-29,18.040000915527344,18.190000534057617,17.90999984741211,17.989999771118164,17.274141311645508,548184
2025-12-30,18.040000915527344,18.270000457763672,17.75,17.899999618530273,17.187725067138672,2457064
2025-12-31,17.889999389648438,18.1200008392334,17.729999542236328,17.90999984741211,17.19732666015625,2090956
2026-01-02,18.25,18.25,17.760000228881836,17.920000076293945,17.206928253173828,1989370
2026-01-05,17.84000015258789,18.149999618530273,17.65999984741211,17.709999084472656,17.00528335571289,2438071
2026-01-06,17.829999923706055,18.079999923706055,17.1200008392334,17.18000030517578,16.496374130249023,3185796
2026-01-07,17.149999618530273,17.360000610351562,17.0,17.170000076293945,16.486772537231445,2082811
2026-01-08,17.079999923706055,17.3799991607666,17.079999923706055,17.31999969482422,16.63080406188965,2511854
2026-01-09,17.389999389648438,17.719999313354492,17.309999465942383,17.639999389648438,16.938068389892578,2758393
2026-01-12,17.649999618530273,17.719999313354492,17.489999771118164,17.549999237060547,16.85165023803711,3546613
2026-01-13,17.520000457763672,17.739999771118164,17.329999923706055,17.469999313354492,16.77483367919922,4267914
2026-01-14,17.510000228881836,17.790000915527344,17.329999923706055,17.520000457763672,16.822845458984375,2586395
2026-01-15,17.5,17.65999984741211,17.200000762939453,17.459999084472656,16.76523208618164,2935909
2026-01-16,17.579999923706055,17.799999237060547,17.290000915527344,17.709999084472656,17.00528335571289,2184169
2026-01-19,17.809999465942383,17.809999465942383,17.530000686645508,17.6299991607666,16.928468704223633,834477
2026-01-20,17.56999969482422,17.739999771118164,17.3700008392334,17.719999313354492,17.01488494873047,3826776
2026-01-21,17.709999084472656,17.93000030517578,17.40999984741211,17.59000015258789,16.890060424804688,4777742
2026-01-22,17.479999542236328,17.8799991607666,17.43000030517578,17.469999313354492,16.77483367919922,4047064
2026-01-23,17.469999313354492,17.649999618530273,17.25,17.34000015258789,16.650005340576172,1963022
2026-01-26,17.450000762939453,17.450000762939453,16.899999618530273,16.920000076293945,16.246721267700195,4002398
2026-01-27,16.959999084472656,17.139999389648438,16.530000686645508,16.940000534057617,16.26592445373535,12039110
2026-01-28,16.940000534057617,17.079999923706055,16.540000915527344,16.770000457763672,16.102689743041992,8109935
2026-01-29,16.770000457763672,16.940000534057617,16.1299991607666,16.34000015258789,15.689800262451172,3363158
2026-01-30,16.329999923706055,16.850000381469727,16.15999984741211,16.6299991607666,15.96825885772705,4899193
2026-02-03,16.649999618530273,16.719999313354492,16.200000762939453,16.450000762939453,15.795422554016113,5094817
2026-02-04,16.3799991607666,16.610000610351562,15.890000343322754,16.020000457763672,15.382533073425293,6025251
2026-02-05,16.09000015258789,16.350000381469727,15.899999618530273,16.209999084472656,15.564971923828125,3205461
2026-02-06,16.200000762939453,17.030000686645508,16.18000030517578,16.809999465942383,16.141096115112305,5437265
2026-02-09,16.790000915527344,17.190000534057617,16.559999465942383,17.1200008392334,16.438762664794922,3958620
2026-02-10,17.049999237060547,17.790000915527344,17.030000686645508,17.6200008392334,16.918869018554688,2881602
2026-02-11,17.540000915527344,17.68000030517578,17.219999313354492,17.68000030517578,16.976476669311523,4169083
2026-02-12,17.600000381469727,17.959999084472656,17.299999237060547,17.530000686645508,16.832447052001953,2557083
2026-02-13,17.520000457763672,17.979999542236328,17.389999389648438,17.940000534057617,17.226131439208984,2258359
2026-02-16,18.0,18.0,17.459999084472656,17.549999237060547,16.85165023803711,427080
2026-02-17,17.540000915527344,17.940000534057617,17.540000915527344,17.81999969482422,17.11090850830078,2047408
2026-02-18,17.950000762939453,17.950000762939453,17.18000030517578,17.34000015258789,16.650005340576172,2702598
2026-02-19,17.309999465942383,17.6200008392334,17.309999465942383,17.440000534057617,16.746028900146484,2187338
2026-02-20,17.3799991607666,17.610000610351562,17.3799991607666,17.56999969482422,16.8708553314209,1797472
2026-02-23,17.6299991607666,17.6299991607666,17.06999969482422,17.299999237060547,16.61159896850586,2489579
2026-02-24,17.31999969482422,17.649999618530273,17.1299991607666,17.520000457763672,16.822845458984375,2528669
2026-02-25,17.459999084472656,17.579999923706055,17.31999969482422,17.399999618530273,16.707618713378906,3523622
2026-02-26,17.209999084472656,17.81999969482422,16.84000015258789,17.790000915527344,17.082101821899414,5337664
2026-02-27,17.65999984741211,18.5,17.600000381469727,18.280000686645508,17.55260467529297,4381771
2026-03-02,18.1299991607666,18.219999313354492,17.6200008392334,17.760000228881836,17.053295135498047,4385071
2026-03-03,17.6200008392334,17.6200008392334,17.190000534057617,17.579999923706055,16.88045883178711,5127576
2026-03-04,17.399999618530273,17.709999084472656,17.25,17.670000076293945,16.966875076293945,4415911
2026-03-05,17.579999923706055,17.84000015258789,17.3700008392334,17.700000762939453,16.995683670043945,7274664
2026-03-06,17.350000381469727,17.760000228881836,17.350000381469727,17.68000030517578,16.976476669311523,3200711
2026-03-09,17.549999237060547,17.690000534057617,17.329999923706055,17.6200008392334,16.918869018554688,3966047
2026-03-10,17.549999237060547,17.780000686645508,17.549999237060547,17.760000228881836,17.053295135498047,2429476
2026-03-11,17.649999618530273,17.889999389648438,17.520000457763672,17.8700008392334,17.158918380737305,3075587
2026-03-12,17.8700008392334,17.8799991607666,17.600000381469727,17.8799991607666,17.168519973754883,2548759
2026-03-13,17.729999542236328,18.18000030517578,17.729999542236328,17.989999771118164,17.274141311645508,2684869
2026-03-17,18.0,18.559999465942383,18.0,18.530000686645508,17.792654037475586,2978561
2026-03-18,18.440000534057617,19.100000381469727,18.43000030517578,18.889999389648438,18.138328552246094,2955732
2026-03-19,18.780000686645508,18.799999237060547,17.18000030517578,17.350000381469727,16.659608840942383,2595726
2026-03-20,17.360000610351562,17.360000610351562,16.100000381469727,16.309999465942383,15.660992622375488,6495821
2026-03-23,16.25,16.690000534057617,16.079999923706055,16.6200008392334,15.958658218383789,2528401
2026-03-24,16.600000381469727,16.799999237060547,16.309999465942383,16.770000457763672,16.102689743041992,2719919
2026-03-25,16.770000457763672,17.68000030517578,16.770000457763672,17.530000686645508,16.832447052001953,3753213
2026-03-26,17.299999237060547,17.8799991607666,17.299999237060547,17.670000076293945,16.966875076293945,2014982
2026-03-27,17.520000457763672,17.530000686645508,17.1299991607666,17.280000686645508,16.592395782470703,1255604
2026-03-30,17.149999618530273,17.579999923706055,16.979999542236328,17.389999389648438,16.893543243408203,2281950
2026-03-31,17.420000076293945,18.200000762939453,17.329999923706055,18.15999984741211,17.641563415527344,3402911
2026-04-01,18.020000457763672,18.8799991607666,17.959999084472656,18.729999542236328,18.195289611816406,2516547
2026-04-06,18.6299991607666,18.639999389648438,18.1299991607666,18.440000534057617,17.913570404052734,1842964
2026-04-07,18.360000610351562,18.389999389648438,17.959999084472656,18.209999084472656,17.690135955810547,2917698
2026-04-08,18.510000228881836,19.299999237060547,18.280000686645508,18.84000015258789,18.302148818969727,2906555
2026-04-09,18.719999313354492,19.09000015258789,18.329999923706055,18.600000381469727,18.069002151489258,2467512
2026-04-10,18.5,19.079999923706055,18.5,18.780000686645508,18.243864059448242,2042387
2026-04-13,18.739999771118164,18.8700008392334,18.600000381469727,18.8700008392334,18.331295013427734,2257817
2026-04-14,18.719999313354492,18.770000457763672,17.770000457763672,17.8799991607666,17.369556427001953,2675392
2026-04-15,18.030000686645508,18.110000610351562,17.40999984741211,18.110000610351562,17.59299087524414,4018951
2026-04-16,17.950000762939453,18.979999542236328,17.950000762939453,18.979999542236328,18.438152313232422,2906598
2026-04-17,18.979999542236328,19.260000228881836,18.549999237060547,18.84000015258789,18.302148818969727,928861
2026-04-20,18.690000534057617,19.399999618530273,18.510000228881836,19.299999237060547,18.7490177154541,3296150
2026-04-21,19.3700008392334,19.479999542236328,18.459999084472656,18.700000762939453,18.166147232055664,3546937
2026-04-23,18.559999465942383,18.600000381469727,17.270000457763672,17.270000457763672,16.7769718170166,2959435
2026-04-24,17.440000534057617,17.440000534057617,16.700000762939453,16.790000915527344,16.3106746673584,3345640
2026-04-27,16.799999237060547,16.889999389648438,16.600000381469727,16.6200008392334,16.14552879333496,2566700
2026-04-28,17.0,17.0,16.100000381469727,16.309999465942383,15.844376564025879,6825986
2026-04-29,16.31999969482422,16.3700008392334,16.170000076293945,16.299999237060547,15.834662437438965,3089796
2026-04-30,16.420000076293945,16.68000030517578,16.200000762939453,16.43000030517578,15.960952758789062,3476581
2026-05-04,16.56999969482422,16.729999542236328,16.299999237060547,16.360000610351562,15.892951011657715,4774628
2026-05-05,16.440000534057617,16.440000534057617,16.09000015258789,16.239999771118164,15.776374816894531,2601439
2026-05-06,16.149999618530273,16.860000610351562,16.149999618530273,16.790000915527344,16.3106746673584,3591437
2026-05-07,16.889999389648438,17.40999984741211,16.68000030517578,17.270000457763672,16.7769718170166,3737620
2026-05-08,17.31999969482422,17.389999389648438,16.8799991607666,17.1200008392334,16.631254196166992,3101884
2026-05-11,17.1299991607666,17.170000076293945,16.829999923706055,16.829999923706055,16.349531173706055,2449265
2026-05-12,16.850000381469727,16.889999389648438,16.59000015258789,16.84000015258789,16.3592472076416,2286755
2026-05-13,16.799999237060547,16.799999237060547,16.020000457763672,16.280000686645508,15.815234184265137,3683790
2026-05-14,16.389999389648438,16.770000457763672,16.030000686645508,16.149999618530273,15.688944816589355,3750410
2026-05-15,16.020000457763672,16.139999389648438,15.649999618530273,15.710000038146973,15.261506080627441,2892538
2026-05-18,15.699999809265137,15.8100004196167,15.609999656677246,15.720000267028809,15.271221160888672,3167709
2026-05-19,15.720000267028809,16.149999618530273,15.670000076293945,15.920000076293945,15.465511322021484,3154079
2026-05-20,16.020000457763672,16.059999465942383,15.800000190734863,15.920000076293945,15.465511322021484,2611277
2026-05-21,15.960000038146973,15.960000038146973,15.569999694824219,15.630000114440918,15.18379020690918,2408479
2026-05-22,15.59000015258789,15.649999618530273,15.390000343322754,15.59000015258789,15.144932746887207,3239726
2026-05-25,15.529999732971191,15.84000015258789,15.529999732971191,15.649999618530273,15.203218460083008,475096
2026-05-26,15.800000190734863,15.989999771118164,15.579999923706055,15.890000343322754,15.436367988586426,3658149
2026-05-27,15.930000305175781,16.440000534057617,15.930000305175781,16.059999465942383,15.60151481628418,3696584
2026-05-28,15.970000267028809,16.030000686645508,15.5600004196167,15.649999618530273,15.203218460083008,3556426
2026-05-29,15.720000267028809,16.190000534057617,15.380000114440918,15.960000038146973,15.504368782043457,6794183
2026-06-01,15.979999542236328,16.0,15.510000228881836,15.630000114440918,15.18379020690918,3956307
2026-06-02,15.579999923706055,15.8100004196167,15.420000076293945,15.520000457763672,15.07693099975586,4241087
2026-06-03,15.5,15.600000381469727,15.079999923706055,15.25,14.814638137817383,3853635
2026-06-04,15.430000305175781,15.470000267028809,15.050000190734863,15.270000457763672,14.834068298339844,3568843
2026-06-05,15.399999618530273,15.399999618530273,14.65999984741211,14.699999809265137,14.280340194702148,3899105
2026-06-08,14.890000343322754,15.09000015258789,14.760000228881836,14.899999618530273,14.474629402160645,4215208
2026-06-09,14.899999618530273,15.34000015258789,14.899999618530273,15.140000343322754,14.707779884338379,3854223
2026-06-10,15.0600004196167,15.1899995803833,14.699999809265137,14.760000228881836,14.338626861572266,3712138
2026-06-11,14.800000190734863,14.90999984741211,14.699999809265137,14.819999694824219,14.3969144821167,3647190
2026-06-12,14.819999694824219,15.050000190734863,14.579999923706055,14.609999656677246,14.192909240722656,3676811
2026-06-15,14.819999694824219,15.050000190734863,14.670000076293945,14.729999542236328,14.309483528137207,4320069
2026-06-16,14.640000343322754,14.739999771118164,14.489999771118164,14.59000015258789,14.173480987548828,3805406
2026-06-17,14.649999618530273,14.970000267028809,14.619999885559082,14.720000267028809,14.299769401550293,3884511
2026-06-18,14.75,14.850000381469727,14.529999732971191,14.649999618530273,14.231766700744629,3644273
2026-06-19,14.600000381469727,15.359999656677246,14.539999961853027,14.970000267028809,14.542632102966309,3521048
2026-06-22,14.90999984741211,14.90999984741211,14.239999771118164,14.3100004196167,13.901473999023438,4548188
2026-06-23,14.25,14.529999732971191,14.25,14.420000076293945,14.008334159851074,3369291
2026-06-24,14.529999732971191,14.8100004196167,14.390000343322754,14.65999984741211,14.24148178100586,3239167
2026-06-25,14.720000267028809,15.15999984741211,14.479999542236328,15.039999961853027,14.61063289642334,4110759
2026-06-26,14.949999809265137,15.149999618530273,14.619999885559082,14.970000267028809,14.738624572753906,3985920
2026-06-29,14.699999809265137,15.0600004196167,14.649999618530273,14.899999618530273,14.669705390930176,1019860
2026-06-30,14.970000267028809,15.229999542236328,14.8100004196167,14.979999542236328,14.748469352722168,6164524
2026-07-01,14.989999771118164,15.630000114440918,14.989999771118164,15.5600004196167,15.31950569152832,4026738
2026-07-02,15.520000457763672,15.699999809265137,15.020000457763672,15.229999542236328,14.99460506439209,3487744
2026-07-03,15.300000190734863,15.380000114440918,15.039999961853027,15.329999923706055,15.093060493469238,493022
2026-07-06,15.270000457763672,15.470000267028809,15.079999923706055,15.34000015258789,15.1029052734375,3164515
2026-07-07,15.3100004196167,15.369999885559082,15.010000228881836,15.279999732971191,15.043832778930664,2973882
2026-07-08,15.279999732971191,15.279999732971191,14.720000267028809,15.039999961853027,14.807541847229004,3136178
2026-07-09,15.010000228881836,15.199999809265137,14.960000038146973,15.130000114440918,14.896151542663574,3249144
2026-07-10,15.130000114440918,15.489999771118164,15.050000190734863,15.199999809265137,14.965068817138672,3152976
2026-07-13,15.180000305175781,15.479999542236328,15.069999694824219,15.130000114440918,14.896151542663574,2934754
2026-07-14,15.149999618530273,15.4399995803833,15.0,15.119999885559082,14.886305809020996,4241375
2026-07-15,15.140000343322754,15.25,14.630000114440918,14.979999542236328,14.748469352722168,3049306
2026-07-16,15.010000228881836,15.109999656677246,14.779999732971191,14.850000381469727,14.620479583740234,3365480
2026-07-17,14.850000381469727,15.029999732971191,14.710000038146973,14.729999542236328,14.502333641052246,3470940
2026-07-20,14.760000228881836,14.949999809265137,14.649999618530273,14.739999771118164,14.512179374694824,2878695
2026-07-21,14.699999809265137,14.779999732971191,14.380000114440918,14.430000305175781,14.206971168518066,3838171
2026-07-22,14.329999923706055,14.850000381469727,14.3100004196167,14.5,14.275888442993164,3442175
2026-07-23,14.479999542236328,14.510000228881836,14.0,14.0,13.78361701965332,3601702
2026-07-24,14.010000228881836,14.5600004196167,13.850000381469727,14.470000267028809,14.246352195739746,4092565
2026-07-27,14.369999885559082,14.6899995803833,14.260000228881836,14.520000457763672,14.29557991027832,4052121
2026-07-28,14.510000228881836,14.979999542236328,14.430000305175781,14.699999809265137,14.472797393798828,4171189
2026-07-29,14.760000228881836,14.770000457763672,14.3100004196167,14.460000038146973,14.236506462097168,4211993
2026-07-30,14.5,14.819999694824219,14.3100004196167,14.5,14.275888442993164,4539206
2026-07-31,14.460000038146973,14.800000190734863,14.3100004196167,14.670000076293945,14.44326114654541,4367363
2026-08-03,14.75,14.920000076293945,14.569999694824219,14.609999656677246,14.384187698364258,4029357
2026-08-04,14.699999809265137,14.90999984741211,14.479999542236328,14.520000457763672,14.29557991027832,1269504
2026-08-05,14.569999694824219,14.640000343322754,14.25,14.34000015258789,14.118361473083496,1602938
2026-08-06,14.199999809265137,14.449999809265137,14.050000190734863,14.109999656677246,13.891916275024414,1282920
2026-08-07,14.130000114440918,14.430000305175781,14.119999885559082,14.369999885559082,14.147897720336914,1495370
2026-08-10,14.260000228881836,14.3100004196167,14.069999694824219,14.220000267028809,14.000216484069824,1099072
2026-08-11,14.220000267028809,14.220000267028809,14.010000228881836,14.039999961853027,13.822998046875,1793469
2026-08-12,14.020000457763672,14.170000076293945,13.920000076293945,14.050000190734863,13.832843780517578,1553991
2026-08-13,14.119999885559082,14.140000343322754,13.770000457763672,13.829999923706055,13.616244316101074,1440831
2026-08-14,13.829999923706055,13.890000343322754,13.539999961853027,13.680000305175781,13.468563079833984,1995947
2026-08-17,13.770000457763672,13.770000457763672,13.520000457763672,13.670000076293945,13.458717346191406,2832109
2026-08-18,13.569999694824219,13.800000190734863,13.529999732971191,13.539999961853027,13.330726623535156,3438803
2026-08-19,13.640000343322754,13.670000076293945,13.300000190734863,13.430000305175781,13.222426414489746,1819348
2026-08-20,13.460000038146973,13.710000038146973,13.25,13.270000457763672,13.064899444580078,3865306
2026-08-21,13.350000381469727,13.640000343322754,13.300000190734863,13.569999694824219,13.360261917114258,3072467
2026-08-24,13.5,13.720000267028809,13.489999771118164,13.550000190734863,13.340572357177734,2286615
2026-08-25,13.520000457763672,13.649999618530273,13.359999656677246,13.539999961853027,13.330726623535156,2365654
2026-08-26,13.539999961853027,13.739999771118164,13.479999542236328,13.550000190734863,13.340572357177734,3357937
2026-08-27,13.539999961853027,13.699999809265137,13.300000190734863,13.550000190734863,13.340572357177734,3097503
2026-08-28,13.470000267028809,13.670000076293945,13.380000114440918,13.470000267028809,13.261808395385742,2514653
2026-08-31,13.430000305175781,13.479999542236328,13.119999885559082,13.170000076293945,12.966444969177246,5486099
2026-09-01,13.199999809265137,13.390000343322754,13.109999656677246,13.140000343322754,12.936908721923828,3475494
2026-09-02,13.149999618530273,13.149999618530273,12.8100004196167,12.890000343322754,12.690773010253906,3449492
2026-09-03,12.880000114440918,13.210000038146973,12.829999923706055,13.050000190734863,12.848299980163574,7861880
2026-09-04,13.100000381469727,13.260000228881836,12.979999542236328,13.039999961853027,12.838454246520996,6209728
2026-09-07,13.15999984741211,13.279999732971191,12.800000190734863,13.210000038146973,13.005826950073242,872363
2026-09-08,13.210000038146973,13.210000038146973,12.710000038146973,12.8100004196167,12.61201000213623,3611240
2026-09-09,12.84000015258789,12.979999542236328,12.609999656677246,12.90999984741211,12.710463523864746,3433300
2026-09-10,12.930000305175781,12.989999771118164,12.699999809265137,12.739999771118164,12.5430908203125,3889482
2026-09-11,12.770000457763672,12.84000015258789,12.600000381469727,12.670000076293945,12.474172592163086,2229288
2026-09-14,12.640000343322754,12.710000038146973,12.520000457763672,12.600000381469727,12.405255317687988,3458226
2026-09-15,12.5600004196167,12.630000114440918,12.25,12.319999694824219,12.129582405090332,3334971
2026-09-17,12.350000381469727,12.619999885559082,12.25,12.600000381469727,12.405255317687988,4195163
2026-09-18,12.630000114440918,12.640000343322754,12.34000015258789,12.359999656677246,12.168964385986328,5258976
2026-09-21,12.449999809265137,12.460000038146973,12.220000267028809,12.319999694824219,12.129582405090332,6062067
2026-09-22,12.399999618530273,12.619999885559082,12.359999656677246,12.510000228881836,12.316646575927734,2718646
2026-09-23,12.59000015258789,12.710000038146973,12.460000038146973,12.609999656677246,12.41510009765625,2853396
2026-09-24,12.5,12.880000114440918,12.5,12.829999923706055,12.631699562072754,4197147
2026-09-25,12.920000076293945,12.9399995803833,12.699999809265137,12.84000015258789,12.641545295715332,3202366
2026-09-28,12.850000381469727,12.979999542236328,12.770000457763672,12.9399995803833,12.739999771118164,3060236
2026-09-29,12.989999771118164,13.050000190734863,12.720000267028809,12.789999961853027,12.789999961853027,2819742
