Price,Open,High,Low,Close,Adj Close,Volume
Ticker,GMEXICOB.MX,GMEXICOB.MX,GMEXICOB.MX,GMEXICOB.MX,GMEXICOB.MX,GMEXICOB.MX
Date,,,,,,
2021-09-06,91.30000305175781,91.3499984741211,89.8499984741211,90.83999633789062,72.68192291259766,440006
2021-09-07,90.98999786376953,91.26000213623047,87.05000305175781,88.12000274658203,70.50562286376953,6879949
2021-09-08,88.36000061035156,88.62999725341797,85.75,87.05999755859375,69.65752410888672,6498914
2021-09-09,87.44999694824219,87.44999694824219,85.19999694824219,85.88999938964844,68.72137451171875,5618911
2021-09-10,86.9000015258789,87.97000122070312,86.33000183105469,87.7300033569336,70.1935806274414,5045252
2021-09-13,87.97000122070312,88.9000015258789,86.05000305175781,86.25,69.0094223022461,5086574
2021-09-14,86.6500015258789,87.80000305175781,86.30000305175781,87.38999938964844,69.92155456542969,3542046
2021-09-15,87.18000030517578,89.11000061035156,87.18000030517578,88.91000366210938,71.1377182006836,8791210
2021-09-17,88.51000213623047,88.51000213623047,85.0,85.19000244140625,68.16131591796875,24079288
2021-09-20,84.88999938964844,84.88999938964844,82.02999877929688,82.18000030517578,65.75298309326172,3666974
2021-09-21,83.0,83.68000030517578,81.61000061035156,83.02999877929688,66.43305969238281,7077700
2021-09-22,83.94999694824219,84.55000305175781,82.79000091552734,83.0199966430664,66.42506408691406,7042843
2021-09-23,83.20999908447266,84.01000213623047,82.56999969482422,83.48999786376953,66.8011245727539,3895879
2021-09-24,83.06999969482422,83.55000305175781,81.95999908447266,82.12999725341797,65.71298217773438,3387096
2021-09-27,82.1500015258789,83.68000030517578,81.36000061035156,82.25,65.80899810791016,5248962
2021-09-28,82.25,82.25,80.01000213623047,80.30000305175781,64.24878692626953,6554142
2021-09-29,80.58999633789062,81.0,79.06999969482422,79.98999786376953,64.00074005126953,7062826
2021-09-30,79.98999786376953,82.72000122070312,79.5,82.38999938964844,65.9209976196289,7513975
2021-10-01,82.37999725341797,83.5,79.80000305175781,80.61000061035156,64.4968032836914,5148240
2021-10-04,81.13999938964844,82.25,80.05999755859375,80.27999877929688,64.23278045654297,2641855
2021-10-05,80.66999816894531,81.37000274658203,79.5999984741211,80.61000061035156,64.4968032836914,4216858
2021-10-06,79.69999694824219,80.86000061035156,78.08000183105469,80.80999755859375,64.65682983398438,5869697
2021-10-07,81.4800033569336,84.38999938964844,81.4800033569336,84.08000183105469,67.273193359375,6450672
2021-10-08,84.41999816894531,85.5,83.9000015258789,84.5999984741211,67.68926239013672,4743159
2021-10-11,85.37999725341797,88.30000305175781,85.37000274658203,87.44000244140625,69.9615478515625,5274961
2021-10-12,87.87000274658203,87.87000274658203,85.0999984741211,85.23999786376953,68.20130920410156,3390705
2021-10-13,85.23999786376953,87.01000213623047,84.12000274658203,86.69999694824219,69.36945343017578,5271405
2021-10-14,87.48999786376953,89.76000213623047,86.9000015258789,89.47000122070312,71.58577728271484,6624742
2021-10-15,90.04000091552734,94.04000091552734,90.04000091552734,93.75,75.01023864746094,10334056
2021-10-18,93.58999633789062,95.51000213623047,91.48999786376953,94.5199966430664,75.6263198852539,9595512
2021-10-19,94.88999938964844,95.79000091552734,93.48999786376953,95.37999725341797,76.3144302368164,7666425
2021-10-20,94.31999969482422,95.88999938964844,94.29000091552734,94.9000015258789,75.93035888671875,6126423
2021-10-21,94.0,95.36000061035156,92.61000061035156,94.94000244140625,75.96239471435547,7113707
2021-10-22,94.16000366210938,96.5,94.01000213623047,94.41999816894531,75.54630279541016,4044149
2021-10-25,95.1500015258789,95.5999984741211,94.4000015258789,95.43000030517578,76.35442352294922,2696887
2021-10-26,96.0199966430664,96.02999877929688,93.76000213623047,94.5999984741211,75.69034576416016,5877976
2021-10-27,94.0,94.0,91.83999633789062,92.62000274658203,74.10611724853516,5980153
2021-10-28,91.69999694824219,92.1500015258789,89.18000030517578,89.3499984741211,71.48976135253906,6262653
2021-10-29,89.11000061035156,90.45999908447266,88.51000213623047,90.31999969482422,72.26586151123047,4411169
2021-11-01,90.9800033569336,91.79000091552734,89.72000122070312,89.8499984741211,71.88981628417969,2798756
2021-11-03,90.0999984741211,90.5,86.66999816894531,89.18000030517578,71.35374450683594,6730398
2021-11-04,89.19999694824219,89.87999725341797,87.25,88.93000030517578,71.15371704101562,7416922
2021-11-05,88.86000061035156,90.80000305175781,87.75,88.3499984741211,70.68965148925781,8458553
2021-11-08,89.72000122070312,89.9000015258789,88.51000213623047,88.76000213623047,71.01769256591797,5153785
2021-11-09,88.79000091552734,89.47000122070312,86.01000213623047,88.2300033569336,70.59364318847656,6201030
2021-11-10,87.9800033569336,87.9800033569336,86.0,86.51000213623047,69.21744537353516,9243081
2021-11-11,87.87000274658203,88.73999786376953,86.87999725341797,88.05000305175781,70.44963836669922,7566974
2021-11-12,87.5999984741211,88.0,86.55000305175781,87.08000183105469,69.67351531982422,9075412
2021-11-16,87.0,87.0,86.05000305175781,86.68000030517578,69.35346984863281,9866174
2021-11-17,86.69999694824219,87.16999816894531,86.1500015258789,87.05999755859375,69.65752410888672,3188714
2021-11-18,87.31999969482422,87.33000183105469,85.66000366210938,86.18000030517578,68.95340728759766,5963718
2021-11-19,86.18000030517578,88.54000091552734,85.5,88.08000183105469,70.47361755371094,3365047
2021-11-22,88.38999938964844,88.38999938964844,85.19000244140625,85.66000366210938,68.53736877441406,5752626
2021-11-23,86.58000183105469,88.5,85.5,88.26000213623047,70.61764526367188,5081541
2021-11-24,88.5,88.5,86.5,87.3499984741211,69.88954162597656,7387606
2021-11-25,87.5999984741211,87.5999984741211,86.25,86.4000015258789,69.12944030761719,1678023
2021-11-26,85.69000244140625,86.19000244140625,83.26000213623047,84.6500015258789,67.72926330566406,7708914
2021-11-29,84.77999877929688,88.22000122070312,82.52999877929688,87.77999877929688,71.70844268798828,9229746
2021-11-30,86.45999908447266,90.37000274658203,84.5999984741211,89.72000122070312,73.29325103759766,16882615
2021-12-01,89.83999633789062,92.06999969482422,89.48999786376953,90.2300033569336,73.70987701416016,10939344
2021-12-02,90.5,92.44999694824219,89.01000213623047,92.26000213623047,75.36820983886719,6468614
2021-12-03,91.62000274658203,93.12000274658203,90.22000122070312,91.25,74.54312133789062,7051665
2021-12-06,91.36000061035156,93.33999633789062,90.0999984741211,92.41999816894531,75.49889373779297,4761620
2021-12-07,93.44999694824219,94.44999694824219,93.0,93.44999694824219,76.34033203125,8758130
2021-12-08,93.51000213623047,93.51000213623047,90.52999877929688,91.72000122070312,74.92709350585938,7673768
2021-12-09,91.25,93.37999725341797,89.94000244140625,92.86000061035156,75.85834503173828,5910865
2021-12-10,91.12999725341797,92.31999969482422,90.75,92.0,75.15580749511719,2323895
2021-12-13,91.70999908447266,91.70999908447266,88.12000274658203,89.52999877929688,73.1380386352539,7485083
2021-12-14,89.2300033569336,90.66999816894531,87.52999877929688,89.76000213623047,73.325927734375,4231926
2021-12-15,89.18000030517578,89.18000030517578,87.25,88.0199966430664,71.90449523925781,4315822
2021-12-16,88.25,90.75,87.43000030517578,89.31999969482422,72.96649169921875,6528132
2021-12-17,88.55999755859375,89.55999755859375,87.51000213623047,88.55999755859375,72.34561920166016,14557941
2021-12-20,87.51000213623047,87.61000061035156,83.7300033569336,85.12000274658203,69.53546905517578,5365917
2021-12-21,86.0,87.33000183105469,84.38999938964844,86.95999908447266,71.03858184814453,4333867
2021-12-22,87.29000091552734,87.63999938964844,85.91000366210938,87.4000015258789,71.39802551269531,7848408
2021-12-23,86.5,88.69999694824219,86.18000030517578,88.47000122070312,72.27213287353516,2933425
2021-12-24,88.69000244140625,88.8499984741211,87.5999984741211,88.69999694824219,72.45999145507812,111832
2021-12-27,88.4800033569336,90.75,88.19000244140625,90.19000244140625,73.67719268798828,2485848
2021-12-28,90.0199966430664,91.87999725341797,89.77999877929688,90.1500015258789,73.64453125,1630160
2021-12-29,90.31999969482422,90.31999969482422,87.79000091552734,87.93000030517578,71.83098602294922,1537014
2021-12-30,87.95999908447266,89.31999969482422,87.88999938964844,89.0199966430664,72.72142028808594,1749726
2021-12-31,88.5999984741211,89.94999694824219,88.19000244140625,89.29000091552734,72.94197845458984,1355557
2022-01-03,89.01000213623047,89.94999694824219,89.0,89.08999633789062,72.7785873413086,761318
2022-01-04,89.86000061035156,89.94999694824219,87.80000305175781,88.2300033569336,72.07605743408203,2849540
2022-01-05,88.2300033569336,89.9000015258789,87.61000061035156,89.54000091552734,73.14620971679688,3711353
2022-01-06,89.29000091552734,90.69999694824219,88.37000274658203,90.51000213623047,73.9385986328125,4891866
2022-01-07,90.19999694824219,91.02999877929688,89.37999725341797,90.36000061035156,73.81607818603516,2781846
2022-01-10,90.0,90.88999938964844,88.9800033569336,89.25,72.90930938720703,2980325
2022-01-11,89.5999984741211,90.63999938964844,88.55999755859375,89.97000122070312,73.49748992919922,6189290
2022-01-12,89.7300033569336,95.98999786376953,89.7300033569336,93.9800033569336,76.7732925415039,6488744
2022-01-13,93.30000305175781,94.98999786376953,92.95999908447266,93.98999786376953,76.78145599365234,4875157
2022-01-14,93.25,93.66999816894531,92.05999755859375,93.08999633789062,76.0462417602539,2950789
2022-01-17,93.48999786376953,94.4800033569336,93.01000213623047,93.87000274658203,76.68344116210938,1099775
2022-01-18,93.4000015258789,94.77999877929688,93.37999725341797,93.5199966430664,76.39751434326172,3838050
2022-01-19,94.0,95.5,93.91000366210938,95.33999633789062,77.88429260253906,4457666
2022-01-20,95.41000366210938,95.98999786376953,92.69999694824219,93.66000366210938,76.51189422607422,8522998
2022-01-21,92.88999938964844,93.93000030517578,89.91999816894531,90.25,73.72620391845703,4555624
2022-01-24,89.58999633789062,89.58999633789062,85.1500015258789,86.83000183105469,70.93238830566406,5941448
2022-01-25,86.66999816894531,88.5,85.0999984741211,87.88999938964844,71.79830169677734,6790137
2022-01-26,88.97000122070312,88.97000122070312,86.3499984741211,87.87999725341797,71.7901382446289,5008838
2022-01-27,88.62999725341797,88.94000244140625,85.33999633789062,85.52999877929688,69.87040710449219,5864255
2022-01-28,85.83999633789062,88.19999694824219,85.51000213623047,86.55000305175781,70.7036361694336,5248086
2022-01-31,86.68000030517578,88.80000305175781,86.30000305175781,88.58999633789062,72.37014770507812,5537286
2022-02-01,89.0,90.5,88.97000122070312,89.83000183105469,73.38312530517578,2280194
2022-02-02,89.9800033569336,90.9800033569336,89.55000305175781,90.13999938964844,73.63636016845703,3425828
2022-02-03,89.9000015258789,89.9000015258789,87.25,87.27999877929688,71.29999542236328,3282324
2022-02-04,87.69999694824219,89.75,87.25,88.87000274658203,72.598876953125,3221873
2022-02-08,88.69999694824219,91.66999816894531,88.63999938964844,91.19000244140625,74.49411010742188,6097572
2022-02-09,91.0999984741211,93.73999786376953,91.05999755859375,93.51000213623047,76.38933563232422,4308085
2022-02-10,93.30000305175781,98.30000305175781,92.80000305175781,97.98999786376953,80.04910278320312,13187467
2022-02-11,97.19999694824219,102.3499984741211,96.5,101.29000091552734,82.74490356445312,12361134
2022-02-14,100.44999694824219,103.37999725341797,99.0,102.18000030517578,83.47196960449219,9285066
2022-02-15,102.18000030517578,105.9000015258789,101.11000061035156,104.61000061035156,85.45706939697266,11048919
2022-02-16,104.55000305175781,106.27999877929688,103.55999755859375,105.8499984741211,86.47003173828125,11611790
2022-02-17,105.30000305175781,105.30000305175781,98.22000122070312,99.97000122070312,81.66658020019531,6566089
2022-02-18,100.08999633789062,101.0999984741211,98.0,98.44999694824219,80.42489624023438,2475563
2022-02-21,97.5199966430664,99.19999694824219,95.5999984741211,96.72000122070312,79.01162719726562,1530847
2022-02-22,96.52999877929688,99.5,96.52999877929688,98.75,80.66995239257812,4855958
2022-02-23,99.01000213623047,99.01000213623047,93.08000183105469,97.80999755859375,79.90206146240234,7338161
2022-02-24,96.98999786376953,102.31999969482422,95.75,101.80999755859375,83.16969299316406,5547362
2022-02-25,101.80000305175781,104.58999633789062,99.62999725341797,101.91999816894531,83.2595443725586,4901097
2022-02-28,101.5,106.5,100.02999877929688,105.06999969482422,85.83283996582031,11615707
2022-03-01,105.76000213623047,110.75,105.55000305175781,108.3499984741211,88.5123062133789,6651339
2022-03-02,108.5,110.0,107.26000213623047,109.41999816894531,90.84615325927734,6299065
2022-03-03,110.0,116.01000213623047,109.95999908447266,115.69999694824219,96.0601577758789,10942264
2022-03-04,116.04000091552734,117.44999694824219,114.0999984741211,116.9800033569336,97.12287902832031,6011390
2022-03-07,116.4000015258789,119.87000274658203,114.12000274658203,117.19999694824219,97.30552673339844,7378712
2022-03-08,116.48999786376953,120.80000305175781,116.18000030517578,117.29000091552734,97.38024139404297,9623643
2022-03-09,114.44000244140625,117.91000366210938,112.25,114.41999816894531,94.9974136352539,7760212
2022-03-10,114.11000061035156,117.47000122070312,112.69000244140625,115.56999969482422,95.95220947265625,6507048
2022-03-11,115.01000213623047,116.8499984741211,113.41000366210938,113.68000030517578,94.38304138183594,5865364
2022-03-14,114.83000183105469,114.83000183105469,105.87000274658203,108.41000366210938,90.00761413574219,10919355
2022-03-15,106.48999786376953,107.0,103.5199966430664,104.58999633789062,86.8360366821289,13899736
2022-03-16,103.31999969482422,107.30999755859375,102.55000305175781,103.33999633789062,85.7982406616211,9131197
2022-03-17,103.2300033569336,109.8499984741211,103.19999694824219,109.45999908447266,90.87936401367188,6899350
2022-03-18,109.80000305175781,117.05000305175781,106.94999694824219,114.68000030517578,95.2132797241211,19346911
2022-03-22,114.11000061035156,121.19000244140625,113.91999816894531,116.77999877929688,96.95681762695312,7617810
2022-03-23,116.18000030517578,119.76000213623047,114.30999755859375,116.1500015258789,96.43375396728516,3894246
2022-03-24,117.12000274658203,122.0999984741211,117.12000274658203,119.12000274658203,98.89960479736328,9148537
2022-03-25,118.06999969482422,119.2699966430664,114.19999694824219,115.23999786376953,95.67823028564453,5787032
2022-03-28,115.45999908447266,118.48999786376953,115.08999633789062,116.36000061035156,96.60811614990234,4800188
2022-03-29,115.0,118.26000213623047,115.0,116.9000015258789,97.05644226074219,7978980
2022-03-30,117.47000122070312,117.97000122070312,113.33999633789062,115.38999938964844,95.8027572631836,6535510
2022-03-31,116.0199966430664,119.80000305175781,115.97000122070312,119.0,98.79998016357422,10193378
2022-04-01,118.98999786376953,121.94999694824219,115.87999725341797,117.51000213623047,97.56291198730469,4299395
2022-04-04,117.63999938964844,119.4000015258789,117.54000091552734,118.83999633789062,98.66712951660156,3811731
2022-04-05,118.58000183105469,119.54000091552734,111.37000274658203,113.2699966430664,94.04263305664062,5475521
2022-04-06,113.62999725341797,114.0,109.20999908447266,109.70999908447266,91.08692169189453,3969833
2022-04-07,109.69999694824219,114.36000061035156,108.8499984741211,113.54000091552734,94.26678466796875,6114506
2022-04-08,114.25,115.7300033569336,110.69000244140625,111.7699966430664,92.79723358154297,2948002
2022-04-11,111.4000015258789,114.6500015258789,110.01000213623047,113.6500015258789,94.3581314086914,3440879
2022-04-12,114.91000366210938,114.91000366210938,103.9000015258789,107.69000244140625,89.40982818603516,13131881
2022-04-13,108.20999908447266,108.43000030517578,104.55000305175781,107.5199966430664,89.2686767578125,4307732
2022-04-18,107.22000122070312,109.29000091552734,106.80999755859375,107.83999633789062,89.53436279296875,2524527
2022-04-19,107.30000305175781,110.9800033569336,106.51000213623047,110.08000183105469,91.39413452148438,5526235
2022-04-20,109.0199966430664,109.33999633789062,103.4000015258789,104.8499984741211,87.05191802978516,6514617
2022-04-21,104.36000061035156,107.48999786376953,100.70999908447266,102.36000061035156,84.98458099365234,4732887
2022-04-22,102.1500015258789,102.1500015258789,97.76000213623047,98.91000366210938,82.1202163696289,4851285
2022-04-25,97.55000305175781,98.88999938964844,95.68000030517578,97.87000274658203,81.25676727294922,5917867
2022-04-26,97.73999786376953,98.12000274658203,94.6500015258789,97.69999694824219,81.11561584472656,9756935
2022-04-27,99.2300033569336,100.44000244140625,97.6500015258789,99.52999877929688,82.63496398925781,6503291
2022-04-28,99.95999908447266,99.95999908447266,94.70999908447266,98.27999877929688,81.59715270996094,7406986
2022-04-29,98.2699966430664,99.38999938964844,95.04000091552734,95.5199966430664,79.30565643310547,7028419
2022-05-02,95.04000091552734,97.55999755859375,93.80000305175781,96.25,79.91173553466797,3244224
2022-05-03,96.05000305175781,99.69000244140625,96.0,99.27999877929688,82.42740631103516,6226012
2022-05-04,98.79000091552734,100.37000274658203,96.5999984741211,99.7699966430664,82.834228515625,8781600
2022-05-05,98.77999877929688,99.87999725341797,97.48999786376953,98.0,81.36468505859375,10362892
2022-05-06,98.0,98.5999984741211,96.80000305175781,97.29000091552734,80.77521514892578,6793341
2022-05-09,96.1500015258789,96.4000015258789,92.79000091552734,94.12999725341797,78.15160369873047,7729404
2022-05-10,94.55999755859375,94.55999755859375,91.12999725341797,91.4000015258789,75.88501739501953,9885494
2022-05-11,91.83999633789062,94.43000030517578,91.80000305175781,91.98999786376953,76.37486267089844,10097093
2022-05-12,90.94999694824219,92.4000015258789,89.63999938964844,90.79000091552734,75.3785629272461,9762473
2022-05-13,91.9800033569336,91.9800033569336,88.72000122070312,90.08999633789062,74.79737091064453,7761947
2022-05-16,90.08999633789062,92.12999725341797,89.5999984741211,90.76000213623047,75.35366821289062,4287695
2022-05-17,92.30000305175781,95.87000274658203,91.2699966430664,95.11000061035156,78.96524810791016,13686393
2022-05-18,95.0,95.77999877929688,91.61000061035156,93.87999725341797,77.94403076171875,8493053
2022-05-19,93.08999633789062,101.97000122070312,92.98999786376953,101.18000030517578,84.00489044189453,5420762
2022-05-20,101.19999694824219,103.98999786376953,100.05999755859375,102.43000030517578,85.04270935058594,8185384
2022-05-23,103.31999969482422,103.4000015258789,98.4800033569336,98.69000244140625,81.93755340576172,3682189
2022-05-24,97.87999725341797,99.31999969482422,95.61000061035156,98.0199966430664,81.38129425048828,8106897
2022-05-25,97.66999816894531,101.4000015258789,97.66999816894531,100.01000213623047,83.03349304199219,3810414
2022-05-26,99.61000061035156,100.37000274658203,97.68000030517578,98.29000091552734,81.60546875,2465696
2022-05-27,99.0,102.45999908447266,97.97000122070312,101.94999694824219,84.6441879272461,4371967
2022-05-30,101.44000244140625,105.06999969482422,100.1500015258789,102.08000183105469,84.75211334228516,2156976
2022-05-31,102.0,104.87000274658203,96.3499984741211,97.20999908447266,81.90616607666016,21302336
2022-06-01,97.23999786376953,99.29000091552734,97.23999786376953,98.26000213623047,82.7908935546875,2904770
2022-06-02,99.30000305175781,103.0,98.62000274658203,100.91000366210938,85.02367401123047,4841016
2022-06-03,100.63999938964844,100.63999938964844,98.5,99.80000305175781,84.08843231201172,3381000
2022-06-06,100.16999816894531,102.77999877929688,98.29000091552734,99.98999786376953,84.24851989746094,2656491
2022-06-07,99.4000015258789,102.16000366210938,96.94000244140625,101.93000030517578,85.88308715820312,3478767
2022-06-08,101.83000183105469,102.30000305175781,97.0,97.62999725341797,82.26004028320312,6609313
2022-06-09,97.4000015258789,98.81999969482422,93.26000213623047,93.80999755859375,79.04143524169922,6057169
2022-06-10,93.62999725341797,94.33000183105469,90.56999969482422,93.01000213623047,78.36738586425781,3405284
2022-06-13,91.51000213623047,96.63999938964844,90.87000274658203,94.56999969482422,79.68179321289062,6563896
2022-06-14,94.5999984741211,95.44999694824219,90.11000061035156,90.37000274658203,76.14299011230469,5912706
2022-06-15,91.0,93.0,88.70999908447266,90.45999908447266,76.21884155273438,6424925
2022-06-16,89.94999694824219,91.08000183105469,88.38999938964844,90.30000305175781,76.08403778076172,9559351
2022-06-17,90.33999633789062,96.80000305175781,89.6500015258789,95.55999755859375,80.51592254638672,22552629
2022-06-20,95.30000305175781,95.30000305175781,90.51000213623047,90.75,76.46317291259766,2386139
2022-06-21,91.0199966430664,91.9800033569336,89.61000061035156,91.02999877929688,76.6990966796875,3063784
2022-06-22,89.05000305175781,89.8499984741211,86.0999984741211,86.45999908447266,72.84854125976562,4435638
2022-06-23,86.0999984741211,86.0999984741211,80.81999969482422,81.5199966430664,68.68624877929688,9352895
2022-06-24,82.16999816894531,85.30000305175781,79.12000274658203,84.75,71.40776062011719,14083679
2022-06-27,85.27999877929688,86.41000366210938,84.5,85.95999908447266,72.4272689819336,4785820
2022-06-28,86.94999694824219,88.29000091552734,85.1500015258789,87.97000122070312,74.12081909179688,6396724
2022-06-29,87.9000015258789,88.0,85.75,86.33999633789062,72.7474365234375,6568836
2022-06-30,85.75,86.43000030517578,82.94999694824219,83.2699966430664,70.16073608398438,8157479
2022-07-01,82.44999694824219,82.73999786376953,80.54000091552734,82.12000274658203,69.19180297851562,2992017
2022-07-04,82.54000091552734,85.4800033569336,82.12999725341797,84.19000244140625,70.93592071533203,1147602
2022-07-05,83.31999969482422,83.31999969482422,78.54000091552734,80.91000366210938,68.17229461669922,7702567
2022-07-06,81.08999633789062,81.54000091552734,77.86000061035156,81.30999755859375,68.50932312011719,8161446
2022-07-07,82.55999755859375,85.44000244140625,82.0199966430664,84.68000030517578,71.3487777709961,9444233
2022-07-08,83.98999786376953,85.12999725341797,82.19000244140625,84.83000183105469,71.47515106201172,4012326
2022-07-11,84.37999725341797,84.37999725341797,82.2699966430664,83.02999877929688,69.95853424072266,2605003
2022-07-12,82.73999786376953,84.7300033569336,81.16000366210938,81.95999908447266,69.0570068359375,6584654
2022-07-13,81.9000015258789,83.23999786376953,80.8499984741211,81.77999877929688,68.90534210205078,2973255
2022-07-14,80.88999938964844,81.37000274658203,77.05999755859375,78.2699966430664,65.94791412353516,8274703
2022-07-15,79.06999969482422,79.44999694824219,77.63999938964844,77.91000366210938,65.64457702636719,6816991
2022-07-18,79.75,79.75,77.0,77.44000244140625,65.24857330322266,7071018
2022-07-19,77.72000122070312,78.1500015258789,76.16999816894531,76.48999786376953,64.44812774658203,10433192
2022-07-20,76.5199966430664,77.97000122070312,75.75,77.19999694824219,65.04635620117188,4878684
2022-07-21,77.19999694824219,78.52999877929688,76.62000274658203,78.36000061035156,66.02373504638672,6633548
2022-07-22,78.83000183105469,79.83000183105469,78.0999984741211,78.27999877929688,65.95633697509766,4563589
2022-07-25,78.51000213623047,79.61000061035156,77.45999908447266,78.0999984741211,65.8046646118164,1852268
2022-07-26,78.0,79.22000122070312,75.0999984741211,75.83000183105469,63.89203643798828,2646805
2022-07-27,75.69000244140625,75.69000244140625,73.2699966430664,75.31999969482422,63.462337493896484,7659732
2022-07-28,75.63999938964844,78.91999816894531,75.41000366210938,78.63999938964844,66.25965118408203,4100914
2022-07-29,78.9000015258789,81.54000091552734,78.22000122070312,80.5999984741211,67.91107940673828,9569839
2022-08-01,80.31999969482422,80.91999816894531,75.88999938964844,76.41999816894531,64.38916015625,12056612
2022-08-02,76.41999816894531,76.6500015258789,75.25,76.45999908447266,64.42285919189453,14217967
2022-08-03,76.26000213623047,77.0999984741211,74.87000274658203,76.08999633789062,64.11111450195312,9250366
2022-08-04,76.05999755859375,77.18000030517578,75.22000122070312,75.66999816894531,63.75722122192383,8572893
2022-08-05,75.16000366210938,76.9800033569336,74.83999633789062,76.01000213623047,64.043701171875,5358665
2022-08-08,76.2699966430664,77.97000122070312,76.19999694824219,77.75,65.50975799560547,4253879
2022-08-09,77.13999938964844,77.87999725341797,75.2699966430664,75.63999938964844,63.73194885253906,4989905
2022-08-10,75.91000366210938,80.41000366210938,75.91000366210938,80.04000091552734,67.43926239013672,7510746
2022-08-11,80.12000274658203,83.83000183105469,78.87000274658203,83.55000305175781,70.39667510986328,8369666
2022-08-12,82.93000030517578,84.38999938964844,82.5,83.79000091552734,70.59888458251953,9244541
2022-08-15,82.37999725341797,84.19000244140625,81.44999694824219,81.91000366210938,69.01485443115234,4580362
2022-08-16,82.0,82.72000122070312,79.25,79.54000091552734,67.0179672241211,5306845
2022-08-17,79.3499984741211,79.80999755859375,77.93000030517578,78.63999938964844,66.25965118408203,3866625
2022-08-18,79.5,80.0,77.69999694824219,79.51000213623047,66.99269104003906,3583692
2022-08-19,78.75,79.95999908447266,78.5999984741211,79.29000091552734,66.80732727050781,2924325
2022-08-22,78.6500015258789,79.76000213623047,77.19999694824219,79.08999633789062,66.63880920410156,4325015
2022-08-23,79.23999786376953,80.80000305175781,78.04000091552734,79.98999786376953,67.39713287353516,3465589
2022-08-24,79.25,80.69999694824219,77.48999786376953,78.05000305175781,65.7625503540039,3757986
2022-08-25,78.25,80.69000244140625,77.52999877929688,80.2300033569336,68.47212219238281,3302728
2022-08-26,79.75,80.9000015258789,79.72000122070312,80.55999755859375,68.7537612915039,1197085
2022-08-29,79.36000061035156,79.69000244140625,76.30000305175781,76.91000366210938,65.63867950439453,5202518
2022-08-30,76.73999786376953,76.79000091552734,74.56999969482422,76.01000213623047,64.87057495117188,5166809
2022-08-31,75.4000015258789,77.05999755859375,74.80000305175781,76.27999877929688,65.10100555419922,19708623
2022-09-01,75.45999908447266,75.45999908447266,71.48999786376953,74.5,63.58188247680664,5118546
2022-09-02,75.6500015258789,76.7300033569336,74.81999969482422,76.44999694824219,65.24609375,6604549
2022-09-05,76.43000030517578,76.43000030517578,74.5199966430664,76.12999725341797,64.97298431396484,459290
2022-09-06,76.20999908447266,77.58000183105469,75.83000183105469,77.48999786376953,66.13367462158203,3229664
2022-09-07,76.62999725341797,77.79000091552734,75.0999984741211,76.69000244140625,65.45092010498047,6406101
2022-09-08,77.19999694824219,80.44000244140625,77.0999984741211,79.98999786376953,68.26730346679688,4411309
2022-09-09,81.18000030517578,84.44999694824219,80.5199966430664,84.0,71.68962097167969,4613604
2022-09-12,84.4000015258789,86.81999969482422,83.70999908447266,84.20999908447266,71.86884307861328,7965206
2022-09-13,83.56999969482422,84.69000244140625,81.91999816894531,82.58999633789062,70.48626708984375,4157215
2022-09-14,82.38999938964844,82.38999938964844,78.11000061035156,78.27999877929688,66.80791473388672,2884320
2022-09-15,78.29000091552734,80.19999694824219,76.51000213623047,77.02999877929688,65.74110412597656,23400280
2022-09-19,77.2300033569336,77.2300033569336,72.61000061035156,76.08999633789062,64.93885040283203,8539880
2022-09-20,78.1500015258789,78.87999725341797,74.0199966430664,76.81999969482422,65.5618667602539,6236910
2022-09-21,77.0999984741211,77.18000030517578,74.02999877929688,74.33999633789062,63.44532775878906,6261616
2022-09-22,75.22000122070312,75.5199966430664,71.68000030517578,71.87999725341797,61.3458251953125,5112221
2022-09-23,69.98999786376953,70.13999938964844,68.0999984741211,68.63999938964844,58.58066177368164,5379469
2022-09-26,68.55999755859375,69.2699966430664,67.97000122070312,69.0,58.887908935546875,3175642
2022-09-27,69.19999694824219,70.9800033569336,68.51000213623047,69.4000015258789,59.22928237915039,5645689
2022-09-28,69.13999938964844,71.41999816894531,68.77999877929688,69.5,59.31463623046875,5127682
2022-09-29,70.63999938964844,70.70999908447266,68.08000183105469,69.0,58.887908935546875,6354544
2022-09-30,68.44999694824219,69.68000030517578,67.73999786376953,68.0199966430664,58.05152893066406,7972559
2022-10-03,69.02999877929688,73.5,68.6500015258789,73.27999877929688,62.54066467285156,3542151
2022-10-04,73.95999908447266,75.6500015258789,72.06999969482422,74.62999725341797,63.69282150268555,4156772
2022-10-05,73.45999908447266,73.86000061035156,72.55000305175781,73.33999633789062,62.591880798339844,3568284
2022-10-06,73.06999969482422,73.45999908447266,71.88999938964844,72.0999984741211,61.5335807800293,3825638
2022-10-07,71.77999877929688,71.94000244140625,68.51000213623047,68.73999786376953,58.666011810302734,4693527
2022-10-10,69.20999908447266,69.20999908447266,66.04000091552734,66.43000030517578,56.694541931152344,5120511
2022-10-11,66.27999877929688,69.05000305175781,65.25,67.58999633789062,57.68454360961914,7462415
2022-10-12,67.0199966430664,67.19000244140625,64.61000061035156,65.58000183105469,55.9691162109375,5992610
2022-10-13,65.06999969482422,66.80000305175781,64.63999938964844,66.13999938964844,56.44704818725586,5873618
2022-10-14,66.18000030517578,67.31999969482422,64.48999786376953,65.0,55.47412109375,6217657
2022-10-17,65.8499984741211,66.48999786376953,64.55999755859375,65.33000183105469,55.75574493408203,5659583
2022-10-18,66.0,66.63999938964844,65.33000183105469,65.87000274658203,56.21661376953125,9258699
2022-10-19,65.9000015258789,65.9000015258789,63.33000183105469,63.77000045776367,54.424373626708984,4669391
2022-10-20,64.05000305175781,64.66000366210938,63.27000045776367,63.709999084472656,54.37316131591797,16078563
2022-10-21,63.47999954223633,65.0,62.220001220703125,64.61000061035156,55.14126968383789,9360940
2022-10-24,64.51000213623047,65.30000305175781,61.83000183105469,62.02000045776367,52.930843353271484,4729324
2022-10-25,62.0,64.79000091552734,61.689998626708984,64.55999755859375,55.098602294921875,7276276
2022-10-26,64.52999877929688,72.48999786376953,64.52999877929688,71.7699966430664,61.251953125,11628899
2022-10-27,70.94999694824219,74.91000366210938,70.04000091552734,73.47000122070312,62.702823638916016,8131617
2022-10-28,72.5199966430664,72.55000305175781,67.91999816894531,70.58000183105469,60.23637008666992,5526030
2022-10-31,70.70999908447266,73.58999633789062,69.2699966430664,71.37000274658203,60.910579681396484,10792954
2022-11-01,73.0,74.58000183105469,72.0,73.29000091552734,62.54921340942383,4553326
2022-11-03,71.98999786376953,73.06999969482422,70.02999877929688,70.51000213623047,60.176597595214844,6629018
2022-11-04,73.3499984741211,78.5,72.33999633789062,77.58999633789062,66.21902465820312,6953942
2022-11-07,77.19999694824219,78.87999725341797,73.0199966430664,73.31999969482422,62.574806213378906,7401091
2022-11-08,74.02999877929688,76.2699966430664,73.63999938964844,75.80000305175781,64.69135284423828,19168342
2022-11-09,76.16999816894531,76.54000091552734,73.05999755859375,75.13999938964844,64.12806701660156,7991687
2022-11-10,76.9800033569336,78.0,71.1500015258789,76.30999755859375,65.12661743164062,7531636
2022-11-11,77.68000030517578,82.80000305175781,77.55000305175781,82.16999816894531,70.12781524658203,6342084
2022-11-14,81.69999694824219,81.80000305175781,79.30999755859375,81.0,69.1292724609375,3872903
2022-11-15,81.61000061035156,82.51000213623047,80.19000244140625,81.06999969482422,69.18902587890625,3482541
2022-11-16,80.36000061035156,80.36000061035156,78.05999755859375,78.91000366210938,67.34556579589844,4473783
2022-11-17,77.51000213623047,78.23999786376953,75.48999786376953,76.18000030517578,65.01567077636719,5511865
2022-11-18,76.69999694824219,77.6500015258789,73.80999755859375,75.05999755859375,64.0597915649414,4738988
2022-11-22,76.19000244140625,78.6500015258789,75.62000274658203,77.5,66.14222717285156,7935826
2022-11-23,76.83999633789062,77.37999725341797,74.12999725341797,74.63999938964844,64.32061004638672,7381099
2022-11-24,75.0199966430664,75.2300033569336,72.19000244140625,73.08999633789062,62.98491668701172,2095907
2022-11-25,73.4000015258789,73.4000015258789,69.5,70.69999694824219,60.925350189208984,5359999
2022-11-28,71.12999725341797,71.38999938964844,68.69000244140625,69.01000213623047,59.46900177001953,6801352
2022-11-29,69.19000244140625,73.0,69.12999725341797,72.38999938964844,62.381690979003906,16630289
2022-11-30,73.11000061035156,79.05999755859375,72.61000061035156,78.5,67.64695739746094,25854274
2022-12-01,78.2699966430664,81.97000122070312,77.3499984741211,80.48999786376953,69.36182403564453,9170414
2022-12-02,78.97000122070312,81.19999694824219,78.16999816894531,79.31999969482422,68.35358428955078,4935357
2022-12-05,78.98999786376953,80.5999984741211,76.61000061035156,78.87999725341797,67.97441864013672,5483009
2022-12-06,78.0,80.86000061035156,78.0,79.55999755859375,68.56040954589844,5506190
2022-12-07,79.8499984741211,80.23999786376953,76.06999969482422,77.0,66.35433959960938,5417085
2022-12-08,77.76000213623047,80.0,77.26000213623047,79.98999786376953,68.93096160888672,3743711
2022-12-09,79.94000244140625,79.94000244140625,78.1500015258789,78.20999908447266,67.39705657958984,5392892
2022-12-13,79.05000305175781,79.80999755859375,76.5199966430664,76.55999755859375,65.97515869140625,9686882
2022-12-14,76.95999908447266,77.4000015258789,74.0999984741211,74.51000213623047,64.2085952758789,5832851
2022-12-15,73.97000122070312,73.97000122070312,72.26000213623047,72.26000213623047,62.26967239379883,12967738
2022-12-16,72.5,72.94999694824219,72.0,72.58999633789062,62.554046630859375,12080098
2022-12-19,73.80000305175781,73.87999725341797,71.4800033569336,72.5199966430664,62.49371337890625,2483344
2022-12-20,72.75,74.58999633789062,72.75,74.30000305175781,64.02763366699219,5430180
2022-12-21,74.20999908447266,75.73999786376953,73.5999984741211,74.33999633789062,64.06209564208984,3386408
2022-12-22,74.9000015258789,74.9000015258789,72.02999877929688,73.05000305175781,62.95045471191406,1563530
2022-12-23,73.44000244140625,74.25,72.4000015258789,73.81999969482422,63.613990783691406,3279431
2022-12-26,73.95999908447266,73.95999908447266,72.66999816894531,73.01000213623047,62.915985107421875,229449
2022-12-27,73.2300033569336,73.62000274658203,72.9800033569336,73.37999725341797,63.234825134277344,2249881
2022-12-28,73.56999969482422,73.5999984741211,72.19000244140625,72.5999984741211,62.562660217285156,2357629
2022-12-29,72.3499984741211,73.7300033569336,70.69000244140625,71.02999877929688,61.209712982177734,1682562
2022-12-30,71.1500015258789,71.69999694824219,68.0199966430664,68.69999694824219,59.20185470581055,3931192
2023-01-02,68.73999786376953,70.25,68.3499984741211,69.80000305175781,60.14978790283203,452473
2023-01-03,70.11000061035156,71.22000122070312,69.4000015258789,70.54000091552734,60.78745651245117,2428962
2023-01-04,70.5,73.98999786376953,69.63999938964844,73.4000015258789,63.252052307128906,5207661
2023-01-05,74.5,76.86000061035156,73.58000183105469,76.12000274658203,65.59600067138672,8692583
2023-01-06,76.98999786376953,79.22000122070312,76.55999755859375,77.68000030517578,66.9403305053711,6381361
2023-01-09,78.95999908447266,81.45999908447266,78.2699966430664,80.75,69.58588409423828,8682661
2023-01-10,80.01000213623047,83.19999694824219,79.73999786376953,83.0,71.52482604980469,6229276
2023-01-11,83.12999725341797,87.69999694824219,82.87000274658203,86.11000061035156,74.20484161376953,8970036
2023-01-12,86.58999633789062,88.25,84.7699966430664,87.45999908447266,75.36817932128906,8400437
2023-01-13,87.4000015258789,87.75,84.56999969482422,86.19999694824219,74.28237915039062,15291889
2023-01-16,86.0,86.0,77.61000061035156,77.62000274658203,66.88861846923828,4318878
2023-01-17,78.19999694824219,79.37999725341797,77.19999694824219,78.76000213623047,67.87100219726562,7621831
2023-01-18,79.36000061035156,80.38999938964844,79.27999877929688,79.98999786376953,68.93096160888672,9961315
2023-01-19,79.79000091552734,81.05999755859375,79.7300033569336,80.37000274658203,69.2584228515625,8642359
2023-01-20,80.41999816894531,86.41000366210938,80.41999816894531,82.58000183105469,71.16287231445312,12683643
2023-01-23,82.63999938964844,82.91999816894531,81.48999786376953,81.66999816894531,70.37869262695312,3827858
2023-01-24,81.87999725341797,83.94999694824219,81.30000305175781,83.69999694824219,72.12800598144531,4735790
2023-01-25,83.56999969482422,84.58000183105469,81.9000015258789,83.80000305175781,72.21419525146484,7573001
2023-01-26,83.9800033569336,84.7300033569336,83.51000213623047,83.68000030517578,72.11077880859375,6152579
2023-01-27,84.31999969482422,84.6500015258789,82.0,82.97000122070312,71.49896240234375,7251972
2023-01-30,83.19999694824219,83.87000274658203,82.31999969482422,83.1500015258789,71.6540756225586,3982020
2023-01-31,82.69999694824219,84.4800033569336,81.69999694824219,83.75,72.17109680175781,11637498
2023-02-01,83.5999984741211,85.3499984741211,83.52999877929688,83.80000305175781,72.21419525146484,7251868
2023-02-02,84.5999984741211,85.45999908447266,79.69999694824219,81.68000030517578,70.3873062133789,9320191
2023-02-03,81.63999938964844,84.0,78.44999694824219,81.5999984741211,70.31835174560547,10983672
2023-02-07,81.5999984741211,83.72000122070312,80.0,83.13999938964844,71.64543914794922,11956879
2023-02-08,82.91000366210938,84.25,81.0,83.33000183105469,71.80918884277344,7686331
2023-02-09,83.4000015258789,84.41000366210938,82.4000015258789,83.0999984741211,71.61096954345703,5990709
2023-02-10,82.95999908447266,83.52999877929688,79.69000244140625,81.16999816894531,69.94781494140625,5055454
2023-02-13,81.5,82.48999786376953,81.0199966430664,81.69999694824219,70.40452575683594,3582521
2023-02-14,83.38999938964844,83.38999938964844,79.88999938964844,80.62000274658203,69.47386169433594,5047071
2023-02-15,79.98999786376953,82.83000183105469,79.66000366210938,82.5,71.09394073486328,9427336
2023-02-16,82.5,83.9800033569336,81.3499984741211,83.70999908447266,72.13663482666016,6038452
2023-02-17,82.9000015258789,83.75,81.55000305175781,83.12999725341797,71.63683319091797,4936037
2023-02-20,83.61000061035156,84.44999694824219,82.08000183105469,82.13999938964844,70.78370666503906,597998
2023-02-21,82.5199966430664,86.44000244140625,82.5199966430664,86.19000244140625,74.27376556396484,5379058
2023-02-22,85.19999694824219,85.79000091552734,84.16000366210938,85.5,73.67916870117188,5413793
2023-02-23,86.88999938964844,86.88999938964844,83.0,84.04000091552734,72.42101287841797,7315323
2023-02-24,83.44999694824219,83.44999694824219,79.83000183105469,80.04000091552734,68.97404479980469,4045667
2023-02-27,80.19999694824219,82.75,79.51000213623047,82.69000244140625,71.2576675415039,3403973
2023-02-28,82.0,83.30000305175781,81.0,82.29000091552734,71.77653503417969,9479927
2023-03-01,82.69999694824219,86.80000305175781,81.98999786376953,85.76000213623047,74.80321502685547,3195672
2023-03-02,83.80999755859375,86.2699966430664,83.1500015258789,84.79000091552734,73.95712280273438,2885821
2023-03-03,84.75,89.33000183105469,84.75,88.9800033569336,77.61180877685547,5500572
2023-03-06,88.9800033569336,89.27999877929688,84.54000091552734,85.31999969482422,74.41942596435547,2975036
2023-03-07,84.0,85.06999969482422,81.62000274658203,81.73999786376953,71.29680633544922,3179021
2023-03-08,82.44999694824219,83.66000366210938,82.20999908447266,83.2300033569336,72.59644317626953,3291499
2023-03-09,83.22000122070312,83.5,80.62999725341797,80.9800033569336,70.6339111328125,4573137
2023-03-10,81.01000213623047,81.5199966430664,80.2300033569336,81.16000366210938,70.79090118408203,3110646
2023-03-13,80.72000122070312,84.37000274658203,80.18000030517578,83.26000213623047,72.62261199951172,4222571
2023-03-14,83.27999877929688,84.98999786376953,81.73999786376953,82.30000305175781,71.7852554321289,6038086
2023-03-15,81.36000061035156,81.94000244140625,78.73999786376953,79.5999984741211,69.4301986694336,5352601
2023-03-16,79.88999938964844,80.58000183105469,79.0999984741211,79.5,69.34297180175781,4004644
2023-03-17,79.80999755859375,82.9000015258789,78.95999908447266,79.91999816894531,69.7093276977539,19632886
2023-03-21,81.16000366210938,83.08999633789062,80.76000213623047,82.62000274658203,72.06437683105469,7533015
2023-03-22,82.62999725341797,83.1500015258789,81.37999725341797,82.0,71.52357482910156,3538489
2023-03-23,82.0,84.0,82.0,83.58999633789062,72.91043853759766,2337861
2023-03-24,81.05000305175781,83.33000183105469,81.05000305175781,83.0,72.39583587646484,3529786
2023-03-27,82.69999694824219,84.33999633789062,82.55999755859375,84.19000244140625,73.43378448486328,3222689
2023-03-28,83.97000122070312,86.80999755859375,83.58999633789062,85.05000305175781,74.18392181396484,3167337
2023-03-29,85.26000213623047,86.48999786376953,84.5,86.0,75.0125503540039,3938673
2023-03-30,85.3499984741211,87.93000030517578,85.3499984741211,87.0199966430664,75.90222930908203,3996047
2023-03-31,86.94000244140625,87.80000305175781,85.0199966430664,85.23999786376953,74.34963989257812,6691675
2023-04-03,85.44999694824219,86.62000274658203,84.83000183105469,86.05000305175781,75.05615234375,2632831
2023-04-04,86.20999908447266,86.9800033569336,83.95999908447266,85.45999908447266,74.54154205322266,5551793
2023-04-05,84.22000122070312,85.29000091552734,83.01000213623047,84.01000213623047,73.27677917480469,4056416
2023-04-10,85.0199966430664,87.4000015258789,84.55000305175781,86.94999694824219,75.8411636352539,2025575
2023-04-11,85.12000274658203,92.72000122070312,85.12000274658203,91.9800033569336,80.22853088378906,5517547
2023-04-12,90.0,93.36000061035156,90.0,91.77999877929688,80.0540771484375,6285667
2023-04-13,92.4000015258789,94.27999877929688,91.87999725341797,93.12999725341797,81.2315902709961,8114230
2023-04-14,92.0,94.25,91.26000213623047,91.27999877929688,79.61795806884766,10897298
2023-04-17,92.0,92.81999969482422,91.0,91.6500015258789,79.94068145751953,7999150
2023-04-18,92.16000366210938,93.5,92.04000091552734,93.16000366210938,81.25778198242188,4634837
2023-04-19,92.5999984741211,93.93000030517578,91.22000122070312,92.97000122070312,81.09205627441406,4356829
2023-04-20,92.6500015258789,93.58000183105469,88.63999938964844,89.0999984741211,77.71647644042969,9354765
2023-04-21,89.88999938964844,91.01000213623047,86.37999725341797,90.23999786376953,78.71083068847656,8178687
2023-04-24,90.08999633789062,90.70999908447266,89.01000213623047,90.0,78.50150299072266,3043097
2023-04-25,89.0,90.05999755859375,87.25,88.48999786376953,77.18441009521484,3982554
2023-04-26,89.0999984741211,90.48999786376953,87.5999984741211,88.01000213623047,76.76575469970703,3342577
2023-04-27,88.33000183105469,89.4000015258789,88.05999755859375,89.12999725341797,77.74263763427734,3233550
2023-04-28,89.16999816894531,92.0,87.5999984741211,87.93000030517578,76.69595336914062,8673429
2023-05-02,88.41000366210938,89.73999786376953,87.62000274658203,88.98999786376953,77.62052154541016,6719408
2023-05-03,88.77999877929688,88.80999755859375,87.44999694824219,88.38999938964844,77.09718322753906,2047688
2023-05-04,88.43000030517578,88.87999725341797,86.91000366210938,87.41000366210938,76.2424087524414,8065389
2023-05-05,87.11000061035156,88.47000122070312,86.33999633789062,86.5,75.44866180419922,4785452
2023-05-08,87.0199966430664,87.62999725341797,86.69999694824219,87.0999984741211,75.97200012207031,2898488
2023-05-09,86.93000030517578,88.23999786376953,86.05999755859375,87.95999908447266,76.72212982177734,4686052
2023-05-10,86.81999969482422,88.0,83.37999725341797,84.0,73.26805114746094,5322891
2023-05-11,83.79000091552734,83.79000091552734,79.41000366210938,80.0999984741211,69.8663330078125,10371583
2023-05-12,80.31999969482422,82.73999786376953,80.1500015258789,82.20999908447266,71.70675659179688,6210151
2023-05-15,82.30000305175781,84.5999984741211,82.06999969482422,84.48999786376953,73.69544982910156,3846427
2023-05-16,83.9800033569336,84.33999633789062,82.41000366210938,84.0199966430664,73.28549194335938,3717522
2023-05-17,84.44999694824219,84.9800033569336,83.93000030517578,84.25,73.48612976074219,3298128
2023-05-18,84.30000305175781,84.43000030517578,83.48999786376953,83.76000213623047,73.05872344970703,3121880
2023-05-19,83.66000366210938,83.91999816894531,79.9000015258789,80.20999908447266,69.9622802734375,3799078
2023-05-22,80.4800033569336,80.87000274658203,76.2699966430664,77.8499984741211,67.90379333496094,6714263
2023-05-23,77.63999938964844,79.37999725341797,76.41999816894531,77.3499984741211,67.46766662597656,5826159
2023-05-24,81.30999755859375,85.13999938964844,81.30000305175781,83.69000244140625,72.99767303466797,12868513
2023-05-25,83.31999969482422,84.7300033569336,83.2699966430664,84.06999969482422,74.21131896972656,6752798
2023-05-26,84.06999969482422,85.80000305175781,78.05000305175781,82.01000213623047,72.39289855957031,4503415
2023-05-29,82.80000305175781,82.80000305175781,82.0,82.0,72.38407135009766,645185
2023-05-30,82.0,82.0199966430664,78.66000366210938,79.69000244140625,70.34494018554688,5188113
2023-05-31,79.69000244140625,80.44999694824219,76.27999877929688,78.9000015258789,69.64759063720703,14034021
2023-06-01,79.11000061035156,83.80000305175781,78.9000015258789,82.0,72.38407135009766,8724530
2023-06-02,82.0199966430664,83.91000366210938,80.87999725341797,82.13999938964844,72.50763702392578,5792068
2023-06-05,82.1500015258789,83.2300033569336,80.91999816894531,82.7300033569336,73.0284652709961,2425638
2023-06-06,83.4000015258789,84.19999694824219,81.69000244140625,83.79000091552734,73.96415710449219,5579809
2023-06-07,83.73999786376953,84.9800033569336,82.80000305175781,83.19999694824219,73.44332122802734,6037973
2023-06-08,83.44999694824219,84.4000015258789,82.44999694824219,84.26000213623047,74.37902069091797,2407328
2023-06-09,84.3499984741211,85.5,83.83999633789062,85.05000305175781,75.0763931274414,3131591
2023-06-12,85.05000305175781,85.05000305175781,82.12999725341797,82.58000183105469,72.89604949951172,2965569
2023-06-13,83.48999786376953,84.76000213623047,82.52999877929688,84.29000091552734,74.405517578125,3635691
2023-06-14,84.66999816894531,87.95999908447266,84.5,86.51000213623047,76.36518096923828,5671701
2023-06-15,86.33000183105469,87.4000015258789,85.98999786376953,86.37999725341797,76.25041961669922,3726860
2023-06-16,86.41000366210938,87.62999725341797,85.66000366210938,86.93000030517578,76.73593139648438,17914497
2023-06-19,86.83999633789062,86.83999633789062,84.91999816894531,85.55999755859375,75.52658081054688,398015
2023-06-20,86.0,86.5999984741211,83.3499984741211,84.4800033569336,74.57322692871094,4823237
2023-06-21,85.3499984741211,85.3499984741211,83.62999725341797,83.72000122070312,73.90235137939453,2049097
2023-06-22,83.79000091552734,84.31999969482422,82.2699966430664,83.5999984741211,73.79642486572266,3851030
2023-06-23,83.48999786376953,83.66000366210938,81.5199966430664,83.1500015258789,73.3991928100586,2706477
2023-06-26,83.48999786376953,84.44999694824219,83.29000091552734,84.19999694824219,74.32606506347656,2553026
2023-06-27,84.0,84.62999725341797,83.04000091552734,84.2300033569336,74.35254669189453,2910569
2023-06-28,83.95999908447266,84.30000305175781,82.72000122070312,83.54000091552734,73.74345397949219,5343659
2023-06-29,82.66000366210938,83.63999938964844,81.7300033569336,82.16000366210938,72.52529907226562,2606029
2023-06-30,83.25,83.5999984741211,81.77999877929688,82.30000305175781,72.64888763427734,5564221
2023-07-03,82.41999816894531,85.93000030517578,82.41999816894531,85.2699966430664,75.27057647705078,3599497
2023-07-04,85.25,85.62999725341797,83.87999725341797,84.4800033569336,74.57322692871094,541312
2023-07-05,85.0,85.0,82.48999786376953,83.25,73.48746490478516,2912739
2023-07-06,83.25,83.4800033569336,80.33000183105469,81.37000274658203,71.82793426513672,4503374
2023-07-07,81.47000122070312,83.87000274658203,80.3499984741211,83.30000305175781,73.53160858154297,3540923
2023-07-10,83.2300033569336,84.58999633789062,82.58999633789062,84.27999877929688,74.39667510986328,4599116
2023-07-11,84.52999877929688,84.94999694824219,83.66999816894531,84.87999725341797,74.92633056640625,4755761
2023-07-12,85.1500015258789,85.5,84.44000244140625,85.19999694824219,75.20879364013672,5323465
2023-07-13,85.29000091552734,86.6500015258789,84.72000122070312,85.86000061035156,75.79139709472656,3442630
2023-07-14,85.91000366210938,86.5,85.58000183105469,85.80000305175781,75.73844146728516,3260418
2023-07-17,83.41999816894531,85.77999877929688,83.41999816894531,85.0199966430664,75.04991149902344,2772744
2023-07-18,85.0,85.98999786376953,84.08999633789062,85.5,75.47361755371094,2218291
2023-07-19,84.5199966430664,85.88999938964844,83.97000122070312,84.30999755859375,74.42317199707031,3139290
2023-07-20,83.62000274658203,85.61000061035156,83.62000274658203,84.30999755859375,74.42317199707031,3256287
2023-07-21,84.48999786376953,85.81999969482422,84.48999786376953,85.5999984741211,75.56189727783203,1289495
2023-07-24,85.38999938964844,86.54000091552734,84.55000305175781,85.94999694824219,75.870849609375,3353559
2023-07-25,86.45999908447266,90.25,85.91000366210938,89.9000015258789,79.3576431274414,3980819
2023-07-26,89.9000015258789,90.31999969482422,86.37999725341797,87.9800033569336,77.66279602050781,4451207
2023-07-27,89.43000030517578,89.43000030517578,86.33999633789062,88.0,77.68045043945312,3675872
2023-07-28,87.94999694824219,87.94999694824219,86.41999816894531,86.48999786376953,76.34752655029297,4666458
2023-07-31,87.80000305175781,87.81999969482422,85.9000015258789,87.11000061035156,76.89482116699219,4081906
2023-08-01,87.0,87.88999938964844,84.95999908447266,85.30999755859375,75.3058853149414,3879273
2023-08-02,85.23999786376953,85.23999786376953,82.7699966430664,83.19000244140625,73.43450164794922,4573190
2023-08-03,82.68000030517578,86.56999969482422,82.29000091552734,86.37000274658203,76.2416000366211,5046246
2023-08-04,86.30000305175781,86.30000305175781,84.87999725341797,85.33999633789062,75.3323745727539,1383956
2023-08-07,85.11000061035156,85.6500015258789,84.75,85.16000366210938,75.17349243164062,2144585
2023-08-08,85.16999816894531,85.16999816894531,83.11000061035156,84.5,74.59089660644531,3163169
2023-08-09,84.3499984741211,85.83000183105469,84.0999984741211,85.7699966430664,75.71195983886719,5504389
2023-08-10,85.62999725341797,85.9800033569336,83.11000061035156,84.16000366210938,74.290771484375,3442717
2023-08-11,83.87000274658203,83.87000274658203,82.2300033569336,82.69999694824219,73.00196838378906,5091607
2023-08-14,83.27999877929688,83.27999877929688,79.4000015258789,80.44999694824219,71.01581573486328,6349720
2023-08-15,80.37999725341797,80.44000244140625,78.3499984741211,79.80999755859375,70.45085906982422,9606554
2023-08-16,80.3499984741211,81.2699966430664,79.5199966430664,80.87999725341797,71.39539337158203,5240924
2023-08-17,81.3499984741211,81.83999633789062,80.33000183105469,81.01000213623047,71.51014709472656,4104803
2023-08-18,80.9800033569336,81.61000061035156,76.7300033569336,81.5999984741211,72.03096008300781,5005159
2023-08-21,81.52999877929688,82.38999938964844,80.83999633789062,82.12000274658203,72.48998260498047,2965521
2023-08-22,82.25,83.98999786376953,82.22000122070312,83.61000061035156,73.80525207519531,3172941
2023-08-23,83.56999969482422,84.9800033569336,83.52999877929688,84.3499984741211,74.4584732055664,3657806
2023-08-24,83.91999816894531,84.33999633789062,80.87000274658203,81.70999908447266,72.81513977050781,4342200
2023-08-25,81.76000213623047,82.33999633789062,80.31999969482422,81.5999984741211,72.71709442138672,5282510
2023-08-28,81.55000305175781,82.77999877929688,81.55000305175781,81.9000015258789,72.98445129394531,2530489
2023-08-29,81.9000015258789,84.9800033569336,81.75,84.94000244140625,75.69351959228516,4499512
2023-08-30,84.75,85.80000305175781,82.8499984741211,82.91999816894531,73.89339447021484,7199651
2023-08-31,82.81999969482422,83.02999877929688,80.72000122070312,81.5,72.62799072265625,16045279
2023-09-01,82.19000244140625,83.48999786376953,81.8499984741211,82.61000061035156,73.61715698242188,8801950
2023-09-04,82.55999755859375,83.62999725341797,81.02999877929688,82.5,73.51912689208984,335872
2023-09-05,82.29000091552734,83.25,81.37000274658203,81.62000274658203,72.73492431640625,2726961
2023-09-06,81.95999908447266,84.0999984741211,81.44000244140625,83.2699966430664,74.2052993774414,3740711
2023-09-07,83.95999908447266,83.95999908447266,82.29000091552734,82.55000305175781,73.56369018554688,3512684
2023-09-08,82.68000030517578,82.69999694824219,81.08000183105469,82.5999984741211,73.60823059082031,5123983
2023-09-11,82.8499984741211,84.37999725341797,82.63999938964844,82.72000122070312,73.7151870727539,2003954
2023-09-12,82.88999938964844,82.88999938964844,80.75,81.27999877929688,72.43193817138672,3030349
2023-09-13,81.0999984741211,82.25,80.05000305175781,81.66999816894531,72.77947235107422,2460156
2023-09-14,81.94999694824219,82.48999786376953,80.58000183105469,81.13999938964844,72.30717468261719,3692014
2023-09-15,81.20999908447266,81.61000061035156,80.0199966430664,80.47000122070312,71.71011352539062,17261631
2023-09-18,80.33000183105469,80.69999694824219,80.0199966430664,80.37999725341797,71.62989807128906,3338866
2023-09-19,80.62999725341797,84.08000183105469,80.62999725341797,82.7699966430664,73.7597427368164,4659537
2023-09-20,83.33000183105469,85.16000366210938,82.37000274658203,84.48999786376953,75.29248809814453,3106713
2023-09-21,83.6500015258789,85.8499984741211,82.02999877929688,82.61000061035156,73.61715698242188,4206596
2023-09-22,83.19999694824219,85.0,80.8499984741211,81.30999755859375,72.45866394042969,2958708
2023-09-25,81.69999694824219,82.5,80.52999877929688,81.5999984741211,72.71709442138672,5109017
2023-09-26,81.41000366210938,81.86000061035156,79.80000305175781,80.38999938964844,71.63880157470703,4486526
2023-09-27,80.54000091552734,82.4800033569336,79.8499984741211,81.9000015258789,72.98445129394531,5350993
2023-09-28,81.72000122070312,83.54000091552734,81.72000122070312,82.33000183105469,73.36763763427734,2079953
2023-09-29,82.5,83.68000030517578,81.97000122070312,82.36000061035156,73.39437103271484,5712845
2023-10-02,83.77999877929688,83.77999877929688,81.94000244140625,83.41999816894531,74.33897399902344,2985448
2023-10-03,83.33999633789062,83.33999633789062,79.73999786376953,80.25,71.5140609741211,4096440
2023-10-04,80.25,81.47000122070312,79.43000030517578,80.19000244140625,71.4605941772461,4752242
2023-10-05,79.98999786376953,81.41000366210938,76.73999786376953,77.73999786376953,69.27729034423828,5897674
2023-10-06,78.05999755859375,80.4800033569336,77.5,79.25,70.62291717529297,3334147
2023-10-09,80.19000244140625,80.19000244140625,76.7300033569336,77.19000244140625,68.78716278076172,5959703
2023-10-10,77.88999938964844,79.02999877929688,77.62000274658203,78.51000213623047,69.9634780883789,6638707
2023-10-11,79.19000244140625,79.44999694824219,77.51000213623047,78.4000015258789,69.86544036865234,5446130
2023-10-12,78.5199966430664,78.54000091552734,75.5999984741211,76.7699966430664,68.41287231445312,4299632
2023-10-13,76.8499984741211,77.61000061035156,76.0999984741211,76.91999816894531,68.54656219482422,3934741
2023-10-16,76.91999816894531,77.7300033569336,76.31999969482422,77.31999969482422,68.90301513671875,3628693
2023-10-17,77.5,77.63999938964844,76.55000305175781,77.0999984741211,68.70696258544922,5226681
2023-10-18,76.80000305175781,78.80000305175781,75.66999816894531,76.25,67.9494857788086,10118165
2023-10-19,77.69999694824219,77.69999694824219,75.87999725341797,76.01000213623047,67.73562622070312,4129957
2023-10-20,76.05000305175781,76.05000305175781,74.5999984741211,74.5999984741211,66.47911071777344,4419726
2023-10-23,74.8499984741211,75.08000183105469,73.30999755859375,74.73999786376953,66.60386657714844,5227140
2023-10-24,75.4000015258789,75.95999908447266,74.56999969482422,74.83000183105469,66.68406677246094,3073775
2023-10-25,75.62999725341797,77.54000091552734,75.01000213623047,76.80999755859375,68.44853973388672,7052143
2023-10-26,76.97000122070312,78.48999786376953,76.25,77.5199966430664,69.08123779296875,8435977
2023-10-27,77.11000061035156,78.63999938964844,75.52999877929688,76.0999984741211,67.81581115722656,6039059
2023-10-30,76.0,76.44000244140625,74.98999786376953,75.68000030517578,67.44153594970703,5301128
2023-10-31,75.4800033569336,75.5199966430664,73.0,74.87000274658203,66.71971130371094,36408055
2023-11-01,73.94999694824219,75.76000213623047,72.76000213623047,73.41999816894531,65.42756652832031,2882742
2023-11-03,76.88999938964844,77.41999816894531,74.4000015258789,75.08999633789062,66.91577911376953,5439885
2023-11-06,73.62999725341797,77.33999633789062,73.62999725341797,76.16999816894531,67.87821197509766,4815414
2023-11-07,75.94000244140625,76.63999938964844,74.63999938964844,75.5,67.28113555908203,4869075
2023-11-08,76.98999786376953,76.98999786376953,74.4800033569336,74.94999694824219,66.79100799560547,4668470
2023-11-09,75.0,76.4800033569336,74.30000305175781,75.3499984741211,67.14747619628906,3433033
2023-11-10,75.30999755859375,75.7699966430664,72.9000015258789,73.44000244140625,65.44540405273438,3613188
2023-11-13,73.75,74.0,73.23999786376953,73.4000015258789,65.40974426269531,2843025
2023-11-14,73.70999908447266,77.0999984741211,73.43000030517578,76.0999984741211,67.81581115722656,9597682
2023-11-15,76.63999938964844,78.44999694824219,76.38999938964844,77.75,69.28620147705078,2717425
2023-11-16,77.44999694824219,78.0199966430664,75.93000030517578,77.41999816894531,68.99211883544922,3006697
2023-11-17,77.68000030517578,79.62999725341797,77.68000030517578,78.19000244140625,69.67830657958984,3701566
2023-11-21,76.7699966430664,79.44000244140625,76.7699966430664,78.20999908447266,69.69613647460938,3689090
2023-11-22,78.0999984741211,78.66999816894531,77.7300033569336,78.44000244140625,69.90109252929688,2184808
2023-11-23,78.48999786376953,78.88999938964844,77.0,77.41999816894531,69.87840270996094,546989
2023-11-24,77.5,77.94999694824219,76.27999877929688,77.29000091552734,69.76107788085938,873780
2023-11-27,77.48999786376953,77.48999786376953,73.51000213623047,73.80000305175781,66.61104583740234,8676166
2023-11-28,74.01000213623047,74.16999816894531,72.55000305175781,72.80000305175781,65.70845031738281,6443288
2023-11-29,72.87999725341797,75.75,72.87999725341797,75.4800033569336,68.12739562988281,3503122
2023-11-30,75.56999969482422,80.37000274658203,75.0199966430664,79.79000091552734,72.01754760742188,20875101
2023-12-01,79.01000213623047,80.7300033569336,78.02999877929688,79.37999725341797,71.64747619628906,4737545
2023-12-04,79.19000244140625,80.69999694824219,78.5199966430664,80.48999786376953,72.64935302734375,24192469
2023-12-05,80.58000183105469,80.58000183105469,77.88999938964844,78.80999755859375,71.13301086425781,3073240
2023-12-06,79.02999877929688,80.56999969482422,78.69999694824219,78.83000183105469,71.15106964111328,3569553
2023-12-07,79.2699966430664,80.2699966430664,77.58000183105469,79.7300033569336,71.96339416503906,14692497
2023-12-08,79.7300033569336,81.18000030517578,79.08999633789062,80.0999984741211,72.29734802246094,4044736
2023-12-11,79.12999725341797,80.05000305175781,78.0,79.77999877929688,72.0085220336914,4784454
2023-12-13,78.01000213623047,81.36000061035156,78.0,81.19999694824219,73.29019927978516,5707554
2023-12-14,82.52999877929688,85.31999969482422,81.12000274658203,85.11000061035156,76.8193130493164,6640770
2023-12-15,84.61000061035156,88.5999984741211,84.12000274658203,88.41000366210938,79.79785919189453,23870874
2023-12-18,86.1500015258789,89.47000122070312,86.1500015258789,89.05000305175781,80.37551879882812,4847292
2023-12-19,88.58000183105469,91.36000061035156,88.43000030517578,90.47000122070312,81.65719604492188,4713033
2023-12-20,90.25,91.0,87.22000122070312,87.69000244140625,79.14800262451172,3356392
2023-12-21,87.51000213623047,90.11000061035156,87.37000274658203,89.51000213623047,80.79070281982422,2064840
2023-12-22,89.68000030517578,92.91999816894531,89.25,92.58999633789062,83.57068634033203,1447944
2023-12-26,93.68000030517578,94.0,91.91000366210938,92.55999755859375,83.54360961914062,882179
2023-12-27,89.93000030517578,94.63999938964844,89.4800033569336,93.7699966430664,84.63572692871094,2800253
2023-12-28,93.91999816894531,95.38999938964844,93.5999984741211,93.97000122070312,84.81625366210938,2254473
2023-12-29,93.62000274658203,95.16999816894531,92.66000366210938,94.37999725341797,85.18631744384766,1282333
2024-01-02,93.69999694824219,93.94000244140625,91.69000244140625,93.47000122070312,84.36495971679688,2228438
2024-01-03,92.91999816894531,93.48999786376953,89.27999877929688,90.01000213623047,81.24201202392578,10874716
2024-01-04,89.19999694824219,90.13999938964844,87.22000122070312,88.44999694824219,79.83395385742188,5790597
2024-01-05,89.1500015258789,95.12999725341797,88.08000183105469,91.0,82.13557434082031,3288904
2024-01-08,90.23999786376953,91.9800033569336,89.13999938964844,91.86000061035156,82.91178894042969,1354343
2024-01-09,92.13999938964844,92.13999938964844,87.5,87.87000274658203,79.31046295166016,4678814
2024-01-10,87.19000244140625,88.19999694824219,85.54000091552734,86.52999877929688,78.10099029541016,3584019
2024-01-11,85.95999908447266,86.5199966430664,84.55000305175781,84.94999694824219,76.67489624023438,3874970
2024-01-12,84.70999908447266,87.22000122070312,84.70999908447266,86.02999877929688,77.64968872070312,1987334
2024-01-15,86.27999877929688,86.91000366210938,86.11000061035156,86.77999877929688,78.3266372680664,223495
2024-01-16,86.4000015258789,86.4000015258789,83.69999694824219,84.0,75.81744384765625,3763370
2024-01-17,83.80999755859375,83.83000183105469,81.91000366210938,83.58999633789062,75.44737243652344,4607449
2024-01-18,83.41000366210938,84.30000305175781,82.76000213623047,83.66999816894531,75.51957702636719,3385633
2024-01-19,83.5,85.69000244140625,79.98999786376953,84.94999694824219,76.67489624023438,4535501
2024-01-22,83.4800033569336,84.72000122070312,82.0,82.22000122070312,74.2108383178711,1708242
2024-01-23,82.87000274658203,84.91999816894531,82.87000274658203,84.91999816894531,76.6478271484375,3696989
2024-01-24,85.48999786376953,87.97000122070312,85.04000091552734,87.30000305175781,78.79598999023438,5148308
2024-01-25,87.23999786376953,88.31999969482422,85.56999969482422,87.51000213623047,78.98554229736328,5830126
2024-01-26,87.51000213623047,88.98999786376953,87.37000274658203,88.19999694824219,79.60831451416016,4161458
2024-01-29,88.97000122070312,89.83999633789062,87.93000030517578,89.58000183105469,80.85389709472656,3326040
2024-01-30,88.5199966430664,89.4000015258789,87.41000366210938,88.70999908447266,80.06864166259766,8505301
2024-01-31,88.04000091552734,90.12999725341797,87.5,88.72000122070312,80.0776596069336,7413950
2024-02-01,89.5999984741211,92.6500015258789,88.87000274658203,91.19999694824219,82.31607818603516,5236864
2024-02-02,91.68000030517578,91.9000015258789,88.48999786376953,89.19999694824219,80.51090240478516,8772725
2024-02-06,90.86000061035156,91.38999938964844,87.01000213623047,89.25,80.5560302734375,8150298
2024-02-07,89.16999816894531,90.56999969482422,89.1500015258789,89.9000015258789,81.1427230834961,5389200
2024-02-08,90.4800033569336,90.4800033569336,87.08000183105469,87.0999984741211,78.61547088623047,4704002
2024-02-09,88.20999908447266,88.69000244140625,85.27999877929688,85.41000366210938,77.09010314941406,3708017
2024-02-12,85.68000030517578,88.2300033569336,85.58999633789062,86.2300033569336,77.8302230834961,1178891
2024-02-13,85.4800033569336,86.7699966430664,84.5,84.72000122070312,76.46731567382812,1533750
2024-02-14,85.80000305175781,86.11000061035156,84.5999984741211,85.5999984741211,77.26158905029297,2168142
2024-02-15,85.37000274658203,86.95999908447266,85.30000305175781,86.0,77.62261962890625,2638011
2024-02-16,85.91999816894531,87.68000030517578,85.91999816894531,86.6500015258789,78.20929718017578,1845293
2024-02-19,86.44000244140625,88.30000305175781,86.26000213623047,88.0,79.42779541015625,908520
2024-02-20,85.22000122070312,86.80000305175781,84.83999633789062,86.7699966430664,78.3176040649414,3238955
2024-02-21,86.12000274658203,86.88999938964844,84.63999938964844,86.11000061035156,77.72191619873047,5041284
2024-02-22,86.11000061035156,87.19000244140625,85.19999694824219,86.05000305175781,77.66775512695312,3327769
2024-02-23,86.0,86.75,85.0,85.44000244140625,77.11717987060547,2667698
2024-02-26,85.5,85.51000213623047,82.80000305175781,84.9800033569336,76.70198822021484,2532761
2024-02-27,84.9800033569336,86.0,84.56999969482422,85.47000122070312,77.14424896240234,1837235
2024-02-28,85.70999908447266,86.01000213623047,81.9000015258789,82.44999694824219,74.41842651367188,4443331
2024-02-29,83.5,83.9000015258789,82.30000305175781,83.11000061035156,75.74532318115234,10673944
2024-03-01,82.48999786376953,84.02999877929688,82.30999755859375,83.11000061035156,75.74532318115234,3232778
2024-03-04,83.01000213623047,84.44000244140625,82.62000274658203,84.19999694824219,76.73872375488281,1880682
2024-03-05,84.19999694824219,84.4000015258789,83.05000305175781,83.63999938964844,76.22834014892578,2721314
2024-03-06,83.83000183105469,84.13999938964844,81.70999908447266,82.0999984741211,74.82481384277344,5576429
2024-03-07,82.5,84.69999694824219,82.19999694824219,83.83999633789062,76.4106216430664,3679053
2024-03-08,83.88999938964844,84.88999938964844,83.80000305175781,84.4000015258789,76.92100524902344,2913935
2024-03-11,83.18000030517578,85.38999938964844,83.18000030517578,84.5999984741211,77.10328674316406,2052629
2024-03-12,85.44000244140625,85.44000244140625,83.73999786376953,84.2699966430664,76.80252075195312,1783864
2024-03-13,84.94999694824219,90.94000244140625,84.94999694824219,90.26000213623047,82.2617416381836,11497913
2024-03-14,89.41999816894531,91.81999969482422,89.41999816894531,90.37999725341797,82.37109375,6469181
2024-03-15,91.0,99.75,90.0,97.01000213623047,88.41358947753906,34299390
2024-03-19,96.9000015258789,96.9000015258789,90.36000061035156,92.11000061035156,83.9477767944336,13517475
2024-03-20,91.66999816894531,95.55000305175781,90.0,95.1500015258789,86.7184066772461,3671951
2024-03-21,94.8499984741211,96.87999725341797,94.8499984741211,96.62000274658203,88.05815124511719,3349504
2024-03-22,96.5999984741211,98.30999755859375,96.16999816894531,97.94999694824219,89.27029418945312,3297803
2024-03-25,97.30999755859375,98.81999969482422,97.20999908447266,98.12000274658203,89.42523193359375,2956900
2024-03-26,97.91000366210938,98.87000274658203,97.61000061035156,98.01000213623047,89.32498931884766,2842560
2024-03-27,97.51000213623047,98.8499984741211,97.5,98.30000305175781,89.58928680419922,6528626
2024-04-01,98.25,100.87999725341797,98.25,99.98999786376953,91.12953186035156,6370339
2024-04-02,99.79000091552734,100.75,98.19000244140625,99.13999938964844,90.35484313964844,9894434
2024-04-03,98.30000305175781,103.33999633789062,97.5999984741211,102.06999969482422,93.02519989013672,6986395
2024-04-04,101.06999969482422,105.0,101.06999969482422,102.11000061035156,93.06165313720703,5316859
2024-04-05,102.01000213623047,104.25,101.20999908447266,103.69999694824219,94.51074981689453,3519613
2024-04-08,103.6500015258789,105.91000366210938,103.08999633789062,105.66999816894531,96.30618286132812,2987015
2024-04-09,105.87000274658203,109.80000305175781,105.80000305175781,108.9000015258789,99.24996948242188,12718793
2024-04-10,108.55999755859375,109.69000244140625,105.62999725341797,106.47000122070312,97.03529357910156,7596420
2024-04-11,107.0199966430664,107.80000305175781,105.19000244140625,105.43000030517578,96.08744812011719,3010988
2024-04-12,105.80000305175781,111.81999969482422,102.1500015258789,103.30999755859375,94.15531158447266,4633739
2024-04-15,104.45999908447266,104.83000183105469,103.33000183105469,104.0999984741211,94.87532043457031,6666705
2024-04-16,102.9000015258789,104.51000213623047,101.51000213623047,104.36000061035156,95.11227416992188,3755455
2024-04-17,104.36000061035156,105.44999694824219,101.68000030517578,102.6500015258789,93.55381774902344,4250245
2024-04-18,104.16000366210938,104.75,102.76000213623047,104.0,94.7841796875,7979327
2024-04-19,102.6500015258789,104.37999725341797,102.29000091552734,103.05000305175781,93.91836547851562,3890993
2024-04-22,102.0,103.18000030517578,99.7300033569336,100.72000122070312,91.79483032226562,6255803
2024-04-23,100.04000091552734,100.4800033569336,97.76000213623047,99.5199966430664,90.70115661621094,4508663
2024-04-24,99.47000122070312,101.16000366210938,98.30000305175781,100.3499984741211,91.45760345458984,6860612
2024-04-25,100.80999755859375,103.94000244140625,99.9000015258789,103.30999755859375,94.15531158447266,6644418
2024-04-26,103.33000183105469,107.98999786376953,99.0,106.69000244140625,97.23580169677734,4333908
2024-04-29,106.94999694824219,111.81999969482422,106.54000091552734,108.83999633789062,99.19528198242188,5281206
2024-04-30,108.6500015258789,108.6500015258789,104.7699966430664,105.86000061035156,96.47936248779297,6463031
2024-05-02,105.8499984741211,107.36000061035156,104.37000274658203,104.98999786376953,95.68643951416016,5834705
2024-05-03,105.20999908447266,105.83000183105469,103.70999908447266,105.08000183105469,95.76847076416016,6139446
2024-05-06,105.25,108.63999938964844,104.72000122070312,105.98999786376953,96.59783935546875,2808515
2024-05-07,105.91000366210938,106.18000030517578,103.05000305175781,104.4800033569336,95.22164916992188,3232506
2024-05-08,103.9800033569336,104.98999786376953,100.62000274658203,101.72000122070312,92.70621490478516,4216181
2024-05-09,103.9800033569336,105.0,101.37999725341797,104.05000305175781,94.82975769042969,4092990
2024-05-10,104.87999725341797,106.9800033569336,102.98999786376953,103.80000305175781,94.60189819335938,3314434
2024-05-13,104.0,104.80000305175781,102.20999908447266,102.30999755859375,93.24394226074219,2927263
2024-05-14,102.5999984741211,104.55999755859375,102.5999984741211,103.5199966430664,94.3467025756836,21627792
2024-05-15,104.62000274658203,104.83999633789062,103.0,104.31999969482422,95.0758285522461,10106882
2024-05-16,104.44999694824219,106.37999725341797,103.52999877929688,105.48999786376953,96.14214324951172,7183353
2024-05-17,106.3499984741211,112.8499984741211,105.55000305175781,112.58999633789062,102.61298370361328,10150091
2024-05-20,112.5,115.5,112.0,114.9800033569336,104.79120635986328,16505088
2024-05-21,114.5,115.48999786376953,112.19000244140625,114.11000061035156,103.998291015625,4132452
2024-05-22,112.5,112.5,105.08999633789062,108.5,99.755126953125,4914354
2024-05-23,108.0,108.37000274658203,105.0,106.12000274658203,97.56696319580078,5091576
2024-05-24,105.0,106.80000305175781,103.88999938964844,104.0199966430664,95.63621520996094,3249753
2024-05-27,104.80999755859375,105.83000183105469,103.0,105.5,96.9969253540039,1385182
2024-05-28,104.52999877929688,107.4800033569336,104.52999877929688,105.30000305175781,96.81305694580078,4095841
2024-05-29,105.4800033569336,106.77999877929688,102.3499984741211,105.54000091552734,97.0337142944336,5548993
2024-05-30,104.98999786376953,106.36000061035156,103.25,105.70999908447266,97.18999481201172,5121048
2024-05-31,105.41000366210938,109.0,104.25,104.68000030517578,96.24300384521484,18369452
2024-06-03,104.87999725341797,107.2300033569336,95.44999694824219,97.87000274658203,89.98189544677734,7919548
2024-06-04,96.79000091552734,97.73999786376953,92.62999725341797,95.25,87.57305908203125,8677522
2024-06-05,95.30999755859375,98.47000122070312,95.12999725341797,98.30999755859375,90.38643646240234,13385304
2024-06-06,98.54000091552734,103.97000122070312,97.23999786376953,99.44999694824219,91.43455505371094,7422529
2024-06-07,99.44999694824219,101.04000091552734,94.43000030517578,95.45999908447266,87.7661361694336,7560246
2024-06-10,95.62999725341797,97.91999816894531,94.79000091552734,96.20999908447266,88.45567321777344,6636338
2024-06-11,96.20999908447266,97.12000274658203,92.19999694824219,95.94999694824219,88.21662902832031,6587712
2024-06-12,96.98999786376953,97.19000244140625,94.0,94.62999725341797,87.00302124023438,7883540
2024-06-13,95.19999694824219,95.44000244140625,93.44000244140625,94.41000366210938,86.80076599121094,5570021
2024-06-14,94.9000015258789,95.54000091552734,92.76000213623047,93.55000305175781,86.01007843017578,4657838
2024-06-17,93.18000030517578,94.25,92.05999755859375,93.80999755859375,86.2491226196289,2629308
2024-06-18,94.20999908447266,98.06999969482422,94.20999908447266,97.6500015258789,89.77963256835938,3694258
2024-06-19,97.55000305175781,97.62999725341797,94.94000244140625,95.5,87.80291748046875,1359775
2024-06-20,95.19999694824219,100.30000305175781,94.56999969482422,99.98999786376953,91.9310302734375,9747459
2024-06-21,99.9800033569336,99.98999786376953,95.27999877929688,96.9000015258789,89.0900650024414,70635288
2024-06-24,96.30000305175781,98.20999908447266,95.91000366210938,96.1500015258789,88.40052032470703,7214210
2024-06-25,97.19999694824219,97.63999938964844,93.1500015258789,94.83000183105469,87.1869125366211,7259695
2024-06-26,94.87999725341797,96.75,94.19000244140625,96.48999786376953,88.71311950683594,6730901
2024-06-27,97.8499984741211,97.8499984741211,93.8499984741211,96.12000274658203,88.37293243408203,6196970
2024-06-28,97.06999969482422,99.29000091552734,96.3499984741211,98.70999908447266,90.75419616699219,5230821
2024-07-01,99.0,101.86000061035156,98.83999633789062,101.01000213623047,92.86881256103516,3104418
2024-07-02,101.1500015258789,103.69000244140625,99.86000061035156,101.63999938964844,93.44802856445312,5701876
2024-07-03,102.98999786376953,108.0,101.76000213623047,106.30999755859375,97.74163055419922,49967711
2024-07-04,107.02999877929688,108.94999694824219,105.91000366210938,105.91000366210938,97.37389373779297,1210227
2024-07-05,106.38999938964844,107.95999908447266,105.1500015258789,106.62000274658203,98.02666473388672,2756435
2024-07-08,106.30000305175781,108.69999694824219,105.41999816894531,108.18000030517578,99.46092987060547,6252854
2024-07-09,108.80000305175781,109.87999725341797,107.16000366210938,109.5,100.67452239990234,7511804
2024-07-10,109.62000274658203,112.0,109.0,111.88999938964844,102.87191009521484,8250448
2024-07-11,113.41999816894531,113.41999816894531,110.16000366210938,111.62999725341797,102.63285827636719,9682990
2024-07-12,112.05999755859375,112.94000244140625,110.52999877929688,111.56999969482422,102.57770538330078,12806100
2024-07-15,112.05000305175781,112.87999725341797,108.2300033569336,109.68000030517578,100.84004211425781,5272029
2024-07-16,108.7699966430664,110.11000061035156,106.0,106.19999694824219,97.64051055908203,6409631
2024-07-17,106.0,107.98999786376953,104.2300033569336,105.69999694824219,97.18081665039062,4947610
2024-07-18,105.87999725341797,106.0999984741211,101.22000122070312,101.73999786376953,93.53997802734375,4658071
2024-07-19,101.69000244140625,104.08000183105469,101.30999755859375,103.25,94.92827606201172,4247992
2024-07-22,103.06999969482422,104.29000091552734,102.91999816894531,103.88999938964844,95.5167007446289,5143116
2024-07-23,103.9000015258789,104.75,100.22000122070312,102.25,94.00886535644531,6588023
2024-07-24,102.0999984741211,105.72000122070312,101.0999984741211,103.23999786376953,94.91907501220703,4352650
2024-07-25,103.45999908447266,104.19999694824219,100.95999908447266,101.7699966430664,93.56755828857422,4395316
2024-07-26,103.73999786376953,105.95999908447266,102.0999984741211,103.25,94.92827606201172,2941700
2024-07-29,103.25,105.05000305175781,102.44000244140625,102.54000091552734,94.27549743652344,12510739
2024-07-30,102.56999969482422,104.54000091552734,101.5999984741211,102.98999786376953,94.6892318725586,8073828
2024-07-31,103.98999786376953,106.68000030517578,103.44999694824219,104.77999877929688,96.3349609375,7967198
2024-08-01,104.9800033569336,106.37999725341797,100.55000305175781,100.76000213623047,92.63896942138672,4366657
2024-08-02,100.0,102.48999786376953,99.08000183105469,101.12000274658203,92.96994018554688,5507347
2024-08-05,99.02999877929688,102.1500015258789,97.94999694824219,101.16999816894531,93.01590728759766,23487279
2024-08-06,102.56999969482422,102.56999969482422,100.44999694824219,100.56999969482422,92.46427154541016,5117079
2024-08-07,100.61000061035156,104.5,100.61000061035156,102.97000122070312,94.67084503173828,7604167
2024-08-08,103.06999969482422,105.9800033569336,101.5199966430664,104.7300033569336,96.28897857666016,4742433
2024-08-09,105.5,106.45999908447266,103.62000274658203,105.08999633789062,96.6199722290039,3179039
2024-08-12,105.51000213623047,106.80000305175781,102.56999969482422,106.05999755859375,97.51179504394531,1478469
2024-08-13,106.5,109.5,106.29000091552734,107.19000244140625,98.55072021484375,5130910
2024-08-14,107.31999969482422,107.87000274658203,104.30999755859375,105.47000122070312,96.9693603515625,2308314
2024-08-15,105.79000091552734,108.98999786376953,105.75,108.79000091552734,100.02176666259766,3362533
2024-08-16,108.51000213623047,109.0,107.12000274658203,107.98999786376953,99.28623962402344,2635247
2024-08-19,108.44999694824219,108.44999694824219,106.44000244140625,106.44999694824219,97.87035369873047,5984515
2024-08-20,106.0,106.52999877929688,103.41999816894531,103.51000213623047,95.16732788085938,6383109
2024-08-21,103.76000213623047,106.56999969482422,103.5,106.0,97.45663452148438,5445772
2024-08-22,104.51000213623047,105.69999694824219,103.76000213623047,104.11000061035156,95.7189712524414,3995996
2024-08-23,105.9800033569336,107.02999877929688,104.80999755859375,106.47000122070312,97.88874053955078,3383883
2024-08-26,106.0,108.5999984741211,105.0,105.0199966430664,96.55561828613281,5596513
2024-08-27,104.27999877929688,105.0,101.5,102.20999908447266,95.0526351928711,7111031
2024-08-28,101.48999786376953,101.5999984741211,98.75,99.30000305175781,92.34640502929688,10505174
2024-08-29,100.95999908447266,102.27999877929688,98.4000015258789,101.63999938964844,94.52254486083984,8388727
2024-08-30,100.75,101.55999755859375,99.79000091552734,101.1500015258789,94.06686401367188,10900863
2024-09-02,102.5199966430664,108.62999725341797,101.05999755859375,103.31999969482422,96.08491516113281,2275504
2024-09-03,102.5999984741211,102.88999938964844,99.19999694824219,100.38999938964844,93.3600845336914,6068031
2024-09-04,100.33999633789062,101.80999755859375,99.20999908447266,100.9800033569336,93.90878295898438,4590403
2024-09-05,101.58000183105469,101.87999725341797,99.58999633789062,100.5999984741211,93.55537414550781,2793952
2024-09-06,100.30000305175781,101.87000274658203,99.22000122070312,99.25,92.29991912841797,3541481
2024-09-09,100.22000122070312,101.31999969482422,99.20999908447266,99.97000122070312,92.96949768066406,3550960
2024-09-10,99.5199966430664,101.08000183105469,98.0199966430664,100.54000091552734,93.49958038330078,4783496
2024-09-11,101.0,101.63999938964844,99.5,100.77999877929688,93.72276306152344,2949612
2024-09-12,100.5999984741211,103.88999938964844,100.5999984741211,102.80999755859375,95.6106185913086,3218842
2024-09-13,101.0,104.58000183105469,101.0,103.16000366210938,95.93611145019531,3261045
2024-09-17,104.4800033569336,105.6500015258789,102.7699966430664,103.19999694824219,95.97331237792969,4599571
2024-09-18,105.5,105.8499984741211,102.43000030517578,104.5,97.18226623535156,1778123
2024-09-19,105.93000030517578,107.87999725341797,103.87999725341797,106.02999877929688,98.60514068603516,3441445
2024-09-20,105.7699966430664,105.80999755859375,102.38999938964844,102.75,95.55481719970703,17109116
2024-09-23,102.75,105.0,102.75,104.9000015258789,97.55426025390625,3502670
2024-09-24,106.5199966430664,110.69000244140625,106.5199966430664,109.69999694824219,102.01812744140625,8555705
2024-09-25,109.0,110.44000244140625,107.62999725341797,107.69999694824219,100.15818786621094,5361801
2024-09-26,109.98999786376953,115.97000122070312,109.95999908447266,112.68000030517578,104.78946685791016,14181656
2024-09-27,112.66999816894531,114.80000305175781,109.66999816894531,111.4000015258789,103.59910583496094,4594712
2024-09-30,111.81999969482422,111.94000244140625,107.91999816894531,110.0,102.2971420288086,4575502
2024-10-02,107.5999984741211,112.76000213623047,105.0199966430664,112.0,104.15708923339844,6711397
2024-10-03,110.0199966430664,111.23999786376953,106.54000091552734,107.69999694824219,100.15818786621094,3681797
2024-10-04,108.30000305175781,111.30999755859375,108.30000305175781,109.94000244140625,102.2413330078125,3180929
2024-10-07,109.62999725341797,112.08999633789062,108.6500015258789,109.88999938964844,102.19481658935547,2944977
2024-10-08,109.30000305175781,109.55000305175781,105.30000305175781,106.98999786376953,99.49791717529297,3016255
2024-10-09,106.30000305175781,109.98999786376953,105.80999755859375,107.27999877929688,99.76760864257812,3392974
2024-10-10,108.4800033569336,110.05000305175781,107.37999725341797,109.16000366210938,101.51595306396484,2742891
2024-10-11,109.45999908447266,112.7699966430664,109.45999908447266,112.7699966430664,104.87315368652344,3364103
2024-10-14,111.58000183105469,112.91999816894531,108.16000366210938,110.16999816894531,102.45523071289062,2602989
2024-10-15,109.05000305175781,110.52999877929688,106.87000274658203,109.80999755859375,102.12043762207031,5309142
2024-10-16,109.62000274658203,111.22000122070312,108.61000061035156,109.27999877929688,101.62754821777344,7747700
2024-10-17,110.0,110.97000122070312,108.31999969482422,109.12000274658203,101.478759765625,2874568
2024-10-18,110.11000061035156,111.37999725341797,108.02999877929688,110.19999694824219,102.4831314086914,2897174
2024-10-21,110.5,112.73999786376953,109.1500015258789,112.33999633789062,104.47325897216797,5711617
2024-10-22,112.12000274658203,112.7699966430664,109.76000213623047,110.41999816894531,102.6877212524414,4623259
2024-10-23,111.72000122070312,111.98999786376953,109.30999755859375,110.19999694824219,102.4831314086914,2918467
2024-10-24,111.88999938964844,111.88999938964844,107.6500015258789,109.02999877929688,101.39505004882812,3509012
2024-10-25,108.23999786376953,111.37999725341797,108.18000030517578,109.98999786376953,102.28783416748047,4835835
2024-10-28,109.83000183105469,110.9000015258789,107.33999633789062,108.79000091552734,101.171875,4289666
2024-10-29,108.20999908447266,108.95999908447266,104.26000213623047,105.88999938964844,98.47493743896484,5682111
2024-10-30,105.56999969482422,109.04000091552734,105.47000122070312,107.58000183105469,100.04659271240234,7407999
2024-10-31,106.69999694824219,107.76000213623047,104.01000213623047,104.98999786376953,97.6379623413086,9308442
2024-11-01,105.87000274658203,106.19999694824219,103.91999816894531,104.5199966430664,97.20086669921875,3383653
2024-11-04,104.51000213623047,107.4800033569336,104.51000213623047,106.30999755859375,98.86553192138672,3565907
2024-11-05,104.5199966430664,108.83999633789062,104.5199966430664,108.47000122070312,100.87427520751953,4519606
2024-11-06,105.98999786376953,107.91000366210938,104.0,106.93000030517578,99.4421157836914,7679574
2024-11-07,107.94999694824219,112.0,107.66000366210938,109.58999633789062,101.91584014892578,4397970
2024-11-08,107.38999938964844,107.9800033569336,104.61000061035156,106.51000213623047,99.05152893066406,2271707
2024-11-11,105.87000274658203,106.5999984741211,105.12999725341797,105.87000274658203,98.45633697509766,2683155
2024-11-12,105.0,106.26000213623047,103.0,103.51000213623047,96.26160430908203,4326894
2024-11-13,103.5,104.79000091552734,101.83000183105469,102.38999938964844,95.22002410888672,3660791
2024-11-14,102.0,104.13999938964844,100.23999786376953,102.7300033569336,95.53622436523438,3729352
2024-11-15,101.0999984741211,104.5,101.0199966430664,101.98999786376953,94.84803009033203,2447810
2024-11-19,102.1500015258789,105.79000091552734,101.5199966430664,103.5,96.25230407714844,3634222
2024-11-20,104.0,105.02999877929688,103.06999969482422,104.86000061035156,97.51707458496094,1282900
2024-11-21,103.70999908447266,105.9800033569336,103.70999908447266,103.83000183105469,96.55919647216797,4623519
2024-11-22,104.56999969482422,104.56999969482422,101.20999908447266,102.31999969482422,95.1549301147461,3222074
2024-11-25,102.31999969482422,104.95999908447266,98.22000122070312,100.01000213623047,94.19734954833984,14812755
2024-11-26,101.04000091552734,101.68000030517578,98.5,100.0,94.18792724609375,2692940
2024-11-27,100.2699966430664,101.30000305175781,98.58999633789062,99.69999694824219,93.90535736083984,4269031
2024-11-28,99.37999725341797,101.72000122070312,99.37999725341797,100.11000061035156,94.29154205322266,672164
2024-11-29,99.0999984741211,99.91000366210938,97.97000122070312,98.8499984741211,93.10477447509766,6098821
2024-12-02,99.06999969482422,103.8499984741211,99.06999969482422,101.66999816894531,95.7608642578125,6263150
2024-12-03,102.58000183105469,105.25,102.08000183105469,103.1500015258789,97.15486145019531,4723704
2024-12-04,102.80000305175781,106.16000366210938,102.41000366210938,105.45999908447266,99.33059692382812,6065388
2024-12-05,103.87000274658203,106.05999755859375,103.29000091552734,104.97000122070312,98.86907196044922,5954415
2024-12-06,103.8499984741211,104.33000183105469,100.75,101.79000091552734,95.87389373779297,1900108
2024-12-09,103.19999694824219,108.83000183105469,102.54000091552734,108.30000305175781,102.00552368164062,3596208
2024-12-10,108.43000030517578,108.4800033569336,104.6500015258789,105.38999938964844,99.2646713256836,5141907
2024-12-11,104.62999725341797,106.69000244140625,103.5199966430664,106.0199966430664,99.85804748535156,2883793
2024-12-13,104.33000183105469,107.4000015258789,104.11000061035156,105.9800033569336,99.82037353515625,7573418
2024-12-16,105.88999938964844,106.37999725341797,103.30000305175781,103.4800033569336,97.46568298339844,6437556
2024-12-17,101.69000244140625,103.69999694824219,100.9800033569336,101.0999984741211,95.2239990234375,9103964
2024-12-18,101.2300033569336,102.0999984741211,98.33000183105469,99.41000366210938,93.63224029541016,4277139
2024-12-19,99.22000122070312,101.08000183105469,97.08000183105469,97.83000183105469,92.14405822753906,3651139
2024-12-20,98.0,99.98999786376953,98.0,99.05999755859375,93.30256652832031,9289820
2024-12-23,98.80000305175781,100.2300033569336,97.86000061035156,100.04000091552734,94.2256088256836,2303174
2024-12-24,100.18000030517578,100.18000030517578,98.29000091552734,99.41000366210938,93.63224029541016,526475
2024-12-26,98.58999633789062,99.55000305175781,98.12999725341797,99.0,93.24604797363281,682270
2024-12-27,99.69000244140625,101.4800033569336,98.22000122070312,98.91000366210938,93.16129302978516,1510980
2024-12-30,98.22000122070312,100.0199966430664,97.0,97.16000366210938,91.51300048828125,2432105
2024-12-31,97.23999786376953,99.75,97.05000305175781,99.27999877929688,93.50978088378906,2205526
2025-01-02,100.2300033569336,100.80000305175781,99.05000305175781,99.95999908447266,94.15026092529297,2670787
2025-01-03,100.0,100.0199966430664,97.0,97.5199966430664,91.85206604003906,4501176
2025-01-06,99.19000244140625,103.4800033569336,98.16000366210938,100.0,94.18792724609375,5675112
2025-01-07,100.87999725341797,102.62000274658203,99.72000122070312,100.91999816894531,95.0544662475586,4145185
2025-01-08,100.45999908447266,102.44999694824219,99.05000305175781,102.41000366210938,96.45787048339844,7445095
2025-01-09,102.5999984741211,105.6500015258789,102.5999984741211,103.75,97.72000122070312,3498441
2025-01-10,104.48999786376953,104.48999786376953,101.75,102.19999694824219,96.26005554199219,3494070
2025-01-13,102.0,102.0,99.11000061035156,101.19999694824219,95.31818389892578,4592314
2025-01-14,101.55999755859375,102.87000274658203,100.8499984741211,101.27999877929688,95.39353942871094,4540152
2025-01-15,101.56999969482422,103.4000015258789,101.4000015258789,102.51000213623047,96.55206298828125,2747007
2025-01-16,103.0,103.26000213623047,101.37999725341797,102.93000030517578,96.94764709472656,3082255
2025-01-17,101.94999694824219,105.16000366210938,101.63999938964844,102.62999725341797,96.66507720947266,3914659
2025-01-20,103.81999969482422,104.44999694824219,102.77999877929688,103.88999938964844,97.85184478759766,2192172
2025-01-21,103.98999786376953,104.88999938964844,103.0,104.30999755859375,98.24742889404297,6237628
2025-01-22,104.52999877929688,107.36000061035156,103.5,105.30000305175781,99.1799087524414,4864638
2025-01-23,105.4000015258789,106.26000213623047,102.31999969482422,105.30999755859375,99.18931579589844,3206892
2025-01-24,104.93000030517578,107.5,103.55999755859375,104.12000274658203,98.0684814453125,2612268
2025-01-27,104.63999938964844,104.79000091552734,102.69000244140625,103.87999725341797,97.84242248535156,4953237
2025-01-28,104.36000061035156,104.83000183105469,100.13999938964844,101.2300033569336,95.34645080566406,10501575
2025-01-29,101.81999969482422,102.37000274658203,100.66000366210938,101.76000213623047,95.84565734863281,3678873
2025-01-30,101.83000183105469,102.5,101.19000244140625,102.27999877929688,96.33541107177734,6143592
2025-01-31,102.47000122070312,102.9800033569336,100.61000061035156,101.1500015258789,95.2710952758789,9795034
2025-02-04,104.11000061035156,104.5,101.7699966430664,102.97000122070312,96.98532104492188,9112522
2025-02-05,103.48999786376953,106.4000015258789,101.31999969482422,102.01000213623047,96.08110809326172,5906004
2025-02-06,102.62000274658203,104.5999984741211,102.3499984741211,104.54000091552734,98.46407318115234,3836876
2025-02-07,104.98999786376953,107.0199966430664,104.98999786376953,106.37999725341797,100.19712829589844,3344425
2025-02-10,107.02999877929688,108.93000030517578,106.55000305175781,107.29000091552734,101.05423736572266,5848825
2025-02-11,106.33999633789062,106.80000305175781,103.36000061035156,105.87999725341797,99.72618865966797,3524543
2025-02-12,107.19999694824219,107.19999694824219,103.55000305175781,104.80999755859375,98.71836853027344,6291172
2025-02-13,104.88999938964844,106.05000305175781,104.0199966430664,104.9000015258789,98.80313873291016,6825524
2025-02-14,105.0999984741211,105.80000305175781,104.12000274658203,105.30000305175781,99.1799087524414,3477609
2025-02-17,105.79000091552734,107.16000366210938,104.94999694824219,105.33999633789062,99.21757507324219,980865
2025-02-18,104.95999908447266,107.23999786376953,104.8499984741211,107.0999984741211,100.87528228759766,3941376
2025-02-19,106.02999877929688,106.18000030517578,104.02999877929688,104.51000213623047,98.4358139038086,4597190
2025-02-20,104.77999877929688,105.75,104.0,104.63999938964844,98.5582504272461,5444479
2025-02-21,105.02999877929688,105.8499984741211,102.06999969482422,103.75,97.72000122070312,6600290
2025-02-24,104.2300033569336,104.66999816894531,103.0,103.77999877929688,97.74823760986328,3402210
2025-02-25,103.94000244140625,104.98999786376953,101.51000213623047,103.02999877929688,97.04183959960938,5928717
2025-02-26,104.5,104.95999908447266,101.0199966430664,102.43000030517578,96.47671508789062,7282695
2025-02-27,103.30000305175781,103.30000305175781,98.31999969482422,99.12999725341797,94.37681579589844,7060207
2025-02-28,99.73999786376953,99.73999786376953,96.08000183105469,96.69999694824219,92.0633316040039,15357827
2025-03-03,96.7699966430664,99.9000015258789,96.7699966430664,97.4800033569336,92.80594635009766,3170234
2025-03-04,97.47000122070312,99.47000122070312,95.05000305175781,98.20999908447266,93.50093841552734,6630185
2025-03-05,99.4800033569336,102.41999816894531,99.41999816894531,102.30999755859375,97.40433502197266,7985930
2025-03-06,102.62000274658203,103.0,100.11000061035156,101.31999969482422,96.46180725097656,9249751
2025-03-07,101.37999725341797,102.0,98.6500015258789,100.91000366210938,96.07147216796875,6289574
2025-03-10,101.66999816894531,101.66999816894531,97.52999877929688,98.94000244140625,94.19593048095703,7309013
2025-03-11,99.55000305175781,100.9800033569336,97.33999633789062,98.4000015258789,93.68182373046875,10847827
2025-03-12,98.61000061035156,104.63999938964844,98.61000061035156,103.72000122070312,98.7467269897461,23469704
2025-03-13,103.22000122070312,106.5,102.83000183105469,105.06999969482422,100.03199005126953,4304085
2025-03-14,104.73999786376953,105.7300033569336,103.68000030517578,104.70999908447266,99.68926239013672,6930528
2025-03-18,107.19999694824219,107.19999694824219,101.81999969482422,105.22000122070312,100.17481994628906,5892724
2025-03-19,105.54000091552734,109.41999816894531,105.0,108.51000213623047,103.30705261230469,6785907
2025-03-20,108.44999694824219,109.37000274658203,106.0,107.43000030517578,102.27883911132812,2986387
2025-03-21,107.69999694824219,107.94000244140625,104.75,105.3499984741211,100.29856872558594,18319120
2025-03-24,105.33999633789062,107.37999725341797,103.16999816894531,103.7699966430664,98.79432678222656,4701752
2025-03-25,104.5199966430664,106.80999755859375,104.5199966430664,106.06999969482422,100.98404693603516,4224019
2025-03-26,107.58999633789062,107.62000274658203,103.73999786376953,105.16000366210938,100.11768341064453,4024867
2025-03-27,105.5,105.5,102.5,104.62999725341797,99.61309814453125,4329549
2025-03-28,105.05999755859375,105.91999816894531,103.02999877929688,104.61000061035156,99.59406280517578,3036641
2025-03-31,103.0,104.4800033569336,100.30000305175781,102.23999786376953,97.33769226074219,6452341
2025-04-01,103.0,105.41000366210938,100.9000015258789,105.22000122070312,100.17481994628906,3495489
2025-04-02,105.0,106.44999694824219,103.56999969482422,105.61000061035156,100.54610443115234,3571784
2025-04-03,104.88999938964844,104.88999938964844,100.1500015258789,100.44000244140625,95.62401580810547,6848431
2025-04-04,98.75,98.88999938964844,91.51000213623047,93.5,89.01676940917969,12953981
2025-04-07,93.7300033569336,95.9000015258789,91.08000183105469,94.52999877929688,89.99739074707031,7196529
2025-04-08,95.8499984741211,97.26000213623047,91.25,93.0,88.54074096679688,9564398
2025-04-09,92.44999694824219,99.55999755859375,91.08999633789062,98.9800033569336,94.23401641845703,8864649
2025-04-10,97.91999816894531,98.62000274658203,95.23999786376953,96.94000244140625,92.29183197021484,3989344
2025-04-11,97.5,99.31999969482422,96.43000030517578,97.16999816894531,92.51078796386719,4567741
2025-04-14,97.5,100.5,95.76000213623047,97.2699966430664,92.60600280761719,4984454
2025-04-15,97.91999816894531,99.31999969482422,96.97000122070312,98.91999816894531,94.1768798828125,3956613
2025-04-16,99.06999969482422,101.0,98.66000366210938,99.5,94.72908020019531,4501276
2025-04-21,98.62000274658203,102.0,98.62000274658203,99.87999725341797,95.09085083007812,4443876
2025-04-22,100.5,102.5,100.44000244140625,100.4800033569336,95.6620864868164,4735798
2025-04-23,101.98999786376953,106.37000274658203,101.37999725341797,101.91999816894531,97.03304290771484,12535337
2025-04-24,101.8499984741211,103.98999786376953,101.6500015258789,102.16999816894531,97.27105712890625,6704670
2025-04-25,102.2300033569336,105.86000061035156,101.0,104.69000244140625,99.67021942138672,5241806
2025-04-28,104.48999786376953,106.93000030517578,101.29000091552734,106.0999984741211,101.01261138916016,5297579
2025-04-29,105.91999816894531,107.5,102.16000366210938,102.16999816894531,97.27105712890625,4707453
2025-04-30,101.29000091552734,102.1500015258789,99.4000015258789,101.76000213623047,96.8807144165039,6919436
2025-05-02,101.91000366210938,103.19999694824219,100.48999786376953,101.11000061035156,96.26187133789062,5339799
2025-05-05,101.2699966430664,103.19000244140625,100.52999877929688,102.05999755859375,97.16632080078125,3196264
2025-05-06,101.80999755859375,105.94999694824219,101.38999938964844,105.87999725341797,100.80316162109375,3180845
2025-05-07,104.52999877929688,105.2300033569336,102.12000274658203,102.97000122070312,98.0326919555664,4754750
2025-05-08,103.88999938964844,104.19999694824219,101.55000305175781,102.4000015258789,97.49002075195312,4702383
2025-05-09,103.38999938964844,104.04000091552734,100.69000244140625,101.44999694824219,96.58556365966797,4342450
2025-05-12,103.68000030517578,104.94999694824219,102.12999725341797,104.5,99.48932647705078,4454488
2025-05-13,103.58999633789062,105.05000305175781,102.5,103.5999984741211,98.63248443603516,3477560
2025-05-14,103.55000305175781,104.08999633789062,102.37999725341797,103.66999816894531,98.69913482666016,3474300
2025-05-15,103.5,104.95999908447266,102.4000015258789,104.69999694824219,99.67974090576172,4264793
2025-05-16,104.22000122070312,104.76000213623047,102.58999633789062,104.25,99.2513198852539,3310015
2025-05-19,103.52999877929688,105.19000244140625,102.98999786376953,104.4000015258789,99.39412689208984,2258187
2025-05-20,104.69000244140625,105.76000213623047,103.55999755859375,103.91000366210938,98.92761993408203,3806048
2025-05-21,103.41000366210938,106.0,103.41000366210938,105.68000030517578,100.61274719238281,3839833
2025-05-22,105.3499984741211,105.38999938964844,103.62000274658203,103.83000183105469,98.85145568847656,2223606
2025-05-23,103.0199966430664,105.86000061035156,102.55000305175781,105.5999984741211,100.53659057617188,7007062
2025-05-26,104.88999938964844,105.25,104.04000091552734,105.0,101.1084213256836,603436
2025-05-27,105.0,108.9000015258789,104.5,106.01000213623047,102.08098602294922,6540821
2025-05-28,106.55999755859375,108.05999755859375,105.97000122070312,107.23999786376953,103.26539611816406,6478078
2025-05-29,106.98999786376953,110.2699966430664,106.98999786376953,109.29000091552734,105.23943328857422,5514533
2025-05-30,108.51000213623047,108.76000213623047,105.9000015258789,107.18000030517578,103.20762634277344,20010981
2025-06-02,108.98999786376953,110.0,104.9000015258789,105.05000305175781,101.15657043457031,9079783
2025-06-03,104.94000244140625,106.23999786376953,103.2699966430664,105.51000213623047,101.59951782226562,8737230
2025-06-04,105.0199966430664,106.98999786376953,105.0199966430664,106.12000274658203,102.1869125366211,5645153
2025-06-05,107.0,109.19999694824219,106.98999786376953,108.41000366210938,104.39203643798828,6293618
2025-06-06,106.72000122070312,108.54000091552734,106.72000122070312,108.0,103.99723815917969,3809031
2025-06-09,108.23999786376953,109.9000015258789,108.02999877929688,109.0,104.96017456054688,2706374
2025-06-10,108.19999694824219,109.22000122070312,106.41000366210938,106.83999633789062,102.8802261352539,5044082
2025-06-11,106.8499984741211,108.47000122070312,106.2300033569336,106.62999725341797,102.6780014038086,3188392
2025-06-12,106.69999694824219,107.56999969482422,105.9000015258789,106.94000244140625,102.97652435302734,3712936
2025-06-13,105.5,106.68000030517578,104.13999938964844,106.0199966430664,102.09062194824219,6253828
2025-06-16,106.0,107.04000091552734,105.80000305175781,106.25,102.31209564208984,4984376
2025-06-17,105.79000091552734,107.25,105.63999938964844,107.0,103.0343017578125,4691451
2025-06-18,107.16000366210938,109.0,106.44999694824219,108.5199966430664,104.49795532226562,1913682
2025-06-19,108.98999786376953,108.98999786376953,104.87000274658203,105.01000213623047,101.11805725097656,1532150
2025-06-20,105.77999877929688,106.4000015258789,104.12000274658203,104.69000244140625,100.8099136352539,33563846
2025-06-23,105.30999755859375,105.91999816894531,103.83999633789062,104.94999694824219,101.06026458740234,4065900
2025-06-24,104.33999633789062,107.51000213623047,104.33999633789062,107.0,103.0343017578125,2315522
2025-06-25,106.44999694824219,109.4800033569336,106.44999694824219,108.56999969482422,104.54611206054688,4450398
2025-06-26,109.0999984741211,113.81999969482422,108.5199966430664,113.55000305175781,109.34154510498047,6414038
2025-06-27,113.26000213623047,117.91999816894531,111.33999633789062,112.6500015258789,108.47489929199219,2883253
2025-06-30,112.5999984741211,114.5,112.01000213623047,113.25,109.05265808105469,12996667
2025-07-01,113.58999633789062,114.1500015258789,111.4000015258789,114.1500015258789,109.91930389404297,14798654
2025-07-02,114.52999877929688,116.0,113.0,114.83999633789062,110.5837173461914,16758904
2025-07-03,114.2699966430664,115.33000183105469,112.66000366210938,113.37999725341797,109.1778335571289,3238226
2025-07-04,113.70999908447266,113.70999908447266,111.55000305175781,112.12999725341797,107.97415924072266,514542
2025-07-07,112.36000061035156,113.73999786376953,112.19999694824219,113.41000366210938,109.20672607421875,3757257
2025-07-08,113.19000244140625,116.38999938964844,111.52999877929688,113.8499984741211,109.63041687011719,16609709
2025-07-09,113.94999694824219,114.0,110.70999908447266,111.30000305175781,107.17493438720703,8558185
2025-07-10,111.36000061035156,115.6500015258789,111.25,115.0,110.73779296875,12602357
2025-07-11,114.3499984741211,115.61000061035156,112.68000030517578,115.26000213623047,110.9881591796875,5136343
2025-07-14,114.30999755859375,114.77999877929688,112.88999938964844,114.1500015258789,109.91930389404297,2771107
2025-07-15,115.13999938964844,117.4800033569336,113.26000213623047,113.48999786376953,109.28376770019531,9074116
2025-07-16,113.5,114.01000213623047,112.37999725341797,113.19000244140625,108.99488067626953,6417197
2025-07-17,113.1500015258789,114.4000015258789,112.23999786376953,113.5,109.29338836669922,5057969
2025-07-18,113.94999694824219,114.69999694824219,113.30000305175781,114.02999877929688,109.80374908447266,3899776
2025-07-21,114.55999755859375,115.5,113.30999755859375,114.58000183105469,110.33336639404297,5510279
2025-07-22,115.5,117.33000183105469,114.9000015258789,117.08000183105469,112.74070739746094,4291416
2025-07-23,119.30000305175781,120.08999633789062,116.76000213623047,119.23999786376953,114.82064819335938,6600640
2025-07-24,121.88999938964844,121.88999938964844,118.1500015258789,119.0,114.58954620361328,9660695
2025-07-25,120.48999786376953,120.48999786376953,117.52999877929688,118.44999694824219,114.05992889404297,3774856
2025-07-28,120.9000015258789,120.9000015258789,117.91999816894531,120.58999633789062,116.12060546875,7700002
2025-07-29,121.2300033569336,124.98999786376953,119.08999633789062,123.41000366210938,118.83609771728516,9126975
2025-07-30,122.87999725341797,124.83999633789062,118.12000274658203,119.0,114.58954620361328,17641634
2025-07-31,116.69999694824219,118.9000015258789,116.5199966430664,117.69000244140625,113.32809448242188,9968255
2025-08-01,119.27999877929688,119.91000366210938,115.44000244140625,118.62999725341797,114.2332534790039,6695657
2025-08-04,117.06999969482422,122.43000030517578,117.06999969482422,122.11000061035156,117.58427429199219,5841737
2025-08-05,120.4000015258789,122.41999816894531,120.30999755859375,120.83999633789062,116.3613510131836,5161698
2025-08-06,121.7300033569336,122.33000183105469,118.87999725341797,119.69000244140625,115.25396728515625,3937732
2025-08-07,119.55000305175781,121.9800033569336,119.12999725341797,121.97000122070312,117.44947052001953,4254791
2025-08-08,121.26000213623047,124.98999786376953,121.01000213623047,122.9000015258789,118.3449935913086,5018233
2025-08-11,123.19999694824219,124.33999633789062,122.58999633789062,123.3499984741211,118.7783203125,3554001
2025-08-12,124.9000015258789,130.5,123.9000015258789,129.2100067138672,124.421142578125,11755251
2025-08-13,128.4600067138672,129.97999572753906,127.25,127.61000061035156,122.88043212890625,7270730
2025-08-14,126.72000122070312,128.02000427246094,125.77999877929688,128.02000427246094,123.27525329589844,3810400
2025-08-15,127.80999755859375,129.86000061035156,126.77999877929688,127.2300033569336,122.5145263671875,3304305
2025-08-18,127.2300033569336,128.9199981689453,125.47000122070312,127.98999786376953,123.24634552001953,6463947
2025-08-19,127.20999908447266,128.49000549316406,126.0,127.5199966430664,122.79376983642578,2332153
2025-08-20,128.5,128.5,123.9800033569336,124.48999786376953,119.87606811523438,6515381
2025-08-21,124.31999969482422,126.25,124.0,124.80000305175781,120.17457580566406,5237513
2025-08-22,124.72000122070312,128.69000244140625,124.41999816894531,127.5,122.77450561523438,2157388
2025-08-25,128.17999267578125,128.1999969482422,123.66999816894531,125.0,120.3671646118164,3763624
2025-08-26,123.5199966430664,124.62000274658203,121.72000122070312,124.4000015258789,119.7894058227539,11442288
2025-08-27,124.0,125.79000091552734,121.79000091552734,124.81999969482422,120.19384002685547,3197603
2025-08-28,124.41000366210938,125.5,122.4800033569336,123.66000366210938,119.07683563232422,4749377
2025-08-29,123.61000061035156,123.91000366210938,121.70999908447266,122.43000030517578,117.89241790771484,5820146
2025-09-01,122.48999786376953,124.88999938964844,121.5,123.30000305175781,118.73017120361328,1198454
2025-09-02,124.48999786376953,125.4000015258789,121.55000305175781,124.56999969482422,119.9531021118164,3787250
2025-09-03,125.08000183105469,128.0,124.88999938964844,127.0,122.29304504394531,5667140
2025-09-04,127.44999694824219,127.44999694824219,125.0999984741211,126.80000305175781,123.35669708251953,3251840
2025-09-05,126.43000030517578,128.75,126.08000183105469,127.5,124.03768157958984,4244449
2025-09-08,127.5,129.25,126.48999786376953,128.42999267578125,124.94242095947266,4489457
2025-09-09,128.86000061035156,132.02000427246094,128.61000061035156,131.11000061035156,127.54965209960938,11059078
2025-09-10,131.0800018310547,132.74000549316406,130.0399932861328,131.6300048828125,128.05552673339844,4966732
2025-09-11,132.49000549316406,135.99000549316406,131.27000427246094,133.60000610351562,129.97203063964844,3532776
2025-09-12,133.85000610351562,136.0,133.77999877929688,135.0500030517578,131.38265991210938,3637633
2025-09-15,137.49000549316406,138.0,134.5500030517578,137.0,133.27969360351562,3570400
2025-09-17,135.0399932861328,136.9499969482422,134.1199951171875,135.05999755859375,131.39239501953125,12697550
2025-09-18,134.3000030517578,134.75,131.6199951171875,133.17999267578125,129.5634307861328,8179525
2025-09-19,132.3800048828125,135.4499969482422,131.8300018310547,133.50999450683594,129.88446044921875,28489839
2025-09-22,133.41000366210938,137.9600067138672,132.13999938964844,136.80999755859375,133.0948486328125,3067613
2025-09-23,138.0,138.0,135.0399932861328,136.52999877929688,132.82247924804688,4188328
2025-09-24,139.3699951171875,144.97999572753906,138.5,142.8699951171875,138.9902801513672,7918108
2025-09-25,142.0,147.7100067138672,142.0,147.0,143.00814819335938,6527062
2025-09-26,146.5,152.97999572753906,146.5,148.02000427246094,144.00045776367188,4137343
2025-09-29,147.52000427246094,157.2100067138672,147.52000427246094,157.2100067138672,152.94088745117188,8675831
2025-09-30,155.02000427246094,160.55999755859375,153.02000427246094,159.36000061035156,155.0325164794922,20839537
2025-10-01,159.94000244140625,160.52999877929688,153.47999572753906,156.5,152.2501678466797,14879831
2025-10-02,157.14999389648438,158.02000427246094,151.94000244140625,158.00999450683594,153.71914672851562,4918655
2025-10-03,157.14999389648438,161.2899932861328,157.14999389648438,160.4499969482422,156.0928955078125,3693351
2025-10-06,136.69000244140625,139.0,128.0800018310547,136.39999389648438,132.6959686279297,38291149
2025-10-07,137.47000122070312,140.25,136.75,137.8300018310547,134.08717346191406,21848655
2025-10-08,138.00999450683594,144.55999755859375,138.00999450683594,141.00999450683594,137.18081665039062,10311240
2025-10-09,141.5,149.8800048828125,139.72000122070312,144.7100067138672,140.78033447265625,13631257
2025-10-10,144.7100067138672,149.0,144.0800018310547,145.25,141.30567932128906,7380565
2025-10-13,148.49000549316406,149.74000549316406,144.92999267578125,148.27999877929688,144.25338745117188,6603763
2025-10-14,147.49000549316406,149.61000061035156,145.9499969482422,149.0800018310547,145.03167724609375,4650996
2025-10-15,150.0,151.57000732421875,148.69000244140625,148.74000549316406,144.70089721679688,15780346
2025-10-16,149.91000366210938,151.44000244140625,147.5399932861328,150.85000610351562,146.75360107421875,6265237
2025-10-17,150.11000061035156,151.1999969482422,148.0,148.57000732421875,144.5355224609375,4325818
2025-10-20,148.89999389648438,152.8300018310547,148.52999877929688,152.82000732421875,148.6700897216797,4529677
2025-10-21,151.2899932861328,151.82000732421875,147.5399932861328,149.82000732421875,145.75157165527344,6978720
2025-10-22,150.27000427246094,150.7899932861328,148.0,149.47000122070312,145.4110870361328,2536628
2025-10-23,149.1300048828125,151.92999267578125,149.1300048828125,151.07000732421875,146.96763610839844,2690481
2025-10-24,151.07000732421875,151.83999633789062,148.5800018310547,149.86000061035156,145.7904815673828,2877146
2025-10-27,151.8000030517578,155.74000549316406,149.39999389648438,155.0,150.79090881347656,3431043
2025-10-28,153.0,158.08999633789062,153.0,155.9600067138672,151.72483825683594,4920423
2025-10-29,157.0,167.85000610351562,156.9499969482422,163.6699981689453,159.22544860839844,5334474
2025-10-30,163.25,166.49000549316406,160.0,165.5500030517578,161.0543975830078,4356041
2025-10-31,165.7100067138672,167.0,159.2100067138672,160.30999755859375,155.95672607421875,6755449
2025-11-03,161.42999267578125,161.42999267578125,155.66000366210938,155.91000366210938,151.67617797851562,3956183
2025-11-04,154.88999938964844,156.83999633789062,151.5500030517578,151.97999572753906,147.85292053222656,4270953
2025-11-05,153.02000427246094,159.7899932861328,152.77000427246094,158.8699951171875,154.55580139160156,4630320
2025-11-06,160.0,160.5,158.22000122070312,158.25,153.95265197753906,1838027
2025-11-07,158.8300018310547,160.99000549316406,158.82000732421875,159.75,155.41192626953125,1961230
2025-11-10,161.30999755859375,163.4499969482422,157.5,159.47999572753906,155.1492462158203,4232650
2025-11-11,158.91000366210938,162.50999450683594,158.67999267578125,162.5,158.08724975585938,4408207
2025-11-12,162.5,163.74000549316406,159.1699981689453,159.4199981689453,155.09088134765625,5959870
2025-11-13,160.8300018310547,162.4499969482422,155.82000732421875,156.69000244140625,152.4350128173828,4317801
2025-11-14,155.8000030517578,156.88999938964844,153.1199951171875,154.33999633789062,150.14883422851562,3453145
2025-11-18,155.80999755859375,155.80999755859375,149.11000061035156,150.08999633789062,146.0142364501953,5468806
2025-11-19,149.60000610351562,152.6300048828125,149.60000610351562,151.11000061035156,147.00653076171875,6790340
2025-11-20,152.07000732421875,154.16000366210938,146.47000122070312,146.52000427246094,142.5411834716797,3878297
2025-11-21,146.97999572753906,151.39999389648438,140.0,149.3000030517578,145.24569702148438,5043754
2025-11-24,150.0,156.44000244140625,149.72999572753906,155.6999969482422,151.47189331054688,15173315
2025-11-25,155.58999633789062,160.0,154.99000549316406,158.77999877929688,154.46824645996094,8181587
2025-11-26,159.7100067138672,161.3699951171875,155.0,158.69000244140625,154.3806915283203,5150724
2025-11-27,157.52000427246094,159.77999877929688,156.5800018310547,157.41000366210938,153.1354522705078,702870
2025-11-28,157.10000610351562,162.0,156.0,159.89999389648438,157.0467071533203,2887496
2025-12-01,162.02999877929688,163.0,160.39999389648438,162.49000549316406,159.5904998779297,5237527
2025-12-02,162.2899932861328,164.52999877929688,161.07000732421875,162.39999389648438,159.50210571289062,5029810
2025-12-03,163.0,165.6999969482422,160.3000030517578,165.0800018310547,162.13427734375,4124703
2025-12-04,165.39999389648438,167.4499969482422,162.41000366210938,166.27999877929688,163.3128662109375,3217598
2025-12-05,167.49000549316406,169.49000549316406,165.83999633789062,166.69000244140625,163.71554565429688,2928772
2025-12-08,169.0,169.5,166.36000061035156,166.36000061035156,163.3914337158203,8773493
2025-12-09,166.13999938964844,169.8000030517578,166.0,167.3800048828125,164.39324951171875,10188525
2025-12-10,167.11000061035156,167.6999969482422,163.89999389648438,165.9199981689453,162.95928955078125,4013227
2025-12-11,166.38999938964844,174.75,165.1300048828125,172.1699981689453,169.09776306152344,6623370
2025-12-15,172.5399932861328,174.00999450683594,168.7100067138672,170.19000244140625,167.15310668945312,4640804
2025-12-16,170.69000244140625,170.69000244140625,165.77000427246094,166.2100067138672,163.24411010742188,7137797
2025-12-17,168.02000427246094,168.94000244140625,162.08999633789062,163.0399932861328,160.13067626953125,4533529
2025-12-18,165.99000549316406,171.3699951171875,162.22000122070312,169.52999877929688,166.50486755371094,5523902
2025-12-19,169.0,174.41000366210938,163.88999938964844,165.05999755859375,162.11463928222656,41067779
2025-12-22,164.63999938964844,171.2100067138672,164.63999938964844,171.0,167.94863891601562,3926310
2025-12-23,170.8699951171875,175.32000732421875,169.6199951171875,174.60000610351562,171.48440551757812,3088657
2025-12-24,174.99000549316406,175.0,171.25999450683594,174.32000732421875,171.20941162109375,521080
2025-12-26,175.32000732421875,176.99000549316406,173.0,173.30999755859375,170.2174072265625,987923
2025-12-29,172.8000030517578,172.8000030517578,168.1199951171875,170.4199981689453,167.3789825439453,3121451
2025-12-30,171.74000549316406,173.24000549316406,169.0,170.0399932861328,167.00576782226562,3098647
2025-12-31,169.99000549316406,170.5,168.02000427246094,170.1999969482422,167.1629180908203,1891396
2026-01-02,172.2899932861328,176.4199981689453,166.5399932861328,169.6199951171875,166.59326171875,2355236
2026-01-05,171.5,177.6999969482422,171.5,175.0,171.87725830078125,5850985
2026-01-06,175.5,181.5,175.5,178.97999572753906,175.78623962402344,9717494
2026-01-07,178.97000122070312,178.97000122070312,172.00999450683594,176.32000732421875,173.17372131347656,6032795
2026-01-08,176.99000549316406,177.33999633789062,173.5500030517578,176.55999755859375,173.409423828125,6117440
2026-01-09,177.17999267578125,183.39999389648438,177.0,182.2100067138672,178.9586181640625,9638119
2026-01-12,183.1300048828125,190.02000427246094,183.1300048828125,188.6999969482422,185.33279418945312,5515720
2026-01-13,190.50999450683594,191.8800048828125,187.0,189.4499969482422,186.0694122314453,7564850
2026-01-14,190.10000610351562,198.10000610351562,190.10000610351562,197.36000061035156,193.8382568359375,7307578
2026-01-15,196.99000549316406,199.47999572753906,192.49000549316406,194.50999450683594,191.0391082763672,9850288
2026-01-16,193.9499969482422,194.82000732421875,190.85000610351562,194.00999450683594,190.54803466796875,8444970
2026-01-19,195.27000427246094,200.0,194.5,199.8699951171875,196.30348205566406,1849288
2026-01-20,199.97999572753906,200.0,196.19000244140625,198.4199981689453,194.8793487548828,4931274
2026-01-21,198.91000366210938,204.0,195.0,195.2100067138672,191.72665405273438,7284879
2026-01-22,196.0,198.0,193.0,193.36000061035156,189.90965270996094,6627149
2026-01-23,194.91000366210938,196.02000427246094,187.33999633789062,193.00999450683594,189.56588745117188,9168221
2026-01-26,195.0,203.77000427246094,194.02999877929688,199.6199951171875,196.0579376220703,7818839
2026-01-27,199.57000732421875,201.99000549316406,198.10000610351562,199.9600067138672,196.3918914794922,6814321
2026-01-28,202.6699981689453,204.8000030517578,196.47000122070312,201.38999938964844,197.79635620117188,11070227
2026-01-29,207.22000122070312,210.0,203.10000610351562,209.25999450683594,205.5259246826172,11779222
2026-01-30,207.0,208.64999389648438,192.41000366210938,192.8300018310547,189.38909912109375,11437443
2026-02-03,196.11000061035156,209.89999389648438,196.11000061035156,209.0,205.27056884765625,11912305
2026-02-04,209.5,209.89999389648438,198.6699981689453,204.11000061035156,200.4678192138672,8814090
2026-02-05,200.7100067138672,203.02000427246094,197.10000610351562,201.00999450683594,197.42312622070312,6736153
2026-02-06,200.52000427246094,207.7100067138672,199.44000244140625,207.67999267578125,203.97410583496094,5904085
2026-02-09,208.0,213.36000061035156,207.6999969482422,209.2100067138672,205.47682189941406,6159172
2026-02-10,209.0,209.27999877929688,201.2899932861328,201.88999938964844,198.2874298095703,6359212
2026-02-11,203.02999877929688,206.3699951171875,201.8000030517578,206.25999450683594,202.57945251464844,6867740
2026-02-12,206.77999877929688,208.25999450683594,200.10000610351562,202.52000427246094,198.9062042236328,4984771
2026-02-13,203.7899932861328,205.22999572753906,198.52000427246094,204.49000549316406,200.84104919433594,4655933
2026-02-16,205.47999572753906,205.47999572753906,202.00999450683594,203.8000030517578,200.16336059570312,442637
2026-02-17,202.67999267578125,203.47000122070312,192.25,196.16000366210938,192.65968322753906,4810999
2026-02-18,196.9499969482422,202.92999267578125,196.77000427246094,199.0399932861328,195.48826599121094,6300621
2026-02-19,199.0,203.0,195.5,202.5500030517578,198.93565368652344,4568833
2026-02-20,201.17999267578125,205.0399932861328,200.61000061035156,205.0,201.34193420410156,2891478
2026-02-23,203.9199981689453,208.77999877929688,201.57000732421875,205.0,201.34193420410156,5453402
2026-02-24,204.99000549316406,208.72999572753906,202.02999877929688,208.10000610351562,204.38662719726562,9058143
2026-02-25,209.0,215.5,206.5399932861328,213.9499969482422,210.13223266601562,7892954
2026-02-26,213.9499969482422,216.9499969482422,205.0,216.63999938964844,212.77423095703125,7023614
2026-02-27,216.6199951171875,221.3000030517578,213.74000549316406,218.25999450683594,215.85220336914062,11132874
2026-03-02,219.0,220.94000244140625,214.91000366210938,220.13999938964844,217.7114715576172,5204529
2026-03-03,216.89999389648438,216.89999389648438,198.0,205.75,203.48020935058594,12588584
2026-03-04,206.1699981689453,213.6699981689453,205.0,212.8800048828125,210.5315704345703,7609198
2026-03-05,218.16000366210938,218.16000366210938,199.39999389648438,200.47000122070312,198.2584686279297,6255045
2026-03-06,199.49000549316406,201.30999755859375,193.3800048828125,194.19000244140625,192.04774475097656,4732946
2026-03-09,193.0,195.82000732421875,184.35000610351562,195.22999572753906,193.07626342773438,7100771
2026-03-10,198.9600067138672,204.41000366210938,196.94000244140625,199.66000366210938,197.45741271972656,6708929
2026-03-11,199.63999938964844,203.0,196.75,201.97999572753906,199.75180053710938,6715849
2026-03-12,200.83999633789062,200.97000122070312,189.1199951171875,191.8000030517578,189.68411254882812,6722990
2026-03-13,194.0,194.0,186.27999877929688,187.14999389648438,185.0854034423828,4667352
2026-03-17,185.42999267578125,193.3000030517578,185.42999267578125,192.24000549316406,190.1192626953125,6100685
2026-03-18,189.10000610351562,189.10000610351562,185.07000732421875,186.0,183.94808959960938,12580176
2026-03-19,180.0,181.4600067138672,175.35000610351562,179.8300018310547,177.84616088867188,9262715
2026-03-20,179.8300018310547,181.1999969482422,172.27999877929688,173.75999450683594,171.84312438964844,20254710
2026-03-23,174.14999389648438,179.99000549316406,174.14999389648438,177.69000244140625,175.72976684570312,6960261
2026-03-24,175.9499969482422,183.74000549316406,174.11000061035156,182.4199981689453,180.40757751464844,8580515
2026-03-25,187.0,193.2899932861328,181.8300018310547,191.5,189.38742065429688,9893645
2026-03-26,191.3000030517578,191.3300018310547,186.0,187.2100067138672,185.14476013183594,14291851
2026-03-27,187.47999572753906,189.52000427246094,180.24000549316406,181.11000061035156,179.11204528808594,6162415
2026-03-30,181.13999938964844,188.08999633789062,181.13999938964844,182.52999877929688,180.51638793945312,7116287
2026-03-31,183.50999450683594,194.77999877929688,183.50999450683594,191.7100067138672,189.59510803222656,9889856
2026-04-01,192.5,197.47000122070312,192.5,195.77000427246094,193.61032104492188,5192996
2026-04-06,195.77000427246094,200.0,193.35000610351562,196.5500030517578,194.3817138671875,2719655
2026-04-07,197.0,197.27000427246094,192.80999755859375,195.67999267578125,193.52130126953125,3592464
2026-04-08,202.0,213.02000427246094,200.0,206.8000030517578,204.5186309814453,6781465
2026-04-09,205.2899932861328,208.5,201.47000122070312,203.69000244140625,201.4429473876953,6530588
2026-04-10,204.16000366210938,210.16000366210938,204.16000366210938,206.33999633789062,204.06370544433594,5671057
2026-04-13,205.58999633789062,208.91000366210938,205.3000030517578,207.5,205.21092224121094,6054982
2026-04-14,208.89999389648438,210.97999572753906,204.60000610351562,206.30999755859375,204.03402709960938,6322114
2026-04-15,207.27000427246094,209.72999572753906,203.07000732421875,208.3300018310547,206.03175354003906,8216814
2026-04-16,207.39999389648438,208.4600067138672,203.89999389648438,208.08999633789062,205.79440307617188,5467444
2026-04-17,208.5,211.66000366210938,206.75999450683594,210.1699981689453,207.85145568847656,5181565
2026-04-20,211.1999969482422,211.8300018310547,207.72999572753906,210.44000244140625,208.1184844970703,4923818
2026-04-21,210.1999969482422,212.0,199.22000122070312,199.82000732421875,197.6156463623047,10878066
2026-04-22,201.0,205.4499969482422,200.0,202.00999450683594,199.78146362304688,6961494
2026-04-23,202.0,203.27999877929688,194.8300018310547,196.5399932861328,194.371826171875,5503687
2026-04-24,196.0,211.64999389648438,196.0,200.0,197.7936553955078,4111057
2026-04-27,198.3800048828125,200.6999969482422,195.9499969482422,196.74000549316406,194.5696258544922,3839599
2026-04-28,195.0,196.55999755859375,187.5500030517578,188.6199951171875,186.5391845703125,4716275
2026-04-29,193.39999389648438,193.39999389648438,187.80999755859375,190.13999938964844,188.04241943359375,5448510
2026-04-30,191.74000549316406,194.08999633789062,188.24000549316406,191.5,189.38742065429688,7677585
2026-05-04,192.1999969482422,192.1999969482422,187.52999877929688,189.0800018310547,186.99411010742188,8809248
2026-05-05,190.1999969482422,194.50999450683594,190.02999877929688,192.30999755859375,190.1884765625,11842857
2026-05-06,196.0,202.94000244140625,196.0,202.22000122070312,199.98915100097656,9791395
2026-05-07,202.3000030517578,208.0,201.64999389648438,203.94000244140625,201.690185546875,6453344
2026-05-08,205.27999877929688,209.5,204.5,205.6699981689453,203.40109252929688,3611390
2026-05-11,205.8800048828125,212.7100067138672,203.0,207.1699981689453,204.88455200195312,9026561
2026-05-12,207.19000244140625,210.5,203.0,209.39999389648438,207.08993530273438,8382629
2026-05-13,208.5,216.0,207.24000549316406,215.2100067138672,212.83587646484375,5360942
2026-05-14,216.5,216.5,208.19000244140625,211.0,208.67230224609375,5212284
2026-05-15,207.39999389648438,207.39999389648438,199.0,202.10000610351562,199.8704833984375,7483835
2026-05-18,204.8000030517578,204.8000030517578,196.1699981689453,200.39999389648438,198.18923950195312,4648774
2026-05-19,200.5,201.8000030517578,196.0800018310547,199.4499969482422,197.2497100830078,7298034
2026-05-20,199.39999389648438,206.3800048828125,197.05999755859375,203.02999877929688,200.79022216796875,3521530
2026-05-21,204.14999389648438,205.0,199.6699981689453,203.14999389648438,200.9088897705078,4077014
2026-05-22,206.89999389648438,206.89999389648438,202.8300018310547,205.9499969482422,203.67800903320312,3071838
2026-05-25,206.10000610351562,207.9199981689453,204.0500030517578,206.25999450683594,203.98458862304688,496656
2026-05-26,205.00999450683594,214.0,205.00999450683594,213.63999938964844,211.28317260742188,2112223
2026-05-27,212.35000610351562,216.4499969482422,211.5,215.6199951171875,213.2413330078125,4562761
2026-05-28,214.8000030517578,217.0,209.10000610351562,215.25,212.87542724609375,5110307
2026-05-29,213.0,217.0,208.13999938964844,214.2899932861328,213.5546112060547,29307756
2026-06-01,214.16000366210938,219.6699981689453,209.02000427246094,215.8300018310547,215.08932495117188,6332267
2026-06-02,220.0,223.8300018310547,216.10000610351562,219.89999389648438,219.14535522460938,7155119
2026-06-03,219.6199951171875,219.6199951171875,213.41000366210938,213.7100067138672,212.9766082763672,3650124
2026-06-04,214.32000732421875,214.32000732421875,206.94000244140625,211.4499969482422,210.72434997558594,4644609
2026-06-05,205.9600067138672,208.14999389648438,199.6699981689453,202.25,201.55593872070312,6464768
2026-06-08,205.0,205.7899932861328,201.16000366210938,202.47000122070312,201.77517700195312,3992236
2026-06-09,202.6999969482422,206.0,197.8000030517578,201.75,201.05764770507812,7153052
2026-06-10,201.4199981689453,202.99000549316406,196.5500030517578,198.0,197.3205108642578,4386399
2026-06-11,199.5,207.22999572753906,198.60000610351562,206.47000122070312,205.76144409179688,5362316
2026-06-12,206.5,213.05999755859375,206.4199981689453,209.33999633789062,208.62159729003906,2922269
2026-06-15,212.00999450683594,219.99000549316406,212.00999450683594,214.1699981689453,213.43502807617188,4347605
2026-06-16,213.35000610351562,218.99000549316406,212.97999572753906,214.39999389648438,213.6642303466797,4124458
2026-06-17,215.2100067138672,219.5,213.72000122070312,214.97999572753906,214.2422332763672,3699969
2026-06-18,215.0,217.27000427246094,210.5500030517578,214.2100067138672,213.4748992919922,9012093
2026-06-19,214.61000061035156,214.61000061035156,206.3699951171875,207.5,206.7879180908203,12097474
2026-06-22,207.02000427246094,211.3800048828125,203.60000610351562,210.36000061035156,209.6381072998047,4301536
2026-06-23,206.8000030517578,208.80999755859375,198.92999267578125,206.10000610351562,205.39273071289062,6891369
2026-06-24,205.0,205.0,195.0,196.63999938964844,195.96517944335938,8596115
2026-06-25,199.89999389648438,204.69000244140625,196.5,202.99000549316406,202.29339599609375,4039368
2026-06-26,203.0,204.11000061035156,198.97000122070312,200.0,199.31365966796875,4035880
2026-06-29,203.99000549316406,204.7899932861328,196.99000549316406,201.1300048828125,200.4397735595703,2099754
2026-06-30,202.22000122070312,204.32000732421875,196.99000549316406,197.6199951171875,196.9418182373047,6882791
2026-07-01,197.0,198.88999938964844,195.10000610351562,197.02000427246094,196.34388732910156,3475235
2026-07-02,196.1199951171875,201.17999267578125,194.0,197.47000122070312,196.79234313964844,3927269
2026-07-03,199.89999389648438,201.50999450683594,198.64999389648438,199.35000610351562,198.6658935546875,1188528
2026-07-06,200.5,203.6699981689453,200.0800018310547,202.39999389648438,201.70541381835938,3671184
2026-07-07,202.77999877929688,202.77999877929688,193.5500030517578,194.11000061035156,193.44386291503906,3424047
2026-07-08,193.0,200.0,189.49000549316406,196.3699951171875,195.69610595703125,8681328
2026-07-09,199.00999450683594,201.6999969482422,194.69000244140625,195.89999389648438,195.22772216796875,5311705
2026-07-10,195.10000610351562,199.64999389648438,194.97000122070312,198.6199951171875,197.93838500976562,5495033
2026-07-13,197.0,199.22999572753906,194.22999572753906,195.75999450683594,195.08819580078125,5334665
2026-07-14,196.0,203.97000122070312,196.0,199.61000061035156,198.92498779296875,7575914
2026-07-15,202.39999389648438,202.39999389648438,198.10000610351562,200.02000427246094,199.33358764648438,5515426
2026-07-16,199.07000732421875,201.91000366210938,196.3800048828125,198.85000610351562,198.1676025390625,7213657
2026-07-17,197.1999969482422,201.89999389648438,195.0,200.0500030517578,199.3634796142578,10212835
2026-07-20,199.1199951171875,203.77000427246094,198.80999755859375,201.4499969482422,200.7586669921875,4774744
2026-07-21,201.1199951171875,209.9600067138672,201.1199951171875,209.5399932861328,208.82090759277344,5058147
2026-07-22,207.9199981689453,216.0,207.9199981689453,214.33999633789062,213.60443115234375,4727620
2026-07-23,213.92999267578125,215.60000610351562,207.8300018310547,208.35000610351562,207.635009765625,4515061
2026-07-24,208.02000427246094,211.75999450683594,206.27999877929688,207.27999877929688,206.56866455078125,2937624
2026-07-27,208.33999633789062,210.77999877929688,206.52999877929688,209.5,208.7810516357422,3773283
2026-07-28,208.0,211.27000427246094,204.2899932861328,209.27999877929688,208.56179809570312,5679184
2026-07-29,208.8699951171875,210.60000610351562,202.5,207.7899932861328,207.07691955566406,5736324
2026-07-30,208.00999450683594,213.6300048828125,208.00999450683594,212.27999877929688,211.551513671875,4249299
2026-07-31,211.89999389648438,215.22999572753906,207.0,208.2899932861328,207.5751953125,9350454
2026-08-03,208.60000610351562,212.91000366210938,206.3000030517578,211.6199951171875,210.89376831054688,3688888
2026-08-04,214.00999450683594,221.67999267578125,213.3800048828125,217.5,216.75360107421875,5725786
2026-08-05,218.10000610351562,223.0,218.10000610351562,222.64999389648438,221.8859100341797,4653765
2026-08-06,222.00999450683594,226.3000030517578,218.11000061035156,219.1300048828125,218.3780059814453,4779180
2026-08-07,221.97999572753906,227.8800048828125,221.97999572753906,225.4499969482422,224.6763153076172,3394251
2026-08-10,225.47000122070312,226.8800048828125,221.1699981689453,225.0,224.2278594970703,2484677
2026-08-11,225.0,225.9600067138672,221.22000122070312,221.9499969482422,221.18832397460938,3060008
2026-08-12,223.61000061035156,226.17999267578125,222.1699981689453,224.49000549316406,223.71961975097656,3318842
2026-08-13,224.89999389648438,224.89999389648438,218.50999450683594,219.3800048828125,218.6271514892578,3788479
2026-08-14,220.6999969482422,222.00999450683594,215.50999450683594,216.97000122070312,216.2254180908203,3575446
2026-08-17,218.0,219.99000549316406,216.49000549316406,218.47000122070312,217.72027587890625,3436978
2026-08-18,219.39999389648438,219.49000549316406,215.02000427246094,216.8300018310547,216.0858917236328,2488679
2026-08-19,217.5,224.6300048828125,217.0800018310547,218.9499969482422,218.19862365722656,4764544
2026-08-20,219.0,224.39999389648438,218.50999450683594,223.1999969482422,222.4340362548828,3756513
2026-08-21,224.99000549316406,238.72000122070312,224.1199951171875,237.0,236.18667602539062,4724589
2026-08-24,235.7846221923828,239.7342529296875,231.81507873535156,236.11293029785156,235.3026580810547,3500848
2026-08-25,236.48101806640625,237.3465576171875,231.0888214111328,236.6103515625,235.79837036132812,4346579
2026-08-26,233.8147735595703,238.241943359375,231.8449249267578,233.1183624267578,232.318359375,3349794
2026-08-27,232.02999877929688,234.0,229.0,230.52000427246094,230.52000427246094,4695344
2026-08-28,231.75,233.02999877929688,224.50999450683594,229.30999755859375,229.30999755859375,2848419
2026-08-31,228.49000549316406,235.38999938964844,226.5399932861328,232.58999633789062,232.58999633789062,9833670
2026-09-01,231.60000610351562,233.35000610351562,222.0,223.17999267578125,223.17999267578125,4559064
2026-09-02,223.52000427246094,226.41000366210938,221.5,222.8800048828125,222.8800048828125,5033115
2026-09-03,225.80999755859375,230.0,220.0500030517578,225.0,225.0,7280898
