Price,Open,High,Low,Close,Adj Close,Volume
Ticker,FIBRAPL14.MX,FIBRAPL14.MX,FIBRAPL14.MX,FIBRAPL14.MX,FIBRAPL14.MX,FIBRAPL14.MX
Date,,,,,,
2021-08-25,35.05531311035156,35.2186164855957,34.542083740234375,35.13307571411133,28.7546329498291,134945
2021-08-26,35.1875114440918,35.1875114440918,34.448768615722656,34.7442626953125,28.436410903930664,286411
2021-08-27,34.822025299072266,34.985328674316406,34.60429382324219,34.69760513305664,28.398225784301758,171034
2021-08-30,34.69760513305664,35.28860092163086,34.60429382324219,35.06309127807617,28.697362899780273,164371
2021-08-31,35.38191604614258,36.5483512878418,34.99310302734375,36.206199645996094,29.632936477661133,598662
2021-09-01,36.16731643676758,36.43948745727539,35.560768127441406,35.84071350097656,29.33380889892578,186192
2021-09-02,35.902923583984375,36.05067443847656,35.30415344238281,35.67741394042969,29.200145721435547,253711
2021-09-03,35.9729118347168,36.066226959228516,35.529666900634766,35.568546295166016,29.111051559448242,140192
2021-09-06,35.568546295166016,35.87959671020508,35.319705963134766,35.49078369140625,29.047399520874023,60878
2021-09-07,35.53744125366211,35.53744125366211,34.7209358215332,34.80647277832031,28.487333297729492,177747
2021-09-08,35.031986236572266,35.30415344238281,34.32434844970703,34.51875305175781,28.25184440612793,133857
2021-09-09,34.58873748779297,35.38191604614258,34.26213836669922,35.33525848388672,28.92011070251465,306928
2021-09-10,35.34303665161133,35.747398376464844,34.371002197265625,34.736488342285156,28.430051803588867,233671
2021-09-13,34.96977615356445,35.22639083862305,34.88423538208008,35.06309127807617,28.697362899780273,354659
2021-09-14,35.06309127807617,35.125301361083984,34.534305572509766,34.99310302734375,28.64008140563965,166919
2021-09-15,35.031986236572266,35.031986236572266,34.51097869873047,34.75204086303711,28.442785263061523,190311
2021-09-17,34.985328674316406,35.38191604614258,34.580963134765625,35.327484130859375,28.913753509521484,775886
2021-09-20,35.26527404785156,35.26527404785156,34.238807678222656,34.7209358215332,28.41732406616211,278279
2021-09-21,34.775367736816406,34.829803466796875,34.293243408203125,34.57318878173828,28.296398162841797,2073463
2021-09-22,34.75204086303711,35.26527404785156,34.487648010253906,35.19528579711914,28.805553436279297,275472
2021-09-23,35.29637908935547,35.30415344238281,34.60429382324219,34.75981521606445,28.449148178100586,8692147
2021-09-24,34.876461029052734,34.985328674316406,34.61206817626953,34.75204086303711,28.442785263061523,261632
2021-09-27,34.829803466796875,34.9542236328125,34.378780364990234,34.70538330078125,28.40459632873535,133537
2021-09-28,34.627620697021484,34.775367736816406,34.176597595214844,34.59651565551758,28.315494537353516,495489
2021-09-29,34.66650390625,35.26527404785156,34.60429382324219,34.93867111206055,28.59552574157715,458044
2021-09-30,35.10974884033203,35.10974884033203,34.40988540649414,34.85313034057617,28.525510787963867,19469991
2021-10-01,34.84535598754883,34.84535598754883,34.371002197265625,34.43321228027344,28.18182945251465,170237
2021-10-04,34.70538330078125,34.713157653808594,34.238807678222656,34.542083740234375,28.27094268798828,453784
2021-10-05,34.526527404785156,34.822025299072266,34.40988540649414,34.65094757080078,28.36003875732422,303448
2021-10-06,34.65094757080078,35.38191604614258,34.371002197265625,35.20306396484375,28.81191635131836,423902
2021-10-07,35.280826568603516,38.0958251953125,35.280826568603516,37.06158447265625,30.333019256591797,445689
2021-10-08,36.38505172729492,36.5483512878418,35.42857360839844,35.98068618774414,29.448366165161133,453582
2021-10-11,35.91847610473633,36.5250244140625,35.26527404785156,36.151763916015625,29.58838653564453,151294
2021-10-12,36.112884521484375,36.50947189331055,35.031986236572266,35.171958923339844,28.786466598510742,579540
2021-10-13,35.24972152709961,36.82829666137695,35.24972152709961,36.400604248046875,29.792049407958984,489903
2021-10-14,36.32284164428711,36.43948745727539,35.78628158569336,35.856266021728516,29.346534729003906,270239
2021-10-15,36.08177947998047,37.31820297241211,35.910701751708984,36.71165466308594,30.046621322631836,840718
2021-10-18,36.353946685791016,36.7894172668457,35.84849166870117,36.5250244140625,29.89388656616211,483330
2021-10-19,36.5483512878418,36.5483512878418,36.01179122924805,36.54057693481445,29.90660285949707,594964
2021-10-20,36.51724624633789,36.5483512878418,36.112884521484375,36.5483512878418,29.9129695892334,433453
2021-10-21,36.54057693481445,38.25912857055664,36.268409729003906,37.2559928894043,30.492136001586914,895370
2021-10-22,36.944942474365234,38.336891174316406,36.641666412353516,37.70701217651367,30.861276626586914,633039
2021-10-25,37.78477478027344,38.29800796508789,36.851627349853516,37.341529846191406,30.562145233154297,274879
2021-10-26,37.27154541015625,38.08027267456055,36.86717987060547,37.590370178222656,30.76581573486328,382028
2021-10-27,37.51260757446289,38.018062591552734,37.01492691040039,37.380409240722656,30.944971084594727,218529
2021-10-28,37.40373992919922,37.70701217651367,36.71943283081055,36.937164306640625,30.578031539916992,367213
2021-10-29,36.92161178588867,37.240440368652344,35.661861419677734,36.851627349853516,30.5072078704834,520566
2021-11-01,36.92938995361328,37.71479034423828,36.563907623291016,36.812744140625,30.475032806396484,146739
2021-11-03,36.82829666137695,36.85940170288086,35.77850341796875,36.42393112182617,30.153154373168945,298169
2021-11-04,36.4705924987793,36.493919372558594,35.817386627197266,36.08177947998047,29.869903564453125,160486
2021-11-05,36.46281433105469,36.486141204833984,35.89514923095703,36.058448791503906,29.8505859375,286123
2021-11-08,36.2373046875,36.99937438964844,36.05067443847656,36.95271682739258,30.590909957885742,303036
2021-11-09,37.03825759887695,38.8812255859375,37.03825759887695,38.126930236816406,31.56295394897461,188744
2021-11-10,38.10360336303711,38.25135040283203,37.42707061767578,37.78477478027344,31.279706954956055,118842
2021-11-11,37.69145965576172,38.811241149902344,37.2559928894043,38.0724983215332,31.517906188964844,228570
2021-11-12,38.04916763305664,39.20005416870117,37.971405029296875,38.21247100830078,31.633773803710938,430466
2021-11-16,38.21247100830078,38.21247100830078,38.21247100830078,38.21247100830078,31.633773803710938,0
2021-11-17,38.21247100830078,38.21247100830078,38.21247100830078,38.21247100830078,31.633773803710938,0
2021-11-18,36.50947189331055,37.186004638671875,35.7940559387207,37.030479431152344,30.655275344848633,195658
2021-11-19,37.186004638671875,37.36486053466797,36.5483512878418,36.890506744384766,30.539403915405273,157370
2021-11-22,37.15489959716797,37.15489959716797,35.910701751708984,36.42393112182617,30.153154373168945,166680
2021-11-23,36.34617233276367,36.43948745727539,36.02734375,36.21397399902344,29.979341506958008,418972
2021-11-24,36.13621139526367,36.85940170288086,35.070865631103516,36.62611770629883,30.320533752441406,261014
2021-11-25,36.268409729003906,37.022705078125,36.17509460449219,36.22175216674805,29.985780715942383,11504
2021-11-26,36.198421478271484,36.27618408203125,35.78628158569336,36.105106353759766,29.889219284057617,184619
2021-11-29,36.159542083740234,37.11602020263672,35.78628158569336,36.7894172668457,30.45571517944336,405495
2021-11-30,37.51260757446289,38.064720153808594,37.186004638671875,37.50482940673828,31.047964096069336,759797
2021-12-01,38.25135040283203,38.67904281616211,36.37727737426758,36.734981536865234,30.41065788269043,500928
2021-12-02,36.92938995361328,39.61996841430664,36.92938995361328,37.94807815551758,31.414899826049805,425969
2021-12-03,38.018062591552734,41.75843811035156,37.8625373840332,40.31983184814453,33.378334045410156,859988
2021-12-06,40.1098747253418,40.72419738769531,38.8812255859375,39.3244743347168,32.55433654785156,2149488
2021-12-07,39.19227600097656,39.658851623535156,38.36799621582031,38.88900375366211,32.19384002685547,467147
2021-12-08,38.8812255859375,38.8812255859375,37.78477478027344,37.90919494628906,31.382709503173828,796574
2021-12-09,38.49241638183594,39.23115921020508,38.10360336303711,38.99009323120117,32.277523040771484,128304
2021-12-10,39.13006591796875,39.56553649902344,38.25135040283203,39.24671173095703,32.489967346191406,183789
2021-12-13,39.57331466674805,39.57331466674805,38.74125289916992,38.97454071044922,32.2646484375,173732
2021-12-14,39.61996841430664,40.81751251220703,38.81901550292969,39.02897644042969,32.30971908569336,469711
2021-12-15,38.98231887817383,40.731971740722656,38.958988189697266,39.72106170654297,32.88264465332031,446831
2021-12-16,40.047664642333984,40.4286994934082,38.18914031982422,38.958988189697266,32.25177001953125,2367870
2021-12-17,38.3602180480957,40.4286994934082,38.3602180480957,39.80659866333008,32.953453063964844,1660612
2021-12-20,39.46444320678711,41.55625534057617,38.36799621582031,41.14411544799805,34.060707092285156,547271
2021-12-21,40.43647766113281,40.941932678222656,39.86880874633789,39.96212387084961,33.08221435546875,351070
2021-12-22,40.10209655761719,41.190773010253906,39.81437683105469,40.96525955200195,33.91264343261719,351223
2021-12-23,40.203189849853516,41.20632553100586,40.203189849853516,40.778629302978516,33.758140563964844,263939
2021-12-24,41.19854736328125,41.976173400878906,41.06635284423828,41.57958221435547,34.421199798583984,45797
2021-12-27,41.59513854980469,43.86579895019531,41.22187805175781,43.46921157836914,35.98551559448242,317775
2021-12-28,43.06484603881836,43.70249938964844,41.99172592163086,42.62937545776367,35.290252685546875,272938
2021-12-29,43.27480697631836,43.430328369140625,41.7117805480957,42.520511627197266,35.200138092041016,411916
2021-12-30,42.4971809387207,43.523643493652344,42.310550689697266,43.12705612182617,35.7022590637207,203602
2021-12-31,43.15816116333008,45.82541275024414,43.12705612182617,44.19240188598633,36.58419418334961,97653
2022-01-03,44.2468376159668,45.24997329711914,43.71805191040039,44.00577163696289,36.42969512939453,339739
2022-01-04,44.16907501220703,44.542335510253906,42.03838348388672,42.42719650268555,35.12289810180664,298829
2022-01-05,42.38831329345703,42.38831329345703,40.156532287597656,40.444252014160156,33.48133087158203,587147
2022-01-06,40.43647766113281,41.30741500854492,39.371131896972656,41.027469635009766,33.964141845703125,500890
2022-01-07,40.8952751159668,41.87508010864258,40.1409797668457,40.833065032958984,33.803199768066406,258210
2022-01-10,40.833065032958984,40.879722595214844,39.51887893676758,39.845481872558594,32.98564529418945,460470
2022-01-11,39.3555793762207,40.03211212158203,39.262264251708984,39.837703704833984,32.97920608520508,623995
2022-01-12,39.371131896972656,41.120784759521484,39.371131896972656,40.88749694824219,33.8482666015625,524195
2022-01-13,39.82215118408203,42.738243103027344,39.82215118408203,42.37276077270508,35.07782745361328,677121
2022-01-14,41.83620071411133,41.99172592163086,40.10209655761719,41.035247802734375,33.9705810546875,790459
2022-01-17,41.2140998840332,41.58736038208008,40.825286865234375,40.88749694824219,33.8482666015625,17559
2022-01-18,40.86417007446289,41.120784759521484,40.03211212158203,40.18763732910156,33.26889419555664,172782
2022-01-19,40.12542724609375,40.739749908447266,39.511104583740234,40.584224700927734,33.59720993041992,424173
2022-01-20,40.79418182373047,42.45830154418945,39.705509185791016,40.094322204589844,33.19164276123047,777035
2022-01-21,39.73661422729492,41.20632553100586,39.73661422729492,40.46758270263672,33.50064468383789,895021
2022-01-24,40.786407470703125,41.05857467651367,37.722564697265625,39.511104583740234,32.708839416503906,450122
2022-01-25,39.31669616699219,39.56553649902344,37.94807815551758,38.274681091308594,31.685279846191406,376548
2022-01-26,38.6479377746582,39.752166748046875,38.39132308959961,39.18450164794922,32.438453674316406,3293374
2022-01-27,39.56553649902344,40.36648941040039,38.6168327331543,39.92324447631836,33.050018310546875,4881759
2022-01-28,40.133201599121094,40.203189849853516,38.72570037841797,39.03675079345703,32.31614303588867,311321
2022-01-31,39.168949127197266,40.28095245361328,38.920108795166016,39.8999137878418,33.39547348022461,505466
2022-02-01,40.06321716308594,40.825286865234375,39.58108901977539,40.25762176513672,33.69487380981445,978508
2022-02-02,40.43647766113281,41.26075744628906,40.28095245361328,41.04302215576172,34.35224151611328,181988
2022-02-03,41.2140998840332,41.6806755065918,39.658851623535156,40.30427932739258,33.733924865722656,396053
2022-02-04,40.12542724609375,40.693092346191406,39.39445877075195,39.8999137878418,33.39547348022461,376604
2022-02-08,40.094322204589844,40.335384368896484,39.39445877075195,39.75994110107422,33.278324127197266,382855
2022-02-09,39.75994110107422,40.85639190673828,39.503326416015625,40.22651672363281,33.66884231567383,471887
2022-02-10,40.00878143310547,41.952842712402344,39.76771926879883,41.59513854980469,34.81433868408203,553041
2022-02-11,41.84397506713867,41.98394775390625,40.28095245361328,40.65420913696289,34.02680969238281,321770
2022-02-14,40.51423645019531,40.51423645019531,39.207828521728516,40.17208480834961,33.62328338623047,361736
2022-02-15,40.18763732910156,40.498687744140625,39.4333381652832,39.55775833129883,33.10909652709961,759209
2022-02-16,39.549983978271484,40.203189849853516,39.410011291503906,39.93879699707031,33.42802429199219,741419
2022-02-17,39.96990203857422,40.31983184814453,39.34002685546875,39.68217849731445,33.21323776245117,502103
2022-02-18,39.705509185791016,40.086544036865234,38.764583587646484,38.920108795166016,32.575408935546875,283506
2022-02-21,38.803462982177734,39.02897644042969,38.593505859375,38.79568862915039,32.471256256103516,83816
2022-02-22,38.803462982177734,39.13784408569336,38.45353317260742,38.811241149902344,32.48427963256836,700003
2022-02-23,38.8812255859375,38.8812255859375,36.63389205932617,37.053810119628906,31.013336181640625,610976
2022-02-24,36.937164306640625,37.00715255737305,35.84849166870117,36.57168197631836,30.609800338745117,1094778
2022-02-25,37.69923782348633,38.469085693359375,36.27618408203125,38.24357604980469,32.0091552734375,656065
2022-02-28,38.25912857055664,38.958988189697266,37.85476303100586,38.313560485839844,32.06772994995117,474651
2022-03-01,38.336891174316406,38.86567306518555,37.41151428222656,38.34466552734375,32.09376525878906,606027
2022-03-02,38.10360336303711,39.884361267089844,37.78477478027344,38.93566131591797,32.588409423828125,385942
2022-03-03,38.8812255859375,39.63552474975586,37.40373992919922,38.03361511230469,31.83341407775879,530612
2022-03-04,38.03361511230469,38.25912857055664,36.50947189331055,36.72720718383789,30.739974975585938,666756
2022-03-07,36.70387649536133,37.5437126159668,36.2373046875,36.57168197631836,30.609800338745117,2140282
2022-03-08,36.408382415771484,37.99473571777344,36.159542083740234,37.69145965576172,31.547035217285156,753170
2022-03-09,38.025840759277344,40.14875411987305,37.84698486328125,39.96990203857422,33.45405197143555,373524
2022-03-10,39.76771926879883,40.327606201171875,39.254486083984375,40.094322204589844,33.55819320678711,456594
2022-03-11,40.288726806640625,40.382041931152344,39.47999954223633,40.03211212158203,33.50611877441406,518115
2022-03-14,40.03211212158203,40.094322204589844,39.60441970825195,39.837703704833984,33.343406677246094,279172
2022-03-15,39.51887893676758,40.51423645019531,39.27003860473633,39.78327178955078,33.297847747802734,853841
2022-03-16,39.81437683105469,40.28095245361328,39.58108901977539,39.96990203857422,33.45405197143555,753598
2022-03-17,39.82992935180664,40.22651672363281,39.72883987426758,40.039886474609375,33.51262664794922,858326
2022-03-18,39.596641540527344,40.592002868652344,34.21548080444336,37.35708236694336,31.267169952392578,8490308
2022-03-22,38.10360336303711,38.49241638183594,37.71479034423828,38.20469284057617,31.97660255432129,452177
2022-03-23,38.49241638183594,38.49241638183594,37.32597732543945,37.62147521972656,31.488466262817383,342835
2022-03-24,37.481502532958984,37.481502532958984,36.71943283081055,37.17045211791992,31.1109676361084,389533
2022-03-25,37.32597732543945,38.08027267456055,37.147125244140625,37.82365798950195,31.657684326171875,450480
2022-03-28,37.91697311401367,39.837703704833984,37.87031555175781,39.52665328979492,33.08305740356445,500696
2022-03-29,39.07563400268555,43.46143341064453,39.07563400268555,41.05857467651367,34.36524200439453,793637
2022-03-30,41.11301040649414,41.96062088012695,40.06321716308594,40.45980453491211,33.86410140991211,553916
2022-03-31,40.444252014160156,40.95748519897461,40.10209655761719,40.382041931152344,33.799015045166016,359969
2022-04-01,40.576446533203125,41.60291290283203,39.96990203857422,41.29186248779297,34.56051254272461,235494
2022-04-04,41.2140998840332,42.520511627197266,41.2140998840332,41.98394775390625,35.139774322509766,346329
2022-04-05,41.98394775390625,42.43497085571289,41.40850830078125,42.061710357666016,35.20486068725586,196926
2022-04-06,41.99172592163086,43.546974182128906,41.99172592163086,42.92487335205078,35.92730712890625,686832
2022-04-07,42.92487335205078,43.197044372558594,42.800453186035156,43.15816116333008,36.122562408447266,647682
2022-04-08,43.15816116333008,43.71027374267578,42.7071418762207,43.32146453857422,36.259239196777344,342392
2022-04-11,43.305912017822266,44.83782958984375,42.7071418762207,43.27480697631836,36.22019958496094,734324
2022-04-12,43.189266204833984,43.46921157836914,41.9995002746582,42.512733459472656,35.582359313964844,1469117
2022-04-13,42.225013732910156,43.974666595458984,42.21723556518555,43.69472122192383,36.571659088134766,173178
2022-04-18,43.69472122192383,44.26239013671875,43.32146453857422,43.55474853515625,36.45450210571289,332620
2022-04-19,43.41477966308594,44.30904769897461,42.9948616027832,43.94356155395508,36.77993392944336,573419
2022-04-20,44.0135498046875,44.65119934082031,42.854888916015625,43.632511138916016,36.51958465576172,532668
2022-04-21,43.70249938964844,44.31682205200195,42.87821578979492,43.22037124633789,36.17462921142578,225269
2022-04-22,43.391448974609375,43.99799728393555,43.0181884765625,43.593631744384766,36.48704528808594,56093
2022-04-25,43.81136703491211,44.19240188598633,42.57494354248047,43.62473678588867,36.51308059692383,318135
2022-04-26,43.546974182128906,43.62473678588867,42.03060531616211,42.598270416259766,35.65394592285156,900136
2022-04-27,42.81600570678711,43.06484603881836,40.61532974243164,42.38053512573242,35.86246871948242,458168
2022-04-28,42.30277633666992,42.30277633666992,40.833065032958984,41.74288558959961,35.3228874206543,1155202
2022-04-29,41.83620071411133,42.847110748291016,41.83620071411133,42.59049606323242,36.040138244628906,745614
2022-05-02,42.50495529174805,42.50495529174805,41.2140998840332,41.82842254638672,35.39527130126953,163293
2022-05-03,41.486270904541016,42.015052795410156,41.13633728027344,41.59513854980469,35.19785690307617,225084
2022-05-04,41.610687255859375,42.38053512573242,41.13633728027344,42.25611877441406,35.75718688964844,214170
2022-05-05,41.532928466796875,42.38053512573242,41.25298309326172,42.13947296142578,35.658485412597656,312433
2022-05-06,42.13947296142578,42.155025482177734,41.377403259277344,41.665122985839844,35.257083892822266,89826
2022-05-09,41.60291290283203,41.657344818115234,40.1409797668457,40.70864486694336,34.44770812988281,249166
2022-05-10,40.7164192199707,41.081905364990234,40.444252014160156,40.80195999145508,34.526668548583984,442016
2022-05-11,40.77085494995117,40.90304946899414,38.93566131591797,39.658851623535156,33.55937576293945,578940
2022-05-12,39.27003860473633,39.27003860473633,38.16581344604492,38.515743255615234,32.59207534790039,470576
2022-05-13,38.49241638183594,39.60441970825195,38.49241638183594,39.19227600097656,33.1645622253418,2299321
2022-05-16,39.262264251708984,40.28095245361328,39.19227600097656,40.01655960083008,33.862064361572266,314335
2022-05-17,40.01655960083008,40.739749908447266,39.308921813964844,40.623104095458984,34.37532424926758,474113
2022-05-18,40.51423645019531,40.55311965942383,39.69773483276367,40.047664642333984,33.88837814331055,727060
2022-05-19,39.97767639160156,40.74752426147461,39.666629791259766,40.46758270263672,34.24372482299805,786846
2022-05-20,40.70086669921875,40.74752426147461,40.00878143310547,40.41314697265625,34.19765853881836,516447
2022-05-23,40.50646209716797,41.10523223876953,40.133201599121094,40.4286994934082,34.210819244384766,403027
2022-05-24,40.327606201171875,40.420921325683594,40.06321716308594,40.27317428588867,34.07921600341797,348243
2022-05-25,40.35871124267578,40.55311965942383,40.05543899536133,40.14875411987305,33.97392272949219,225257
2022-05-26,39.993228912353516,40.35871124267578,39.658851623535156,39.791046142578125,33.671241760253906,223706
2022-05-27,39.96990203857422,40.35871124267578,39.85325622558594,40.35093688964844,34.14501953125,502319
2022-05-30,40.35093688964844,40.4286994934082,39.96990203857422,40.28095245361328,34.085784912109375,109960
2022-05-31,40.242069244384766,40.43647766113281,39.33224868774414,40.00878143310547,33.8554801940918,598032
2022-06-01,40.164306640625,40.17208480834961,39.503326416015625,39.65107345581055,33.55278396606445,512374
2022-06-02,39.884361267089844,40.14875411987305,38.764583587646484,39.82215118408203,33.69755935668945,664662
2022-06-03,39.58108901977539,39.80659866333008,39.07563400268555,39.19227600097656,33.1645622253418,158939
2022-06-06,39.38668441772461,39.80659866333008,38.6479377746582,39.1456184387207,33.12506103515625,127301
2022-06-07,39.347801208496094,39.347801208496094,38.50019073486328,39.19227600097656,33.1645622253418,160400
2022-06-08,39.23115921020508,41.00414276123047,39.02119827270508,40.65420913696289,34.401649475097656,401378
2022-06-09,40.64643478393555,40.64643478393555,39.85325622558594,40.001007080078125,33.848907470703125,260533
2022-06-10,39.67440414428711,40.039886474609375,39.052303314208984,39.44889450073242,33.381710052490234,407878
2022-06-13,39.57331466674805,39.57331466674805,38.41465377807617,38.55462646484375,32.62498092651367,486805
2022-06-14,39.46444320678711,39.46444320678711,36.71165466308594,36.92938995361328,31.249698638916016,683504
2022-06-15,37.06936264038086,38.756805419921875,37.06936264038086,37.95585250854492,32.1182861328125,656134
2022-06-16,37.62147521972656,38.8267936706543,37.567039489746094,38.430206298828125,32.51969528198242,454154
2022-06-17,38.476863861083984,43.725826263427734,37.481502532958984,41.976173400878906,35.520294189453125,1822455
2022-06-20,40.7164192199707,41.56403350830078,40.31983184814453,41.04302215576172,34.73066329956055,170726
2022-06-21,40.96525955200195,40.96525955200195,39.53443145751953,39.845481872558594,33.71730422973633,1227656
2022-06-22,39.884361267089844,40.1098747253418,39.19227600097656,39.752166748046875,33.63833236694336,606390
2022-06-23,39.549983978271484,40.039886474609375,39.19227600097656,39.62774658203125,33.533042907714844,452947
2022-06-24,39.658851623535156,41.60291290283203,39.658851623535156,40.47535705566406,34.25029754638672,1750101
2022-06-27,40.444252014160156,41.952842712402344,40.444252014160156,41.478492736816406,35.099159240722656,354422
2022-06-28,41.40850830078125,41.99172592163086,40.039886474609375,41.04302215576172,34.73066329956055,388673
2022-06-29,41.01969528198242,41.05857467651367,40.203189849853516,40.576446533203125,34.33584213256836,383650
2022-06-30,40.825286865234375,41.01969528198242,40.1098747253418,41.01191711425781,34.70433807373047,521302
2022-07-01,41.01969528198242,41.2140998840332,40.43647766113281,40.592002868652344,34.349002838134766,324312
2022-07-04,40.61532974243164,40.88749694824219,40.43647766113281,40.77085494995117,34.50035095214844,56038
2022-07-05,40.825286865234375,41.9683952331543,40.592002868652344,40.81751251220703,34.53983688354492,2273957
2022-07-06,41.13633728027344,43.66361618041992,41.13633728027344,43.352569580078125,36.68499755859375,384202
2022-07-07,43.13483428955078,43.546974182128906,42.76934814453125,43.235923767089844,36.58629608154297,3687501
2022-07-08,43.235923767089844,43.235923767089844,42.069488525390625,42.57494354248047,36.0269775390625,225145
2022-07-11,42.57494354248047,43.235923767089844,41.62623977661133,43.150386810302734,36.513912200927734,541227
2022-07-12,43.150386810302734,45.72432327270508,43.08039855957031,44.32460021972656,37.50753402709961,389922
2022-07-13,43.935787200927734,45.07111740112305,43.881351470947266,44.713409423828125,37.836544036865234,1109943
2022-07-14,44.50345230102539,44.713409423828125,43.640289306640625,44.69008255004883,37.816802978515625,258344
2022-07-15,44.713409423828125,44.94669723510742,44.39458465576172,44.713409423828125,37.836544036865234,568455
2022-07-18,44.79117202758789,45.09444808959961,44.581214904785156,44.7989501953125,37.908931732177734,43124
2022-07-19,44.64342498779297,45.10222244262695,44.00577163696289,44.41791534423828,37.58650207519531,347462
2022-07-20,44.41791534423828,44.713409423828125,43.391448974609375,44.176849365234375,37.38251495361328,107025
2022-07-21,44.32460021972656,44.35570526123047,43.593631744384766,43.95911407470703,37.19825744628906,213047
2022-07-22,43.772483825683594,43.889129638671875,43.103729248046875,43.546974182128906,36.849510192871094,121985
2022-07-25,43.65584182739258,43.974666595458984,42.24834060668945,43.259254455566406,36.60603713989258,305144
2022-07-26,43.235923767089844,44.00577163696289,42.62937545776367,43.82691955566406,37.086395263671875,596255
2022-07-27,43.86579895019531,44.293495178222656,42.95597839355469,43.733604431152344,37.41651916503906,187589
2022-07-28,43.66361618041992,43.935787200927734,43.438106536865234,43.733604431152344,37.41651916503906,1305793
2022-07-29,43.69472122192383,44.40236282348633,43.69472122192383,44.130191802978516,37.755828857421875,472505
2022-08-01,44.130191802978516,44.8533821105957,42.613826751708984,42.854888916015625,36.66472244262695,465323
2022-08-02,42.62937545776367,43.29035949707031,42.42719650268555,42.83155822753906,36.644771575927734,327827
2022-08-03,42.92487335205078,43.08039855957031,41.657344818115234,41.88285827636719,35.83310317993164,361037
2022-08-04,41.952842712402344,43.08817672729492,41.60291290283203,42.76934814453125,36.59154510498047,812568
2022-08-05,42.82378387451172,43.55474853515625,42.364986419677734,43.53142166137695,37.24353790283203,695961
2022-08-08,43.508094787597656,43.546974182128906,42.76934814453125,43.2281494140625,36.98408126831055,208352
2022-08-09,43.2281494140625,43.42255401611328,42.442745208740234,43.057071685791016,36.837703704833984,643161
2022-08-10,43.057071685791016,43.50031661987305,43.010414123535156,43.344791412353516,37.083866119384766,676856
2022-08-11,43.47698974609375,43.57030487060547,43.08039855957031,43.484764099121094,37.20362091064453,1024860
2022-08-12,43.62473678588867,43.62473678588867,43.24370193481445,43.515869140625,37.2302360534668,409475
2022-08-15,43.546974182128906,43.546974182128906,42.37276077270508,42.559391021728516,36.41191864013672,525243
2022-08-16,42.59049606323242,43.095951080322266,42.442745208740234,42.761573791503906,36.58489227294922,178066
2022-08-17,42.87044143676758,43.74137878417969,42.38053512573242,43.31368637084961,37.0572624206543,1231500
2022-08-18,43.305912017822266,43.31368637084961,41.945068359375,42.32610321044922,36.21232604980469,311417
2022-08-19,42.318328857421875,43.89690399169922,41.68844985961914,43.585853576660156,37.29011535644531,942520
2022-08-22,43.515869140625,43.89690399169922,42.854888916015625,43.632511138916016,37.33002853393555,642285
2022-08-23,43.82691955566406,43.82691955566406,42.613826751708984,42.83933639526367,36.65142059326172,948415
2022-08-24,43.04151916503906,43.12705612182617,42.34165573120117,42.48162841796875,36.34539031982422,277045
2022-08-25,42.48162841796875,42.92487335205078,42.225013732910156,42.56716537475586,36.41856384277344,395874
2022-08-26,42.33388137817383,42.7071418762207,42.27944564819336,42.652706146240234,36.49174499511719,118806
2022-08-29,42.43497085571289,42.43497085571289,40.8952751159668,41.31519317626953,35.347434997558594,485397
2022-08-30,41.478492736816406,41.945068359375,41.04302215576172,41.55625534057617,35.55368423461914,546848
2022-08-31,41.55625534057617,42.04615783691406,40.001007080078125,40.52979278564453,34.67548370361328,1348470
2022-09-01,40.4286994934082,41.34629821777344,40.047664642333984,40.21874237060547,34.40936279296875,380510
2022-09-02,40.4286994934082,40.56867218017578,39.73661422729492,40.195411682128906,34.389400482177734,537197
2022-09-05,40.195411682128906,41.05857467651367,40.01655960083008,40.9263801574707,35.014793395996094,19506
2022-09-06,41.05857467651367,41.06635284423828,40.094322204589844,40.382041931152344,34.549076080322266,542145
2022-09-07,40.537567138671875,40.537567138671875,38.29800796508789,39.301143646240234,33.624305725097656,683432
2022-09-08,39.13784408569336,40.47535705566406,38.65571594238281,40.17208480834961,34.369441986083984,415092
2022-09-09,40.17208480834961,40.669761657714844,39.54220962524414,40.444252014160156,34.602294921875,583362
2022-09-12,40.17208480834961,41.22187805175781,39.96212387084961,40.9263801574707,35.014793395996094,629343
2022-09-13,41.00010299682617,41.32760238647461,39.783668518066406,40.00979995727539,34.23059844970703,217619
2022-09-14,40.079978942871094,40.391883850097656,39.736881256103516,39.814857482910156,34.06381607055664,435846
2022-09-15,39.83824920654297,43.15225601196289,39.33919906616211,41.94361877441406,35.88508987426758,3559215
2022-09-19,41.82665252685547,42.403682708740234,40.09557342529297,41.280818939208984,35.318031311035156,619710
2022-09-20,41.257423400878906,42.84035110473633,40.69599533081055,41.82665252685547,35.78501510620117,1508307
2022-09-21,41.71748733520508,42.50505065917969,41.53034210205078,42.060585021972656,35.98516082763672,955177
2022-09-22,41.935821533203125,42.56743240356445,41.389984130859375,42.177547454833984,36.085227966308594,1345568
2022-09-23,42.23213195800781,42.325706481933594,40.42307662963867,41.0546875,35.12455368041992,559735
2022-09-26,41.0546875,41.31980514526367,39.83045196533203,40.111167907714844,34.317325592041016,593961
2022-09-27,40.282718658447266,41.21063995361328,39.385986328125,40.53224182128906,34.67758560180664,726153
2022-09-28,40.282718658447266,40.56343460083008,39.42497634887695,39.900630950927734,34.1371955871582,442791
2022-09-29,40.235931396484375,40.2905158996582,39.3158073425293,39.479557037353516,33.776947021484375,844896
2022-09-30,40.43867111206055,40.43867111206055,39.385986328125,39.75247573852539,34.010440826416016,418488
2022-10-03,40.22813415527344,40.37628936767578,39.62771224975586,39.98640441894531,34.2105827331543,501873
2022-10-04,40.04878616333008,40.54783630371094,39.814857482910156,40.056583404541016,34.270626068115234,974969
2022-10-05,39.97080993652344,39.97080993652344,39.40937805175781,39.95521545410156,34.183902740478516,394119
2022-10-06,39.90842819213867,40.056583404541016,39.5731315612793,39.86164474487305,34.10384750366211,1255797
2022-10-07,39.93182373046875,39.9630126953125,38.57503128051758,38.84794616699219,33.236568450927734,751431
2022-10-10,38.83235168457031,38.949317932128906,37.1480598449707,37.623714447021484,32.18916702270508,622519
2022-10-11,37.81865692138672,37.92002487182617,37.03889083862305,37.42877197265625,32.02238845825195,999440
2022-10-12,37.43656921386719,38.582828521728516,37.38978576660156,37.94342041015625,32.46269989013672,1319570
2022-10-13,37.66270446777344,38.42687225341797,37.124664306640625,37.92002487182617,32.44267654418945,665313
2022-10-14,38.05258560180664,38.146156311035156,37.046688079833984,37.280616760253906,31.895627975463867,607596
2022-10-17,37.171451568603516,37.974609375,37.093475341796875,37.63930892944336,32.2025146484375,630213
2022-10-18,37.881038665771484,37.95121765136719,37.257225036621094,37.45216751098633,32.042396545410156,1330236
2022-10-19,37.77186965942383,38.00579833984375,36.547637939453125,36.563232421875,31.28186798095703,1437519
2022-10-20,36.69579315185547,38.988304138183594,36.58662414550781,38.34889602661133,32.80959701538086,1107349
2022-10-21,38.44247055053711,39.4561653137207,38.26312255859375,38.73098373413086,33.136505126953125,1970752
2022-10-24,38.855743408203125,38.855743408203125,38.05258560180664,38.64521026611328,33.0631217956543,1098639
2022-10-25,38.536041259765625,39.72128677368164,38.536041259765625,39.26122283935547,33.590152740478516,2077325
2022-10-26,38.793365478515625,39.51854705810547,38.59842300415039,39.066280364990234,33.826255798339844,1386538
2022-10-27,39.14426040649414,40.17354965209961,38.668601989746094,39.80706024169922,34.467681884765625,1963452
2022-10-28,39.557533264160156,39.58872604370117,38.86354446411133,39.081878662109375,33.83976364135742,562770
2022-10-31,39.18324661254883,39.75247573852539,38.91032791137695,39.67449951171875,34.35289001464844,1247470
2022-11-01,39.66670227050781,40.625816345214844,39.33140182495117,40.477657318115234,35.04832458496094,1756872
2022-11-03,40.40747833251953,41.647308349609375,39.65110778808594,41.21843719482422,35.68974304199219,1475219
2022-11-04,41.33540344238281,42.23992919921875,40.90652847290039,42.068382263183594,36.42567443847656,1002177
2022-11-07,41.78766632080078,42.5362434387207,41.514747619628906,42.115169525146484,36.4661979675293,1809232
2022-11-08,42.31010818481445,42.590824127197266,41.857845306396484,42.115169525146484,36.4661979675293,1148426
2022-11-09,42.31010818481445,42.31010818481445,41.33540344238281,41.483558654785156,35.9193000793457,730008
2022-11-10,41.53034210205078,43.56553268432617,41.53034210205078,43.48755645751953,37.65450668334961,890946
2022-11-11,43.35499572753906,45.56953048706055,43.35499572753906,45.304412841796875,39.22765350341797,1032442
2022-11-14,44.99250411987305,45.21863555908203,44.09577560424805,44.44667053222656,38.48496627807617,2138609
2022-11-15,44.43886947631836,45.65530776977539,44.43886947631836,44.914527893066406,38.89006423950195,397978
2022-11-16,45.125064849853516,45.32780456542969,44.54024124145508,44.789764404296875,38.78203582763672,320961
2022-11-17,44.55583572387695,44.93791961669922,44.22833251953125,44.680599212646484,38.68751525878906,388840
2022-11-18,44.836551666259766,46.14656066894531,44.680599212646484,45.304412841796875,39.22765350341797,929863
2022-11-22,45.35899353027344,45.90483093261719,44.680599212646484,45.34339904785156,39.261409759521484,1748370
2022-11-23,44.914527893066406,45.74108123779297,44.69619369506836,45.50714874267578,39.4031982421875,1452772
2022-11-24,45.44477081298828,45.95161819458008,45.08607864379883,45.08607864379883,39.03860855102539,111294
2022-11-25,45.26542282104492,46.411678314208984,45.226436614990234,46.06078338623047,39.882572174072266,492732
2022-11-28,45.5383415222168,46.13096237182617,45.31221008300781,45.71768569946289,39.58549880981445,1406347
2022-11-29,45.780067443847656,46.31031036376953,45.14845657348633,45.77227020263672,39.63277053833008,1119030
2022-11-30,45.88923645019531,46.70798873901367,45.5383415222168,45.990604400634766,39.82180404663086,2056893
2022-12-01,46.2557258605957,46.715789794921875,45.257625579833984,46.006202697753906,39.8353157043457,526025
2022-12-02,45.9360237121582,46.77037048339844,45.592926025390625,46.22453689575195,40.02436065673828,447870
2022-12-05,46.31031036376953,46.31031036376953,45.00809860229492,45.14065933227539,39.08586502075195,476948
2022-12-06,45.08607864379883,45.226436614990234,43.98660659790039,44.181549072265625,38.255401611328125,727611
2022-12-07,44.55583572387695,45.834651947021484,44.080177307128906,45.078277587890625,39.03185272216797,1236841
2022-12-08,44.69619369506836,46.045188903808594,44.64160919189453,45.990604400634766,39.82180404663086,521353
2022-12-09,45.97500991821289,45.97500991821289,44.78196716308594,45.226436614990234,39.16013717651367,538521
2022-12-13,45.26542282104492,45.90483093261719,44.41547775268555,44.758575439453125,38.75503158569336,1082607
2022-12-14,44.914527893066406,45.65530776977539,43.6201171875,43.666900634765625,37.809791564941406,1333108
2022-12-15,44.368690490722656,45.226436614990234,42.7857666015625,43.105472564697266,37.323673248291016,1469482
2022-12-16,42.98850631713867,42.98850631713867,41.13266372680664,42.29451370239258,36.621482849121094,5886471
2022-12-19,42.34130096435547,43.393985748291016,41.87343978881836,42.98850631713867,37.222389221191406,756102
2022-12-20,43.588924407958984,43.97880935668945,42.49725341796875,43.94761657714844,38.052852630615234,906488
2022-12-21,43.666900634765625,43.88523864746094,43.03529357910156,43.23023223876953,37.43169403076172,1137969
2022-12-22,43.105472564697266,43.49535369873047,42.99630355834961,43.37059020996094,37.55322265625,770422
2022-12-23,43.65910339355469,44.056785583496094,43.16005325317383,43.65910339355469,37.80303955078125,1244166
2022-12-26,43.74488067626953,43.95541763305664,43.12106704711914,43.12886428833008,37.34392166137695,61431
2022-12-27,43.46416473388672,43.80725860595703,42.88713455200195,43.269222259521484,37.4654541015625,715712
2022-12-28,43.4329719543457,43.61231994628906,41.63951110839844,41.951416015625,36.324405670166016,1318812
2022-12-29,41.951416015625,43.6902961730957,41.5615348815918,43.53434371948242,37.69501876831055,780980
2022-12-30,43.893035888671875,44.22053527832031,43.2926139831543,43.300411224365234,37.492462158203125,392835
2023-01-02,43.65130615234375,43.82285690307617,43.35499572753906,43.35499572753906,37.53972244262695,17530
2023-01-03,43.65130615234375,44.61042022705078,43.300411224365234,44.22833251953125,38.29591751098633,269123
2023-01-04,44.15035629272461,47.0900764465332,44.06458282470703,46.489654541015625,40.2539176940918,900794
2023-01-05,46.47406005859375,47.082279205322266,45.803462982177734,46.926326751708984,40.63201904296875,448070
2023-01-06,46.09977340698242,48.01020050048828,46.09977340698242,47.487754821777344,41.118141174316406,330454
2023-01-09,47.63591384887695,48.337703704833984,46.458465576171875,46.72358703613281,40.45647430419922,452171
2023-01-10,46.84054946899414,47.7840690612793,45.98280715942383,47.07447814941406,40.76029586791992,1303236
2023-01-11,47.17584991455078,48.09597396850586,46.80936050415039,46.824954986572266,40.54425048828125,651405
2023-01-12,46.9497184753418,48.32990264892578,46.9497184753418,47.26162338256836,40.92234420776367,605816
2023-01-13,47.33180236816406,47.5267448425293,46.86394500732422,47.02769470214844,40.71979522705078,380160
2023-01-16,47.09787368774414,47.191444396972656,46.793766021728516,47.09787368774414,40.78055953979492,39991
2023-01-17,47.10567092895508,47.58912658691406,46.55203628540039,47.0198974609375,40.71304702758789,318655
2023-01-18,47.43317413330078,47.56573486328125,46.5130500793457,46.824954986572266,40.54425048828125,321620
2023-01-19,47.00429916381836,47.596923828125,46.793766021728516,47.36299514770508,41.01010513305664,493331
2023-01-20,47.370792388916016,48.01020050048828,46.80156326293945,47.768470764160156,41.361202239990234,442026
2023-01-23,47.72168731689453,51.589324951171875,47.64371109008789,48.47026062011719,41.968868255615234,524348
2023-01-24,48.69639587402344,48.90693283081055,47.17584991455078,47.31620788574219,40.969608306884766,281549
2023-01-25,47.487754821777344,47.487754821777344,45.8658447265625,46.5130500793457,40.64928436279297,436814
2023-01-26,46.85614776611328,48.25972366333008,46.41947555541992,47.690494537353516,41.67829513549805,748001
2023-01-27,48.002403259277344,48.14276123046875,47.18364715576172,47.72168731689453,41.70555114746094,426385
2023-01-30,47.87763977050781,48.27531814575195,47.4097785949707,47.43317413330078,41.45341110229492,633362
2023-01-31,47.448768615722656,47.95561599731445,46.24013137817383,47.88543701171875,41.848663330078125,984933
2023-02-01,47.947818756103516,49.827056884765625,47.4097785949707,48.96931076049805,42.7958869934082,569279
2023-02-02,49.203243255615234,49.413780212402344,48.50925064086914,49.070682525634766,42.88448715209961,557479
2023-02-03,48.72758483886719,49.68669509887695,48.4312744140625,49.023895263671875,42.843597412109375,222524
2023-02-07,49.3981819152832,49.437171936035156,47.83085250854492,47.99460220336914,41.94405746459961,506272
2023-02-08,48.5014533996582,48.50925064086914,47.035491943359375,47.69829177856445,41.68510818481445,364443
2023-02-09,47.869842529296875,50.52884292602539,47.869842529296875,49.3981819152832,43.170692443847656,1132542
2023-02-10,49.179847717285156,49.733482360839844,48.82895278930664,49.694496154785156,43.42966079711914,1308028
2023-02-13,49.54633712768555,51.799861907958984,49.3981819152832,51.59712219238281,45.09242248535156,964791
2023-02-14,51.47236251831055,53.53874206542969,50.91872787475586,52.758975982666016,46.10780334472656,2455151
2023-02-15,52.64980697631836,54.045589447021484,51.33200454711914,52.62641525268555,45.9919548034668,1977205
2023-02-16,52.4080810546875,54.96571350097656,50.32610321044922,50.37289047241211,44.02252960205078,3910073
2023-02-17,50.645809173583984,52.08837890625,49.95961380004883,51.191646575927734,44.738067626953125,530823
2023-02-20,51.93242263793945,52.1585578918457,51.07468032836914,51.77647018432617,45.24915313720703,113834
2023-02-21,51.78426742553711,51.78426742553711,50.723785400390625,51.137062072753906,44.690364837646484,394165
2023-02-22,51.46456527709961,51.81545639038086,50.45086669921875,50.74717712402344,44.349632263183594,5260545
2023-02-23,50.78616714477539,51.46456527709961,50.15455627441406,50.645809173583984,44.26103591918945,1877049
2023-02-24,50.84075164794922,51.58152770996094,50.07658004760742,50.9265251159668,44.50636672973633,1684639
2023-02-27,51.191646575927734,52.45486831665039,51.191646575927734,51.78426742553711,45.2559814453125,395436
2023-02-28,52.12736511230469,52.525047302246094,51.00450134277344,52.1585578918457,45.58307647705078,1475021
2023-03-01,52.525047302246094,53.546539306640625,51.94801712036133,52.213138580322266,45.63077926635742,308068
2023-03-02,52.32230758666992,52.62641525268555,51.07468032836914,51.480159759521484,44.990211486816406,327412
2023-03-03,51.85444641113281,53.20344161987305,51.26182556152344,52.556236267089844,45.93062973022461,871571
2023-03-06,53.000701904296875,53.000701904296875,51.47236251831055,52.03379440307617,45.47404479980469,502812
2023-03-07,51.877838134765625,52.43147277832031,50.98890686035156,51.09807586669922,44.65629196166992,346112
2023-03-08,51.54254150390625,51.54254150390625,50.06098556518555,50.49765396118164,44.71152114868164,233864
2023-03-09,50.482059478759766,51.768672943115234,50.42747497558594,51.62831497192383,45.71263122558594,406284
2023-03-10,51.46456527709961,51.46456527709961,50.271522521972656,50.91093063354492,45.07743835449219,447929
2023-03-13,49.95181655883789,51.52694320678711,49.905029296875,50.70039367675781,44.89103317260742,493703
2023-03-14,51.15265655517578,51.65950393676758,50.68479919433594,50.981109619140625,45.13957977294922,261992
2023-03-15,50.76277542114258,50.94991683959961,49.71009063720703,50.68479919433594,44.877220153808594,174029
2023-03-16,50.73158264160156,51.96361541748047,50.560035705566406,51.27742004394531,45.40193557739258,336549
2023-03-17,51.30860900878906,51.31640625,48.58722686767578,49.990806579589844,44.26274871826172,2542677
2023-03-21,50.310508728027344,50.68479919433594,49.29681396484375,50.567832946777344,44.77365493774414,606570
2023-03-22,50.614620208740234,52.579627990722656,50.599021911621094,51.57373046875,45.664302825927734,358976
2023-03-23,51.62831497192383,52.587425231933594,51.62831497192383,51.87004089355469,45.92665481567383,463928
2023-03-24,52.04938888549805,52.43147277832031,51.40998077392578,52.12736511230469,46.15449905395508,231243
2023-03-27,52.20534133911133,53.84284973144531,52.09617233276367,53.390586853027344,47.272979736328125,384480
2023-03-28,53.14885711669922,55.36339569091797,51.70629119873047,51.971412658691406,46.01640701293945,711832
2023-03-29,52.166351318359375,52.77457046508789,49.983009338378906,51.26182556152344,45.38813400268555,566510
2023-03-30,51.8310546875,52.86034393310547,51.46456527709961,51.65170669555664,45.73333740234375,2083969
2023-03-31,52.04159164428711,52.18974685668945,50.4898567199707,50.60681915283203,44.80817794799805,1145921
2023-04-03,50.82515335083008,51.40998077392578,50.37289047241211,50.856346130371094,45.029109954833984,196685
2023-04-04,50.91093063354492,50.91093063354492,49.055084228515625,49.38258743286133,43.72422790527344,1413514
2023-04-05,49.359195709228516,49.78806686401367,47.88543701171875,47.88543701171875,42.398616790771484,389424
2023-04-10,48.025794982910156,49.17205047607422,47.87763977050781,48.860145568847656,43.26163864135742,314743
2023-04-11,49.12526321411133,50.71598815917969,48.64181137084961,49.61651611328125,43.93134689331055,387537
2023-04-12,49.63211441040039,51.846649169921875,49.63211441040039,51.846649169921875,45.90594482421875,468698
2023-04-13,51.83885192871094,53.07088088989258,51.558135986328125,53.07088088989258,46.98990249633789,1275552
2023-04-14,52.712188720703125,52.86034393310547,49.67110061645508,50.302711486816406,44.53892135620117,321618
2023-04-17,50.41188049316406,50.42747497558594,48.71199035644531,48.992706298828125,43.37900924682617,405444
2023-04-18,49.148658752441406,49.647708892822266,48.78996658325195,49.50735092163086,43.834693908691406,439557
2023-04-19,49.32020568847656,49.7724723815918,48.55603790283203,49.48395919799805,43.8139762878418,286279
2023-04-20,49.522945404052734,50.224735260009766,49.18764877319336,50.21693801879883,44.46297073364258,432014
2023-04-21,49.8348503112793,51.269622802734375,49.62431716918945,50.68479919433594,44.877220153808594,609830
2023-04-24,50.70039367675781,50.97331237792969,49.8348503112793,50.89533233642578,45.063636779785156,529440
2023-04-25,50.83295440673828,50.84075164794922,49.59312438964844,50.21693801879883,44.46297073364258,376878
2023-04-26,50.52104568481445,50.84075164794922,49.5151481628418,50.52104568481445,44.732234954833984,311090
2023-04-27,50.60681915283203,51.176048278808594,49.85044860839844,50.045387268066406,44.311073303222656,256388
2023-04-28,50.193546295166016,50.52104568481445,47.86204528808594,48.26752471923828,42.73692321777344,694932
2023-05-02,48.4312744140625,48.51704788208008,47.113468170166016,47.63591384887695,42.17768859863281,2164077
2023-05-03,47.62031555175781,48.72758483886719,47.324005126953125,48.111568450927734,42.59883117675781,499554
2023-05-04,48.283119201660156,48.283119201660156,46.02959442138672,46.55203628540039,41.21799850463867,862649
2023-05-05,46.006202697753906,47.17584991455078,45.77227020263672,45.85024642944336,40.59662628173828,59000688
2023-05-08,46.39608383178711,46.39608383178711,45.5383415222168,45.77227020263672,40.527584075927734,1717826
2023-05-09,45.92822265625,45.92822265625,45.45256805419922,45.881439208984375,40.624244689941406,2884045
2023-05-10,45.92042541503906,46.201141357421875,45.61631774902344,46.201141357421875,40.907310485839844,1577133
2023-05-11,46.068580627441406,46.910728454589844,45.5383415222168,45.77227020263672,40.527584075927734,5602719
2023-05-12,46.091976165771484,46.302513122558594,45.42917251586914,46.006202697753906,40.734703063964844,818277
2023-05-15,46.123165130615234,46.39608383178711,45.748878479003906,46.123165130615234,40.83827209472656,1171602
2023-05-16,46.39608383178711,46.46626281738281,45.702091217041016,45.780067443847656,40.53448486328125,418764
2023-05-17,45.92822265625,46.1153678894043,45.5383415222168,45.81126022338867,40.562103271484375,770271
2023-05-18,46.09977340698242,46.09977340698242,45.63191223144531,45.88923645019531,40.63114547729492,1180151
2023-05-19,46.123165130615234,46.5130500793457,45.9360237121582,46.302513122558594,40.997074127197266,1086491
2023-05-22,46.325904846191406,46.746978759765625,46.26352310180664,46.67679977416992,41.328468322753906,620592
2023-05-23,46.489654541015625,46.70798873901367,45.15625762939453,45.26542282104492,40.07880401611328,528886
2023-05-24,45.14845657348633,46.59882354736328,44.891136169433594,46.38828659057617,41.07301330566406,922506
2023-05-25,46.39608383178711,46.84834671020508,46.31031036376953,46.778167724609375,41.418216705322266,708014
2023-05-26,46.86394500732422,47.199241638183594,46.45066833496094,46.98090744018555,41.59773254394531,539781
2023-05-29,47.02769470214844,47.503353118896484,46.99650573730469,47.33180236816406,41.908424377441406,24792
2023-05-30,47.09787368774414,47.09787368774414,45.577327728271484,46.294715881347656,40.99016189575195,598289
2023-05-31,46.294715881347656,46.80936050415039,44.4544677734375,46.26352310180664,40.96254348754883,1174668
2023-06-01,45.84244918823242,46.84054946899414,45.84244918823242,46.84054946899414,41.47345733642578,467410
2023-06-02,46.78596878051758,47.84645080566406,46.67679977416992,47.30061340332031,41.88080596923828,382122
2023-06-05,47.46436309814453,47.95561599731445,47.04328918457031,47.88543701171875,42.398616790771484,367498
2023-06-06,47.854248046875,48.1739501953125,47.30841064453125,47.39418411254883,41.96364974975586,412285
2023-06-07,47.31620788574219,48.345497131347656,47.292816162109375,48.189544677734375,42.66788101196289,585551
2023-06-08,48.21294021606445,48.21294021606445,47.17584991455078,47.67490005493164,42.21220779418945,469974
2023-06-09,47.38638687133789,47.79966354370117,47.113468170166016,47.21483612060547,41.80485534667969,182076
2023-06-12,47.401981353759766,47.487754821777344,47.17584991455078,47.36299514770508,41.936031341552734,376402
2023-06-13,47.370792388916016,47.86204528808594,47.17584991455078,47.56573486328125,42.11554718017578,1224671
2023-06-14,47.72948455810547,49.234432220458984,47.55793380737305,48.25972366333008,42.73002243041992,698090
2023-06-15,48.35329818725586,50.17795181274414,48.15055847167969,49.49955368041992,43.82778549194336,723906
2023-06-16,49.75687789916992,51.16045379638672,49.13306427001953,49.936222076416016,44.214420318603516,2887034
2023-06-19,50.482059478759766,50.6692008972168,49.070682525634766,49.32020568847656,43.66899108886719,269975
2023-06-20,49.13306427001953,50.10777282714844,49.13306427001953,49.3280029296875,43.67588806152344,1568127
2023-06-21,49.359195709228516,49.468360900878906,48.579429626464844,48.61841583251953,43.047607421875,409908
2023-06-22,48.45466613769531,49.19544219970703,47.96341323852539,48.735382080078125,43.15117645263672,567611
2023-06-23,48.71978759765625,48.71978759765625,46.98090744018555,47.96341323852539,42.467655181884766,1846331
2023-06-26,47.745079040527344,49.24222946166992,47.07447814941406,49.24222946166992,43.599945068359375,675102
2023-06-27,49.16425323486328,49.905029296875,48.63401412963867,49.24222946166992,43.599945068359375,1375339
2023-06-28,49.27342224121094,49.60871887207031,48.14276123046875,49.156455993652344,43.52400207519531,516897
2023-06-29,49.312408447265625,50.15455627441406,49.08627700805664,50.13116455078125,44.38703155517578,2001335
2023-06-30,50.08437728881836,50.099971771240234,48.98490524291992,49.40597915649414,43.744930267333984,808488
2023-07-03,49.678897857666016,51.714088439941406,49.30461120605469,51.46456527709961,45.5676383972168,954608
2023-07-04,51.52694320678711,52.11956787109375,51.08247756958008,51.378787994384766,45.491695404052734,394811
2023-07-05,51.027896881103516,51.72968292236328,50.32610321044922,51.30860900878906,45.429561614990234,3471221
2023-07-06,51.378787994384766,52.20534133911133,50.81735610961914,51.26182556152344,45.38813400268555,1550994
2023-07-07,51.2540283203125,51.47236251831055,50.68479919433594,50.981109619140625,45.13957977294922,2333960
2023-07-10,50.965511322021484,51.456764221191406,50.466461181640625,50.73158264160156,44.918643951416016,807929
2023-07-11,50.692596435546875,51.00450134277344,50.17015075683594,50.82515335083008,45.001502990722656,965009
2023-07-12,50.49765396118164,50.94991683959961,49.56193542480469,49.85044860839844,44.13847351074219,861919
2023-07-13,49.7724723815918,50.39628219604492,49.21883773803711,49.25002670288086,43.606849670410156,1202885
2023-07-14,49.522945404052734,49.63211441040039,47.791866302490234,47.791866302490234,42.315765380859375,710733
2023-07-17,48.32990264892578,48.32990264892578,46.01399612426758,46.78596878051758,41.42512512207031,1445502
2023-07-18,47.246028900146484,47.581329345703125,46.64561080932617,47.2772216796875,41.86009216308594,614951
2023-07-19,47.2694206237793,47.72948455810547,46.934120178222656,47.479957580566406,42.03960037231445,2536292
2023-07-20,47.745079040527344,49.10966873168945,47.46436309814453,48.63401412963867,43.06142044067383,1716910
2023-07-21,48.867942810058594,49.59312438964844,48.688594818115234,48.88353729248047,43.2823600769043,996128
2023-07-24,49.10966873168945,49.179847717285156,48.40787887573242,48.40787887573242,42.86119842529297,997527
2023-07-25,48.13496017456055,48.92252731323242,48.111568450927734,48.5014533996582,42.94404602050781,962587
2023-07-26,48.42347717285156,48.64181137084961,47.854248046875,48.39228439331055,43.1783447265625,798495
2023-07-27,48.3610954284668,48.92252731323242,48.25192642211914,48.626216888427734,43.387081146240234,941336
2023-07-28,48.72758483886719,48.992706298828125,48.18174743652344,48.345497131347656,43.1365966796875,403736
2023-07-31,48.345497131347656,48.735382080078125,48.01020050048828,48.48585510253906,43.26183319091797,1402471
2023-08-01,48.48585510253906,49.32020568847656,47.791866302490234,48.69639587402344,43.44969177246094,2100690
2023-08-02,48.61841583251953,48.61841583251953,46.910728454589844,47.44097137451172,42.32952880859375,1121504
2023-08-03,47.54233932495117,47.88543701171875,46.17774963378906,46.78596878051758,41.745094299316406,1316475
2023-08-04,47.113468170166016,48.602821350097656,47.113468170166016,48.18174743652344,42.99049758911133,650896
2023-08-07,48.26752471923828,48.571632385253906,47.823055267333984,48.025794982910156,42.85134506225586,833478
2023-08-08,47.88543701171875,47.97121047973633,47.41757583618164,47.46436309814453,42.35040283203125,844675
2023-08-09,47.51115036010742,47.57353210449219,46.35709762573242,47.191444396972656,42.10688400268555,874512
2023-08-10,47.55013656616211,47.69829177856445,46.47406005859375,46.70798873901367,41.67552185058594,564974
2023-08-11,46.9497184753418,47.901031494140625,46.73918151855469,46.926326751708984,41.870338439941406,375066
2023-08-14,46.793766021728516,47.54233932495117,46.793766021728516,47.339599609375,42.239078521728516,306194
2023-08-15,47.07447814941406,48.16615295410156,46.910728454589844,48.158355712890625,42.96961975097656,403553
2023-08-16,47.86204528808594,48.236331939697266,46.84054946899414,47.62811279296875,42.49650573730469,536029
2023-08-17,47.768470764160156,47.97121047973633,46.9497184753418,47.25382614135742,42.16254425048828,707196
2023-08-18,47.487754821777344,48.867942810058594,47.23043441772461,48.782169342041016,43.52622604370117,668782
2023-08-21,48.71199035644531,50.08437728881836,48.400081634521484,49.61651611328125,44.27067184448242,222283
2023-08-22,49.63991165161133,49.86604309082031,49.00050354003906,49.12526321411133,43.83235168457031,1499734
2023-08-23,49.55413818359375,49.62431716918945,48.54823684692383,49.281219482421875,43.97150802612305,968696
2023-08-24,48.96931076049805,49.468360900878906,47.113468170166016,47.15245819091797,42.072105407714844,538926
2023-08-25,47.487754821777344,47.76067352294922,46.6923942565918,47.035491943359375,41.967742919921875,962293
2023-08-28,47.07447814941406,47.745079040527344,47.07447814941406,47.39418411254883,42.287784576416016,974662
2023-08-29,47.55013656616211,47.62031555175781,47.199241638183594,47.38638687133789,42.280826568603516,2213452
2023-08-30,47.30841064453125,47.62031555175781,47.12126541137695,47.401981353759766,42.294734954833984,2060956
2023-08-31,47.64371109008789,47.64371109008789,46.27132034301758,46.59882354736328,41.578125,1888656
2023-09-01,46.80156326293945,47.144657135009766,46.169952392578125,46.75477600097656,41.71726989746094,1292881
2023-09-04,46.871742248535156,46.957515716552734,46.427276611328125,46.910728454589844,41.85641860961914,507318
2023-09-05,46.902931213378906,47.2772216796875,46.43507385253906,46.78596878051758,41.745094299316406,1193605
2023-09-06,46.81715774536133,46.86394500732422,46.52084732055664,46.778167724609375,41.738136291503906,523200
2023-09-07,46.63780975341797,46.934120178222656,46.40388107299805,46.78596878051758,41.745094299316406,1097007
2023-09-08,46.824954986572266,46.824954986572266,46.49745178222656,46.63780975341797,41.61289978027344,932880
2023-09-11,47.00429916381836,47.00429916381836,46.216739654541016,46.567630767822266,41.55028533935547,662760
2023-09-12,46.54423904418945,47.425376892089844,46.489654541015625,47.38638687133789,42.280826568603516,2584542
2023-09-13,47.144657135009766,47.596923828125,46.715789794921875,46.85614776611328,41.807716369628906,1083907
2023-09-14,47.01210021972656,47.01210021972656,46.26352310180664,46.63780975341797,41.61289978027344,1237971
2023-09-15,46.52864456176758,47.33180236816406,45.81126022338867,46.2557258605957,41.27198791503906,3686025
2023-09-18,46.247928619384766,47.02769470214844,46.10757064819336,46.505252838134766,41.494625091552734,647037
2023-09-19,46.52084732055664,46.94192123413086,45.335601806640625,46.910728454589844,41.85641860961914,1593298
2023-09-20,46.91852569580078,48.189544677734375,46.63780975341797,47.41757583618164,42.308650970458984,1278184
2023-09-21,47.448768615722656,47.5267448425293,46.622215270996094,46.934120178222656,41.87729263305664,721681
2023-09-22,46.957515716552734,48.08817672729492,46.81715774536133,47.80746078491211,42.656532287597656,778636
2023-09-25,47.72168731689453,48.1739501953125,47.0198974609375,47.2772216796875,42.18342590332031,827436
2023-09-26,47.17584991455078,48.42347717285156,46.5130500793457,48.09597396850586,42.91395568847656,2600578
2023-09-27,47.88543701171875,47.99460220336914,47.160255432128906,47.44097137451172,42.32952880859375,1355407
2023-09-28,47.54233932495117,48.025794982910156,47.07447814941406,47.18364715576172,42.09992218017578,1432743
2023-09-29,47.47216033935547,47.479957580566406,45.912628173828125,46.8327522277832,41.786842346191406,2117120
2023-10-02,46.8327522277832,46.96531295776367,46.40388107299805,46.96531295776367,41.905120849609375,946945
2023-10-03,47.00429916381836,47.30061340332031,45.803462982177734,46.16215515136719,41.18849182128906,1965917
2023-10-04,46.333702087402344,46.957515716552734,46.26352310180664,46.824954986572266,41.77988815307617,1693438
2023-10-05,46.411678314208984,48.80556106567383,45.8580436706543,48.345497131347656,43.1365966796875,2553387
2023-10-06,47.79966354370117,50.47426223754883,47.57353210449219,50.224735260009766,44.81336212158203,1779832
2023-10-09,50.13896179199219,50.279319763183594,49.24222946166992,49.7724723815918,44.409828186035156,1776178
2023-10-10,49.733482360839844,50.770572662353516,49.30461120605469,50.05318832397461,44.66029739379883,1738343
2023-10-11,49.89723587036133,50.42747497558594,49.45276641845703,49.702293395996094,44.347206115722656,2226217
2023-10-12,49.6555061340332,49.811458587646484,48.626216888427734,48.782169342041016,43.52622604370117,3517399
2023-10-13,48.69639587402344,48.891334533691406,47.425376892089844,47.713890075683594,42.57304000854492,2093113
2023-10-16,47.854248046875,47.95561599731445,47.4097785949707,47.64371109008789,42.51042938232422,1165812
2023-10-17,47.51115036010742,48.22073745727539,47.503353118896484,47.80746078491211,42.656532287597656,2191939
2023-10-18,47.869842529296875,51.347599029541016,47.869842529296875,50.17015075683594,44.764652252197266,5090453
2023-10-19,49.694496154785156,50.965511322021484,49.234432220458984,50.70039367675781,45.23777389526367,3303263
2023-10-20,50.70819091796875,51.65170669555664,50.357295989990234,50.692596435546875,45.230812072753906,2873927
2023-10-23,50.42747497558594,51.53474426269531,50.21693801879883,51.113670349121094,45.60652542114258,1016461
2023-10-24,51.394386291503906,52.345699310302734,51.222835540771484,51.85444641113281,46.26748275756836,1372819
2023-10-25,51.846649169921875,52.259925842285156,51.425575256347656,51.70629119873047,46.135292053222656,1871659
2023-10-26,51.589324951171875,51.61272048950195,50.513248443603516,51.23063278198242,45.71088409423828,1852697
2023-10-27,51.113670349121094,51.20724105834961,50.45086669921875,50.63801193237305,45.18210983276367,1182212
2023-10-30,50.66140365600586,51.23063278198242,50.271522521972656,50.614620208740234,45.51852035522461,1291707
2023-10-31,50.78616714477539,51.08247756958008,50.20914077758789,50.47426223754883,45.39229965209961,1259725
2023-11-01,50.45086669921875,50.65360641479492,49.936222076416016,50.419677734375,45.34320831298828,1274813
2023-11-03,51.04349136352539,54.5836296081543,51.04349136352539,53.4919548034668,48.10614776611328,2883163
2023-11-06,53.18784713745117,53.72588348388672,52.875938415527344,53.180049896240234,47.825653076171875,2458516
2023-11-07,53.26582336425781,54.287315368652344,52.49385452270508,53.998802185058594,48.56197738647461,1339038
2023-11-08,53.98320770263672,54.73958206176758,53.58552932739258,54.458866119384766,48.9757194519043,1460440
2023-11-09,54.302913665771484,54.544639587402344,53.413978576660156,53.64011001586914,48.23938751220703,917945
2023-11-10,53.64790725708008,54.4666633605957,53.0552864074707,53.98320770263672,48.547943115234375,1202541
2023-11-13,53.967613220214844,54.57583236694336,53.46076583862305,53.84284973144531,48.421722412109375,948367
2023-11-14,54.076778411865234,55.215240478515625,53.679100036621094,54.26392364501953,48.80039596557617,1379931
2023-11-15,54.622615814208984,55.75327682495117,54.622615814208984,55.43357467651367,49.85227966308594,3535070
2023-11-16,55.31660842895508,55.39458465576172,54.568031311035156,55.09827423095703,49.55074691772461,3532550
2023-11-17,54.9735107421875,56.01839828491211,54.52124786376953,56.002803802490234,50.364200592041016,2378404
2023-11-21,55.75327682495117,56.85274887084961,55.667503356933594,56.04958724975586,50.40626907348633,5770268
2023-11-22,55.987205505371094,56.1353645324707,55.004703521728516,55.68309783935547,50.07667922973633,4200809
2023-11-23,55.67530059814453,57.66370391845703,55.612918853759766,56.88393783569336,51.1566162109375,2068621
2023-11-24,56.946319580078125,57.54673767089844,56.39268493652344,57.00090408325195,51.261810302734375,2178904
2023-11-27,56.8917350769043,57.22703552246094,55.503753662109375,55.93262481689453,50.301082611083984,2383271
2023-11-28,55.83125305175781,56.3848876953125,54.38868713378906,54.591426849365234,49.09492492675781,4696138
2023-11-29,54.801963806152344,55.293216705322266,54.16255569458008,54.957916259765625,49.42451858520508,6904254
2023-11-30,55.1606559753418,59.2778205871582,54.833152770996094,57.32840347290039,51.556331634521484,105723572
2023-12-01,58.26412582397461,59.589725494384766,57.492156982421875,58.71638870239258,52.804569244384766,3841699
2023-12-04,58.809959411621094,60.14336013793945,58.59162521362305,59.769073486328125,53.75126647949219,2923753
2023-12-05,59.91722869873047,59.932823181152344,58.115970611572266,59.270023345947266,53.302467346191406,2111997
2023-12-06,59.558536529541016,61.81206130981445,59.41038131713867,60.0341911315918,53.989688873291016,2905835
2023-12-07,60.392887115478516,61.133663177490234,58.96591567993164,61.102474212646484,54.950416564941406,2967720
2023-12-08,60.845149993896484,62.927127838134766,60.182350158691406,61.90563201904297,55.672706604003906,2529782
2023-12-11,61.87443923950195,62.303314208984375,61.02449417114258,61.757476806640625,55.53947448730469,2291684
2023-12-13,61.87443923950195,62.91932678222656,61.258426666259766,62.37349319458008,56.093467712402344,2732656
2023-12-14,62.64641189575195,63.075279235839844,61.24283218383789,62.23313522338867,55.96723556518555,4557197
2023-12-15,62.37349319458008,62.747779846191406,62.07718276977539,62.334503173828125,56.05839920043945,6088693
2023-12-18,62.73218536376953,62.73218536376953,61.25062942504883,62.07718276977539,55.82698440551758,1670640
2023-12-19,62.07718276977539,63.504154205322266,61.92902374267578,61.99140548706055,55.749847412109375,1705227
2023-12-20,62.40468215942383,62.59962463378906,59.07508087158203,59.2076416015625,53.246360778808594,2306503
2023-12-21,59.48835754394531,61.07128143310547,59.48835754394531,60.6190185546875,54.51564025878906,1429882
2023-12-22,60.735984802246094,61.788665771484375,59.815860748291016,61.57033157348633,55.37116622924805,730292
2023-12-26,61.313011169433594,62.06938171386719,61.313011169433594,61.55473709106445,55.35713577270508,523015
2023-12-27,61.390987396240234,62.576229095458984,61.23503112792969,62.147361755371094,55.89009475708008,1202002
2023-12-28,62.209739685058594,63.14545822143555,62.01479721069336,62.47486114501953,56.184627532958984,739302
2023-12-29,62.96611404418945,63.10647201538086,62.22533416748047,62.77117156982422,56.45109939575195,829593
2024-01-02,63.34819793701172,63.34819793701172,61.09467315673828,61.82765579223633,55.60258483886719,784881
2024-01-03,61.74967956542969,61.74967956542969,59.667701721191406,59.8548469543457,53.828399658203125,1421070
2024-01-04,60.66580581665039,60.66580581665039,59.37139129638672,59.691097259521484,53.68113327026367,1119883
2024-01-05,59.82365798950195,60.735984802246094,59.667701721191406,59.86264419555664,53.83541488647461,1033834
2024-01-08,59.83925247192383,60.182350158691406,59.16865158081055,59.91722869873047,53.884498596191406,1072421
2024-01-09,60.182350158691406,60.182350158691406,58.68519973754883,59.10627365112305,53.15520095825195,1638711
2024-01-10,59.62871551513672,60.33050537109375,59.08287811279297,59.480560302734375,53.491798400878906,725184
2024-01-11,59.23883056640625,59.78466796875,58.57603073120117,59.24663162231445,53.28143310546875,623261
2024-01-12,58.91133117675781,59.55073928833008,58.68519973754883,58.76317596435547,52.846641540527344,812249
2024-01-15,58.91133117675781,59.722286224365234,58.91133117675781,59.7144889831543,53.702178955078125,108058
2024-01-16,59.68330001831055,59.800262451171875,58.87234115600586,59.04389190673828,53.09909439086914,713198
2024-01-17,59.02829360961914,59.02829360961914,56.533042907714844,56.993106842041016,51.254791259765625,2432074
2024-01-18,57.35179901123047,57.889835357666016,56.993106842041016,57.16465377807617,51.4090690612793,1342369
2024-01-19,57.601322174072266,58.87234115600586,57.156856536865234,58.45906448364258,52.57315444946289,2093252
2024-01-22,58.54484176635742,60.026397705078125,57.359596252441406,57.655906677246094,51.850860595703125,803778
2024-01-23,58.0535888671875,59.605323791503906,58.0535888671875,59.33240509033203,53.358558654785156,887941
2024-01-24,59.23883056640625,59.769073486328125,57.30501174926758,57.88203811645508,52.054229736328125,1632912
2024-01-25,57.96001434326172,58.677398681640625,57.13346481323242,57.9834098815918,52.1453857421875,1486203
2024-01-26,57.80406188964844,57.92882537841797,56.51744842529297,56.92292785644531,51.19168472290039,1915932
2024-01-29,57.04768753051758,57.2894172668457,55.51155090332031,55.68309783935547,50.07667922973633,1996049
2024-01-30,56.68280792236328,56.68280792236328,54.47273254394531,54.79072952270508,49.70069885253906,1934019
2024-01-31,55.35517120361328,56.67485809326172,55.22002410888672,56.28531265258789,51.056434631347656,5533847
2024-02-01,56.396610260009766,56.42045974731445,54.89407730102539,55.64931869506836,50.479522705078125,3487252
2024-02-02,55.760616302490234,56.80205535888672,55.29157257080078,56.3886604309082,51.15018081665039,1392238
2024-02-06,56.21376419067383,58.558982849121094,56.17401123046875,57.71629333496094,52.35447311401367,3125133
2024-02-07,57.89119338989258,58.368186950683594,57.31879806518555,58.1614875793457,52.7583122253418,2289182
2024-02-08,57.87529373168945,58.55103302001953,57.33469772338867,57.52549743652344,52.18140411376953,2752130
2024-02-09,57.54139709472656,57.75604248046875,56.881553649902344,57.63679504394531,52.28236770629883,1310017
2024-02-12,58.06608963012695,59.76736831665039,57.883243560791016,58.19329071044922,52.787166595458984,607808
2024-02-13,58.471534729003906,58.471534729003906,56.53175735473633,56.53175735473633,51.27998733520508,2496063
2024-02-14,57.1598014831543,57.8434944152832,56.961055755615234,57.26314926147461,51.94342803955078,3749221
2024-02-15,57.27109909057617,57.946842193603516,56.786155700683594,57.024654388427734,51.727088928222656,921105
2024-02-16,56.9690055847168,57.62089538574219,56.658958435058594,57.30289840698242,51.97948455810547,606676
2024-02-19,56.921302795410156,58.74978256225586,56.364810943603516,58.670284271240234,53.219844818115234,428251
2024-02-20,57.46189880371094,57.978641510009766,56.603309631347656,57.3505973815918,52.02275848388672,1344460
2024-02-21,57.422149658203125,57.54139709472656,57.08030319213867,57.41419982910156,52.080448150634766,848006
2024-02-22,57.62884521484375,59.322174072265625,57.32674789428711,59.226776123046875,53.724639892578125,1166399
2024-02-23,59.05982971191406,59.369873046875,58.64643478393555,59.25062561035156,53.746273040771484,1644977
2024-02-26,58.535133361816406,59.75941848754883,57.946842193603516,59.751468658447266,54.20058822631836,866706
2024-02-27,59.79121780395508,59.79121780395508,58.137638092041016,58.956478118896484,53.479454040527344,1158762
2024-02-28,58.471534729003906,58.90877914428711,57.50959777832031,57.83554458618164,52.46265411376953,1374567
2024-02-29,58.47948455810547,61.913841247558594,58.38408660888672,60.26026153564453,54.662113189697266,7298713
2024-03-01,61.1983528137207,61.1983528137207,58.797481536865234,60.212562561035156,54.61883544921875,869258
2024-03-04,75.94000244140625,76.08999633789062,74.19999694824219,74.66000366210938,67.84867095947266,1093434
2024-03-05,74.69999694824219,74.69999694824219,69.66999816894531,71.0,64.52257537841797,2810896
2024-03-06,71.33999633789062,72.38999938964844,71.12000274658203,72.19000244140625,65.60401153564453,3144017
2024-03-07,72.25,74.36000061035156,72.23999786376953,72.98999786376953,66.33102416992188,3743216
2024-03-08,73.36000061035156,74.01000213623047,71.9000015258789,72.08000183105469,65.50404357910156,10289842
2024-03-11,72.44000244140625,73.1500015258789,71.95999908447266,72.69999694824219,66.06747436523438,3272285
2024-03-12,72.73999786376953,72.81999969482422,70.97000122070312,71.55000305175781,65.02239990234375,2363099
2024-03-13,71.62999725341797,72.80999755859375,70.7699966430664,72.80999755859375,66.16744232177734,3829133
2024-03-14,72.70999908447266,73.43000030517578,70.62999725341797,71.0,64.52257537841797,2766287
2024-03-15,71.30000305175781,72.4000015258789,70.1500015258789,70.68000030517578,64.23178100585938,9873137
2024-03-19,71.5,72.0199966430664,69.81999969482422,70.05000305175781,63.65924835205078,1503424
2024-03-20,70.58000183105469,71.08999633789062,69.0,69.27999877929688,62.95949935913086,2277321
2024-03-21,70.0,70.05000305175781,68.77999877929688,69.56999969482422,63.223045349121094,1886260
2024-03-22,69.70999908447266,70.94999694824219,69.51000213623047,70.66999816894531,64.2226791381836,1258454
2024-03-25,70.70999908447266,70.94000244140625,69.12000274658203,70.56999969482422,64.13180541992188,632065
2024-03-26,70.58000183105469,70.91999816894531,69.4800033569336,70.19999694824219,63.795562744140625,2450823
2024-03-27,70.19999694824219,72.8499984741211,69.58000183105469,72.5199966430664,65.90389251708984,1856048
2024-04-01,73.12000274658203,73.16999816894531,71.08000183105469,72.01000213623047,65.4404296875,2258173
2024-04-02,71.7699966430664,73.04000091552734,71.55000305175781,72.29000091552734,65.69487762451172,743066
2024-04-03,72.5,72.54000091552734,69.91999816894531,69.94999694824219,63.568355560302734,620111
2024-04-04,70.11000061035156,71.37000274658203,69.19999694824219,69.68000030517578,63.32300567626953,1285940
2024-04-05,70.12999725341797,71.0,68.95999908447266,69.20999908447266,62.8958740234375,1602706
2024-04-08,69.48999786376953,72.54000091552734,69.48999786376953,72.33999633789062,65.74032592773438,1696118
2024-04-09,72.0199966430664,72.68000030517578,71.4800033569336,72.19999694824219,65.61309814453125,1841576
2024-04-10,72.02999877929688,72.30999755859375,70.0,70.62000274658203,64.17724609375,3952901
2024-04-11,70.86000061035156,71.16000366210938,68.79000091552734,69.5199966430664,63.177581787109375,1501932
2024-04-12,69.5199966430664,69.5199966430664,68.0199966430664,68.98999786376953,62.69596481323242,1648424
2024-04-15,69.02999877929688,69.2300033569336,66.61000061035156,67.01000213623047,60.89658737182617,1460796
2024-04-16,67.94999694824219,67.94999694824219,65.16999816894531,66.0999984741211,60.069610595703125,2271171
2024-04-17,66.38999938964844,66.87999725341797,65.69000244140625,66.55000305175781,60.47856140136719,2132517
2024-04-18,67.19000244140625,67.79000091552734,66.37999725341797,67.66999816894531,61.496360778808594,2353379
2024-04-19,67.33000183105469,68.2699966430664,66.66999816894531,67.47000122070312,61.31462097167969,2169793
2024-04-22,67.98999786376953,69.9800033569336,67.80000305175781,69.87999725341797,63.50474548339844,1421003
2024-04-23,69.87000274658203,72.55000305175781,69.52999877929688,72.01000213623047,65.4404296875,1713847
2024-04-24,71.5999984741211,71.9800033569336,71.13999938964844,71.88999938964844,65.33136749267578,825360
2024-04-25,71.41999816894531,72.5,71.2699966430664,71.95999908447266,65.3949966430664,1339082
2024-04-26,71.8499984741211,72.66999816894531,71.19000244140625,71.25,64.74976348876953,816229
2024-04-29,71.23999786376953,71.51000213623047,70.45999908447266,70.51000213623047,64.61157989501953,1753255
2024-04-30,71.0,71.01000213623047,67.16000366210938,67.27999877929688,61.651790618896484,1999167
2024-05-02,67.88999938964844,68.9000015258789,66.33999633789062,66.58000183105469,61.01035690307617,3932320
2024-05-03,66.20999908447266,67.83000183105469,66.1500015258789,66.5,60.937042236328125,2892140
2024-05-06,66.5999984741211,66.7300033569336,65.37000274658203,65.5,60.02069091796875,3022727
2024-05-07,65.5,65.7300033569336,62.93000030517578,63.20000076293945,57.91309356689453,1789986
2024-05-08,63.599998474121094,65.2699966430664,63.599998474121094,64.7699966430664,59.35175323486328,2002373
2024-05-09,63.599998474121094,66.94999694824219,63.599998474121094,66.36000061035156,60.80874252319336,6018356
2024-05-10,66.56999969482422,66.87000274658203,66.31999969482422,66.47000122070312,60.9095458984375,1587910
2024-05-13,66.5999984741211,67.37999725341797,66.36000061035156,66.48999786376953,60.9278678894043,936452
2024-05-14,66.87999725341797,66.87999725341797,66.02999877929688,66.04000091552734,60.5155143737793,687108
2024-05-15,66.44999694824219,67.18000030517578,66.0199966430664,66.44999694824219,60.89122009277344,1994508
2024-05-16,66.4000015258789,69.2699966430664,66.31999969482422,68.38999938964844,62.6689338684082,2703275
2024-05-17,68.25,70.5199966430664,68.19999694824219,68.98999786376953,63.218753814697266,2995510
2024-05-20,68.98999786376953,70.0,68.2300033569336,68.79000091552734,63.03547668457031,958835
2024-05-21,68.62999725341797,68.77999877929688,67.19999694824219,67.58999633789062,61.93585205078125,1296049
2024-05-22,67.26000213623047,69.37999725341797,66.98999786376953,67.41999816894531,61.78007888793945,2883244
2024-05-23,67.6500015258789,67.98999786376953,66.47000122070312,67.0,61.39521408081055,2156811
2024-05-24,66.94999694824219,66.94999694824219,64.7300033569336,64.87999725341797,59.45256042480469,1149811
2024-05-27,65.7699966430664,65.8499984741211,64.80000305175781,65.19000244140625,59.736629486083984,461233
2024-05-28,65.25,65.70999908447266,64.4000015258789,64.83000183105469,59.4067497253418,622503
2024-05-29,64.8499984741211,65.76000213623047,64.6500015258789,65.73999786376953,60.2406120300293,1622145
2024-05-30,65.08000183105469,65.70999908447266,64.83999633789062,65.48999786376953,60.01152420043945,1677333
2024-05-31,65.5,69.25,65.5,68.87000274658203,63.10877990722656,11961781
2024-06-03,68.0,68.62999725341797,63.36000061035156,64.30999755859375,58.93023681640625,1851219
2024-06-04,64.2699966430664,68.52999877929688,64.2699966430664,67.75,62.08246612548828,2031465
2024-06-05,67.97000122070312,68.7300033569336,66.05999755859375,68.31999969482422,62.604793548583984,1794938
2024-06-06,68.31999969482422,70.25,68.0999984741211,68.72000122070312,62.9713249206543,6467874
2024-06-07,68.69000244140625,68.69000244140625,65.55999755859375,65.7300033569336,60.23145294189453,2714872
2024-06-10,65.68000030517578,65.98999786376953,61.33000183105469,63.5099983215332,58.19716262817383,2717654
2024-06-11,63.630001068115234,63.83000183105469,62.52000045776367,63.099998474121094,57.82145690917969,2483908
2024-06-12,63.63999938964844,64.30000305175781,63.0,63.97999954223633,58.627845764160156,3163871
2024-06-13,64.0,64.98999786376953,62.970001220703125,63.02000045776367,57.74815368652344,1096726
2024-06-14,63.22999954223633,63.900001525878906,62.470001220703125,62.65999984741211,57.418270111083984,1081223
2024-06-17,62.91999816894531,62.91999816894531,61.66999816894531,61.779998779296875,56.611881256103516,1486334
2024-06-18,61.79999923706055,63.939998626708984,61.79999923706055,62.369998931884766,57.15251922607422,1680061
2024-06-19,62.470001220703125,64.51000213623047,62.470001220703125,63.75,58.41708755493164,1156388
2024-06-20,63.849998474121094,64.73999786376953,62.290000915527344,62.459999084472656,57.23500442504883,1053972
2024-06-21,62.58000183105469,62.81999969482422,60.599998474121094,62.040000915527344,56.850135803222656,4051725
2024-06-24,62.20000076293945,63.18000030517578,61.560001373291016,62.25,57.042564392089844,1271748
2024-06-25,62.11000061035156,63.02000045776367,60.65999984741211,61.959999084472656,56.776824951171875,1222393
2024-06-26,63.13999938964844,63.13999938964844,61.18000030517578,61.20000076293945,56.08039855957031,2074368
2024-06-27,60.86000061035156,61.689998626708984,60.22999954223633,61.02000045776367,55.915462493896484,1470846
2024-06-28,60.54999923706055,61.5,59.310001373291016,59.63999938964844,54.650901794433594,2956392
2024-07-01,60.619998931884766,61.369998931884766,59.7599983215332,60.90999984741211,55.81466293334961,1176069
2024-07-02,60.779998779296875,61.41999816894531,59.7599983215332,60.2599983215332,55.21902847290039,1181391
2024-07-03,60.310001373291016,62.560001373291016,60.29999923706055,62.11000061035156,56.914276123046875,950717
2024-07-04,62.279998779296875,62.349998474121094,61.66999816894531,61.70000076293945,56.53857421875,104841
2024-07-05,62.099998474121094,63.95000076293945,61.13999938964844,63.689998626708984,58.36210250854492,779535
2024-07-08,63.099998474121094,64.05000305175781,62.86000061035156,63.52000045776367,58.20632553100586,725563
2024-07-09,64.01000213623047,65.93000030517578,63.25,65.52999877929688,60.048179626464844,4048495
2024-07-10,65.48999786376953,66.87999725341797,65.36000061035156,66.86000061035156,61.26692199707031,1973271
2024-07-11,66.5999984741211,67.0,66.12999725341797,66.33999633789062,60.79042053222656,3061754
2024-07-12,66.33999633789062,68.56999969482422,65.80999755859375,67.23999786376953,61.61512756347656,2970154
2024-07-15,67.38999938964844,67.38999938964844,64.73999786376953,65.12999725341797,59.681644439697266,1267362
2024-07-16,65.0,65.54000091552734,64.80999755859375,65.0199966430664,59.580841064453125,934638
2024-07-17,65.22000122070312,65.22000122070312,62.70000076293945,63.279998779296875,57.98639678955078,1839883
2024-07-18,63.4900016784668,65.01000213623047,60.83000183105469,61.25,56.126220703125,1600994
2024-07-19,61.400001525878906,61.529998779296875,59.970001220703125,60.65999984741211,55.585575103759766,2901269
2024-07-22,60.9900016784668,62.68000030517578,60.810001373291016,61.90999984741211,56.73100662231445,1573410
2024-07-23,62.099998474121094,62.18000030517578,61.060001373291016,61.93000030517578,56.74933624267578,2308222
2024-07-24,62.470001220703125,62.470001220703125,59.0099983215332,60.189998626708984,55.1548957824707,2329674
2024-07-25,60.220001220703125,60.470001220703125,59.099998474121094,59.29999923706055,54.3393440246582,2331947
2024-07-26,59.5,59.81999969482422,57.849998474121094,59.5099983215332,54.531776428222656,1677722
2024-07-29,59.369998931884766,59.939998626708984,58.900001525878906,59.91999816894531,54.907474517822266,1080732
2024-07-30,59.86000061035156,59.86000061035156,58.11000061035156,59.0099983215332,54.07360076904297,1635338
2024-07-31,59.79999923706055,62.369998931884766,59.790000915527344,62.2400016784668,57.03340530395508,1720875
2024-08-01,62.52000045776367,62.7599983215332,61.72999954223633,62.45000076293945,57.225833892822266,1246537
2024-08-02,62.20000076293945,63.650001525878906,61.220001220703125,61.61000061035156,56.45610046386719,3424234
2024-08-05,61.16999816894531,62.31999969482422,59.900001525878906,61.88999938964844,56.712684631347656,2095322
2024-08-06,62.34000015258789,63.27000045776367,61.849998474121094,62.9900016784668,57.720664978027344,2853289
2024-08-07,62.9900016784668,70.30999755859375,62.93000030517578,67.23999786376953,61.61512756347656,11237269
2024-08-08,67.87000274658203,70.0,66.72000122070312,69.04000091552734,63.264556884765625,34870544
2024-08-09,68.0,69.5,67.80000305175781,67.87999725341797,62.20160675048828,5210342
2024-08-12,68.30000305175781,69.44000244140625,67.01000213623047,68.12999725341797,62.430667877197266,3047098
2024-08-13,68.4800033569336,70.37999725341797,68.4800033569336,70.30999755859375,64.4283218383789,4275999
2024-08-14,70.37999725341797,71.75,69.01000213623047,70.48999786376953,64.59326171875,2359010
2024-08-15,70.30999755859375,72.55999755859375,70.13999938964844,70.2300033569336,64.35501098632812,2736827
2024-08-16,70.69000244140625,70.69000244140625,69.04000091552734,69.58999633789062,63.76853561401367,2978992
2024-08-19,70.52999877929688,71.12000274658203,68.6500015258789,68.75,63.623069763183594,2281799
2024-08-20,68.98999786376953,69.04000091552734,67.51000213623047,67.98999786376953,62.91973114013672,6434803
2024-08-21,68.23999786376953,68.33999633789062,66.25,66.4000015258789,61.44831466674805,2491844
2024-08-22,66.12999725341797,66.37000274658203,64.94000244140625,64.97000122070312,60.12494659423828,2319843
2024-08-23,65.3499984741211,67.27999877929688,65.0,65.62999725341797,60.73573684692383,2256904
2024-08-26,65.9800033569336,65.9800033569336,62.400001525878906,63.130001068115234,58.42217254638672,1985840
2024-08-27,63.119998931884766,63.119998931884766,60.0,60.40999984741211,55.90501022338867,5487420
2024-08-28,60.54999923706055,61.2400016784668,60.0,61.16999816894531,56.60832977294922,3687654
2024-08-29,61.150001525878906,62.63999938964844,60.720001220703125,61.040000915527344,56.48802947998047,3744015
2024-08-30,61.79999923706055,62.86000061035156,61.0,62.59000015258789,57.92243576049805,4532648
2024-09-02,63.099998474121094,65.19999694824219,61.400001525878906,64.69000244140625,59.86583709716797,777090
2024-09-03,64.30000305175781,64.4000015258789,62.54999923706055,62.720001220703125,58.04274368286133,1483245
2024-09-04,62.650001525878906,64.20999908447266,62.560001373291016,63.58000183105469,58.83860778808594,1759457
2024-09-05,63.59000015258789,63.939998626708984,62.43000030517578,63.560001373291016,58.82010269165039,1728427
2024-09-06,63.119998931884766,64.3499984741211,62.61000061035156,63.9900016784668,59.21803283691406,2792893
2024-09-09,64.3499984741211,65.45999908447266,62.79999923706055,64.48999786376953,59.680747985839844,1197162
2024-09-10,64.55000305175781,64.55000305175781,63.540000915527344,64.06999969482422,59.29206466674805,1798814
2024-09-11,64.13999938964844,64.9800033569336,63.380001068115234,64.19999694824219,59.41236877441406,2369103
2024-09-12,63.59000015258789,66.58000183105469,63.59000015258789,66.55000305175781,61.58713150024414,3637439
2024-09-13,66.05000305175781,66.25,63.560001373291016,64.0,59.22728729248047,2713838
2024-09-17,63.560001373291016,65.73999786376953,63.560001373291016,64.8499984741211,60.01390075683594,4028922
2024-09-18,64.69000244140625,65.91000366210938,63.810001373291016,65.4800033569336,60.596920013427734,1531184
2024-09-19,65.58999633789062,66.18000030517578,64.12999725341797,65.76000213623047,60.856048583984375,2125327
2024-09-20,66.01000213623047,66.01000213623047,64.0999984741211,64.4000015258789,59.59746170043945,8506557
2024-09-23,64.97000122070312,66.19999694824219,64.2300033569336,64.66999816894531,59.84731674194336,1955931
2024-09-24,64.81999969482422,66.0,64.37000274658203,64.80999755859375,59.97688293457031,1768739
2024-09-25,64.69000244140625,65.3499984741211,64.23999786376953,64.58999633789062,59.773284912109375,2161623
2024-09-26,64.86000061035156,67.06999969482422,64.86000061035156,65.30000305175781,60.43034744262695,2236167
2024-09-27,66.05999755859375,66.12000274658203,64.8499984741211,65.01000213623047,60.16197204589844,1673002
2024-09-30,65.7300033569336,65.7300033569336,64.0199966430664,64.37999725341797,59.578948974609375,1572713
2024-10-02,64.7300033569336,66.66999816894531,64.52999877929688,65.31999969482422,60.4488525390625,2289248
2024-10-03,65.1500015258789,66.38999938964844,64.73999786376953,65.22000122070312,60.3563117980957,1732893
2024-10-04,65.37000274658203,65.91000366210938,64.81999969482422,65.19000244140625,60.32855224609375,4606999
2024-10-07,65.7699966430664,66.45999908447266,64.80999755859375,65.29000091552734,60.421085357666016,1464866
2024-10-08,65.48999786376953,66.05000305175781,64.19999694824219,65.95999908447266,61.04112243652344,1633127
2024-10-09,66.04000091552734,66.95999908447266,65.80999755859375,66.1500015258789,61.21696090698242,2391203
2024-10-10,66.0,67.45999908447266,65.55999755859375,67.20999908447266,62.197906494140625,3339625
2024-10-11,67.11000061035156,68.62999725341797,66.95999908447266,68.08999633789062,63.01227951049805,1493097
2024-10-14,68.45999908447266,68.77999877929688,67.5999984741211,68.0999984741211,63.02153778076172,1976420
2024-10-15,68.0999984741211,68.54000091552734,67.01000213623047,68.08000183105469,63.00304412841797,2834021
2024-10-16,68.05000305175781,68.63999938964844,67.02999877929688,68.63999938964844,63.52125549316406,2286270
2024-10-17,68.4000015258789,69.1500015258789,66.5199966430664,68.38999938964844,63.2899169921875,1223008
2024-10-18,68.33999633789062,68.48999786376953,67.37000274658203,68.1500015258789,63.067806243896484,1129265
2024-10-21,68.0999984741211,68.44999694824219,67.01000213623047,67.80999755859375,62.75315475463867,1144007
2024-10-22,67.83000183105469,68.01000213623047,66.0999984741211,66.8499984741211,61.86475372314453,8612077
2024-10-23,66.87000274658203,67.20999908447266,65.81999969482422,67.0199966430664,62.02206802368164,1546494
2024-10-24,67.0,67.44999694824219,65.56999969482422,66.7699966430664,61.79071807861328,1658278
2024-10-25,66.61000061035156,66.61000061035156,65.23999786376953,66.44999694824219,61.49458312988281,945213
2024-10-28,66.5,66.8499984741211,65.75,66.33999633789062,61.39278030395508,1512990
2024-10-29,66.01000213623047,66.7699966430664,66.01000213623047,66.48999786376953,61.531593322753906,1309010
2024-10-30,66.19999694824219,66.55000305175781,65.55000305175781,66.5,61.540855407714844,1844392
2024-10-31,66.26000213623047,67.18000030517578,65.8499984741211,67.0,62.66799545288086,3674312
2024-11-01,66.9000015258789,67.06999969482422,66.16000366210938,66.93000030517578,62.602516174316406,1097780
2024-11-04,67.2300033569336,67.52999877929688,66.02999877929688,66.69000244140625,62.3780403137207,2843754
2024-11-05,67.0999984741211,69.58999633789062,67.0999984741211,68.06999969482422,63.6688117980957,3267060
2024-11-06,67.0999984741211,67.68000030517578,64.43000030517578,66.41999816894531,62.1254997253418,9064243
2024-11-07,65.98999786376953,67.76000213623047,65.98999786376953,67.12999725341797,62.78958511352539,3580478
2024-11-08,66.30000305175781,67.5,66.0199966430664,66.5,62.200321197509766,1121719
2024-11-11,65.93000030517578,66.19999694824219,64.22000122070312,65.16000366210938,60.946964263916016,2687850
2024-11-12,65.0,65.16000366210938,63.619998931884766,64.77999877929688,60.591529846191406,3357812
2024-11-13,64.19999694824219,65.95999908447266,64.19999694824219,65.0199966430664,60.816009521484375,1281205
2024-11-14,65.0199966430664,66.01000213623047,63.849998474121094,64.13999938964844,59.99291229248047,2008338
2024-11-15,64.1500015258789,65.19999694824219,63.81999969482422,64.0,59.861961364746094,2738510
2024-11-19,64.2699966430664,64.9000015258789,63.709999084472656,64.05000305175781,59.90873336791992,1620796
2024-11-20,64.0999984741211,64.77999877929688,63.900001525878906,64.52999877929688,60.357696533203125,8082797
2024-11-21,64.12000274658203,65.16000366210938,62.790000915527344,62.9900016784668,58.91727066040039,2245170
2024-11-22,63.47999954223633,63.47999954223633,62.0099983215332,62.689998626708984,58.636661529541016,5365687
2024-11-25,63.119998931884766,64.16000366210938,62.38999938964844,63.77000045776367,59.64683532714844,8541122
2024-11-26,63.5099983215332,63.689998626708984,61.52000045776367,61.939998626708984,57.935150146484375,4033803
2024-11-27,62.150001525878906,63.04999923706055,60.470001220703125,60.9900016784668,57.04657745361328,2010360
2024-11-28,60.97999954223633,61.34000015258789,60.470001220703125,61.18000030517578,57.22429656982422,2155839
2024-11-29,61.470001220703125,62.09000015258789,59.209999084472656,60.790000915527344,56.8595085144043,6164169
2024-12-02,60.93000030517578,61.02000045776367,59.619998931884766,59.88999938964844,56.017704010009766,2583394
2024-12-03,60.150001525878906,60.150001525878906,58.380001068115234,59.0099983215332,55.19459915161133,6158582
2024-12-04,59.4900016784668,60.41999816894531,59.310001373291016,60.31999969482422,56.41990280151367,1409760
2024-12-05,59.9900016784668,60.849998474121094,59.83000183105469,60.040000915527344,56.15800094604492,1549311
2024-12-06,60.08000183105469,61.560001373291016,60.040000915527344,61.41999816894531,57.44877243041992,1467789
2024-12-09,61.40999984741211,63.279998779296875,61.22999954223633,61.5,57.52360153198242,1665527
2024-12-10,61.66999816894531,61.84000015258789,59.75,59.86000061035156,55.98963928222656,3158501
2024-12-11,60.41999816894531,60.70000076293945,59.58000183105469,60.45000076293945,56.541500091552734,1651533
2024-12-13,60.599998474121094,61.65999984741211,59.95000076293945,60.849998474121094,56.91563415527344,1247082
2024-12-16,61.08000183105469,61.61000061035156,60.599998474121094,61.43000030517578,57.458126068115234,3828021
2024-12-17,60.5099983215332,62.0,59.72999954223633,60.279998779296875,56.382484436035156,1346184
2024-12-18,60.380001068115234,60.95000076293945,59.310001373291016,60.0099983215332,56.12994384765625,1616955
2024-12-19,60.15999984741211,60.86000061035156,59.130001068115234,60.13999938964844,56.25153732299805,1079092
2024-12-20,60.209999084472656,60.38999938964844,58.52000045776367,59.52000045776367,55.671630859375,16442772
2024-12-23,59.310001373291016,59.560001373291016,58.20000076293945,58.93000030517578,55.119773864746094,320541
2024-12-24,59.02000045776367,59.36000061035156,58.4900016784668,58.959999084472656,55.1478271484375,127995
2024-12-26,58.75,58.970001220703125,58.02000045776367,58.220001220703125,54.45567321777344,150223
2024-12-27,58.47999954223633,60.09000015258789,58.40999984741211,59.290000915527344,55.45649719238281,382796
2024-12-30,59.33000183105469,59.33000183105469,57.04999923706055,57.4900016784668,53.77288055419922,773996
2024-12-31,57.66999816894531,60.79999923706055,57.11000061035156,57.77000045776367,54.03477096557617,810548
2025-01-02,58.189998626708984,59.18000030517578,57.65999984741211,58.15999984741211,54.399559020996094,476606
2025-01-03,57.709999084472656,58.060001373291016,55.689998626708984,55.72999954223633,52.126670837402344,806922
2025-01-06,55.86000061035156,56.959999084472656,54.060001373291016,56.709999084472656,53.04330825805664,1497086
2025-01-07,56.20000076293945,57.91999816894531,56.20000076293945,57.02000045776367,53.33326721191406,941580
2025-01-08,57.2599983215332,58.970001220703125,56.0,57.70000076293945,53.969303131103516,1236164
2025-01-09,57.43000030517578,57.65999984741211,55.91999816894531,56.0099983215332,52.38856887817383,476917
2025-01-10,56.45000076293945,56.849998474121094,55.099998474121094,55.65999984741211,52.06120681762695,841200
2025-01-13,56.04999923706055,59.290000915527344,56.029998779296875,57.22999954223633,53.52968978881836,1265179
2025-01-14,57.15999984741211,57.7599983215332,56.540000915527344,56.939998626708984,53.25843811035156,1075357
2025-01-15,57.68000030517578,58.86000061035156,56.900001525878906,58.29999923706055,54.53050231933594,525213
2025-01-16,58.70000076293945,58.70000076293945,56.66999816894531,57.310001373291016,53.60451889038086,1056305
2025-01-17,57.220001220703125,57.689998626708984,56.619998931884766,56.9900016784668,53.30521011352539,489975
2025-01-20,57.040000915527344,59.459999084472656,57.040000915527344,57.720001220703125,53.988014221191406,252539
2025-01-21,57.709999084472656,60.0099983215332,57.529998779296875,58.77000045776367,54.97011947631836,3166524
2025-01-22,59.68000030517578,62.189998626708984,59.130001068115234,61.060001373291016,57.112060546875,1508292
2025-01-23,61.20000076293945,62.0,59.880001068115234,60.16999816894531,56.27960205078125,3449098
2025-01-24,60.959999084472656,61.619998931884766,60.029998779296875,61.119998931884766,57.168174743652344,1993927
2025-01-27,61.09000015258789,63.72999954223633,61.09000015258789,63.369998931884766,59.2726936340332,1575712
2025-01-28,63.4900016784668,66.2699966430664,63.16999816894531,64.98999786376953,60.78794860839844,808367
2025-01-29,64.91999816894531,66.36000061035156,64.41000366210938,64.97000122070312,60.76924133300781,660105
2025-01-30,64.97000122070312,67.98999786376953,64.9000015258789,65.04000091552734,60.834720611572266,1604887
2025-01-31,64.95999908447266,66.83000183105469,63.900001525878906,64.55000305175781,60.376407623291016,1870362
2025-02-04,66.0,67.1500015258789,64.69999694824219,64.80000305175781,60.6102409362793,3324107
2025-02-05,64.81999969482422,65.30000305175781,63.38999938964844,64.8499984741211,60.657005310058594,5998545
2025-02-06,64.4000015258789,65.55999755859375,62.209999084472656,62.279998779296875,58.90830993652344,1126202
2025-02-07,62.45000076293945,66.48999786376953,62.29999923706055,66.4000015258789,62.805259704589844,3989152
2025-02-10,66.54000091552734,66.55000305175781,65.37000274658203,66.05000305175781,62.474212646484375,1116588
2025-02-11,65.69999694824219,66.18000030517578,65.68000030517578,65.87999725341797,62.31340026855469,1015984
2025-02-12,65.98999786376953,67.43000030517578,64.98999786376953,67.0,63.37278366088867,3529850
2025-02-13,66.36000061035156,67.25,65.98999786376953,67.19000244140625,63.552494049072266,1224316
2025-02-14,67.18000030517578,67.5999984741211,65.9800033569336,67.4000015258789,63.75113296508789,787372
2025-02-17,67.48999786376953,67.48999786376953,65.5,65.8499984741211,62.2850341796875,165625
2025-02-18,65.9000015258789,68.76000213623047,65.9000015258789,67.7699966430664,64.1010971069336,1876605
2025-02-19,67.8499984741211,67.91000366210938,65.0,65.01000213623047,61.49051284790039,1320325
2025-02-20,65.05999755859375,66.18000030517578,65.0,65.31999969482422,61.78373336791992,2976545
2025-02-21,65.58000183105469,65.58000183105469,64.5999984741211,64.97000122070312,61.452674865722656,2510824
2025-02-24,64.87999725341797,66.01000213623047,63.310001373291016,64.19999694824219,60.724365234375,3317549
2025-02-25,64.12000274658203,65.81999969482422,64.11000061035156,65.2300033569336,61.6986083984375,1527297
2025-02-26,65.30999755859375,65.30999755859375,63.02000045776367,64.69999694824219,61.19729232788086,2304396
2025-02-27,65.1500015258789,65.25,63.900001525878906,64.73999786376953,61.23512649536133,3246416
2025-02-28,64.48999786376953,65.30000305175781,63.5099983215332,64.9800033569336,61.462135314941406,11993723
2025-03-03,65.0,66.66000366210938,64.55999755859375,64.80000305175781,61.29188919067383,2266816
2025-03-04,65.2699966430664,65.2699966430664,62.099998474121094,65.0199966430664,61.499961853027344,2739326
2025-03-05,65.12999725341797,65.94999694824219,64.36000061035156,64.5,61.00812530517578,787010
2025-03-06,64.95999908447266,65.94999694824219,63.7400016784668,64.2300033569336,60.752742767333984,1185254
2025-03-07,64.44999694824219,65.2300033569336,63.68000030517578,65.1500015258789,61.6229362487793,3676813
2025-03-10,65.73999786376953,65.73999786376953,59.599998474121094,60.95000076293945,57.65031051635742,1892485
2025-03-11,60.91999816894531,63.97999954223633,60.84000015258789,63.970001220703125,60.506813049316406,1577792
2025-03-12,63.70000076293945,64.44999694824219,62.5,63.369998931884766,59.939300537109375,2443829
2025-03-13,63.16999816894531,65.05000305175781,62.83000183105469,65.0,61.481048583984375,3275103
2025-03-14,64.56999969482422,66.91999816894531,64.54000091552734,65.66999816894531,62.114784240722656,970618
2025-03-18,66.36000061035156,67.18000030517578,65.55000305175781,65.56999969482422,62.02019119262695,625460
2025-03-19,65.52999877929688,66.93000030517578,64.58000183105469,64.93000030517578,61.41484069824219,1020279
2025-03-20,64.91000366210938,66.5,64.44999694824219,65.97000122070312,62.398536682128906,557365
2025-03-21,65.3499984741211,66.22000122070312,64.5999984741211,64.88999938964844,61.377010345458984,3884604
2025-03-24,65.16999816894531,65.16999816894531,63.689998626708984,65.0,61.481048583984375,975750
2025-03-25,65.9800033569336,66.69999694824219,64.22000122070312,65.75,62.190452575683594,927221
2025-03-26,65.7300033569336,67.0,65.56999969482422,66.30999755859375,62.720123291015625,688107
2025-03-27,65.63999938964844,66.47000122070312,65.63999938964844,66.01000213623047,62.43637466430664,506074
2025-03-28,66.6500015258789,66.6500015258789,63.099998474121094,65.4000015258789,61.85939407348633,737435
2025-03-31,65.37000274658203,65.7300033569336,63.79999923706055,65.70999908447266,62.152618408203125,1057060
2025-04-01,65.1500015258789,65.94000244140625,64.9000015258789,65.31999969482422,61.78373336791992,594868
2025-04-02,65.02999877929688,66.12999725341797,64.79000091552734,64.80000305175781,61.29188919067383,786628
2025-04-03,64.51000213623047,69.4000015258789,64.51000213623047,68.44000244140625,64.73483276367188,3412394
2025-04-04,67.31999969482422,68.0,65.58999633789062,67.30000305175781,63.65654373168945,1463855
2025-04-07,67.1500015258789,67.31999969482422,63.81999969482422,64.5199966430664,61.02703857421875,2428650
2025-04-08,65.41000366210938,66.27999877929688,61.09000015258789,61.18000030517578,57.86785888671875,1788395
2025-04-09,61.900001525878906,70.31999969482422,61.400001525878906,67.52999877929688,63.87409210205078,1333062
2025-04-10,68.22000122070312,68.3499984741211,65.05000305175781,65.5,61.953983306884766,771909
2025-04-11,65.73999786376953,65.73999786376953,64.05000305175781,64.38999938964844,60.90407943725586,776029
2025-04-14,64.48999786376953,66.0,64.0,64.0,60.53519058227539,1071095
2025-04-15,64.26000213623047,65.33000183105469,64.19999694824219,64.5999984741211,61.10270309448242,876697
2025-04-16,65.0,65.05000305175781,64.01000213623047,64.16999816894531,60.69598388671875,706051
2025-04-21,64.9800033569336,67.69999694824219,64.63999938964844,64.8499984741211,61.339176177978516,779223
2025-04-22,64.5199966430664,65.7300033569336,64.05000305175781,64.05000305175781,60.58249282836914,881920
2025-04-23,64.9800033569336,65.80000305175781,64.91000366210938,65.37000274658203,61.83102035522461,1461650
2025-04-24,64.0999984741211,67.72000122070312,64.0999984741211,66.87999725341797,63.2592658996582,9310280
2025-04-25,66.94999694824219,68.05999755859375,66.2300033569336,68.02999877929688,64.3470230102539,1275901
2025-04-28,67.44999694824219,70.98999786376953,67.30999755859375,70.93000030517578,67.09002685546875,1098069
2025-04-29,70.6500015258789,70.93000030517578,67.01000213623047,67.01000213623047,63.382240295410156,1203210
2025-04-30,67.75,73.5,67.0199966430664,69.58999633789062,65.82255554199219,3328251
2025-05-02,70.19000244140625,70.56999969482422,68.66000366210938,69.41000366210938,65.65231323242188,1270011
2025-05-05,71.0,71.0,68.68000030517578,69.38999938964844,65.63338470458984,660791
2025-05-06,70.48999786376953,70.48999786376953,68.95999908447266,69.5999984741211,65.83202362060547,555353
2025-05-07,69.98999786376953,74.58000183105469,69.54000091552734,73.30000305175781,69.33171081542969,2388509
2025-05-08,73.94000244140625,73.98999786376953,70.22000122070312,71.0999984741211,67.25081634521484,1336607
2025-05-09,71.51000213623047,72.16999816894531,69.77999877929688,70.75,66.91976165771484,575733
2025-05-12,70.4800033569336,70.4800033569336,67.31999969482422,69.87999725341797,66.7900161743164,508318
2025-05-13,69.70999908447266,69.72000122070312,67.20999908447266,68.80000305175781,65.75776672363281,708464
2025-05-14,69.27999877929688,69.38999938964844,67.75,67.80000305175781,64.80199432373047,684675
2025-05-15,67.75,67.75,65.81999969482422,66.08999633789062,63.167598724365234,1093799
2025-05-16,66.5999984741211,69.5999984741211,65.5,68.3499984741211,65.32767486572266,798882
2025-05-19,68.30000305175781,68.30000305175781,66.41000366210938,67.48999786376953,64.50569915771484,1126238
2025-05-20,67.5,68.94000244140625,67.08999633789062,68.37999725341797,65.35633087158203,461959
2025-05-21,68.05000305175781,70.80999755859375,67.91000366210938,69.70999908447266,66.62751770019531,628723
2025-05-22,70.05000305175781,71.55999755859375,68.04000091552734,68.3499984741211,65.32767486572266,632165
2025-05-23,68.0999984741211,69.3499984741211,67.29000091552734,68.11000061035156,65.09827423095703,781130
2025-05-26,69.25,69.94000244140625,68.76000213623047,69.4000015258789,66.33124542236328,233571
2025-05-27,69.5999984741211,73.0199966430664,69.30000305175781,71.36000061035156,68.20457458496094,1275782
2025-05-28,71.45999908447266,72.81999969482422,70.75,71.9800033569336,68.79715728759766,1075373
2025-05-29,71.4000015258789,72.77999877929688,70.76000213623047,72.77999877929688,69.56178283691406,1512093
2025-05-30,71.76000213623047,74.87000274658203,69.87999725341797,74.0,70.72783660888672,6270908
2025-06-02,74.62999725341797,74.8499984741211,71.63999938964844,71.91000366210938,68.73025512695312,934024
2025-06-03,72.88999938964844,72.88999938964844,70.63999938964844,71.4800033569336,68.31926727294922,1703710
2025-06-04,71.01000213623047,72.58000183105469,69.26000213623047,69.83999633789062,66.75177764892578,3155698
2025-06-05,69.11000061035156,70.0999984741211,68.1500015258789,68.55000305175781,65.51882934570312,1802383
2025-06-06,68.44999694824219,70.26000213623047,68.0,70.19000244140625,67.0863037109375,2037783
2025-06-09,70.3499984741211,70.62000274658203,69.01000213623047,69.12000274658203,66.06361389160156,3150985
2025-06-10,69.06999969482422,69.75,67.51000213623047,68.79000091552734,65.74820709228516,823759
2025-06-11,68.95999908447266,72.98999786376953,68.95999908447266,71.88999938964844,68.71112823486328,1565922
2025-06-12,72.13999938964844,73.26000213623047,69.80999755859375,70.29000091552734,67.181884765625,878389
2025-06-13,70.19000244140625,70.38999938964844,68.5,69.55999755859375,66.4841537475586,1055438
2025-06-16,69.97000122070312,70.66000366210938,68.80999755859375,69.51000213623047,66.43637084960938,933194
2025-06-17,69.54000091552734,69.5999984741211,67.69000244140625,67.91000366210938,64.9071273803711,2502809
2025-06-18,68.33999633789062,69.86000061035156,67.05000305175781,69.72000122070312,66.63709259033203,2945031
2025-06-19,69.81999969482422,70.33999633789062,69.30999755859375,69.75,66.66576385498047,646118
2025-06-20,70.11000061035156,70.11000061035156,67.47000122070312,67.4800033569336,64.49614715576172,10160246
2025-06-23,67.5199966430664,69.18000030517578,67.41999816894531,68.87999725341797,65.834228515625,930166
2025-06-24,69.0999984741211,70.1500015258789,68.62999725341797,69.18000030517578,66.12096405029297,1077895
2025-06-25,69.01000213623047,70.8499984741211,69.0,69.16999816894531,66.11141204833984,1293306
2025-06-26,69.29000091552734,70.37999725341797,69.08000183105469,70.16000366210938,67.0576400756836,2231705
2025-06-27,69.80000305175781,72.2699966430664,69.80000305175781,71.97000122070312,68.78759765625,1113294
2025-06-30,71.0,72.06999969482422,70.23999786376953,70.75,67.62154388427734,2568286
2025-07-01,70.8499984741211,71.22000122070312,69.6500015258789,70.69000244140625,67.56420135498047,734418
2025-07-02,70.80000305175781,72.77999877929688,70.77999877929688,72.5999984741211,69.38973999023438,973736
2025-07-03,71.68000030517578,73.25,70.80000305175781,72.23999786376953,69.045654296875,862870
2025-07-04,71.9000015258789,71.9000015258789,70.83000183105469,71.25,68.09943389892578,1886808
2025-07-07,71.2699966430664,72.30000305175781,71.19999694824219,72.2699966430664,69.07432556152344,963099
2025-07-08,71.97000122070312,72.08999633789062,71.37999725341797,72.0,68.81626892089844,1070548
2025-07-09,72.18000030517578,72.83999633789062,71.33000183105469,71.5,68.33837890625,1585212
2025-07-10,71.5,71.5,68.5,69.02999877929688,65.97760009765625,2300739
2025-07-11,69.9000015258789,70.44999694824219,67.05999755859375,67.95999908447266,64.95491790771484,2165831
2025-07-14,68.30999755859375,69.91999816894531,67.80000305175781,69.5999984741211,66.52239227294922,441342
2025-07-15,69.0999984741211,69.45999908447266,68.1500015258789,69.05000305175781,65.99671173095703,1185143
2025-07-16,68.56999969482422,69.36000061035156,67.69999694824219,68.33000183105469,65.30855560302734,650679
2025-07-17,68.58999633789062,69.69999694824219,68.58999633789062,69.08000183105469,66.025390625,871809
2025-07-18,69.38999938964844,69.38999938964844,68.19000244140625,68.69000244140625,65.65263366699219,397885
2025-07-21,68.69000244140625,69.33000183105469,68.4000015258789,68.77999877929688,65.73865509033203,574769
2025-07-22,68.54000091552734,69.25,68.0,68.81999969482422,65.77688598632812,852510
2025-07-23,68.86000061035156,71.3499984741211,68.8499984741211,69.4000015258789,66.33124542236328,1095324
2025-07-24,69.41000366210938,69.55000305175781,66.62999725341797,67.73999786376953,64.74462890625,1732884
2025-07-25,67.68000030517578,67.88999938964844,66.72000122070312,67.54000091552734,64.55348205566406,272606
2025-07-28,67.11000061035156,67.44999694824219,66.26000213623047,66.62000274658203,63.67417526245117,756143
2025-07-29,67.0,68.56999969482422,65.20999908447266,68.01000213623047,65.0027084350586,639849
2025-07-30,67.9000015258789,68.44999694824219,67.11000061035156,68.26000213623047,65.24165344238281,971435
2025-07-31,68.01000213623047,71.58999633789062,68.0,71.5,68.33837890625,3495034
2025-08-01,70.9000015258789,72.4000015258789,70.54000091552734,70.94000244140625,67.80313873291016,1376302
2025-08-04,70.68000030517578,71.29000091552734,70.4000015258789,71.2300033569336,68.08032989501953,1372008
2025-08-05,70.79000091552734,71.80999755859375,70.30999755859375,70.88999938964844,67.75535583496094,1623192
2025-08-06,71.61000061035156,72.4000015258789,70.86000061035156,71.91999816894531,68.73980712890625,1598681
2025-08-07,71.7300033569336,72.11000061035156,69.69000244140625,70.94000244140625,67.80313873291016,420735
2025-08-08,70.94000244140625,71.54000091552734,70.18000030517578,71.1500015258789,68.00385284423828,225010
2025-08-11,71.18000030517578,71.44000244140625,70.0999984741211,70.37999725341797,67.93222045898438,279149
2025-08-12,70.29000091552734,70.29000091552734,69.29000091552734,69.77999877929688,67.35310363769531,1495121
2025-08-13,69.76000213623047,71.44000244140625,69.6500015258789,71.29000091552734,68.81057739257812,1574878
2025-08-14,70.79000091552734,71.18000030517578,69.87999725341797,71.0,68.53067016601562,586895
2025-08-15,70.88999938964844,71.27999877929688,70.56999969482422,70.97000122070312,68.501708984375,521973
2025-08-18,71.30000305175781,71.30000305175781,69.94999694824219,70.19000244140625,67.74884033203125,550251
2025-08-19,69.5,70.80000305175781,69.05000305175781,70.25,67.80675506591797,555228
2025-08-20,70.55000305175781,70.7300033569336,69.58999633789062,69.87000274658203,67.43997192382812,587537
2025-08-21,69.94999694824219,71.19999694824219,69.70999908447266,70.91999816894531,68.45344543457031,450333
2025-08-22,70.69999694824219,72.94999694824219,70.3499984741211,72.51000213623047,69.9881591796875,814884
2025-08-25,72.51000213623047,72.9800033569336,71.86000061035156,72.5,69.97850799560547,902800
2025-08-26,71.51000213623047,72.29000091552734,68.80999755859375,70.52999877929688,68.07701110839844,4092935
2025-08-27,70.11000061035156,71.0,69.12000274658203,69.41000366210938,66.9959716796875,662968
2025-08-28,69.19000244140625,70.7300033569336,69.19000244140625,70.0,67.56544494628906,868592
2025-08-29,69.88999938964844,69.88999938964844,68.6500015258789,68.72000122070312,66.32996368408203,1305712
2025-09-01,69.12000274658203,69.95999908447266,68.44999694824219,69.08999633789062,66.68708801269531,269595
2025-09-02,69.13999938964844,70.95999908447266,68.83999633789062,69.94999694824219,67.51718139648438,303944
2025-09-03,69.94999694824219,70.77999877929688,68.9800033569336,69.91999816894531,67.48822784423828,325700
2025-09-04,69.94999694824219,70.83000183105469,69.5199966430664,70.58999633789062,68.13492584228516,198363
2025-09-05,70.3499984741211,71.87000274658203,70.0199966430664,71.38999938964844,68.9071044921875,715090
2025-09-08,71.2300033569336,71.8499984741211,70.58000183105469,71.41000366210938,68.92640686035156,567580
2025-09-09,71.55000305175781,71.55000305175781,70.48999786376953,71.30000305175781,68.82022857666016,586316
2025-09-10,70.66000366210938,71.52999877929688,69.26000213623047,70.97000122070312,68.501708984375,651693
2025-09-11,70.01000213623047,72.4000015258789,69.94000244140625,72.19999694824219,69.68893432617188,348266
2025-09-12,71.75,72.4000015258789,71.08999633789062,71.80000305175781,69.30284118652344,2726524
2025-09-15,72.38999938964844,72.5,71.6500015258789,71.68000030517578,69.18702697753906,649049
2025-09-17,72.01000213623047,72.76000213623047,70.2699966430664,71.79000091552734,69.2931900024414,5741388
2025-09-18,71.4000015258789,71.80999755859375,70.01000213623047,70.62999725341797,68.17353820800781,507993
2025-09-19,71.16000366210938,74.51000213623047,69.69000244140625,72.16999816894531,69.65997314453125,4767181
2025-09-22,72.95999908447266,73.0999984741211,70.76000213623047,71.36000061035156,68.8781509399414,839706
2025-09-23,71.48999786376953,72.19000244140625,70.69999694824219,71.91000366210938,69.40902709960938,639912
2025-09-24,71.66000366210938,72.2699966430664,70.52999877929688,71.58000183105469,69.09049224853516,1071614
2025-09-25,71.68000030517578,71.97000122070312,70.73999786376953,71.47000122070312,68.98432159423828,753108
2025-09-26,71.05999755859375,72.37999725341797,70.66000366210938,72.05999755859375,69.55380249023438,678360
2025-09-29,72.4000015258789,73.5199966430664,72.16000366210938,73.20999908447266,70.66380310058594,357369
2025-09-30,73.19000244140625,76.73999786376953,73.19000244140625,75.0,72.39154052734375,2064561
2025-10-01,74.66999816894531,75.02999877929688,73.44000244140625,73.8499984741211,71.28154754638672,568036
2025-10-02,73.70999908447266,74.36000061035156,73.0,73.66000366210938,71.09815216064453,664967
2025-10-03,73.7699966430664,75.80999755859375,73.01000213623047,75.02999877929688,72.4205093383789,440605
2025-10-06,75.2300033569336,75.69000244140625,73.30000305175781,75.5999984741211,72.9706802368164,424740
2025-10-07,75.12000274658203,76.27999877929688,74.62999725341797,75.4000015258789,72.77763366699219,354311
2025-10-08,75.31999969482422,75.31999969482422,73.72000122070312,74.79000091552734,72.18885803222656,1185227
2025-10-09,74.66000366210938,74.66000366210938,73.0,74.19999694824219,71.61937713623047,875179
2025-10-10,74.62999725341797,74.62999725341797,70.80000305175781,71.76000213623047,69.26422882080078,957275
2025-10-13,72.38999938964844,73.70999908447266,71.87000274658203,73.48999786376953,70.93406677246094,924497
2025-10-14,73.19999694824219,73.43000030517578,71.70999908447266,71.87999725341797,69.38005828857422,463238
2025-10-15,72.0,72.7699966430664,71.05999755859375,71.19999694824219,68.72371673583984,1646148
2025-10-16,71.66999816894531,72.33999633789062,71.16000366210938,71.8499984741211,69.3510971069336,878686
2025-10-17,72.08000183105469,72.54000091552734,70.16000366210938,72.13999938964844,69.63102722167969,1490288
2025-10-20,71.08000183105469,71.91000366210938,70.47000122070312,71.20999908447266,68.73336029052734,668454
2025-10-21,72.0999984741211,72.0999984741211,70.80999755859375,71.2300033569336,68.75267791748047,448008
2025-10-22,71.47000122070312,72.41000366210938,70.95999908447266,72.0,69.49588775634766,838742
2025-10-23,72.01000213623047,74.27999877929688,71.91000366210938,73.66000366210938,71.09815216064453,1071221
2025-10-24,74.37000274658203,74.37000274658203,72.22000122070312,72.36000061035156,69.84336853027344,1138062
2025-10-27,72.44999694824219,73.79000091552734,71.5999984741211,73.2300033569336,70.68311309814453,402971
2025-10-28,73.55000305175781,74.93000030517578,72.41999816894531,72.61000061035156,70.08467864990234,1063869
2025-10-29,73.86000061035156,75.05999755859375,71.51000213623047,73.97000122070312,71.39738464355469,815822
2025-10-30,73.29000091552734,74.38999938964844,72.33000183105469,73.66999816894531,71.10780334472656,7736609
2025-10-31,73.44999694824219,74.98999786376953,73.30999755859375,74.47000122070312,71.87998962402344,1540003
2025-11-03,74.12999725341797,74.37000274658203,72.33999633789062,73.16999816894531,70.62519073486328,1335451
2025-11-04,73.2699966430664,74.4800033569336,71.83999633789062,74.01000213623047,71.43599700927734,985108
2025-11-05,74.36000061035156,75.5,73.91000366210938,75.25,72.63285827636719,769215
2025-11-06,74.8499984741211,77.45999908447266,74.16999816894531,77.1500015258789,74.46678161621094,1775562
2025-11-07,76.77999877929688,77.86000061035156,76.5199966430664,77.16000366210938,74.4764404296875,343717
2025-11-10,77.73999786376953,77.73999786376953,76.62999725341797,77.12999725341797,74.44747161865234,450258
2025-11-11,77.05000305175781,78.55000305175781,77.0,77.11000061035156,74.42816925048828,1085558
2025-11-12,77.83000183105469,78.4800033569336,76.05999755859375,76.70999908447266,74.04207611083984,1965843
2025-11-13,77.2699966430664,78.0999984741211,76.80000305175781,77.19999694824219,74.51504516601562,1290311
2025-11-14,76.87000274658203,78.26000213623047,76.58999633789062,77.87999725341797,75.17138671875,1258662
2025-11-18,78.12999725341797,79.6500015258789,78.0,78.44000244140625,75.7119140625,4068277
2025-11-19,78.88999938964844,79.0,76.72000122070312,77.20999908447266,74.52469635009766,1046426
2025-11-20,78.4800033569336,78.4800033569336,74.91999816894531,75.9000015258789,73.26024627685547,1352569
2025-11-21,76.30000305175781,77.5,76.0,77.25,74.56330108642578,1508729
2025-11-24,77.5,78.51000213623047,76.30999755859375,77.93000030517578,75.21965026855469,9056322
2025-11-25,77.44000244140625,77.69999694824219,76.3499984741211,77.12000274658203,74.43782806396484,429605
2025-11-26,77.5999984741211,77.73999786376953,75.80000305175781,76.54000091552734,73.87799072265625,378336
2025-11-27,76.80000305175781,77.20999908447266,76.2699966430664,76.66000366210938,73.99382019042969,169318
2025-11-28,77.16999816894531,78.58999633789062,76.5199966430664,77.80999755859375,75.10381317138672,1007446
2025-12-01,78.0,78.27999877929688,75.68000030517578,76.08000183105469,73.43399047851562,1688382
2025-12-02,76.19999694824219,77.94999694824219,75.55999755859375,75.80000305175781,73.16373443603516,1392498
2025-12-03,76.30999755859375,76.30999755859375,72.79000091552734,72.91999816894531,70.3838882446289,2876793
2025-12-04,73.61000061035156,74.55999755859375,72.91999816894531,74.33000183105469,71.74485778808594,1161427
2025-12-05,74.69999694824219,75.26000213623047,74.2699966430664,75.13999938964844,72.52667999267578,426488
2025-12-08,74.25,75.06999969482422,73.68000030517578,74.69999694824219,72.10198211669922,526903
2025-12-09,75.02999877929688,76.0,74.66000366210938,75.5,72.87416076660156,748446
2025-12-10,74.95999908447266,74.95999908447266,71.62999725341797,72.02999877929688,70.16741180419922,800473
2025-12-11,72.66000366210938,73.44000244140625,71.79000091552734,73.20999908447266,71.31689453125,1000988
2025-12-15,73.19999694824219,73.56999969482422,72.27999877929688,73.11000061035156,71.21947479248047,698515
2025-12-16,72.5999984741211,73.41000366210938,72.30999755859375,72.86000061035156,70.9759521484375,458957
2025-12-17,73.4000015258789,73.4000015258789,71.45999908447266,72.1500015258789,70.28431701660156,1237720
2025-12-18,72.1500015258789,73.98999786376953,72.0,73.86000061035156,71.95008850097656,2074057
2025-12-19,73.83999633789062,75.72000122070312,73.19999694824219,75.69000244140625,73.73277282714844,2974463
2025-12-22,75.58000183105469,75.58000183105469,73.13999938964844,74.79000091552734,72.85604858398438,590919
2025-12-23,74.63999938964844,75.81999969482422,74.05000305175781,75.80999755859375,73.84966278076172,495800
2025-12-24,75.86000061035156,77.25,75.5999984741211,76.48999786376953,74.51207733154297,235560
2025-12-26,76.48999786376953,77.80000305175781,76.36000061035156,77.37999725341797,75.37905883789062,233090
2025-12-29,77.0,78.76000213623047,77.0,78.37000274658203,76.34346771240234,467065
2025-12-30,78.05999755859375,79.58000183105469,77.20999908447266,78.58000183105469,76.54803466796875,1835577
2025-12-31,78.30999755859375,78.30999755859375,75.0999984741211,75.22000122070312,73.2749252319336,506901
2026-01-02,75.80000305175781,76.97000122070312,75.25,75.91999816894531,73.95681762695312,491015
2026-01-05,76.72000122070312,80.06999969482422,75.3499984741211,80.06999969482422,77.99950408935547,511293
2026-01-06,78.86000061035156,79.41000366210938,76.45999908447266,76.83000183105469,74.8432846069336,1597142
2026-01-07,77.68000030517578,77.68000030517578,75.06999969482422,76.12999725341797,74.16139221191406,1490561
2026-01-08,76.47000122070312,79.72000122070312,76.23999786376953,78.16999816894531,76.14863586425781,954890
2026-01-09,77.81999969482422,79.94999694824219,77.41999816894531,79.80000305175781,77.73649597167969,844882
2026-01-12,79.58999633789062,80.26000213623047,78.80999755859375,80.2300033569336,78.1553726196289,865228
2026-01-13,80.0999984741211,81.33999633789062,78.58999633789062,79.54000091552734,77.48321533203125,1705630
2026-01-14,79.54000091552734,81.38999938964844,79.0,81.19000244140625,79.0905532836914,3966908
2026-01-15,80.80000305175781,82.81999969482422,80.62999725341797,82.05000305175781,79.92831420898438,704952
2026-01-16,82.0,85.0199966430664,81.98999786376953,84.58000183105469,82.39288330078125,1495709
2026-01-19,85.08999633789062,85.45999908447266,82.7300033569336,84.01000213623047,81.83763122558594,432038
2026-01-20,83.0,84.44000244140625,80.98999786376953,81.72000122070312,79.60684204101562,1314270
2026-01-21,81.4800033569336,82.68000030517578,79.5,80.48999786376953,78.40864562988281,1239885
2026-01-22,80.0,81.83999633789062,79.19000244140625,80.2699966430664,78.1943359375,3434374
2026-01-23,80.41000366210938,81.5,79.69999694824219,80.76000213623047,78.67166900634766,1134609
2026-01-26,81.0,82.98999786376953,80.30999755859375,80.87999725341797,78.78855895996094,689061
2026-01-27,80.83000183105469,81.69999694824219,80.44000244140625,81.01000213623047,78.91519927978516,1291181
2026-01-28,80.95999908447266,81.31999969482422,79.52999877929688,80.25,78.17485809326172,1500755
2026-01-29,80.44999694824219,81.37000274658203,79.08999633789062,80.70999908447266,78.62296295166016,943335
2026-01-30,80.91000366210938,80.91000366210938,79.0,80.0999984741211,78.02872467041016,2059102
2026-02-03,80.01000213623047,83.33000183105469,80.01000213623047,83.33000183105469,81.17521667480469,1463958
2026-02-04,83.33000183105469,83.97000122070312,81.83000183105469,83.19999694824219,81.04856872558594,1951385
2026-02-05,82.75,85.0,82.30000305175781,82.54000091552734,80.4056396484375,2288040
2026-02-06,83.02999877929688,86.68000030517578,83.02999877929688,86.30999755859375,84.0781478881836,1199771
2026-02-09,86.69999694824219,87.0199966430664,85.33999633789062,86.23999786376953,84.00996398925781,893959
2026-02-10,86.41000366210938,89.12999725341797,85.4800033569336,87.45999908447266,85.19841003417969,1250230
2026-02-11,88.94000244140625,88.94000244140625,84.44999694824219,85.44999694824219,83.24038696289062,1076015
2026-02-12,86.37000274658203,88.05000305175781,84.4800033569336,86.43000030517578,84.1950454711914,1673326
2026-02-13,87.0,87.0,82.80999755859375,84.0199966430664,82.46391296386719,791317
2026-02-16,83.0,84.87999725341797,83.0,83.5,81.95354461669922,171219
2026-02-17,83.37000274658203,84.44999694824219,83.19999694824219,83.75,82.19891357421875,1214206
2026-02-18,83.94999694824219,84.0,82.55999755859375,82.98999786376953,81.45298767089844,861099
2026-02-19,82.83999633789062,83.12999725341797,82.41000366210938,82.70999908447266,81.17816925048828,534660
2026-02-20,82.94999694824219,83.4800033569336,82.18000030517578,83.19000244140625,81.64928436279297,1913923
2026-02-23,83.51000213623047,83.51000213623047,80.68000030517578,82.48999786376953,80.96224975585938,1516107
2026-02-24,82.08999633789062,82.0999984741211,80.41000366210938,81.38999938964844,80.6220932006836,914682
2026-02-25,80.9000015258789,81.12999725341797,79.0999984741211,80.38999938964844,79.63152313232422,2613101
2026-02-26,80.44999694824219,82.06999969482422,80.0199966430664,82.05999755859375,81.2857666015625,1762898
2026-02-27,81.44000244140625,85.18000030517578,80.94999694824219,84.91000366210938,84.10888671875,6062782
2026-03-02,84.5999984741211,84.5999984741211,82.01000213623047,83.12000274658203,82.33576965332031,1027845
2026-03-03,83.66000366210938,83.66000366210938,79.41000366210938,80.98999786376953,80.22586059570312,1106743
2026-03-04,81.36000061035156,81.36000061035156,78.83000183105469,79.1500015258789,78.40322875976562,1594725
2026-03-05,79.1500015258789,79.77999877929688,77.26000213623047,78.33999633789062,77.60086059570312,2368198
2026-03-06,78.75,79.30000305175781,77.4000015258789,78.73999786376953,77.9970932006836,1396987
2026-03-09,78.70999908447266,78.70999908447266,74.05999755859375,77.31999969482422,76.59049224853516,2423399
2026-03-10,77.31999969482422,77.95999908447266,75.01000213623047,75.04000091552734,74.33200073242188,2471909
2026-03-11,75.02999877929688,75.75,73.5,75.5,74.78765869140625,1372149
2026-03-12,75.38999938964844,75.41000366210938,72.6500015258789,74.80000305175781,74.09426879882812,2252138
2026-03-13,74.86000061035156,75.94999694824219,73.41999816894531,74.01000213623047,73.31172180175781,773003
2026-03-17,74.29000091552734,74.43000030517578,72.73999786376953,74.19999694824219,73.49992370605469,1573375
2026-03-18,74.27999877929688,75.56999969482422,73.97000122070312,75.25,74.54002380371094,1039639
2026-03-19,75.13999938964844,75.1500015258789,72.41000366210938,74.94999694824219,74.24285125732422,942487
2026-03-20,74.56999969482422,77.62999725341797,72.91999816894531,76.52999877929688,75.80794525146484,6296228
2026-03-23,76.38999938964844,76.58999633789062,74.26000213623047,74.8499984741211,74.14379119873047,464720
2026-03-24,74.93000030517578,77.44999694824219,74.0999984741211,75.73999786376953,75.02539825439453,830074
2026-03-25,76.0,78.0,75.11000061035156,77.55000305175781,76.81832122802734,1626908
2026-03-26,77.93000030517578,77.93000030517578,75.58999633789062,76.98999786376953,76.26360321044922,3999747
2026-03-27,77.1500015258789,77.81999969482422,75.66000366210938,77.01000213623047,76.28341674804688,2204918
2026-03-30,76.20999908447266,77.70999908447266,75.75,77.58999633789062,76.85794067382812,1350899
2026-03-31,77.77999877929688,79.44999694824219,77.04000091552734,78.23999786376953,77.5018081665039,2096780
2026-04-01,78.69000244140625,79.0999984741211,77.55000305175781,78.5,77.75935363769531,2651066
2026-04-06,78.91999816894531,79.30000305175781,78.01000213623047,78.36000061035156,77.62068176269531,520947
2026-04-07,78.36000061035156,78.37999725341797,76.30999755859375,77.44000244140625,76.70935821533203,856643
2026-04-08,77.66000366210938,80.37999725341797,77.66000366210938,79.19999694824219,78.45275115966797,1375841
2026-04-09,79.5,80.0,78.12999725341797,78.5999984741211,77.85841369628906,1035178
2026-04-10,79.0,81.80000305175781,78.27999877929688,80.06999969482422,79.31454467773438,1825074
2026-04-13,80.75,82.51000213623047,78.9800033569336,82.27999877929688,81.50369262695312,3652493
2026-04-14,82.19999694824219,84.54000091552734,81.51000213623047,84.01000213623047,83.21737670898438,5142185
2026-04-15,84.5,84.86000061035156,82.4000015258789,82.41000366210938,81.6324691772461,1757831
2026-04-16,82.88999938964844,82.88999938964844,81.7300033569336,82.83999633789062,82.05840301513672,899389
2026-04-17,82.88999938964844,84.0999984741211,82.30000305175781,83.29000091552734,82.50416564941406,1457345
2026-04-20,83.0,84.68000030517578,82.86000061035156,83.29000091552734,82.50416564941406,1533351
2026-04-21,82.54000091552734,84.30999755859375,81.87000274658203,83.62999725341797,82.84095001220703,1324451
2026-04-22,83.5999984741211,83.94000244140625,82.83999633789062,82.87999725341797,82.09803009033203,942512
2026-04-23,83.1500015258789,83.91999816894531,82.76000213623047,82.76000213623047,81.97916412353516,1729227
2026-04-24,83.5,84.5999984741211,83.16999816894531,84.11000061035156,83.3164291381836,495378
2026-04-27,84.9000015258789,84.9000015258789,81.33000183105469,81.79000091552734,81.01831817626953,1308400
2026-04-28,82.05999755859375,82.19000244140625,80.02999877929688,80.44000244140625,79.6810531616211,786611
2026-04-29,80.4000015258789,81.19999694824219,79.5,79.8499984741211,79.09661865234375,1687975
2026-04-30,80.43000030517578,80.98999786376953,79.62999725341797,80.0,79.24520874023438,1310462
2026-05-04,80.31999969482422,81.48999786376953,79.22000122070312,80.98999786376953,80.22586059570312,758052
2026-05-05,80.94000244140625,82.47000122070312,80.0,82.05000305175781,81.27586364746094,1388308
2026-05-06,82.5,82.5,80.25,81.9800033569336,81.20652770996094,1251136
2026-05-07,81.97000122070312,83.98999786376953,81.08000183105469,81.94999694824219,81.17680358886719,850574
2026-05-08,82.0,83.41000366210938,80.37000274658203,80.75,79.98812866210938,577583
2026-05-11,81.23999786376953,82.37000274658203,80.91000366210938,81.73999786376953,80.96878814697266,421537
2026-05-12,82.48999786376953,82.48999786376953,80.4000015258789,80.51000213623047,79.75039672851562,558836
2026-05-13,80.94999694824219,80.94999694824219,77.3499984741211,78.0,77.26407623291016,1267903
2026-05-14,78.45999908447266,80.61000061035156,78.29000091552734,79.66000366210938,78.90841674804688,525640
2026-05-15,79.75,80.58000183105469,79.16000366210938,79.87999725341797,79.12633514404297,2754852
2026-05-18,80.1500015258789,81.19999694824219,79.63999938964844,80.18000030517578,79.42350769042969,769131
2026-05-19,81.19999694824219,81.19999694824219,78.98999786376953,79.06999969482422,78.32398223876953,1699582
2026-05-20,79.68000030517578,80.86000061035156,79.48999786376953,79.73999786376953,78.98765563964844,2355453
2026-05-21,79.94499969482422,80.0999984741211,78.69000244140625,79.3499984741211,78.60133361816406,559053
2026-05-22,79.3499984741211,80.27999877929688,78.77999877929688,79.69999694824219,78.94803619384766,601275
2026-05-25,79.97000122070312,81.27999877929688,79.63999938964844,81.27999877929688,80.51313018798828,250927
2026-05-26,81.0,82.98999786376953,80.56999969482422,82.38999938964844,81.61265563964844,1061078
2026-05-27,82.2699966430664,83.33999633789062,81.58000183105469,81.75,80.97869110107422,1368808
2026-05-28,81.9000015258789,82.18000030517578,80.95999908447266,80.97000122070312,80.2060546875,1016529
2026-05-29,81.62999725341797,83.80999755859375,81.1500015258789,83.18000030517578,82.39520263671875,13125849
2026-06-01,83.41999816894531,83.41999816894531,79.87000274658203,81.18000030517578,80.41407012939453,2259210
2026-06-02,81.0199966430664,82.44999694824219,80.44999694824219,81.79000091552734,81.01831817626953,1929164
2026-06-03,82.0,82.41000366210938,81.30000305175781,81.80000305175781,81.02822875976562,1282965
2026-06-04,81.95999908447266,81.95999908447266,79.58000183105469,79.86000061035156,79.10652923583984,1705291
2026-06-05,80.23999786376953,80.30999755859375,79.02999877929688,79.62999725341797,78.87869262695312,3153935
2026-06-08,79.7300033569336,81.4000015258789,79.30999755859375,80.91999816894531,80.15652465820312,1137347
2026-06-09,80.91999816894531,81.77999877929688,80.0,80.7699966430664,80.0079345703125,715561
2026-06-10,80.9000015258789,81.48999786376953,80.0,80.37999725341797,79.62162017822266,1273997
2026-06-11,80.5199966430664,81.08999633789062,78.7300033569336,78.95999908447266,78.21501922607422,1097005
2026-06-12,78.95999908447266,80.5199966430664,78.52999877929688,80.0,79.24520874023438,2920526
2026-06-15,79.58000183105469,80.76000213623047,79.16999816894531,79.93000030517578,79.17586517333984,1138307
2026-06-16,80.19000244140625,80.2300033569336,78.95999908447266,79.20999908447266,78.46265411376953,754449
2026-06-17,79.30000305175781,79.7699966430664,78.0999984741211,78.5,77.75935363769531,1652759
2026-06-18,78.87000274658203,79.48999786376953,77.41999816894531,78.0,77.26407623291016,4986243
2026-06-19,77.94999694824219,80.55999755859375,77.80000305175781,79.91000366210938,79.15605926513672,2417254
2026-06-22,79.26000213623047,79.26000213623047,77.0999984741211,78.4800033569336,77.73954772949219,1931313
2026-06-23,77.80000305175781,77.9800033569336,76.72000122070312,76.75,76.02587127685547,1395755
2026-06-24,77.02999877929688,77.2300033569336,75.0199966430664,75.3499984741211,74.63907623291016,1493742
2026-06-25,75.88999938964844,75.88999938964844,74.4000015258789,75.37999725341797,74.66879272460938,4594372
2026-06-26,75.41000366210938,75.55000305175781,74.81999969482422,75.37000274658203,74.65888977050781,5539336
2026-06-29,74.11000061035156,75.58999633789062,74.11000061035156,74.9000015258789,74.19332122802734,562875
2026-06-30,75.2699966430664,75.97000122070312,74.19999694824219,75.5,74.78765869140625,2664277
2026-07-01,75.5999984741211,77.83000183105469,75.5,77.33000183105469,76.60039520263672,899887
2026-07-02,77.48999786376953,78.5,75.47000122070312,75.54000091552734,74.82728576660156,1709255
2026-07-03,75.80000305175781,76.9000015258789,75.43000030517578,76.38999938964844,75.66926574707031,635341
2026-07-06,76.91999816894531,79.27999877929688,76.7699966430664,78.54000091552734,77.79898071289062,1103429
2026-07-07,79.02999877929688,79.2300033569336,77.54000091552734,79.13999938964844,78.39331817626953,863781
2026-07-08,79.0999984741211,79.0999984741211,77.68000030517578,77.70999908447266,76.976806640625,936839
2026-07-09,78.4000015258789,78.66000366210938,76.62000274658203,76.88999938964844,76.16455078125,412918
2026-07-10,77.66000366210938,78.18000030517578,77.19999694824219,77.3499984741211,76.62020874023438,722036
2026-07-13,77.33999633789062,77.33999633789062,76.33999633789062,76.44999694824219,75.72869873046875,2741532
2026-07-14,76.47000122070312,77.79000091552734,76.47000122070312,77.44999694824219,76.7192611694336,1184548
2026-07-15,77.62999725341797,77.62999725341797,75.94000244140625,76.37000274658203,75.64945983886719,2546094
2026-07-16,76.66000366210938,77.87000274658203,76.16000366210938,76.80999755859375,76.08529663085938,879432
2026-07-17,76.70999908447266,77.6500015258789,76.16999816894531,77.31999969482422,76.59049224853516,649076
2026-07-20,78.0,78.58000183105469,77.13999938964844,77.83000183105469,77.0956802368164,984170
2026-07-21,77.5,78.33999633789062,77.05000305175781,78.05999755859375,77.3235092163086,1224355
2026-07-22,77.77999877929688,78.38999938964844,77.3499984741211,78.12000274658203,77.38294219970703,684874
2026-07-23,77.48999786376953,77.83999633789062,76.33999633789062,76.5,75.77822875976562,557262
2026-07-24,76.62000274658203,77.22000122070312,75.0,75.80000305175781,75.08483123779297,1377781
2026-07-27,76.33000183105469,77.69000244140625,75.54000091552734,76.62000274658203,75.8970947265625,844856
2026-07-28,77.41999816894531,78.94999694824219,76.68000030517578,76.88999938964844,76.16455078125,870633
2026-07-29,77.19000244140625,77.58000183105469,76.4000015258789,77.11000061035156,76.3824691772461,679679
2026-07-30,77.41999816894531,78.66999816894531,77.25,77.66000366210938,76.92728424072266,1170347
2026-07-31,78.13999938964844,78.4800033569336,77.22000122070312,77.5199966430664,76.7885971069336,1303478
2026-08-03,77.69999694824219,77.86000061035156,76.38999938964844,77.4800033569336,77.4800033569336,627869
2026-08-04,77.52999877929688,78.62000274658203,76.48999786376953,76.91999816894531,76.91999816894531,523969
2026-08-05,77.37000274658203,77.37000274658203,75.01000213623047,75.13999938964844,75.13999938964844,976577
2026-08-06,75.5,76.69000244140625,74.33999633789062,75.05000305175781,75.05000305175781,1248142
2026-08-07,74.5999984741211,74.9800033569336,74.43000030517578,74.94999694824219,74.94999694824219,413996
2026-08-10,75.0,75.12000274658203,73.86000061035156,74.12000274658203,74.12000274658203,707872
2026-08-11,74.19999694824219,74.37999725341797,72.69999694824219,74.06999969482422,74.06999969482422,1369672
2026-08-12,74.5,74.95999908447266,73.29000091552734,74.94999694824219,74.94999694824219,604655
2026-08-13,75.0,75.47000122070312,72.98999786376953,73.5,73.5,747955
2026-08-14,73.76000213623047,73.7699966430664,72.11000061035156,72.8499984741211,72.8499984741211,449131
2026-08-17,72.8499984741211,73.05000305175781,71.8499984741211,72.31999969482422,72.31999969482422,463517
2026-08-18,72.69999694824219,73.79000091552734,72.36000061035156,73.19000244140625,73.19000244140625,403943
2026-08-19,73.5999984741211,74.38999938964844,73.0199966430664,73.83999633789062,73.83999633789062,624119
2026-08-20,73.55999755859375,75.0,73.55999755859375,74.6500015258789,74.6500015258789,697687
2026-08-21,74.80000305175781,76.05999755859375,74.80000305175781,75.43000030517578,75.43000030517578,513679
