Price,Open,High,Low,Close,Adj Close,Volume
Ticker,BAC,BAC,BAC,BAC,BAC,BAC
Date,,,,,,
2021-09-10,41.220001220703125,41.349998474121094,40.2400016784668,40.27000045776367,35.63014221191406,40514700
2021-09-13,40.599998474121094,40.959999084472656,40.349998474121094,40.939998626708984,36.22295379638672,42036300
2021-09-14,41.130001068115234,41.310001373291016,39.65999984741211,39.84000015258789,35.249691009521484,53820400
2021-09-15,39.72999954223633,40.34000015258789,39.66999816894531,40.13999938964844,35.51512908935547,52358200
2021-09-16,40.47999954223633,40.810001373291016,40.20000076293945,40.45000076293945,35.7894172668457,42922000
2021-09-17,40.34000015258789,40.66999816894531,40.08000183105469,40.5,35.833648681640625,92746000
2021-09-20,39.380001068115234,39.459999084472656,38.36000061035156,39.11000061035156,34.60381317138672,67566200
2021-09-21,39.27000045776367,39.599998474121094,38.939998626708984,39.130001068115234,34.621498107910156,38271100
2021-09-22,39.75,40.52000045776367,39.75,40.13999938964844,35.51512908935547,46261400
2021-09-23,40.7599983215332,41.880001068115234,40.650001525878906,41.689998626708984,36.88654708862305,49779800
2021-09-24,41.720001220703125,42.34000015258789,41.650001525878906,42.13999938964844,37.284690856933594,39042300
2021-09-27,42.68000030517578,43.43000030517578,42.63999938964844,43.2599983215332,38.27564239501953,49755400
2021-09-28,43.43000030517578,44.040000915527344,43.060001373291016,43.15999984741211,38.18716812133789,60781200
2021-09-29,43.18000030517578,43.31999969482422,42.7400016784668,43.06999969482422,38.107540130615234,44260200
2021-09-30,43.349998474121094,43.349998474121094,42.22999954223633,42.45000076293945,37.55896759033203,47410800
2021-10-01,42.47999954223633,43.43000030517578,42.38999938964844,43.08000183105469,38.11637496948242,40987100
2021-10-04,43.11000061035156,44.06999969482422,43.06999969482422,43.34000015258789,38.34642791748047,48273400
2021-10-05,43.77000045776367,44.75,43.66999816894531,44.220001220703125,39.12503433227539,54070700
2021-10-06,43.849998474121094,44.290000915527344,43.54999923706055,44.2400016784668,39.14273452758789,47031700
2021-10-07,44.790000915527344,44.869998931884766,44.029998779296875,44.119998931884766,39.036563873291016,46258800
2021-10-08,44.06999969482422,44.810001373291016,43.91999816894531,44.34000015258789,39.2312126159668,39389400
2021-10-11,44.599998474121094,44.810001373291016,43.75,43.779998779296875,38.73573684692383,36283500
2021-10-12,43.66999816894531,44.0,43.27000045776367,43.540000915527344,38.52338790893555,36898300
2021-10-13,43.54999923706055,43.63999938964844,42.33000183105469,43.13999938964844,38.16946792602539,43908000
2021-10-14,44.369998931884766,45.099998474121094,43.47999954223633,45.06999969482422,39.87709045410156,82201000
2021-10-15,45.77000045776367,46.66999816894531,45.36000061035156,46.369998931884766,41.02731704711914,64264900
2021-10-18,46.290000915527344,46.88999938964844,46.029998779296875,46.279998779296875,40.947689056396484,49542500
2021-10-19,46.5,46.630001068115234,46.20000076293945,46.47999954223633,41.12464904785156,32515500
2021-10-20,46.4900016784668,47.2400016784668,46.04999923706055,47.09000015258789,41.66435241699219,40411000
2021-10-21,47.099998474121094,47.47999954223633,46.61000061035156,46.83000183105469,41.43431854248047,36848600
2021-10-22,46.9900016784668,47.619998931884766,46.9900016784668,47.56999969482422,42.08906173706055,36225600
2021-10-25,47.79999923706055,47.97999954223633,47.20000076293945,47.5099983215332,42.03596878051758,31679500
2021-10-26,47.65999984741211,48.43000030517578,47.439998626708984,47.959999084472656,42.43411636352539,35674800
2021-10-27,47.47999954223633,48.16999816894531,47.029998779296875,47.040000915527344,41.6201286315918,45790800
2021-10-28,47.59000015258789,48.0,47.29999923706055,47.779998779296875,42.274864196777344,37209600
2021-10-29,47.75,48.130001068115234,47.52000045776367,47.779998779296875,42.274864196777344,31756200
2021-11-01,48.099998474121094,48.16999816894531,47.279998779296875,47.849998474121094,42.33679962158203,36937200
2021-11-02,47.56999969482422,48.41999816894531,47.349998474121094,47.880001068115234,42.36334991455078,36283400
2021-11-03,47.79999923706055,48.689998626708984,47.61000061035156,48.369998931884766,42.796878814697266,42553000
2021-11-04,48.150001525878906,48.150001525878906,46.880001068115234,47.33000183105469,41.876712799072266,47646300
2021-11-05,47.599998474121094,47.81999969482422,46.81999969482422,46.970001220703125,41.55818557739258,38271200
2021-11-08,47.349998474121094,47.79999923706055,47.25,47.34000015258789,41.88555908203125,33815500
2021-11-09,46.650001525878906,47.36000061035156,46.40999984741211,46.880001068115234,41.47856140136719,36900300
2021-11-10,46.75,47.52000045776367,46.650001525878906,47.22999954223633,41.788230895996094,39385600
2021-11-11,47.310001373291016,47.88999938964844,47.0099983215332,47.4900016784668,42.018280029296875,31194800
2021-11-12,47.5099983215332,47.529998779296875,46.7599983215332,46.90999984741211,41.505096435546875,44268500
2021-11-15,47.2599983215332,47.38999938964844,46.900001525878906,47.04999923706055,41.628971099853516,35335500
2021-11-16,47.18000030517578,47.279998779296875,46.689998626708984,47.08000183105469,41.655521392822266,35120800
2021-11-17,47.08000183105469,47.20000076293945,46.45000076293945,46.5099983215332,41.15119171142578,32963700
2021-11-18,46.709999084472656,46.810001373291016,46.209999084472656,46.31999969482422,40.983089447021484,30639000
2021-11-19,45.70000076293945,45.77000045776367,44.83000183105469,45.400001525878906,40.169090270996094,48429500
2021-11-22,46.720001220703125,46.869998931884766,45.90999984741211,46.279998779296875,40.947689056396484,53697100
2021-11-23,46.869998931884766,47.650001525878906,46.66999816894531,47.5,42.02711486816406,49362900
2021-11-24,47.41999816894531,47.97999954223633,47.209999084472656,47.630001068115234,42.14214324951172,40060000
2021-11-26,45.52000045776367,46.040000915527344,44.75,45.7599983215332,40.48760223388672,55110100
2021-11-29,46.41999816894531,46.70000076293945,45.16999816894531,45.59000015258789,40.33719253540039,50231100
2021-11-30,44.7599983215332,45.220001220703125,44.36000061035156,44.470001220703125,39.34623336791992,77193600
2021-12-01,45.220001220703125,45.70000076293945,43.810001373291016,43.84000015258789,38.788822174072266,60601600
2021-12-02,44.33000183105469,45.5,44.0,44.88999938964844,39.909019470214844,57821400
2021-12-03,45.0,45.06999969482422,43.599998474121094,43.869998931884766,39.00218963623047,74605300
2021-12-06,44.560001373291016,44.880001068115234,43.959999084472656,44.150001525878906,39.25112533569336,48193100
2021-12-07,44.560001373291016,44.90999984741211,44.43000030517578,44.709999084472656,39.74898147583008,40740800
2021-12-08,44.68000030517578,44.79999923706055,44.09000015258789,44.15999984741211,39.26001739501953,50560300
2021-12-09,43.90999984741211,44.72999954223633,43.650001525878906,44.4900016784668,39.55339431762695,37316700
2021-12-10,44.709999084472656,44.83000183105469,44.06999969482422,44.52000045776367,39.5800666809082,37700200
2021-12-13,44.27000045776367,44.400001525878906,43.38999938964844,43.58000183105469,38.7443733215332,38653900
2021-12-14,43.59000015258789,44.81999969482422,43.529998779296875,44.130001068115234,39.23334884643555,47099400
2021-12-15,44.369998931884766,44.45000076293945,43.619998931884766,43.939998626708984,39.064422607421875,60057100
2021-12-16,44.70000076293945,45.36000061035156,44.09000015258789,45.0,40.006805419921875,69487200
2021-12-17,44.5,44.70000076293945,43.619998931884766,43.880001068115234,39.01108169555664,124242400
2021-12-20,43.27000045776367,43.36000061035156,42.70000076293945,43.15999984741211,38.370975494384766,56455200
2021-12-21,43.540000915527344,44.47999954223633,43.540000915527344,44.189998626708984,39.28668212890625,47845600
2021-12-22,44.08000183105469,44.58000183105469,43.880001068115234,44.279998779296875,39.3666877746582,35715700
2021-12-23,44.68000030517578,45.06999969482422,44.400001525878906,44.41999816894531,39.49116134643555,34053500
2021-12-27,44.54999923706055,44.81999969482422,44.310001373291016,44.63999938964844,39.6867561340332,33879200
2021-12-28,44.470001220703125,45.08000183105469,44.41999816894531,44.70000076293945,39.74009704589844,32492400
2021-12-29,44.849998474121094,45.119998931884766,44.599998474121094,44.630001068115234,39.6778564453125,25294900
2021-12-30,44.75,45.099998474121094,44.47999954223633,44.529998779296875,39.588951110839844,23852200
2021-12-31,44.52000045776367,44.720001220703125,44.279998779296875,44.4900016784668,39.55339431762695,24253900
2022-01-03,45.09000015258789,46.4900016784668,44.97999954223633,46.18000030517578,41.055877685546875,58587900
2022-01-04,47.060001373291016,48.43000030517578,47.040000915527344,47.9900016784668,42.665035247802734,74606700
2022-01-05,48.13999938964844,48.369998931884766,47.15999984741211,47.18000030517578,41.94491195678711,57791600
2022-01-06,47.97999954223633,48.15999984741211,47.189998626708984,48.130001068115234,42.78950119018555,52040900
2022-01-07,48.150001525878906,49.310001373291016,48.060001373291016,49.18000030517578,43.722999572753906,59082600
2022-01-10,49.90999984741211,50.08000183105469,48.34000015258789,48.93000030517578,43.500736236572266,66839500
2022-01-11,48.9900016784668,49.25,48.63999938964844,49.209999084472656,43.749656677246094,40454400
2022-01-12,49.16999816894531,49.380001068115234,48.68000030517578,48.86000061035156,43.43849563598633,41378000
2022-01-13,48.91999816894531,49.4900016784668,48.630001068115234,48.7599983215332,43.34959411621094,46337500
2022-01-14,47.52000045776367,48.22999954223633,47.189998626708984,47.90999984741211,42.59391403198242,72953300
2022-01-18,47.849998474121094,47.91999816894531,46.04999923706055,46.2599983215332,41.12699890136719,65877400
2022-01-19,48.38999938964844,48.58000183105469,46.349998474121094,46.439998626708984,41.28702163696289,84451800
2022-01-20,46.689998626708984,47.04999923706055,45.65999984741211,45.75,40.673580169677734,46265300
2022-01-21,45.56999969482422,46.02000045776367,44.65999984741211,44.91999816894531,39.93568420410156,71303600
2022-01-24,43.900001525878906,44.689998626708984,42.59000015258789,44.54999923706055,39.60673522949219,90672700
2022-01-25,44.290000915527344,45.56999969482422,43.83000183105469,45.43000030517578,40.38908767700195,73555300
2022-01-26,45.779998779296875,46.459999084472656,45.2599983215332,45.900001525878906,40.806941986083984,63735800
2022-01-27,46.369998931884766,46.75,45.09000015258789,45.470001220703125,40.424659729003906,63402400
2022-01-28,45.33000183105469,45.88999938964844,44.45000076293945,45.869998931884766,40.780269622802734,51048300
2022-01-31,45.52000045776367,46.27000045776367,45.220001220703125,46.13999938964844,41.02031326293945,44793700
2022-02-01,46.209999084472656,47.099998474121094,45.900001525878906,46.939998626708984,41.731544494628906,40326600
2022-02-02,46.720001220703125,46.959999084472656,46.29999923706055,46.88999938964844,41.68709182739258,41125600
2022-02-03,47.220001220703125,47.290000915527344,46.349998474121094,46.43000030517578,41.27811813354492,35879900
2022-02-04,47.08000183105469,48.689998626708984,46.68000030517578,48.279998779296875,42.92285919189453,60297100
2022-02-07,48.560001373291016,48.7599983215332,47.9900016784668,48.5099983215332,43.12733840942383,44824800
2022-02-08,49.150001525878906,50.02000045776367,48.939998626708984,49.380001068115234,43.90079116821289,49560500
2022-02-09,49.220001220703125,49.790000915527344,49.029998779296875,49.279998779296875,43.8118896484375,33861100
2022-02-10,49.68000030517578,50.11000061035156,48.7599983215332,49.04999923706055,43.60741424560547,47082800
2022-02-11,48.630001068115234,49.439998626708984,47.5,47.91999816894531,42.60279846191406,61056000
2022-02-14,48.02000045776367,48.189998626708984,46.939998626708984,47.41999816894531,42.15827941894531,44791900
2022-02-15,48.0,48.369998931884766,47.56999969482422,47.790000915527344,42.48723220825195,42397600
2022-02-16,47.439998626708984,48.2400016784668,47.310001373291016,47.68000030517578,42.389434814453125,36664600
2022-02-17,47.0,47.290000915527344,45.95000076293945,46.06999969482422,40.95808410644531,49442400
2022-02-18,46.06999969482422,46.540000915527344,45.720001220703125,45.959999084472656,40.860286712646484,37856500
2022-02-22,45.16999816894531,45.97999954223633,45.040000915527344,45.560001373291016,40.504661560058594,51905600
2022-02-23,45.95000076293945,46.11000061035156,44.56999969482422,44.779998779296875,39.81121826171875,45704900
2022-02-24,43.0,43.68000030517578,42.04999923706055,43.599998474121094,38.76214599609375,80484800
2022-02-25,43.810001373291016,45.349998474121094,43.630001068115234,45.02000045776367,40.02458953857422,68530700
2022-02-28,43.720001220703125,44.2599983215332,43.439998626708984,44.20000076293945,39.29557418823242,69955300
2022-03-01,43.709999084472656,43.7400016784668,41.93000030517578,42.470001220703125,37.75752639770508,74895600
2022-03-02,42.7400016784668,43.540000915527344,42.619998931884766,43.15999984741211,38.370975494384766,70834600
2022-03-03,43.09000015258789,43.5,42.209999084472656,42.4900016784668,37.96001052856445,48733800
2022-03-04,41.43000030517578,41.439998626708984,40.31999969482422,40.95000076293945,36.58419418334961,75572800
2022-03-07,39.93000030517578,40.11000061035156,38.209999084472656,38.34000015258789,34.25245666503906,109779000
2022-03-08,39.06999969482422,39.65999984741211,38.16999816894531,38.59000015258789,34.475799560546875,76553800
2022-03-09,40.310001373291016,41.61000061035156,40.15999984741211,41.040000915527344,36.66459655761719,78207900
2022-03-10,40.290000915527344,41.47999954223633,40.11000061035156,40.66999816894531,36.33404541015625,48804400
2022-03-11,41.040000915527344,41.380001068115234,40.290000915527344,40.33000183105469,36.03030776977539,43946600
2022-03-14,40.900001525878906,42.18000030517578,40.900001525878906,41.20000076293945,36.80754470825195,54262400
2022-03-15,41.2599983215332,41.779998779296875,40.869998931884766,41.5,37.075557708740234,41395300
2022-03-16,42.2400016784668,43.04999923706055,41.91999816894531,42.79999923706055,38.23695755004883,59477600
2022-03-17,42.40999984741211,43.040000915527344,41.83000183105469,43.029998779296875,38.442440032958984,50260200
2022-03-18,42.7599983215332,42.93000030517578,42.2599983215332,42.900001525878906,38.3263053894043,74470600
2022-03-21,43.349998474121094,43.43000030517578,42.5099983215332,42.84000015258789,38.272705078125,47106400
2022-03-22,43.81999969482422,44.630001068115234,43.70000076293945,44.18000030517578,39.469844818115234,52360600
2022-03-23,43.720001220703125,44.0099983215332,43.029998779296875,43.09000015258789,38.49604797363281,48539300
2022-03-24,43.380001068115234,43.43000030517578,42.88999938964844,43.06999969482422,38.47818374633789,30360800
2022-03-25,43.47999954223633,44.2599983215332,43.33000183105469,43.72999954223633,39.06780242919922,38968100
2022-03-28,43.709999084472656,43.75,42.83000183105469,43.54999923706055,38.90699768066406,37428600
2022-03-29,44.25,44.38999938964844,43.11000061035156,43.439998626708984,38.80872344970703,46355800
2022-03-30,43.439998626708984,43.650001525878906,42.75,43.0,38.4156494140625,36601800
2022-03-31,42.84000015258789,42.88999938964844,41.20000076293945,41.220001220703125,36.825408935546875,67902500
2022-04-01,41.689998626708984,41.7400016784668,40.349998474121094,40.900001525878906,36.53953170776367,61929200
2022-04-04,40.47999954223633,41.13999938964844,40.15999984741211,40.83000183105469,36.476985931396484,53761700
2022-04-05,40.439998626708984,40.7599983215332,40.040000915527344,40.13999938964844,35.86056137084961,51781700
2022-04-06,39.7400016784668,40.0099983215332,39.349998474121094,39.70000076293945,35.46746063232422,54159800
2022-04-07,39.88999938964844,39.97999954223633,38.849998474121094,39.38999938964844,35.19050979614258,54585000
2022-04-08,39.4900016784668,40.099998474121094,39.31999969482422,39.66999816894531,35.4406623840332,41018900
2022-04-11,39.47999954223633,40.400001525878906,39.38999938964844,39.59000015258789,35.36919403076172,34198700
2022-04-12,39.56999969482422,40.08000183105469,38.849998474121094,39.16999816894531,34.99396514892578,42855300
2022-04-13,38.5,39.0099983215332,38.36000061035156,38.81999969482422,34.681278228759766,45484200
2022-04-14,38.4900016784668,38.970001220703125,37.41999816894531,37.56999969482422,33.56454849243164,79032000
2022-04-18,37.41999816894531,39.310001373291016,37.220001220703125,38.849998474121094,34.70808410644531,80080300
2022-04-19,39.209999084472656,39.880001068115234,39.11000061035156,39.56999969482422,35.35132598876953,53714200
2022-04-20,40.150001525878906,40.369998931884766,39.61000061035156,39.65999984741211,35.43173599243164,47064300
2022-04-21,40.0,40.209999084472656,38.619998931884766,38.90999984741211,34.761680603027344,46245900
2022-04-22,38.810001373291016,38.849998474121094,37.5,37.560001373291016,33.55561447143555,50409800
2022-04-25,36.88999938964844,37.400001525878906,35.93000030517578,37.290000915527344,33.31439971923828,64301100
2022-04-26,36.880001068115234,37.540000915527344,36.41999816894531,36.45000076293945,32.56395721435547,44809900
2022-04-27,36.27000045776367,36.90999984741211,36.16999816894531,36.25,32.38528060913086,39824900
2022-04-28,36.72999954223633,36.95000076293945,36.15999984741211,36.810001373291016,32.88557434082031,39567800
2022-04-29,36.75,37.130001068115234,35.540000915527344,35.68000030517578,31.876049041748047,47385200
2022-05-02,36.029998779296875,36.279998779296875,35.400001525878906,36.13999938964844,32.2869987487793,46652200
2022-05-03,36.34000015258789,37.630001068115234,36.33000183105469,37.130001068115234,33.17145538330078,48926000
2022-05-04,37.369998931884766,38.75,37.279998779296875,38.619998931884766,34.502601623535156,57860300
2022-05-05,38.04999923706055,38.209999084472656,36.869998931884766,37.540000915527344,33.53776168823242,48860600
2022-05-06,37.369998931884766,37.619998931884766,36.61000061035156,37.45000076293945,33.45734405517578,50440100
2022-05-09,36.869998931884766,37.060001373291016,36.060001373291016,36.369998931884766,32.49248504638672,51242000
2022-05-10,36.75,37.130001068115234,35.18000030517578,35.7599983215332,31.947513580322266,60235300
2022-05-11,35.900001525878906,36.91999816894531,35.5099983215332,35.56999969482422,31.777772903442383,54969300
2022-05-12,35.0099983215332,35.43000030517578,34.2599983215332,35.06999969482422,31.331073760986328,61231500
2022-05-13,35.529998779296875,35.72999954223633,34.7599983215332,35.16999816894531,31.420419692993164,49117900
2022-05-16,35.0,35.16999816894531,34.40999984741211,34.810001373291016,31.098796844482422,39076500
2022-05-17,35.619998931884766,36.220001220703125,35.43000030517578,35.9900016784668,32.15300369262695,42635600
2022-05-18,35.619998931884766,35.689998626708984,34.599998474121094,34.880001068115234,31.161340713500977,47396900
2022-05-19,34.290000915527344,34.84000015258789,34.25,34.45000076293945,30.777183532714844,47002700
2022-05-20,34.79999923706055,34.97999954223633,32.959999084472656,33.86000061035156,30.250085830688477,62406500
2022-05-23,34.7599983215332,36.2599983215332,34.65999984741211,35.869998931884766,32.04579544067383,69081900
2022-05-24,35.470001220703125,35.959999084472656,34.959999084472656,35.650001525878906,31.84925651550293,46146700
2022-05-25,35.5,36.27000045776367,35.290000915527344,35.84000015258789,32.01898956298828,49343400
2022-05-26,36.5,36.84000015258789,36.34000015258789,36.66999816894531,32.76050567626953,60201200
2022-05-27,36.88999938964844,37.04999923706055,36.58000183105469,37.02000045776367,33.07318115234375,43365600
2022-05-31,36.81999969482422,37.529998779296875,36.61000061035156,37.20000076293945,33.23400115966797,71609200
2022-06-01,37.459999084472656,37.470001220703125,36.16999816894531,36.66999816894531,32.76050567626953,35237900
2022-06-02,36.40999984741211,36.709999084472656,36.06999969482422,36.70000076293945,32.976158142089844,35341900
2022-06-03,36.47999954223633,36.68000030517578,36.130001068115234,36.189998626708984,32.51789093017578,25235200
2022-06-06,36.70000076293945,37.209999084472656,36.099998474121094,36.150001525878906,32.48194885253906,40394000
2022-06-07,35.900001525878906,36.40999984741211,35.7400016784668,36.349998474121094,32.66166305541992,29152200
2022-06-08,35.91999816894531,36.11000061035156,35.52000045776367,35.88999938964844,32.24834442138672,33590600
2022-06-09,35.7400016784668,35.84000015258789,34.5,34.5099983215332,31.00836753845215,49419000
2022-06-10,33.68000030517578,34.040000915527344,33.02000045776367,33.16999816894531,29.8043270111084,49318200
2022-06-13,32.38999938964844,32.77000045776367,31.739999771118164,32.02000045776367,28.77101707458496,61216600
2022-06-14,31.920000076293945,32.599998474121094,31.229999542236328,31.459999084472656,28.267837524414062,49349800
2022-06-15,31.979999542236328,32.4900016784668,31.420000076293945,32.04999923706055,28.797971725463867,51540100
2022-06-16,31.5,32.0,30.860000610351562,31.850000381469727,28.618267059326172,61363400
2022-06-17,32.029998779296875,32.58000183105469,31.639999389648438,31.920000076293945,28.681161880493164,80470300
2022-06-21,32.88999938964844,33.290000915527344,32.619998931884766,32.849998474121094,29.516799926757812,53537200
2022-06-22,32.38999938964844,32.939998626708984,32.31999969482422,32.599998474121094,29.29216194152832,38305600
2022-06-23,32.380001068115234,32.40999984741211,31.260000228881836,32.08000183105469,28.824928283691406,44091500
2022-06-24,31.25,32.77000045776367,31.229999542236328,32.310001373291016,29.031593322753906,79504700
2022-06-27,32.41999816894531,32.599998474121094,31.90999984741211,32.349998474121094,29.067529678344727,47900300
2022-06-28,32.83000183105469,33.5,32.189998626708984,32.2599983215332,28.986665725708008,49863800
2022-06-29,32.22999954223633,32.439998626708984,31.65999984741211,31.860000610351562,28.62725067138672,35149700
2022-06-30,31.170000076293945,31.549999237060547,30.639999389648438,31.1299991607666,27.971323013305664,46312300
2022-07-01,30.979999542236328,31.670000076293945,30.6299991607666,31.559999465942383,28.357688903808594,40236100
2022-07-05,30.799999237060547,31.239999771118164,30.450000762939453,31.239999771118164,28.070158004760742,47411800
2022-07-06,31.010000228881836,31.25,30.639999389648438,30.979999542236328,27.8365421295166,35933700
2022-07-07,31.5,32.0099983215332,31.469999313354492,31.860000610351562,28.62725067138672,40137900
2022-07-08,32.0099983215332,32.25,31.559999465942383,31.790000915527344,28.56435775756836,31153800
2022-07-11,31.549999237060547,31.790000915527344,31.290000915527344,31.459999084472656,28.267837524414062,29311900
2022-07-12,31.020000457763672,32.029998779296875,30.979999542236328,31.360000610351562,28.1779842376709,39527000
2022-07-13,31.06999969482422,31.149999618530273,30.399999618530273,30.84000015258789,27.71074676513672,44153700
2022-07-14,30.09000015258789,30.219999313354492,29.670000076293945,30.1299991607666,27.072786331176758,51707800
2022-07-15,30.649999618530273,32.630001068115234,30.610000610351562,32.25,28.977680206298828,77801700
2022-07-18,33.08000183105469,33.380001068115234,32.099998474121094,32.2599983215332,28.986665725708008,56382900
2022-07-19,32.900001525878906,33.619998931884766,32.68000030517578,33.349998474121094,29.966064453125,46874900
2022-07-20,33.18000030517578,33.45000076293945,32.95000076293945,33.36000061035156,29.975048065185547,35514900
2022-07-21,33.09000015258789,33.66999816894531,32.95000076293945,33.650001525878906,30.23562240600586,31244000
2022-07-22,33.599998474121094,33.939998626708984,33.09000015258789,33.43000030517578,30.037944793701172,27115400
2022-07-25,33.779998779296875,33.97999954223633,33.439998626708984,33.72999954223633,30.307504653930664,30381000
2022-07-26,33.40999984741211,33.779998779296875,32.959999084472656,33.04999923706055,29.696500778198242,30645700
2022-07-27,33.2400016784668,33.77000045776367,32.95000076293945,33.59000015258789,30.181711196899414,30344800
2022-07-28,33.5,33.75,32.900001525878906,33.31999969482422,29.93910789489746,40176500
2022-07-29,33.470001220703125,33.939998626708984,33.349998474121094,33.810001373291016,30.3793888092041,48152500
2022-08-01,33.619998931884766,33.88999938964844,33.220001220703125,33.709999084472656,30.289535522460938,32336700
2022-08-02,33.599998474121094,33.720001220703125,33.0,33.040000915527344,29.687519073486328,37884100
2022-08-03,33.41999816894531,33.75,33.16999816894531,33.63999938964844,30.22663688659668,30065800
2022-08-04,33.52000045776367,33.66999816894531,33.16999816894531,33.400001525878906,30.01099395751953,28404500
2022-08-05,33.279998779296875,34.33000183105469,33.2400016784668,33.959999084472656,30.51416778564453,35874500
2022-08-08,34.16999816894531,34.290000915527344,33.45000076293945,33.4900016784668,30.09185218811035,33454300
2022-08-09,33.650001525878906,33.959999084472656,33.40999984741211,33.91999816894531,30.478225708007812,40196900
2022-08-10,34.5,35.43000030517578,34.45000076293945,35.06999969482422,31.511531829833984,61415800
2022-08-11,35.77000045776367,36.060001373291016,35.650001525878906,35.90999984741211,32.26631164550781,50420800
2022-08-12,36.15999984741211,36.310001373291016,35.689998626708984,36.29999923706055,32.61673355102539,31821700
2022-08-15,35.84000015258789,36.29999923706055,35.66999816894531,36.25,32.57181167602539,24908000
2022-08-16,36.189998626708984,36.939998626708984,36.099998474121094,36.63999938964844,32.922237396240234,31870200
2022-08-17,36.20000076293945,36.59000015258789,36.08000183105469,36.40999984741211,32.715579986572266,27125600
2022-08-18,36.25,36.400001525878906,36.0,36.279998779296875,32.598758697509766,23138300
2022-08-19,35.959999084472656,36.029998779296875,35.310001373291016,35.47999954223633,31.87993812561035,36485400
2022-08-22,34.75,34.81999969482422,34.45000076293945,34.720001220703125,31.19705581665039,31210300
2022-08-23,34.66999816894531,34.970001220703125,34.36000061035156,34.40999984741211,30.91851043701172,26588000
2022-08-24,34.25,34.79999923706055,34.04999923706055,34.52000045776367,31.017353057861328,31389400
2022-08-25,34.599998474121094,35.279998779296875,34.45000076293945,35.13999938964844,31.574438095092773,40576700
2022-08-26,35.439998626708984,35.47999954223633,34.02000045776367,34.029998779296875,30.57706642150879,36152600
2022-08-29,33.86000061035156,34.150001525878906,33.61000061035156,33.900001525878906,30.46025276184082,34931000
2022-08-30,34.18000030517578,34.279998779296875,33.540000915527344,34.09000015258789,30.6309814453125,48194900
2022-08-31,34.13999938964844,34.369998931884766,33.599998474121094,33.61000061035156,30.19968032836914,44917600
2022-09-01,33.34000015258789,33.4900016784668,32.65999984741211,33.470001220703125,30.272035598754883,32848900
2022-09-02,33.93000030517578,34.47999954223633,33.27000045776367,33.43000030517578,30.235858917236328,44000800
2022-09-06,33.63999938964844,33.72999954223633,32.61000061035156,33.060001373291016,29.90121078491211,40762400
2022-09-07,32.810001373291016,33.66999816894531,32.630001068115234,33.56999969482422,30.36248016357422,40742600
2022-09-08,33.459999084472656,34.72999954223633,33.27000045776367,34.650001525878906,31.33929443359375,44361800
2022-09-09,34.97999954223633,35.25,34.84000015258789,34.939998626708984,31.601585388183594,37295100
2022-09-12,35.20000076293945,35.630001068115234,35.029998779296875,35.27000045776367,31.900049209594727,30534000
2022-09-13,34.58000183105469,34.720001220703125,33.810001373291016,34.0,30.75139617919922,40959600
2022-09-14,34.20000076293945,34.41999816894531,33.540000915527344,33.869998931884766,30.633819580078125,32004400
2022-09-15,33.790000915527344,34.900001525878906,33.70000076293945,34.5099983215332,31.212675094604492,44863300
2022-09-16,34.189998626708984,34.22999954223633,33.65999984741211,34.119998931884766,30.85992431640625,54281800
2022-09-19,33.720001220703125,34.869998931884766,33.630001068115234,34.689998626708984,31.37546730041504,29782000
2022-09-20,34.5,34.779998779296875,33.880001068115234,34.16999816894531,30.905155181884766,33591100
2022-09-21,34.310001373291016,34.400001525878906,33.119998931884766,33.150001525878906,29.98261260986328,51667800
2022-09-22,33.310001373291016,33.41999816894531,32.38999938964844,32.5,29.39472198486328,47527500
2022-09-23,31.93000030517578,32.09000015258789,31.209999084472656,31.729999542236328,28.69828987121582,55316100
2022-09-26,31.31999969482422,31.81999969482422,30.68000030517578,31.030000686645508,28.065174102783203,40360200
2022-09-27,31.270000457763672,31.3700008392334,30.299999237060547,30.56999969482422,27.649124145507812,43396600
2022-09-28,30.530000686645508,31.309999465942383,30.389999389648438,31.06999969482422,28.101350784301758,38372900
2022-09-29,30.690000534057617,30.899999618530273,30.209999084472656,30.65999984741211,27.730527877807617,35220900
2022-09-30,30.760000228881836,31.190000534057617,30.170000076293945,30.200000762939453,27.31447982788086,42294100
2022-10-03,30.59000015258789,31.280000686645508,30.200000762939453,31.09000015258789,28.11943817138672,34591700
2022-10-04,31.719999313354492,32.52000045776367,31.65999984741211,32.380001068115234,29.28618621826172,39758700
2022-10-05,31.540000915527344,32.029998779296875,31.450000762939453,31.920000076293945,28.870136260986328,35791100
2022-10-06,31.600000381469727,31.8799991607666,31.360000610351562,31.459999084472656,28.45408821105957,40891900
2022-10-07,31.170000076293945,31.239999771118164,30.530000686645508,30.75,27.811925888061523,52304600
2022-10-10,30.899999618530273,31.049999237060547,30.350000381469727,30.65999984741211,27.730527877807617,37669100
2022-10-11,30.3700008392334,30.469999313354492,29.56999969482422,29.770000457763672,26.92556381225586,58124000
2022-10-12,29.639999389648438,30.309999465942383,29.479999542236328,29.860000610351562,27.0069637298584,36137900
2022-10-13,29.40999984741211,31.770000457763672,29.309999465942383,31.690000534057617,28.662113189697266,67671000
2022-10-14,31.809999465942383,32.630001068115234,31.56999969482422,31.700000762939453,28.671157836914062,58108500
2022-10-17,33.36000061035156,33.869998931884766,32.869998931884766,33.619998931884766,30.407703399658203,88896800
2022-10-18,34.97999954223633,35.36000061035156,34.279998779296875,34.880001068115234,31.547319412231445,81937900
2022-10-19,34.58000183105469,34.83000183105469,33.77000045776367,33.91999816894531,30.679040908813477,43139900
2022-10-20,33.97999954223633,34.630001068115234,33.59000015258789,33.70000076293945,30.480064392089844,39549100
2022-10-21,33.560001373291016,35.040000915527344,33.560001373291016,34.95000076293945,31.61062240600586,54870300
2022-10-24,35.11000061035156,35.2599983215332,34.709999084472656,35.06999969482422,31.719154357910156,33765600
2022-10-25,34.7400016784668,35.58000183105469,34.529998779296875,35.38999938964844,32.008583068847656,37132300
2022-10-26,35.41999816894531,36.09000015258789,35.349998474121094,35.70000076293945,32.288978576660156,41104600
2022-10-27,36.150001525878906,36.369998931884766,35.77000045776367,35.869998931884766,32.44272994995117,35261900
2022-10-28,36.040000915527344,36.29999923706055,35.63999938964844,36.18000030517578,32.723106384277344,31659100
2022-10-31,36.0,36.33000183105469,35.810001373291016,36.040000915527344,32.59647750854492,32565500
2022-11-01,36.439998626708984,36.7599983215332,36.11000061035156,36.20000076293945,32.74119186401367,29913200
2022-11-02,36.06999969482422,37.279998779296875,35.95000076293945,36.09000015258789,32.64170455932617,57380600
2022-11-03,35.70000076293945,36.13999938964844,35.40999984741211,35.88999938964844,32.46082305908203,30046500
2022-11-04,36.5,37.0,36.220001220703125,36.790000915527344,33.27482604980469,39369400
2022-11-07,37.0099983215332,37.34000015258789,36.72999954223633,37.0099983215332,33.47379684448242,37533700
2022-11-08,37.09000015258789,37.41999816894531,36.75,37.11000061035156,33.56424331665039,32664300
2022-11-09,36.880001068115234,36.959999084472656,36.38999938964844,36.52000045776367,33.030616760253906,30164400
2022-11-10,37.29999923706055,38.220001220703125,37.13999938964844,38.130001068115234,34.48678970336914,45702800
2022-11-11,38.189998626708984,38.599998474121094,37.970001220703125,38.40999984741211,34.74003219604492,35688700
2022-11-14,38.09000015258789,38.2599983215332,37.75,37.7599983215332,34.152137756347656,35541400
2022-11-15,38.189998626708984,38.29999923706055,37.29999923706055,37.70000076293945,34.097869873046875,46082800
2022-11-16,37.61000061035156,37.7400016784668,37.20000076293945,37.36000061035156,33.79036331176758,23813000
2022-11-17,36.880001068115234,37.20000076293945,36.560001373291016,37.16999816894531,33.61851119995117,23689700
2022-11-18,37.790000915527344,37.849998474121094,36.91999816894531,37.189998626708984,33.636600494384766,32041800
2022-11-21,37.09000015258789,37.52000045776367,37.060001373291016,37.310001373291016,33.74514389038086,27935700
2022-11-22,37.59000015258789,37.79999923706055,37.43000030517578,37.4900016784668,33.90793991088867,23499300
2022-11-23,37.4900016784668,37.65999984741211,37.369998931884766,37.61000061035156,34.016475677490234,18934700
2022-11-25,37.720001220703125,37.869998931884766,37.560001373291016,37.70000076293945,34.097869873046875,16118500
2022-11-28,37.400001525878906,37.65999984741211,36.83000183105469,36.86000061035156,33.338134765625,35428300
2022-11-29,36.97999954223633,37.150001525878906,36.720001220703125,37.0,33.46474838256836,27048800
2022-11-30,36.900001525878906,37.849998474121094,36.20000076293945,37.849998474121094,34.23353958129883,51747900
2022-12-01,37.5,37.689998626708984,36.400001525878906,36.54999923706055,33.25101852416992,46213200
2022-12-02,36.060001373291016,36.290000915527344,35.810001373291016,36.08000183105469,32.82344055175781,42295300
2022-12-05,35.810001373291016,35.88999938964844,34.13999938964844,34.470001220703125,31.358766555786133,71386600
2022-12-06,34.56999969482422,34.68000030517578,32.40999984741211,33.0,30.021442413330078,84085700
2022-12-07,32.59000015258789,32.91999816894531,32.349998474121094,32.7400016784668,29.784910202026367,49234100
2022-12-08,32.970001220703125,32.9900016784668,32.18000030517578,32.439998626708984,29.51198387145996,45491100
2022-12-09,32.11000061035156,32.599998474121094,32.08000183105469,32.380001068115234,29.45740509033203,36985500
2022-12-12,32.310001373291016,32.779998779296875,32.060001373291016,32.72999954223633,29.775814056396484,41060500
2022-12-13,33.54999923706055,33.66999816894531,32.56999969482422,32.75,29.794008255004883,54804800
2022-12-14,32.79999923706055,33.0,32.15999984741211,32.279998779296875,29.366426467895508,48819500
2022-12-15,31.75,31.989999771118164,31.489999771118164,31.770000457763672,28.902462005615234,49027600
2022-12-16,31.6200008392334,31.93000030517578,31.350000381469727,31.700000762939453,28.83877944946289,61795200
2022-12-19,31.760000228881836,32.22999954223633,31.729999542236328,32.060001373291016,29.166284561157227,38374100
2022-12-20,32.400001525878906,32.58000183105469,32.13999938964844,32.189998626708984,29.284549713134766,35561100
2022-12-21,32.52000045776367,32.869998931884766,32.40999984741211,32.68000030517578,29.73032569885254,32544000
2022-12-22,32.52000045776367,32.58000183105469,31.8700008392334,32.38999938964844,29.466501235961914,30234400
2022-12-23,32.400001525878906,32.58000183105469,32.189998626708984,32.470001220703125,29.539283752441406,21378600
2022-12-27,32.5,32.66999816894531,32.279998779296875,32.529998779296875,29.593862533569336,22776100
2022-12-28,32.56999969482422,32.970001220703125,32.529998779296875,32.77000045776367,29.812206268310547,30541000
2022-12-29,32.88999938964844,33.15999984741211,32.75,33.13999938964844,30.148807525634766,22252900
2022-12-30,33.099998474121094,33.29999923706055,32.86000061035156,33.119998931884766,30.130605697631836,28198900
2023-01-03,33.22999954223633,34.09000015258789,33.209999084472656,33.5099983215332,30.48541259765625,35221500
2023-01-04,33.900001525878906,34.81999969482422,33.83000183105469,34.13999938964844,31.05854606628418,41998500
2023-01-05,33.91999816894531,34.13999938964844,33.58000183105469,34.06999969482422,30.99486541748047,34177000
2023-01-06,34.09000015258789,34.58000183105469,33.540000915527344,34.40999984741211,31.30417823791504,34068700
2023-01-09,34.75,34.7599983215332,33.709999084472656,33.88999938964844,30.83111000061035,43818800
2023-01-10,33.7400016784668,34.27000045776367,33.63999938964844,34.119998931884766,31.040346145629883,35096000
2023-01-11,34.119998931884766,34.439998626708984,34.0,34.380001068115234,31.27688217163086,36783700
2023-01-12,34.599998474121094,34.869998931884766,34.36000061035156,34.470001220703125,31.358766555786133,44230400
2023-01-13,34.20000076293945,35.38999938964844,33.09000015258789,35.22999954223633,32.05015563964844,89667800
2023-01-17,34.689998626708984,34.83000183105469,34.150001525878906,34.52000045776367,31.404253005981445,56458400
2023-01-18,34.33000183105469,34.34000015258789,33.5099983215332,33.720001220703125,30.67645835876465,54517800
2023-01-19,33.279998779296875,33.54999923706055,32.88999938964844,33.22999954223633,30.23068618774414,42707100
2023-01-20,33.29999923706055,33.88999938964844,33.09000015258789,33.849998474121094,30.794721603393555,45004400
2023-01-23,33.810001373291016,34.5099983215332,33.75,34.31999969482422,31.222293853759766,33683300
2023-01-24,34.220001220703125,34.790000915527344,33.95000076293945,34.56999969482422,31.44974136352539,26716700
2023-01-25,34.29999923706055,34.959999084472656,34.25,34.869998931884766,31.72265625,28859700
2023-01-26,35.04999923706055,35.349998474121094,34.790000915527344,35.34000015258789,32.150230407714844,30035500
2023-01-27,35.439998626708984,35.779998779296875,35.27000045776367,35.45000076293945,32.25031661987305,29964900
2023-01-30,35.209999084472656,35.560001373291016,35.18000030517578,35.29999923706055,32.11384201049805,27353500
2023-01-31,35.16999816894531,35.47999954223633,35.0,35.47999954223633,32.2775993347168,38917400
2023-02-01,35.20000076293945,36.2599983215332,35.11000061035156,35.91999816894531,32.67788314819336,44438700
2023-02-02,36.099998474121094,36.380001068115234,35.439998626708984,36.130001068115234,32.868934631347656,33729100
2023-02-03,36.02000045776367,36.7599983215332,35.900001525878906,36.43000030517578,33.141849517822266,37411700
2023-02-06,36.25,36.439998626708984,35.97999954223633,36.369998931884766,33.08727264404297,29463200
2023-02-07,36.16999816894531,37.0,36.130001068115234,36.77000045776367,33.4511604309082,44100200
2023-02-08,36.40999984741211,36.84000015258789,36.34000015258789,36.5,33.20553970336914,28032800
2023-02-09,36.27000045776367,36.349998474121094,35.560001373291016,35.720001220703125,32.49594497680664,35257100
2023-02-10,35.54999923706055,35.59000015258789,35.029998779296875,35.58000183105469,32.368568420410156,32898900
2023-02-13,35.47999954223633,35.779998779296875,35.38999938964844,35.650001525878906,32.4322624206543,29163900
2023-02-14,35.630001068115234,35.9900016784668,35.459999084472656,35.619998931884766,32.40496063232422,33625200
2023-02-15,35.31999969482422,35.61000061035156,35.15999984741211,35.560001373291016,32.350379943847656,23500100
2023-02-16,35.41999816894531,35.65999984741211,35.220001220703125,35.279998779296875,32.09565353393555,22681100
2023-02-17,35.08000183105469,35.38999938964844,34.7400016784668,35.349998474121094,32.15932846069336,28562700
2023-02-21,34.90999984741211,35.04999923706055,34.27000045776367,34.52000045776367,31.404253005981445,37068900
2023-02-22,34.36000061035156,34.54999923706055,34.06999969482422,34.290000915527344,31.195009231567383,38550400
2023-02-23,34.400001525878906,34.599998474121094,33.86000061035156,34.2599983215332,31.167709350585938,28488000
2023-02-24,33.86000061035156,34.290000915527344,33.84000015258789,34.209999084472656,31.12222671508789,27046600
2023-02-27,34.45000076293945,34.689998626708984,34.16999816894531,34.209999084472656,31.12222671508789,30137500
2023-02-28,34.349998474121094,34.4900016784668,34.18000030517578,34.29999923706055,31.2041015625,32620600
2023-03-01,34.150001525878906,34.4900016784668,33.97999954223633,34.13999938964844,31.05854606628418,29281600
2023-03-02,33.65999984741211,33.70000076293945,33.0,33.4900016784668,30.664817810058594,44607200
2023-03-03,33.650001525878906,34.290000915527344,33.650001525878906,34.15999984741211,31.27829933166504,39109100
2023-03-06,34.2400016784668,34.560001373291016,33.9900016784668,34.09000015258789,31.214202880859375,36646700
2023-03-07,33.849998474121094,33.900001525878906,32.79999923706055,33.0,30.21615982055664,52855300
2023-03-08,32.65999984741211,32.970001220703125,32.439998626708984,32.560001373291016,29.813274383544922,40045600
2023-03-09,32.279998779296875,32.38999938964844,30.309999465942383,30.540000915527344,27.963680267333984,112457900
2023-03-10,30.31999969482422,31.040000915527344,28.920000076293945,30.270000457763672,27.716455459594727,165330900
2023-03-13,28.920000076293945,29.719999313354492,27.8700008392334,28.510000228881836,26.10492515563965,218403300
2023-03-14,29.989999771118164,30.09000015258789,28.469999313354492,28.760000228881836,26.333839416503906,154255800
2023-03-15,27.8799991607666,28.559999465942383,27.68000030517578,28.489999771118164,26.086612701416016,131104400
2023-03-16,28.3799991607666,29.469999313354492,28.110000610351562,28.969999313354492,26.526123046875,108348800
2023-03-17,28.65999984741211,28.65999984741211,27.6200008392334,27.81999969482422,25.4731388092041,130665500
2023-03-20,28.239999771118164,28.43000030517578,27.649999618530273,27.75,25.409038543701172,81441200
2023-03-21,28.6299991607666,28.979999542236328,28.510000228881836,28.59000015258789,26.178178787231445,84854800
2023-03-22,28.709999084472656,28.739999771118164,27.639999389648438,27.639999389648438,25.308317184448242,76925900
2023-03-23,28.0,28.09000015258789,26.790000915527344,26.969999313354492,24.694839477539062,105335900
2023-03-24,26.600000381469727,27.290000915527344,26.31999969482422,27.139999389648438,24.850502014160156,96872700
2023-03-27,27.93000030517578,28.649999618530273,27.90999984741211,28.489999771118164,26.086612701416016,102469800
2023-03-28,28.3799991607666,28.649999618530273,27.979999542236328,28.1200008392334,25.747827529907227,63416500
2023-03-29,28.489999771118164,28.770000457763672,28.239999771118164,28.670000076293945,26.25143051147461,62666400
2023-03-30,28.920000076293945,29.059999465942383,28.110000610351562,28.299999237060547,25.912643432617188,67427100
2023-03-31,28.6200008392334,28.68000030517578,28.260000228881836,28.600000381469727,26.18733787536621,56482100
2023-04-03,28.639999389648438,28.979999542236328,28.329999923706055,28.59000015258789,26.178178787231445,51996800
2023-04-04,28.549999237060547,28.649999618530273,27.65999984741211,27.979999542236328,25.61963653564453,56233300
2023-04-05,27.65999984741211,27.90999984741211,27.459999084472656,27.639999389648438,25.308317184448242,47799400
2023-04-06,27.719999313354492,28.010000228881836,27.6200008392334,27.84000015258789,25.49144744873047,41216600
2023-04-10,27.670000076293945,28.100000381469727,27.649999618530273,27.940000534057617,25.5830135345459,40572700
2023-04-11,28.020000457763672,28.75,27.959999084472656,28.709999084472656,26.288053512573242,58761200
2023-04-12,28.68000030517578,29.010000228881836,28.3700008392334,28.479999542236328,26.077457427978516,44313300
2023-04-13,28.559999465942383,28.639999389648438,28.239999771118164,28.559999465942383,26.150707244873047,52261400
2023-04-14,29.299999237060547,29.8700008392334,29.25,29.520000457763672,27.02972412109375,81110800
2023-04-17,29.770000457763672,30.40999984741211,29.399999618530273,30.3700008392334,27.808019638061523,83704400
2023-04-18,30.799999237060547,30.93000030517578,29.799999237060547,30.559999465942383,27.98198890686035,114498800
2023-04-19,30.1299991607666,30.200000762939453,29.790000915527344,30.059999465942383,27.524173736572266,65594200
2023-04-20,29.84000015258789,30.229999542236328,29.770000457763672,29.899999618530273,27.377670288085938,43193800
2023-04-21,29.75,29.979999542236328,29.40999984741211,29.8700008392334,27.350200653076172,44759000
2023-04-24,29.790000915527344,29.899999618530273,29.59000015258789,29.760000228881836,27.249481201171875,28020300
2023-04-25,29.450000762939453,29.530000686645508,28.81999969482422,28.84000015258789,26.407089233398438,49718800
2023-04-26,28.760000228881836,28.940000534057617,28.299999237060547,28.440000534057617,26.040836334228516,45848400
2023-04-27,28.520000457763672,29.079999923706055,28.520000457763672,28.889999389648438,26.452869415283203,33060100
2023-04-28,28.530000686645508,29.43000030517578,28.510000228881836,29.280000686645508,26.809968948364258,45592500
2023-05-01,29.5,29.540000915527344,29.0,29.040000915527344,26.590221405029297,34076800
2023-05-02,28.850000381469727,28.860000610351562,27.709999084472656,28.15999984741211,25.784452438354492,70797700
2023-05-03,28.15999984741211,28.5,27.809999465942383,27.860000610351562,25.509761810302734,51139500
2023-05-04,27.579999923706055,27.809999465942383,26.829999923706055,26.989999771118164,24.713151931762695,82173800
2023-05-05,27.6200008392334,27.889999389648438,27.469999313354492,27.709999084472656,25.372413635253906,50087100
2023-05-08,28.079999923706055,28.149999618530273,27.65999984741211,27.690000534057617,25.35410499572754,34245500
2023-05-09,27.420000076293945,27.829999923706055,27.239999771118164,27.65999984741211,25.32663345336914,32188800
2023-05-10,27.959999084472656,28.0,27.020000457763672,27.31999969482422,25.015310287475586,44446400
2023-05-11,27.010000228881836,27.489999771118164,26.8799991607666,27.389999389648438,25.079410552978516,34897300
2023-05-12,27.520000457763672,27.549999237060547,26.8799991607666,27.09000015258789,24.804716110229492,38142000
2023-05-15,27.100000381469727,27.81999969482422,27.030000686645508,27.649999618530273,25.31747817993164,38722800
2023-05-16,27.780000686645508,27.899999618530273,27.329999923706055,27.360000610351562,25.051939010620117,33347500
2023-05-17,27.739999771118164,28.670000076293945,27.729999542236328,28.56999969482422,26.159866333007812,61750400
2023-05-18,28.440000534057617,28.5,28.0,28.469999313354492,26.06829833984375,51146100
2023-05-19,28.459999084472656,28.670000076293945,28.030000686645508,28.110000610351562,25.738670349121094,50062500
2023-05-22,28.299999237060547,28.450000762939453,28.010000228881836,28.34000015258789,25.949268341064453,36473700
2023-05-23,28.31999969482422,29.079999923706055,28.299999237060547,28.579999923706055,26.169021606445312,51400400
2023-05-24,28.329999923706055,28.510000228881836,28.0,28.100000381469727,25.729516983032227,50606900
2023-05-25,27.989999771118164,28.239999771118164,27.8799991607666,28.170000076293945,25.79361343383789,40517800
2023-05-26,28.200000762939453,28.399999618530273,27.790000915527344,28.309999465942383,25.921798706054688,57879100
2023-05-30,28.31999969482422,28.489999771118164,27.950000762939453,28.260000228881836,25.876018524169922,41819600
2023-05-31,28.100000381469727,28.15999984741211,27.479999542236328,27.790000915527344,25.44567108154297,61905200
2023-06-01,27.760000228881836,27.979999542236328,27.34000015258789,27.780000686645508,25.639488220214844,57426100
2023-06-02,28.15999984741211,28.950000762939453,28.1200008392334,28.709999084472656,26.497827529907227,66578100
2023-06-05,28.81999969482422,28.81999969482422,28.299999237060547,28.540000915527344,26.340927124023438,34757800
2023-06-06,28.459999084472656,29.43000030517578,28.450000762939453,29.229999542236328,26.977760314941406,46297900
2023-06-07,29.299999237060547,29.649999618530273,29.010000228881836,29.479999542236328,27.208494186401367,44502600
2023-06-08,29.280000686645508,29.3799991607666,28.989999771118164,29.229999542236328,26.977760314941406,41483100
2023-06-09,29.200000762939453,29.399999618530273,29.079999923706055,29.270000457763672,27.014677047729492,32692000
2023-06-12,29.299999237060547,29.559999465942383,28.90999984741211,29.1299991607666,26.885467529296875,41011300
2023-06-13,29.1299991607666,29.799999237060547,29.030000686645508,29.399999618530273,27.134660720825195,42718800
2023-06-14,29.56999969482422,29.729999542236328,28.989999771118164,29.1200008392334,26.876235961914062,38322800
2023-06-15,28.899999618530273,29.469999313354492,28.690000534057617,29.3700008392334,27.10697364807129,42044900
2023-06-16,29.530000686645508,29.68000030517578,29.15999984741211,29.190000534057617,26.940841674804688,53050200
2023-06-20,29.010000228881836,29.040000915527344,28.579999923706055,28.8700008392334,26.645498275756836,39040900
2023-06-21,28.780000686645508,29.0,28.540000915527344,28.56999969482422,26.36861228942871,39553400
2023-06-22,28.5,28.530000686645508,27.899999618530273,27.959999084472656,25.805614471435547,50742900
2023-06-23,27.739999771118164,27.889999389648438,27.59000015258789,27.75,25.61179542541504,55181100
2023-06-26,27.799999237060547,28.280000686645508,27.790000915527344,28.09000015258789,25.92559814453125,47519300
2023-06-27,28.100000381469727,28.399999618530273,27.950000762939453,28.239999771118164,26.064041137695312,39081800
2023-06-28,28.25,28.270000457763672,27.899999618530273,28.06999969482422,25.90713882446289,37803800
2023-06-29,28.5,29.0,28.399999618530273,28.65999984741211,26.451679229736328,68376400
2023-06-30,28.940000534057617,29.110000610351562,28.670000076293945,28.690000534057617,26.479368209838867,50479000
2023-07-03,28.700000762939453,29.350000381469727,28.649999618530273,29.200000762939453,26.950069427490234,30995800
2023-07-05,29.139999389648438,29.420000076293945,28.950000762939453,29.079999923706055,26.839319229125977,37492000
2023-07-06,28.799999237060547,28.81999969482422,28.100000381469727,28.280000686645508,26.10095977783203,52098000
2023-07-07,28.299999237060547,28.81999969482422,28.290000915527344,28.530000686645508,26.331693649291992,34288000
2023-07-10,28.59000015258789,28.850000381469727,28.469999313354492,28.65999984741211,26.451679229736328,36086000
2023-07-11,28.65999984741211,29.079999923706055,28.420000076293945,29.020000457763672,26.783937454223633,40978700
2023-07-12,29.510000228881836,29.889999389648438,29.270000457763672,29.360000610351562,27.097745895385742,41855500
2023-07-13,29.520000457763672,29.8700008392334,29.40999984741211,29.670000076293945,27.383853912353516,39589000
2023-07-14,30.0,30.100000381469727,29.049999237060547,29.110000610351562,26.867006301879883,58720300
2023-07-17,29.149999618530273,29.559999465942383,29.1200008392334,29.399999618530273,27.134660720825195,49477200
2023-07-18,30.0,30.860000610351562,29.920000076293945,30.700000762939453,28.33449363708496,98253800
2023-07-19,30.889999389648438,31.700000762939453,30.690000534057617,31.530000686645508,29.10053825378418,70619800
2023-07-20,31.329999923706055,31.799999237060547,31.260000228881836,31.690000534057617,29.248210906982422,42128800
2023-07-21,31.8700008392334,32.11000061035156,31.420000076293945,31.979999542236328,29.5158634185791,70872400
2023-07-24,32.0,32.849998474121094,31.979999542236328,32.650001525878906,30.134244918823242,64548600
2023-07-25,32.7599983215332,32.790000915527344,32.06999969482422,32.150001525878906,29.672765731811523,51208800
2023-07-26,32.2400016784668,32.540000915527344,32.150001525878906,32.40999984741211,29.912729263305664,41814600
2023-07-27,32.43000030517578,32.7400016784668,31.81999969482422,31.950000762939453,29.488178253173828,45529500
2023-07-28,32.150001525878906,32.15999984741211,31.709999084472656,31.899999618530273,29.44202995300293,33296500
2023-07-31,31.899999618530273,32.25,31.780000686645508,32.0,29.534320831298828,29093400
2023-08-01,31.84000015258789,31.940000534057617,31.420000076293945,31.6200008392334,29.183603286743164,32712000
2023-08-02,31.15999984741211,31.280000686645508,30.780000686645508,31.190000534057617,28.7867374420166,38855100
2023-08-03,30.940000534057617,31.549999237060547,30.8799991607666,31.40999984741211,28.989788055419922,27933400
2023-08-04,31.360000610351562,31.670000076293945,31.170000076293945,31.299999237060547,28.888261795043945,30768100
2023-08-07,31.40999984741211,31.899999618530273,31.40999984741211,31.8799991607666,29.423568725585938,31745200
2023-08-08,31.299999237060547,31.309999465942383,30.479999542236328,31.270000457763672,28.860570907592773,45951800
2023-08-09,31.219999313354492,31.280000686645508,30.829999923706055,30.860000610351562,28.482166290283203,30732100
2023-08-10,31.010000228881836,31.31999969482422,30.799999237060547,30.940000534057617,28.555997848510742,26062600
2023-08-11,30.799999237060547,31.399999618530273,30.75,31.290000915527344,28.8790283203125,35720700
2023-08-14,31.049999237060547,31.110000610351562,30.75,30.93000030517578,28.546768188476562,32563700
2023-08-15,30.5,30.549999237060547,29.84000015258789,29.940000534057617,27.633054733276367,43406100
2023-08-16,29.75,29.84000015258789,29.209999084472656,29.290000915527344,27.033132553100586,47220400
2023-08-17,29.440000534057617,29.540000915527344,29.110000610351562,29.280000686645508,27.023908615112305,37202200
2023-08-18,29.040000915527344,29.350000381469727,28.979999542236328,29.110000610351562,26.867006301879883,31430400
2023-08-21,29.219999313354492,29.299999237060547,28.799999237060547,29.149999618530273,26.903928756713867,34959000
2023-08-22,29.1299991607666,29.239999771118164,28.420000076293945,28.440000534057617,26.248632431030273,37564200
2023-08-23,28.450000762939453,28.510000228881836,28.18000030517578,28.450000762939453,26.25786018371582,44686600
2023-08-24,28.399999618530273,28.790000915527344,28.3700008392334,28.6200008392334,26.414758682250977,31934800
2023-08-25,28.639999389648438,28.790000915527344,28.299999237060547,28.5,26.304006576538086,34253200
2023-08-28,28.690000534057617,29.0,28.56999969482422,28.760000228881836,26.54397201538086,33075200
2023-08-29,28.889999389648438,29.260000228881836,28.719999313354492,29.170000076293945,26.922382354736328,30428200
2023-08-30,29.219999313354492,29.270000457763672,28.93000030517578,29.040000915527344,26.802398681640625,33366400
2023-08-31,28.93000030517578,28.969999313354492,28.530000686645508,28.670000076293945,26.681413650512695,37243000
2023-09-01,28.760000228881836,29.1299991607666,28.760000228881836,28.979999542236328,26.96991729736328,35228600
2023-09-05,28.940000534057617,29.1200008392334,28.5,28.649999618530273,26.662803649902344,46543600
2023-09-06,28.399999618530273,28.559999465942383,28.1200008392334,28.389999389648438,26.42083740234375,45022600
2023-09-07,28.40999984741211,28.549999237060547,28.059999465942383,28.1299991607666,26.178869247436523,35023600
2023-09-08,28.1200008392334,28.3799991607666,27.959999084472656,28.360000610351562,26.39292335510254,36513900
2023-09-11,28.510000228881836,28.760000228881836,28.399999618530273,28.479999542236328,26.504594802856445,34168300
2023-09-12,28.459999084472656,29.139999389648438,28.399999618530273,28.969999313354492,26.96060562133789,42284000
2023-09-13,29.1200008392334,29.190000534057617,28.700000762939453,28.8799991607666,26.876846313476562,37215700
2023-09-14,29.170000076293945,29.440000534057617,29.100000381469727,29.200000762939453,27.17465591430664,44634800
2023-09-15,28.950000762939453,29.09000015258789,28.75,28.84000015258789,26.839624404907227,61661100
2023-09-18,28.799999237060547,28.799999237060547,28.489999771118164,28.760000228881836,26.76517105102539,25752300
2023-09-19,28.760000228881836,28.940000534057617,28.510000228881836,28.649999618530273,26.662803649902344,34888100
2023-09-20,28.809999465942383,28.969999313354492,28.530000686645508,28.549999237060547,26.56973648071289,26641100
2023-09-21,28.360000610351562,28.59000015258789,28.020000457763672,28.049999237060547,26.104419708251953,39906000
2023-09-22,28.06999969482422,28.190000534057617,27.600000381469727,27.639999389648438,25.722856521606445,41284400
2023-09-25,27.5,27.6200008392334,27.350000381469727,27.600000381469727,25.68563461303711,32749200
2023-09-26,27.34000015258789,27.5,27.010000228881836,27.170000076293945,25.28545570373535,42237400
2023-09-27,27.229999542236328,27.610000610351562,27.06999969482422,27.270000457763672,25.378524780273438,38296300
2023-09-28,27.170000076293945,27.639999389648438,27.170000076293945,27.559999465942383,25.648405075073242,36734300
2023-09-29,27.889999389648438,27.989999771118164,27.270000457763672,27.3799991607666,25.480894088745117,40645900
2023-10-02,27.270000457763672,27.360000610351562,26.579999923706055,26.700000762939453,24.84805679321289,50388600
2023-10-03,26.489999771118164,26.520000457763672,25.81999969482422,25.90999984741211,24.112852096557617,62144500
2023-10-04,25.8799991607666,26.010000228881836,25.579999923706055,25.940000534057617,24.140771865844727,55696400
2023-10-05,25.780000686645508,26.09000015258789,25.559999465942383,26.059999465942383,24.252445220947266,49044100
2023-10-06,25.770000457763672,26.229999542236328,25.469999313354492,26.06999969482422,24.261754989624023,58177300
2023-10-09,25.760000228881836,26.360000610351562,25.719999313354492,26.309999465942383,24.485111236572266,39953700
2023-10-10,26.610000610351562,27.299999237060547,26.56999969482422,27.010000228881836,25.136558532714844,51960100
2023-10-11,27.170000076293945,27.440000534057617,26.899999618530273,27.020000457763672,25.145862579345703,38508200
2023-10-12,26.969999313354492,27.079999923706055,26.610000610351562,26.899999618530273,25.0341854095459,44249800
2023-10-13,27.43000030517578,27.719999313354492,26.520000457763672,26.760000228881836,24.90389633178711,55089700
2023-10-16,27.15999984741211,27.18000030517578,26.770000457763672,26.989999771118164,25.117942810058594,56817500
2023-10-17,27.049999237060547,27.8700008392334,26.719999313354492,27.6200008392334,25.70424461364746,95344200
2023-10-18,27.540000915527344,28.040000915527344,27.209999084472656,27.309999465942383,25.415746688842773,68371100
2023-10-19,27.25,27.780000686645508,26.8799991607666,26.959999084472656,25.090023040771484,58611000
2023-10-20,26.799999237060547,26.940000534057617,26.239999771118164,26.309999465942383,24.485111236572266,62058400
2023-10-23,26.1299991607666,26.209999084472656,25.520000457763672,25.56999969482422,23.796436309814453,59857200
2023-10-24,25.739999771118164,25.8700008392334,25.399999618530273,25.469999313354492,23.703372955322266,55975700
2023-10-25,25.3799991607666,25.649999618530273,25.18000030517578,25.549999237060547,23.77782440185547,45522400
2023-10-26,25.489999771118164,26.360000610351562,25.440000534057617,26.1200008392334,24.308286666870117,60921000
2023-10-27,26.06999969482422,26.06999969482422,24.959999084472656,25.170000076293945,23.42418098449707,64709300
2023-10-30,25.31999969482422,25.780000686645508,25.280000686645508,25.690000534057617,23.908113479614258,41891900
2023-10-31,25.739999771118164,26.3799991607666,25.719999313354492,26.34000015258789,24.513029098510742,50106700
2023-11-01,26.440000534057617,26.6200008392334,26.149999618530273,26.399999618530273,24.568866729736328,44046300
2023-11-02,26.709999084472656,27.65999984741211,26.59000015258789,27.6200008392334,25.70424461364746,63278300
2023-11-03,28.15999984741211,28.93000030517578,28.1299991607666,28.420000076293945,26.44875717163086,62613600
2023-11-06,28.559999465942383,28.770000457763672,28.020000457763672,28.329999923706055,26.364999771118164,45548000
2023-11-07,28.049999237060547,28.260000228881836,27.950000762939453,28.15999984741211,26.206789016723633,33081900
2023-11-08,28.15999984741211,28.200000762939453,27.670000076293945,27.889999389648438,25.955514907836914,31896000
2023-11-09,28.06999969482422,28.079999923706055,27.399999618530273,27.530000686645508,25.62049102783203,32267900
2023-11-10,27.760000228881836,27.770000457763672,27.34000015258789,27.68000030517578,25.760086059570312,32858500
2023-11-13,27.540000915527344,27.850000381469727,27.420000076293945,27.700000762939453,25.77869415283203,28521800
2023-11-14,28.5,29.40999984741211,28.469999313354492,29.219999313354492,27.193269729614258,66676300
2023-11-15,29.200000762939453,29.729999542236328,29.200000762939453,29.6200008392334,27.565523147583008,46968900
2023-11-16,29.43000030517578,29.700000762939453,29.219999313354492,29.540000915527344,27.491071701049805,36952800
2023-11-17,29.709999084472656,30.0,29.549999237060547,29.979999542236328,27.90055274963379,38493300
2023-11-20,29.979999542236328,30.25,29.75,30.010000228881836,27.928470611572266,46783400
2023-11-21,29.989999771118164,29.989999771118164,29.549999237060547,29.65999984741211,27.602746963500977,41611900
2023-11-22,29.739999771118164,29.790000915527344,29.520000457763672,29.6299991607666,27.574827194213867,41422700
2023-11-24,29.479999542236328,29.889999389648438,29.479999542236328,29.729999542236328,27.667892456054688,15815600
2023-11-27,29.600000381469727,29.690000534057617,29.510000228881836,29.559999465942383,27.50968360900879,42039500
2023-11-28,29.530000686645508,29.649999618530273,29.31999969482422,29.530000686645508,27.481765747070312,29705800
2023-11-29,29.8799991607666,30.610000610351562,29.809999465942383,30.309999465942383,28.207660675048828,57954900
2023-11-30,30.209999084472656,30.549999237060547,30.040000915527344,30.489999771118164,28.601652145385742,52547700
2023-12-01,30.399999618530273,31.049999237060547,30.350000381469727,30.959999084472656,29.04254150390625,46133300
2023-12-04,30.530000686645508,31.0,30.520000457763672,30.81999969482422,28.911212921142578,37811300
2023-12-05,30.68000030517578,30.790000915527344,30.329999923706055,30.579999923706055,28.686079025268555,45723100
2023-12-06,30.780000686645508,31.520000457763672,30.440000534057617,30.530000686645508,28.639175415039062,49803100
2023-12-07,30.59000015258789,30.93000030517578,30.540000915527344,30.65999984741211,28.76112174987793,32699600
2023-12-08,30.670000076293945,31.139999389648438,30.610000610351562,30.959999084472656,29.04254150390625,34794300
2023-12-11,30.920000076293945,31.079999923706055,30.709999084472656,30.850000381469727,28.939355850219727,32254000
2023-12-12,30.770000457763672,30.860000610351562,30.450000762939453,30.739999771118164,28.836172103881836,34566700
2023-12-13,30.75,32.130001068115234,30.6299991607666,32.040000915527344,30.05565643310547,60311100
2023-12-14,32.619998931884766,34.06999969482422,32.56999969482422,33.939998626708984,31.83797836303711,107190000
2023-12-15,33.81999969482422,34.02000045776367,33.290000915527344,33.599998474121094,31.51903533935547,83771800
2023-12-18,33.709999084472656,33.790000915527344,33.40999984741211,33.43000030517578,31.35956382751465,40694700
2023-12-19,33.029998779296875,33.66999816894531,32.79999923706055,33.5099983215332,31.434608459472656,44534800
2023-12-20,33.380001068115234,33.709999084472656,32.95000076293945,32.97999954223633,30.937437057495117,44711400
2023-12-21,33.2400016784668,33.45000076293945,32.88999938964844,33.20000076293945,31.143810272216797,32325700
2023-12-22,33.209999084472656,33.66999816894531,33.20000076293945,33.43000030517578,31.35956382751465,37265900
2023-12-26,33.45000076293945,33.959999084472656,33.369998931884766,33.86000061035156,31.762941360473633,24845400
2023-12-27,33.79999923706055,33.95000076293945,33.65999984741211,33.84000015258789,31.74418067932129,24498600
2023-12-28,33.81999969482422,33.970001220703125,33.77000045776367,33.880001068115234,31.781702041625977,21799600
2023-12-29,33.939998626708984,33.9900016784668,33.54999923706055,33.66999816894531,31.584701538085938,28060700
2024-01-02,33.38999938964844,34.06999969482422,33.27000045776367,33.900001525878906,31.800464630126953,36668600
2024-01-03,33.650001525878906,33.77000045776367,33.2400016784668,33.529998779296875,31.45337677001953,45988700
2024-01-04,33.56999969482422,34.310001373291016,33.540000915527344,33.79999923706055,31.706655502319336,39834600
2024-01-05,33.79999923706055,34.689998626708984,33.709999084472656,34.43000030517578,32.29763412475586,49242400
2024-01-08,34.29999923706055,34.29999923706055,33.63999938964844,34.15999984741211,32.04436111450195,40253900
2024-01-09,33.81999969482422,33.84000015258789,33.5099983215332,33.630001068115234,31.54718589782715,39268800
2024-01-10,33.5,33.630001068115234,33.2400016784668,33.599998474121094,31.51903533935547,34904000
2024-01-11,33.36000061035156,33.5,32.779998779296875,33.150001525878906,31.09691619873047,48790600
2024-01-12,32.25,33.189998626708984,31.959999084472656,32.79999923706055,30.768587112426758,74344300
2024-01-16,32.40999984741211,32.5099983215332,31.81999969482422,32.119998931884766,30.13069725036621,58420800
2024-01-17,31.719999313354492,31.989999771118164,31.270000457763672,31.799999237060547,29.830516815185547,48811300
2024-01-18,31.75,31.770000457763672,31.399999618530273,31.729999542236328,29.764850616455078,35484400
2024-01-19,31.799999237060547,32.22999954223633,31.56999969482422,32.220001220703125,30.224506378173828,49493600
2024-01-22,32.36000061035156,32.9900016784668,32.31999969482422,32.54999923706055,30.534067153930664,43903400
2024-01-23,32.540000915527344,32.81999969482422,32.38999938964844,32.77000045776367,30.740446090698242,30003400
2024-01-24,33.029998779296875,33.34000015258789,32.90999984741211,32.97999954223633,30.937437057495117,36403900
2024-01-25,33.209999084472656,33.45000076293945,32.83000183105469,33.38999938964844,31.322044372558594,46204000
2024-01-26,33.400001525878906,33.66999816894531,33.31999969482422,33.43000030517578,31.35956382751465,30839800
2024-01-29,33.400001525878906,33.650001525878906,33.2400016784668,33.61000061035156,31.528417587280273,30269300
2024-01-30,33.900001525878906,34.88999938964844,33.84000015258789,34.790000915527344,32.63534164428711,60315700
2024-01-31,34.56999969482422,35.099998474121094,34.0,34.0099983215332,31.903650283813477,54716000
2024-02-01,33.93000030517578,34.25,32.93000030517578,33.54999923706055,31.47213363647461,57084800
2024-02-02,33.369998931884766,33.709999084472656,33.16999816894531,33.470001220703125,31.39708709716797,40416000
2024-02-05,33.11000061035156,33.290000915527344,32.86000061035156,32.9900016784668,30.946823120117188,43573000
2024-02-06,32.91999816894531,33.36000061035156,32.880001068115234,33.040000915527344,30.993717193603516,27188000
2024-02-07,33.060001373291016,33.2599983215332,32.630001068115234,33.18000030517578,31.125051498413086,29660100
2024-02-08,33.04999923706055,33.279998779296875,32.79999923706055,33.119998931884766,31.068767547607422,36852200
2024-02-09,33.099998474121094,33.25,32.84000015258789,33.06999969482422,31.02186393737793,36176000
2024-02-12,33.0,33.970001220703125,32.97999954223633,33.619998931884766,31.537797927856445,34160400
2024-02-13,33.119998931884766,33.310001373291016,32.349998474121094,32.75,30.721681594848633,43801500
2024-02-14,32.97999954223633,33.18000030517578,32.869998931884766,33.130001068115234,31.07814598083496,27833900
2024-02-15,33.31999969482422,34.2400016784668,33.31999969482422,34.06999969482422,31.959932327270508,41683100
2024-02-16,33.91999816894531,34.150001525878906,32.4900016784668,34.09000015258789,31.978696823120117,33290700
2024-02-20,33.779998779296875,34.09000015258789,33.77000045776367,33.959999084472656,31.856746673583984,30372900
2024-02-21,33.36000061035156,33.7400016784668,33.16999816894531,33.70000076293945,31.612844467163086,37847100
2024-02-22,33.369998931884766,34.06999969482422,33.369998931884766,33.61000061035156,31.528417587280273,42756900
2024-02-23,33.72999954223633,34.04999923706055,33.4900016784668,33.91999816894531,31.81922149658203,30586000
2024-02-26,33.790000915527344,34.220001220703125,33.529998779296875,33.61000061035156,31.528417587280273,31129200
2024-02-27,33.72999954223633,34.43000030517578,33.709999084472656,34.279998779296875,32.156925201416016,40536300
2024-02-28,34.220001220703125,34.599998474121094,34.11000061035156,34.310001373291016,32.18506622314453,39548600
2024-02-29,34.33000183105469,34.650001525878906,34.150001525878906,34.52000045776367,32.61016845703125,43863400
2024-03-01,34.529998779296875,34.650001525878906,34.029998779296875,34.349998474121094,32.4495735168457,38432300
2024-03-04,34.290000915527344,35.41999816894531,34.25,35.150001525878906,33.20531463623047,49136400
2024-03-05,34.93000030517578,35.720001220703125,34.869998931884766,35.38999938964844,33.432037353515625,47591600
2024-03-06,35.650001525878906,35.790000915527344,35.06999969482422,35.41999816894531,33.46037292480469,49149700
2024-03-07,35.599998474121094,35.900001525878906,35.25,35.630001068115234,33.65876007080078,35900700
2024-03-08,35.869998931884766,36.130001068115234,35.5,35.599998474121094,33.63042068481445,42769900
2024-03-11,35.38999938964844,35.93000030517578,35.27000045776367,35.88999938964844,33.90437316894531,34131500
2024-03-12,35.900001525878906,36.150001525878906,35.779998779296875,35.959999084472656,33.97050476074219,29260400
2024-03-13,35.959999084472656,36.45000076293945,35.959999084472656,36.08000183105469,34.083858489990234,38289600
2024-03-14,35.91999816894531,36.220001220703125,35.47999954223633,35.689998626708984,33.71543502807617,40178100
2024-03-15,35.279998779296875,36.0099983215332,35.2400016784668,35.40999984741211,33.450923919677734,69646400
2024-03-18,35.65999984741211,36.09000015258789,35.38999938964844,36.0099983215332,34.01773452758789,50617900
2024-03-19,35.88999938964844,36.38999938964844,35.849998474121094,36.029998779296875,34.03662872314453,46113800
2024-03-20,35.84000015258789,36.880001068115234,35.72999954223633,36.75,34.716796875,40519000
2024-03-21,36.93000030517578,37.599998474121094,36.880001068115234,37.5099983215332,35.43474578857422,43219500
2024-03-22,37.40999984741211,37.61000061035156,37.0,37.04999923706055,35.00019836425781,29001100
2024-03-25,37.099998474121094,37.279998779296875,36.84000015258789,36.86000061035156,34.82070541381836,30480200
2024-03-26,37.0,37.2400016784668,36.79999923706055,37.09000015258789,35.037986755371094,33673400
2024-03-27,37.25,37.849998474121094,37.2400016784668,37.810001373291016,35.71815490722656,36350200
2024-03-28,37.720001220703125,38.0,37.41999816894531,37.91999816894531,35.82206344604492,42262500
2024-04-01,37.939998626708984,38.349998474121094,37.439998626708984,37.52000045776367,35.44419479370117,33908000
2024-04-02,37.189998626708984,37.58000183105469,37.15999984741211,37.29999923706055,35.236358642578125,34806800
2024-04-03,37.400001525878906,38.02000045776367,37.27000045776367,37.439998626708984,35.368614196777344,33338500
2024-04-04,37.70000076293945,37.959999084472656,36.869998931884766,36.91999816894531,34.877384185791016,42888200
2024-04-05,36.810001373291016,37.34000015258789,36.72999954223633,37.11000061035156,35.056884765625,30823500
2024-04-08,37.20000076293945,37.58000183105469,37.130001068115234,37.5,35.42530059814453,29470300
2024-04-09,37.5099983215332,37.77000045776367,37.20000076293945,37.72999954223633,35.64257049560547,30967300
2024-04-10,37.18000030517578,37.22999954223633,36.54999923706055,36.650001525878906,34.62232971191406,37610700
2024-04-11,36.75,36.75,36.04999923706055,36.349998474121094,34.338924407958984,38604000
2024-04-12,35.810001373291016,36.09000015258789,35.529998779296875,35.790000915527344,33.80990982055664,47126100
2024-04-15,36.33000183105469,36.7599983215332,35.7599983215332,35.95000076293945,33.9610595703125,44392000
2024-04-16,36.099998474121094,36.16999816894531,34.150001525878906,34.68000030517578,32.761322021484375,95566100
2024-04-17,34.88999938964844,35.75,34.75,35.22999954223633,33.2808952331543,65951400
2024-04-18,35.540000915527344,35.9900016784668,35.18000030517578,35.77000045776367,33.791011810302734,44506200
2024-04-19,36.099998474121094,37.119998931884766,36.060001373291016,36.970001220703125,34.924625396728516,56273700
2024-04-22,37.0,37.90999984741211,36.869998931884766,37.72999954223633,35.64257049560547,43867100
2024-04-23,37.939998626708984,38.41999816894531,37.83000183105469,38.369998931884766,36.24716567993164,39180300
2024-04-24,38.02000045776367,38.4900016784668,38.0,38.31999969482422,36.199928283691406,28670600
2024-04-25,37.93000030517578,38.27000045776367,37.380001068115234,37.90999984741211,35.812618255615234,41116000
2024-04-26,37.93000030517578,38.310001373291016,37.779998779296875,37.83000183105469,35.737037658691406,28668700
2024-04-29,37.84000015258789,38.060001373291016,37.45000076293945,37.54999923706055,35.4725341796875,26438800
2024-04-30,37.349998474121094,37.66999816894531,36.97999954223633,37.0099983215332,34.96240997314453,30283800
2024-05-01,37.209999084472656,37.5099983215332,36.77000045776367,36.95000076293945,34.90572738647461,32272000
2024-05-02,37.369998931884766,37.4900016784668,36.650001525878906,36.880001068115234,34.839603424072266,34860300
2024-05-03,37.25,37.529998779296875,37.08000183105469,37.25,35.18912887573242,34082700
2024-05-06,37.65999984741211,37.790000915527344,37.36000061035156,37.689998626708984,35.60478973388672,28422300
2024-05-07,37.70000076293945,38.150001525878906,37.70000076293945,37.84000015258789,35.74649429321289,29119500
2024-05-08,37.70000076293945,37.81999969482422,37.52000045776367,37.709999084472656,35.623680114746094,32803300
2024-05-09,37.529998779296875,38.41999816894531,37.459999084472656,38.279998779296875,36.16215133666992,26855400
2024-05-10,38.47999954223633,38.779998779296875,38.33000183105469,38.45000076293945,36.32274627685547,27359100
2024-05-13,38.619998931884766,38.779998779296875,38.18000030517578,38.209999084472656,36.09601593017578,24060600
2024-05-14,38.400001525878906,38.790000915527344,38.369998931884766,38.4900016784668,36.360530853271484,27594800
2024-05-15,38.79999923706055,39.2400016784668,38.779998779296875,38.90999984741211,36.75728988647461,34084400
2024-05-16,38.91999816894531,39.36000061035156,38.709999084472656,39.220001220703125,37.05014419555664,32554200
2024-05-17,39.45000076293945,39.4900016784668,39.15999984741211,39.290000915527344,37.11626434326172,25537300
2024-05-20,39.2599983215332,39.470001220703125,38.790000915527344,38.81999969482422,36.67227554321289,28369800
2024-05-21,38.77000045776367,39.75,38.77000045776367,39.650001525878906,37.456356048583984,31799200
2024-05-22,39.40999984741211,39.810001373291016,39.34000015258789,39.7599983215332,37.560264587402344,42837600
2024-05-23,39.77000045776367,39.84000015258789,38.939998626708984,39.16999816894531,37.00291061401367,39033900
2024-05-24,39.15999984741211,39.779998779296875,39.06999969482422,39.70000076293945,37.50358581542969,22166300
2024-05-28,39.650001525878906,39.7400016784668,39.11000061035156,39.31999969482422,37.14460754394531,31217900
2024-05-29,38.84000015258789,38.900001525878906,38.560001373291016,38.720001220703125,36.57780456542969,26677500
2024-05-30,38.72999954223633,39.119998931884766,37.59000015258789,38.630001068115234,36.49279022216797,50989100
2024-05-31,38.70000076293945,40.08000183105469,38.65999984741211,39.9900016784668,37.77753829956055,58188400
2024-06-03,40.040000915527344,40.189998626708984,39.36000061035156,39.880001068115234,37.67362594604492,31898600
2024-06-04,39.619998931884766,40.13999938964844,39.41999816894531,39.68000030517578,37.48469543457031,26974200
2024-06-05,39.81999969482422,39.9900016784668,39.52000045776367,39.959999084472656,37.74919891357422,34140300
2024-06-06,39.90999984741211,40.0,39.41999816894531,39.70000076293945,37.50358581542969,38676400
2024-06-07,39.279998779296875,39.959999084472656,39.279998779296875,39.779998779296875,37.807716369628906,25928700
2024-06-10,39.58000183105469,39.84000015258789,39.209999084472656,39.66999816894531,37.70317077636719,37176200
2024-06-11,39.33000183105469,39.349998474121094,38.459999084472656,38.86000061035156,36.9333381652832,44629000
2024-06-12,39.79999923706055,39.880001068115234,39.099998474121094,39.40999984741211,37.45606231689453,38964700
2024-06-13,39.290000915527344,39.349998474121094,38.93000030517578,39.2599983215332,37.313507080078125,40018700
2024-06-14,39.099998474121094,39.47999954223633,38.90999984741211,39.2400016784668,37.29449462890625,32347900
2024-06-17,39.09000015258789,39.529998779296875,38.97999954223633,39.5099983215332,37.55110168457031,26135400
2024-06-18,39.560001373291016,40.02000045776367,39.459999084472656,39.9900016784668,38.007301330566406,30804500
2024-06-20,39.779998779296875,40.310001373291016,39.75,39.9900016784668,38.007301330566406,29383300
2024-06-21,39.849998474121094,39.90999984741211,39.369998931884766,39.4900016784668,37.532100677490234,72244900
2024-06-24,39.77000045776367,40.34000015258789,39.650001525878906,40.02000045776367,38.035823822021484,31064900
2024-06-25,39.779998779296875,40.06999969482422,39.349998474121094,39.380001068115234,37.427547454833984,30596000
2024-06-26,39.16999816894531,39.349998474121094,38.470001220703125,39.0,37.0663948059082,44310200
2024-06-27,38.70000076293945,39.349998474121094,38.34000015258789,39.25,37.30400085449219,29464200
2024-06-28,39.7400016784668,40.060001373291016,39.31999969482422,39.77000045776367,37.7982177734375,52028200
2024-07-01,39.90999984741211,40.34000015258789,39.66999816894531,40.0099983215332,38.02632141113281,26770500
2024-07-02,40.0,40.959999084472656,39.959999084472656,40.93000030517578,38.90070343017578,35626100
2024-07-03,41.02000045776367,41.20000076293945,40.75,40.900001525878906,38.87218475341797,17100700
2024-07-05,40.93000030517578,40.959999084472656,40.290000915527344,40.40999984741211,38.40648651123047,23489000
2024-07-08,40.599998474121094,41.040000915527344,40.43000030517578,40.619998931884766,38.60607147216797,26728500
2024-07-09,40.7599983215332,41.83000183105469,40.599998474121094,41.41999816894531,39.36640548706055,34697200
2024-07-10,41.279998779296875,41.7599983215332,41.06999969482422,41.7400016784668,39.67055130004883,25333400
2024-07-11,41.77000045776367,41.900001525878906,41.38999938964844,41.810001373291016,39.73706817626953,33824600
2024-07-12,41.4900016784668,41.91999816894531,41.09000015258789,41.59000015258789,39.527976989746094,31856600
2024-07-15,41.849998474121094,42.22999954223633,41.70000076293945,41.88999938964844,39.813106536865234,36648100
2024-07-16,42.52000045776367,44.400001525878906,42.220001220703125,44.130001068115234,41.94205093383789,75953300
2024-07-17,43.650001525878906,44.439998626708984,43.650001525878906,43.97999954223633,41.79948425292969,65713600
2024-07-18,43.619998931884766,44.2400016784668,42.93000030517578,43.0099983215332,40.8775749206543,48549200
2024-07-19,42.86000061035156,43.560001373291016,42.689998626708984,42.900001525878906,40.773033142089844,43903000
2024-07-22,42.63999938964844,42.869998931884766,41.959999084472656,42.29999923706055,40.202781677246094,42838300
2024-07-23,42.220001220703125,42.779998779296875,42.150001525878906,42.40999984741211,40.30731964111328,36705100
2024-07-24,42.279998779296875,42.75,42.06999969482422,42.189998626708984,40.098228454589844,36567200
2024-07-25,42.02000045776367,42.29999923706055,41.65999984741211,41.68000030517578,39.61351776123047,41593900
2024-07-26,41.58000183105469,41.959999084472656,41.40999984741211,41.66999816894531,39.6040153503418,52049300
2024-07-29,41.779998779296875,41.880001068115234,40.97999954223633,41.09000015258789,39.05276870727539,37133100
2024-07-30,41.04999923706055,41.88999938964844,40.810001373291016,41.279998779296875,39.23334503173828,44163200
2024-07-31,41.22999954223633,41.380001068115234,40.220001220703125,40.310001373291016,38.31144714355469,50851600
2024-08-01,40.439998626708984,40.45000076293945,38.97999954223633,39.5,37.541595458984375,60107800
2024-08-02,38.0,38.529998779296875,37.18000030517578,37.58000183105469,35.716800689697266,76728000
2024-08-05,35.650001525878906,36.959999084472656,35.13999938964844,36.650001525878906,34.832908630371094,76075200
2024-08-06,36.650001525878906,37.310001373291016,36.540000915527344,36.91999816894531,35.089515686035156,40614100
2024-08-07,38.099998474121094,38.59000015258789,37.27000045776367,37.29999923706055,35.450679779052734,44952400
2024-08-08,37.81999969482422,38.41999816894531,37.65999984741211,38.209999084472656,36.31555938720703,36557800
2024-08-09,38.15999984741211,38.45000076293945,37.90999984741211,38.279998779296875,36.38208770751953,26411200
2024-08-12,38.5,38.72999954223633,38.0099983215332,38.16999816894531,36.277530670166016,33040600
2024-08-13,38.369998931884766,38.47999954223633,38.119998931884766,38.459999084472656,36.55316162109375,21553500
2024-08-14,38.52000045776367,38.91999816894531,38.43000030517578,38.810001373291016,36.88581085205078,25658900
2024-08-15,39.43000030517578,39.68000030517578,38.970001220703125,39.029998779296875,37.09490203857422,37379800
2024-08-16,39.0,39.41999816894531,38.9900016784668,39.34000015258789,37.38953399658203,26886600
2024-08-19,39.47999954223633,39.7400016784668,39.45000076293945,39.66999816894531,37.70317077636719,27268900
2024-08-20,39.119998931884766,39.2400016784668,38.34000015258789,38.689998626708984,36.77176284790039,44440800
2024-08-21,38.869998931884766,38.9900016784668,38.38999938964844,38.75,36.82878494262695,33751100
2024-08-22,38.779998779296875,39.290000915527344,38.56999969482422,39.2400016784668,37.29449462890625,35421600
2024-08-23,39.27000045776367,40.16999816894531,39.27000045776367,39.77000045776367,37.7982177734375,45616600
2024-08-26,40.0,40.20000076293945,39.65999984741211,39.91999816894531,37.94077682495117,44659500
2024-08-27,40.0,40.130001068115234,39.61000061035156,39.66999816894531,37.70317077636719,32323900
2024-08-28,39.34000015258789,40.27000045776367,39.33000183105469,39.95000076293945,37.96929168701172,40700500
2024-08-29,40.04999923706055,40.34000015258789,39.529998779296875,40.16999816894531,38.178382873535156,34810800
2024-08-30,40.16999816894531,40.86000061035156,40.130001068115234,40.75,38.72962188720703,49098200
2024-09-03,40.58000183105469,40.900001525878906,40.22999954223633,40.70000076293945,38.68210983276367,48489300
2024-09-04,40.65999984741211,40.95000076293945,40.279998779296875,40.5,38.49202346801758,39629600
2024-09-05,40.79999923706055,40.939998626708984,40.0099983215332,40.13999938964844,38.149871826171875,34214500
2024-09-06,39.77000045776367,39.880001068115234,38.560001373291016,38.7599983215332,37.078460693359375,47007600
2024-09-09,39.25,39.709999084472656,39.099998474121094,39.470001220703125,37.75765609741211,37610200
2024-09-10,39.84000015258789,39.84000015258789,38.33000183105469,39.279998779296875,37.575904846191406,53983900
2024-09-11,38.9900016784668,39.029998779296875,38.0099983215332,39.0,37.308048248291016,41190000
2024-09-12,39.04999923706055,39.33000183105469,38.529998779296875,38.779998779296875,37.09758758544922,39921600
2024-09-13,38.880001068115234,39.09000015258789,38.439998626708984,38.650001525878906,36.97323989868164,31887300
2024-09-16,38.810001373291016,39.209999084472656,38.790000915527344,39.099998474121094,37.403709411621094,26336400
2024-09-17,39.279998779296875,39.79999923706055,39.209999084472656,39.54999923706055,37.83418655395508,27769400
2024-09-18,39.619998931884766,40.119998931884766,39.41999816894531,39.619998931884766,37.901153564453125,42527800
2024-09-19,40.040000915527344,41.04999923706055,40.0099983215332,40.869998931884766,39.096920013427734,57977800
2024-09-20,40.619998931884766,40.72999954223633,40.2400016784668,40.27000045776367,38.52295684814453,70725000
2024-09-23,40.209999084472656,40.439998626708984,39.75,39.869998931884766,38.14030075073242,31714800
2024-09-24,39.849998474121094,39.97999954223633,39.25,39.45000076293945,37.738529205322266,32534900
2024-09-25,39.25,39.40999984741211,38.939998626708984,39.25,37.547203063964844,28866000
2024-09-26,39.38999938964844,39.720001220703125,39.11000061035156,39.52000045776367,37.80548858642578,39601400
2024-09-27,39.650001525878906,39.900001525878906,39.349998474121094,39.400001525878906,37.690696716308594,27861100
2024-09-30,39.22999954223633,39.790000915527344,39.02000045776367,39.68000030517578,37.95854949951172,35055200
2024-10-01,39.5099983215332,39.560001373291016,38.939998626708984,39.220001220703125,37.51850891113281,26291200
2024-10-02,39.25,39.540000915527344,39.04999923706055,39.22999954223633,37.528072357177734,23302700
2024-10-03,38.97999954223633,39.27000045776367,38.72999954223633,39.25,37.547203063964844,26030200
2024-10-04,39.93000030517578,40.25,39.619998931884766,40.11000061035156,38.36989212036133,34209900
2024-10-07,40.209999084472656,40.439998626708984,39.709999084472656,39.959999084472656,38.226402282714844,27177500
2024-10-08,40.04999923706055,40.150001525878906,39.810001373291016,39.93000030517578,38.19770050048828,26023600
2024-10-09,39.869998931884766,40.38999938964844,39.720001220703125,40.189998626708984,38.44642639160156,27421000
2024-10-10,40.0099983215332,40.130001068115234,39.77000045776367,39.970001220703125,38.23596954345703,26182300
2024-10-11,40.5,42.16999816894531,40.400001525878906,41.95000076293945,40.130069732666016,50660700
2024-10-14,41.959999084472656,42.18000030517578,41.720001220703125,41.90999984741211,40.0918083190918,28098900
2024-10-15,43.22999954223633,43.36000061035156,42.04999923706055,42.13999938964844,40.311824798583984,61490000
2024-10-16,42.209999084472656,43.099998474121094,42.150001525878906,42.79999923706055,40.94319152832031,42437800
2024-10-17,42.83000183105469,43.0,42.470001220703125,42.599998474121094,40.751861572265625,31708600
2024-10-18,42.43000030517578,42.650001525878906,42.11000061035156,42.31999969482422,40.4840202331543,30593500
2024-10-21,42.25,42.40999984741211,41.7400016784668,41.7599983215332,39.94831085205078,26589500
2024-10-22,41.650001525878906,42.40999984741211,41.56999969482422,42.29999923706055,40.464881896972656,37104400
2024-10-23,42.20000076293945,42.470001220703125,42.02000045776367,42.34000015258789,40.503143310546875,28569400
2024-10-24,42.31999969482422,42.65999984741211,41.970001220703125,42.650001525878906,40.79969787597656,28392000
2024-10-25,42.91999816894531,42.97999954223633,41.790000915527344,41.88999938964844,40.072669982910156,27466900
2024-10-28,42.06999969482422,42.75,42.0099983215332,42.619998931884766,40.770999908447266,24527600
2024-10-29,42.59000015258789,42.810001373291016,42.470001220703125,42.529998779296875,40.684906005859375,22313500
2024-10-30,41.709999084472656,42.900001525878906,41.63999938964844,42.310001373291016,40.47445297241211,38100500
2024-10-31,42.290000915527344,42.54999923706055,41.79999923706055,41.81999969482422,40.005706787109375,28138200
2024-11-01,42.150001525878906,42.43000030517578,41.75,41.7599983215332,39.94831085205078,31220000
2024-11-04,41.61000061035156,42.02000045776367,41.11000061035156,41.33000183105469,39.53697204589844,31110100
2024-11-05,41.5099983215332,42.0099983215332,41.380001068115234,41.880001068115234,40.063106536865234,30851400
2024-11-06,44.79999923706055,45.54999923706055,44.0,45.40999984741211,43.43996047973633,110086700
2024-11-07,45.040000915527344,45.22999954223633,44.5099983215332,44.77000045776367,42.82773208618164,48339700
2024-11-08,45.13999938964844,45.5,44.95000076293945,45.130001068115234,43.17211151123047,38331800
2024-11-11,45.599998474121094,46.52000045776367,45.58000183105469,46.08000183105469,44.080894470214844,43293500
2024-11-12,46.13999938964844,46.45000076293945,45.84000015258789,45.86000061035156,43.87044143676758,38155900
2024-11-13,46.20000076293945,46.47999954223633,45.83000183105469,45.869998931884766,43.880008697509766,36903900
2024-11-14,45.95000076293945,46.15999984741211,45.72999954223633,45.900001525878906,43.90869903564453,35733100
2024-11-15,45.619998931884766,46.84000015258789,45.619998931884766,46.75,44.72182846069336,40488900
2024-11-18,46.75,47.02000045776367,46.4900016784668,46.720001220703125,44.69313430786133,32360300
2024-11-19,45.9900016784668,46.619998931884766,45.95000076293945,46.40999984741211,44.39657974243164,28534100
2024-11-20,46.56999969482422,46.63999938964844,45.91999816894531,46.060001373291016,44.061767578125,28021000
2024-11-21,46.38999938964844,47.04999923706055,46.29999923706055,46.459999084472656,44.44440841674805,45336500
2024-11-22,46.369998931884766,47.220001220703125,46.279998779296875,47.0,44.96097946166992,37996200
2024-11-25,47.2599983215332,47.7400016784668,47.15999984741211,47.5,45.439292907714844,42718600
2024-11-26,47.5099983215332,47.84000015258789,47.209999084472656,47.75,45.678443908691406,30301500
2024-11-27,47.81999969482422,47.97999954223633,47.650001525878906,47.77000045776367,45.69757843017578,23278400
2024-11-29,47.79999923706055,48.08000183105469,47.5,47.5099983215332,45.448848724365234,23262000
2024-12-02,47.7400016784668,47.81999969482422,46.849998474121094,47.040000915527344,44.999244689941406,35891500
2024-12-03,47.369998931884766,47.47999954223633,46.650001525878906,46.81999969482422,44.788795471191406,38123800
2024-12-04,46.689998626708984,46.779998779296875,46.130001068115234,46.369998931884766,44.358314514160156,24941300
2024-12-05,46.560001373291016,47.2400016784668,46.5,47.0,44.96097946166992,31572100
2024-12-06,47.060001373291016,47.060001373291016,46.400001525878906,46.75,44.970603942871094,28931700
2024-12-09,46.560001373291016,46.75,45.900001525878906,45.90999984741211,44.16257095336914,34660900
2024-12-10,45.90999984741211,46.290000915527344,45.59000015258789,45.75,44.00865936279297,35665800
2024-12-11,46.0,46.15999984741211,45.470001220703125,46.08000183105469,44.326107025146484,36790500
2024-12-12,46.13999938964844,46.470001220703125,45.91999816894531,46.08000183105469,44.326107025146484,24017300
2024-12-13,46.09000015258789,46.099998474121094,45.380001068115234,45.66999816894531,43.931705474853516,32902300
2024-12-16,45.59000015258789,45.68000030517578,45.15999984741211,45.470001220703125,43.739322662353516,27330400
2024-12-17,45.189998626708984,45.189998626708984,44.619998931884766,45.04999923706055,43.335304260253906,33054600
2024-12-18,45.13999938964844,45.43000030517578,43.349998474121094,43.5,41.84429931640625,41771900
2024-12-19,43.970001220703125,44.47999954223633,43.310001373291016,43.380001068115234,41.72887420654297,38583600
2024-12-20,43.20000076293945,44.400001525878906,43.099998474121094,44.16999816894531,42.48879623413086,74222200
2024-12-23,43.900001525878906,44.11000061035156,42.779998779296875,43.88999938964844,42.21945571899414,35374800
2024-12-24,43.93000030517578,44.41999816894531,43.93000030517578,44.380001068115234,42.6908073425293,12054400
2024-12-26,44.209999084472656,44.58000183105469,44.11000061035156,44.54999923706055,42.85433578491211,16077400
2024-12-27,44.2400016784668,44.779998779296875,44.060001373291016,44.34000015258789,42.6523323059082,17972500
2024-12-30,43.88999938964844,44.13999938964844,43.54999923706055,43.90999984741211,42.23869323730469,16109800
2024-12-31,44.040000915527344,44.22999954223633,43.709999084472656,43.95000076293945,42.27717590332031,16110400
2025-01-02,44.13999938964844,44.59000015258789,43.79999923706055,44.290000915527344,42.60423278808594,25610600
2025-01-03,44.75,44.849998474121094,44.150001525878906,44.810001373291016,43.10444259643555,23455700
2025-01-06,45.15999984741211,46.150001525878906,45.099998474121094,45.400001525878906,43.6719856262207,30518500
2025-01-07,46.279998779296875,46.650001525878906,45.650001525878906,46.08000183105469,44.326107025146484,41111200
2025-01-08,45.900001525878906,46.2599983215332,45.689998626708984,46.209999084472656,44.45115280151367,40246000
2025-01-10,46.0,46.04999923706055,44.7400016784668,45.11000061035156,43.39302062988281,40741300
2025-01-13,45.099998474121094,45.34000015258789,44.689998626708984,45.060001373291016,43.34492874145508,34353600
2025-01-14,45.599998474121094,45.91999816894531,45.22999954223633,45.779998779296875,44.03752136230469,36379000
2025-01-15,47.119998931884766,47.459999084472656,46.84000015258789,47.099998474121094,45.30727767944336,57154800
2025-01-16,47.0,47.5099983215332,45.81999969482422,46.63999938964844,44.86478805541992,56339300
2025-01-17,46.61000061035156,46.880001068115234,46.08000183105469,46.529998779296875,44.75897216796875,44486100
2025-01-21,46.619998931884766,47.150001525878906,46.540000915527344,46.65999984741211,44.88402557373047,52089100
2025-01-22,46.599998474121094,46.72999954223633,45.7599983215332,45.790000915527344,44.04713821411133,40296200
2025-01-23,46.04999923706055,46.88999938964844,46.04999923706055,46.38999938964844,44.624298095703125,35324100
2025-01-24,46.22999954223633,46.86000061035156,46.150001525878906,46.52000045776367,44.74935531616211,24655100
2025-01-27,46.54999923706055,47.13999938964844,46.380001068115234,47.09000015258789,45.297664642333984,44260000
2025-01-28,47.08000183105469,47.439998626708984,46.709999084472656,46.84000015258789,45.05717468261719,27156600
2025-01-29,46.75,47.38999938964844,46.63999938964844,46.75,44.970603942871094,23681500
2025-01-30,47.11000061035156,47.16999816894531,46.400001525878906,46.720001220703125,44.941741943359375,31199900
2025-01-31,46.70000076293945,46.83000183105469,46.15999984741211,46.29999923706055,44.53772735595703,30388900
2025-02-03,45.41999816894531,46.47999954223633,45.11000061035156,46.209999084472656,44.45115280151367,36497700
2025-02-04,46.349998474121094,47.130001068115234,46.27000045776367,46.709999084472656,44.932125091552734,32894000
2025-02-05,46.97999954223633,47.130001068115234,46.63999938964844,47.11000061035156,45.316898345947266,27696600
2025-02-06,47.439998626708984,47.97999954223633,47.16999816894531,47.7400016784668,45.92292022705078,39793400
2025-02-07,47.84000015258789,47.970001220703125,47.380001068115234,47.400001525878906,45.59585952758789,26504700
2025-02-10,47.47999954223633,47.560001373291016,46.400001525878906,46.66999816894531,44.893646240234375,26725200
2025-02-11,46.54999923706055,46.93000030517578,46.279998779296875,46.790000915527344,45.00907897949219,20314900
2025-02-12,46.56999969482422,46.58000183105469,45.939998626708984,46.209999084472656,44.45115280151367,29777100
2025-02-13,46.52000045776367,46.56999969482422,45.970001220703125,46.33000183105469,44.56658935546875,26815400
2025-02-14,46.47999954223633,47.09000015258789,46.47999954223633,46.959999084472656,45.17259979248047,25960500
2025-02-18,46.560001373291016,46.650001525878906,46.15999984741211,46.529998779296875,44.75897216796875,37824100
2025-02-19,45.880001068115234,46.060001373291016,45.41999816894531,46.0099983215332,44.258766174316406,38967800
2025-02-20,45.900001525878906,46.189998626708984,45.040000915527344,45.29999923706055,43.57578659057617,40001100
2025-02-21,45.25,45.5099983215332,44.540000915527344,44.810001373291016,43.10444259643555,43485900
2025-02-24,45.029998779296875,45.38999938964844,44.439998626708984,44.459999084472656,42.76776123046875,35512200
2025-02-25,44.529998779296875,44.84000015258789,43.349998474121094,43.939998626708984,42.26755142211914,38119000
2025-02-26,44.040000915527344,44.54999923706055,43.86000061035156,43.939998626708984,42.26755142211914,32251700
2025-02-27,44.09000015258789,44.779998779296875,43.939998626708984,44.119998931884766,42.44070053100586,28477700
2025-02-28,44.31999969482422,46.20000076293945,44.20000076293945,46.099998474121094,44.345340728759766,62621100
2025-03-03,46.209999084472656,46.959999084472656,45.220001220703125,45.560001373291016,43.82589340209961,46946000
2025-03-04,44.72999954223633,44.84000015258789,42.029998779296875,42.66999816894531,41.04589080810547,78278100
2025-03-05,42.650001525878906,42.72999954223633,41.709999084472656,42.290000915527344,40.68035888671875,52588900
2025-03-06,41.59000015258789,41.88999938964844,40.959999084472656,41.459999084472656,39.88195037841797,58103500
2025-03-07,41.310001373291016,41.72999954223633,40.61000061035156,41.400001525878906,40.075557708740234,50651400
2025-03-10,40.400001525878906,40.619998931884766,39.18000030517578,39.83000183105469,38.55577850341797,77498400
2025-03-11,39.70000076293945,40.65999984741211,39.27000045776367,39.61000061035156,38.342811584472656,50608400
2025-03-12,40.310001373291016,40.5,39.20000076293945,39.90999984741211,38.633216857910156,42290700
2025-03-13,39.970001220703125,40.189998626708984,39.33000183105469,39.66999816894531,38.40089416503906,37766100
2025-03-14,40.2599983215332,41.02000045776367,40.16999816894531,40.88999938964844,39.58186340332031,35979900
2025-03-17,40.91999816894531,41.77000045776367,40.59000015258789,41.439998626708984,40.1142692565918,37242800
2025-03-18,41.720001220703125,41.83000183105469,41.290000915527344,41.650001525878906,40.31755447387695,37644500
2025-03-19,41.720001220703125,42.70000076293945,41.29999923706055,42.209999084472656,40.85963439941406,42471100
2025-03-20,41.7599983215332,42.720001220703125,41.650001525878906,42.47999954223633,41.121002197265625,41018100
2025-03-21,42.15999984741211,42.65999984741211,41.88999938964844,42.470001220703125,41.111324310302734,65011000
2025-03-24,42.93000030517578,43.150001525878906,42.75,43.06999969482422,41.69212341308594,30646100
2025-03-25,43.349998474121094,43.529998779296875,43.040000915527344,43.279998779296875,41.89540481567383,25445300
2025-03-26,43.459999084472656,43.720001220703125,42.72999954223633,42.81999969482422,41.45012283325195,30012100
2025-03-27,42.81999969482422,43.09000015258789,42.52000045776367,42.560001373291016,41.19844055175781,25619200
2025-03-28,42.439998626708984,42.619998931884766,40.9900016784668,41.25,39.93035125732422,34253000
2025-03-31,40.779998779296875,41.900001525878906,40.599998474121094,41.72999954223633,40.39499282836914,36390000
2025-04-01,41.31999969482422,41.70000076293945,40.970001220703125,41.4900016784668,40.16267395019531,25578500
2025-04-02,40.880001068115234,41.970001220703125,40.81999969482422,41.849998474121094,40.51115417480469,28216100
2025-04-03,38.630001068115234,38.84000015258789,37.02000045776367,37.220001220703125,36.029273986816406,115497900
2025-04-04,35.290000915527344,35.790000915527344,33.66999816894531,34.38999938964844,33.28981018066406,107761200
2025-04-07,34.970001220703125,36.630001068115234,33.540000915527344,35.58000183105469,34.44174575805664,137329100
2025-04-08,36.86000061035156,37.33000183105469,34.33000183105469,35.029998779296875,33.909332275390625,79116300
2025-04-09,34.04999923706055,37.849998474121094,33.06999969482422,37.150001525878906,35.96151351928711,161173500
2025-04-10,36.31999969482422,36.400001525878906,34.630001068115234,35.849998474121094,34.703102111816406,90451800
2025-04-11,35.20000076293945,36.22999954223633,34.810001373291016,35.95000076293945,34.79990768432617,63671900
2025-04-14,36.4900016784668,36.9900016784668,36.27000045776367,36.66999816894531,35.49687194824219,46830600
2025-04-15,37.79999923706055,38.75,37.79999923706055,37.9900016784668,36.7746467590332,84677800
2025-04-16,37.86000061035156,38.15999984741211,36.970001220703125,37.33000183105469,36.13575744628906,52872700
2025-04-17,37.5099983215332,37.869998931884766,37.2400016784668,37.40999984741211,36.213191986083984,47144400
2025-04-21,37.06999969482422,37.279998779296875,36.4900016784668,36.91999816894531,35.73887252807617,34928300
2025-04-22,37.56999969482422,38.4900016784668,37.400001525878906,38.31999969482422,37.09408187866211,42288900
2025-04-23,39.40999984741211,40.130001068115234,38.66999816894531,38.75,37.51033020019531,54428400
2025-04-24,38.65999984741211,39.70000076293945,38.599998474121094,39.58000183105469,38.313777923583984,42457100
2025-04-25,39.540000915527344,39.790000915527344,39.31999969482422,39.689998626708984,38.42025375366211,32694200
2025-04-28,39.79999923706055,40.08000183105469,39.459999084472656,39.779998779296875,38.50737762451172,37428000
2025-04-29,39.630001068115234,40.13999938964844,39.47999954223633,39.9900016784668,38.71065902709961,33792500
2025-04-30,39.36000061035156,40.0,38.81999969482422,39.880001068115234,38.60417938232422,40994600
2025-05-01,39.81999969482422,40.439998626708984,39.58000183105469,40.16999816894531,38.8848991394043,33569100
2025-05-02,40.90999984741211,41.22999954223633,40.70000076293945,41.06999969482422,39.756107330322266,41613000
2025-05-05,40.849998474121094,41.4900016784668,40.619998931884766,41.119998931884766,39.80450439453125,32829200
2025-05-06,40.650001525878906,41.27000045776367,40.560001373291016,40.84000015258789,39.53346633911133,29541800
2025-05-07,41.040000915527344,41.34000015258789,40.86000061035156,40.93000030517578,39.62058639526367,30925900
2025-05-08,41.290000915527344,42.150001525878906,41.25,41.599998474121094,40.2691535949707,41861700
2025-05-09,41.72999954223633,41.97999954223633,41.689998626708984,41.790000915527344,40.45307159423828,27222800
2025-05-12,43.31999969482422,43.959999084472656,42.939998626708984,43.36000061035156,41.97284698486328,44875100
2025-05-13,43.41999816894531,44.4900016784668,43.41999816894531,44.279998779296875,42.86341857910156,43232500
2025-05-14,44.189998626708984,44.91999816894531,44.130001068115234,44.7400016784668,43.30870056152344,42419500
2025-05-15,44.599998474121094,44.97999954223633,44.0099983215332,44.380001068115234,42.9602165222168,47379400
2025-05-16,44.34000015258789,44.790000915527344,43.65999984741211,44.689998626708984,43.26029586791992,49488100
2025-05-19,44.11000061035156,45.13999938964844,44.11000061035156,44.77000045776367,43.33774185180664,37915700
2025-05-20,44.59000015258789,44.90999984741211,44.40999984741211,44.689998626708984,43.26029586791992,33424300
2025-05-21,44.369998931884766,44.4900016784668,43.150001525878906,43.25,41.86636734008789,55594100
2025-05-22,43.18000030517578,43.56999969482422,42.959999084472656,43.310001373291016,41.92444610595703,29026200
2025-05-23,42.47999954223633,43.43000030517578,42.349998474121094,43.20000076293945,41.81796646118164,34875100
2025-05-27,43.790000915527344,44.220001220703125,43.29999923706055,44.220001220703125,42.80533981323242,36322000
2025-05-28,44.209999084472656,44.439998626708984,43.959999084472656,44.060001373291016,42.650455474853516,35673800
2025-05-29,44.369998931884766,44.459999084472656,43.900001525878906,44.2400016784668,42.82469940185547,28545100
2025-05-30,44.189998626708984,44.29999923706055,43.720001220703125,44.130001068115234,42.71821594238281,66537500
2025-06-02,43.880001068115234,44.150001525878906,43.36000061035156,44.08000183105469,42.6698112487793,28582600
2025-06-03,44.0099983215332,44.72999954223633,43.939998626708984,44.650001525878906,43.221580505371094,31320200
2025-06-04,44.599998474121094,45.09000015258789,44.34000015258789,44.36000061035156,42.94085693359375,30591700
2025-06-05,44.45000076293945,44.58000183105469,44.0099983215332,44.380001068115234,42.9602165222168,32020900
2025-06-06,44.689998626708984,45.16999816894531,44.63999938964844,44.970001220703125,43.787872314453125,37013000
2025-06-09,45.11000061035156,45.400001525878906,44.779998779296875,44.869998931884766,43.69049835205078,32414000
2025-06-10,44.79999923706055,45.20000076293945,44.75,45.09000015258789,43.90471649169922,32229100
2025-06-11,45.20000076293945,45.40999984741211,44.54999923706055,44.72999954223633,43.55418014526367,47873500
2025-06-12,44.400001525878906,44.650001525878906,44.02000045776367,44.619998931884766,43.44707489013672,30165400
2025-06-13,44.0,44.459999084472656,43.65999984741211,44.09000015258789,42.93100357055664,43281700
2025-06-16,44.63999938964844,44.88999938964844,44.349998474121094,44.40999984741211,43.242591857910156,34103600
2025-06-17,44.27000045776367,44.66999816894531,44.060001373291016,44.22999954223633,43.06732177734375,27489600
2025-06-18,44.2599983215332,45.20000076293945,44.209999084472656,45.060001373291016,43.875511169433594,37684700
2025-06-20,45.310001373291016,45.650001525878906,45.27000045776367,45.5,44.3039436340332,64591600
2025-06-23,45.400001525878906,46.369998931884766,45.11000061035156,46.29999923706055,45.082908630371094,42683600
2025-06-24,46.75,47.189998626708984,46.56999969482422,46.65999984741211,45.43344497680664,45437600
2025-06-25,46.58000183105469,46.97999954223633,46.459999084472656,46.849998474121094,45.618446350097656,33532400
2025-06-26,46.95000076293945,47.58000183105469,46.900001525878906,47.459999084472656,46.21241760253906,40127000
2025-06-27,47.45000076293945,47.66999816894531,46.90999984741211,47.119998931884766,45.88135528564453,56705000
2025-06-30,47.619998931884766,47.619998931884766,47.029998779296875,47.31999969482422,46.07609939575195,47921200
2025-07-01,47.02000045776367,48.41999816894531,46.939998626708984,48.150001525878906,46.884281158447266,48540900
2025-07-02,48.36000061035156,48.72999954223633,48.060001373291016,48.709999084472656,47.4295539855957,48003600
2025-07-03,48.95000076293945,49.310001373291016,48.810001373291016,48.93000030517578,47.64377212524414,21620300
2025-07-07,48.7400016784668,49.209999084472656,48.369998931884766,48.65999984741211,47.3808708190918,35567900
2025-07-08,47.5,47.790000915527344,46.7599983215332,47.150001525878906,45.91056823730469,88086500
2025-07-09,47.15999984741211,47.45000076293945,46.709999084472656,46.84000015258789,45.60871505737305,46227900
2025-07-10,46.900001525878906,47.220001220703125,46.779998779296875,46.970001220703125,45.73529815673828,44225000
2025-07-11,46.63999938964844,46.810001373291016,46.25,46.72999954223633,45.50160217285156,31653000
2025-07-14,46.810001373291016,47.06999969482422,46.54999923706055,47.06999969482422,45.83266830444336,36381200
2025-07-15,46.880001068115234,47.0099983215332,45.95000076293945,46.150001525878906,44.93685531616211,55145000
2025-07-16,46.25,46.560001373291016,45.0099983215332,46.029998779296875,44.82000732421875,61296600
2025-07-17,45.63999938964844,47.220001220703125,45.439998626708984,47.02000045776367,45.78398513793945,56480700
2025-07-18,47.0099983215332,47.380001068115234,46.900001525878906,47.31999969482422,46.07609939575195,48314200
2025-07-21,47.540000915527344,48.040000915527344,47.20000076293945,47.47999954223633,46.23189163208008,32199700
2025-07-22,47.599998474121094,48.16999816894531,47.459999084472656,47.77000045776367,46.5142707824707,34749400
2025-07-23,48.0099983215332,48.310001373291016,47.810001373291016,48.13999938964844,46.874542236328125,31380100
2025-07-24,48.4900016784668,49.0,48.209999084472656,48.38999938964844,47.11796951293945,42967600
2025-07-25,48.38999938964844,48.54999923706055,47.939998626708984,48.45000076293945,47.176395416259766,24461200
2025-07-28,48.45000076293945,48.540000915527344,48.08000183105469,48.22999954223633,46.962181091308594,20590400
2025-07-29,48.38999938964844,48.5099983215332,47.88999938964844,47.95000076293945,46.68953323364258,26216500
2025-07-30,48.2599983215332,48.5,47.7400016784668,47.959999084472656,46.699275970458984,32265900
2025-07-31,47.7599983215332,48.029998779296875,47.189998626708984,47.27000045776367,46.027408599853516,40016300
2025-08-01,46.36000061035156,46.40999984741211,45.31999969482422,45.65999984741211,44.45973205566406,52310400
2025-08-04,45.959999084472656,46.11000061035156,45.63999938964844,45.849998474121094,44.644737243652344,31038900
2025-08-05,45.95000076293945,46.0,44.75,45.560001373291016,44.362361907958984,36798300
2025-08-06,45.709999084472656,45.939998626708984,45.38999938964844,45.41999816894531,44.22603988647461,27916800
2025-08-07,45.709999084472656,45.7599983215332,44.779998779296875,44.91999816894531,43.73918533325195,30609900
2025-08-08,45.150001525878906,46.29999923706055,44.97999954223633,46.0099983215332,44.800533294677734,37131600
2025-08-11,46.060001373291016,46.52000045776367,45.810001373291016,46.15999984741211,44.94659423828125,35559400
2025-08-12,46.47999954223633,47.65999984741211,46.36000061035156,47.5,46.251365661621094,35481200
2025-08-13,47.68000030517578,47.7599983215332,46.9900016784668,47.2400016784668,45.998207092285156,29465100
2025-08-14,47.09000015258789,47.72999954223633,46.88999938964844,47.709999084472656,46.45584487915039,21073800
2025-08-15,47.75,47.81999969482422,46.900001525878906,46.939998626708984,45.706085205078125,26276900
2025-08-18,46.91999816894531,48.040000915527344,46.790000915527344,47.91999816894531,46.66032409667969,43125100
2025-08-19,47.81999969482422,48.119998931884766,47.630001068115234,48.08000183105469,46.816123962402344,33783400
2025-08-20,48.16999816894531,48.5,47.869998931884766,48.349998474121094,47.07902145385742,30822200
2025-08-21,48.27000045776367,48.4900016784668,47.810001373291016,48.2599983215332,46.99138641357422,28713200
2025-08-22,48.52000045776367,49.65999984741211,48.459999084472656,49.47999954223633,48.179317474365234,45078900
2025-08-25,49.38999938964844,49.65999984741211,49.209999084472656,49.47999954223633,48.179317474365234,34715700
2025-08-26,49.25,50.2599983215332,49.25,50.25,48.929073333740234,40609300
2025-08-27,50.029998779296875,50.630001068115234,49.9900016784668,50.380001068115234,49.0556640625,42428200
2025-08-28,50.54999923706055,50.63999938964844,50.279998779296875,50.4900016784668,49.16276931762695,32949400
2025-08-29,50.5099983215332,50.91999816894531,50.5099983215332,50.7400016784668,49.40619659423828,32496500
2025-09-02,50.220001220703125,50.470001220703125,49.66999816894531,50.41999816894531,49.094608306884766,52719800
2025-09-03,50.400001525878906,50.56999969482422,49.70000076293945,50.060001373291016,48.74407196044922,38344200
2025-09-04,50.2400016784668,50.83000183105469,50.119998931884766,50.619998931884766,49.289344787597656,34796900
2025-09-05,50.439998626708984,50.790000915527344,49.22999954223633,49.77000045776367,48.73124694824219,40063300
2025-09-08,49.79999923706055,49.90999984741211,48.880001068115234,49.459999084472656,48.427711486816406,48033100
2025-09-09,49.5,50.560001373291016,49.459999084472656,50.290000915527344,49.240394592285156,40060100
2025-09-10,50.369998931884766,50.630001068115234,49.970001220703125,50.130001068115234,49.083736419677734,31706300
2025-09-11,50.13999938964844,50.959999084472656,49.9900016784668,50.75,49.690792083740234,28055200
2025-09-12,50.70000076293945,50.93000030517578,50.459999084472656,50.58000183105469,49.52434158325195,27851100
2025-09-15,50.849998474121094,51.09000015258789,50.459999084472656,50.59000015258789,49.53413391113281,29043600
2025-09-16,50.63999938964844,50.880001068115234,50.209999084472656,50.65999984741211,49.60267639160156,31624400
2025-09-17,50.86000061035156,51.630001068115234,50.790000915527344,51.400001525878906,50.327232360839844,38337900
2025-09-18,51.4900016784668,52.189998626708984,51.29999923706055,52.130001068115234,51.041996002197266,35246900
2025-09-19,52.150001525878906,52.65999984741211,51.7599983215332,52.25,51.159488677978516,98970700
2025-09-22,51.7599983215332,52.349998474121094,51.7599983215332,51.91999816894531,50.83637237548828,27468000
2025-09-23,52.0,52.880001068115234,51.52000045776367,51.70000076293945,50.62096405029297,28278200
2025-09-24,51.849998474121094,52.25,51.459999084472656,51.70000076293945,50.62096405029297,27010400
2025-09-25,51.47999954223633,52.33000183105469,51.439998626708984,51.849998474121094,50.76782989501953,22957900
2025-09-26,52.11000061035156,52.619998931884766,51.97999954223633,52.209999084472656,51.12031936645508,20025800
2025-09-29,52.36000061035156,52.54999923706055,52.11000061035156,52.41999816894531,51.32593536376953,23701000
2025-09-30,52.47999954223633,52.56999969482422,51.02000045776367,51.59000015258789,50.51326370239258,29945000
2025-10-01,51.29999923706055,51.68000030517578,50.560001373291016,50.68000030517578,49.62225341796875,27709100
2025-10-02,50.650001525878906,50.849998474121094,50.06999969482422,50.47999954223633,49.426429748535156,22757200
2025-10-03,50.619998931884766,51.130001068115234,50.54999923706055,50.63999938964844,49.58308792114258,24565700
2025-10-06,50.93000030517578,51.31999969482422,49.88999938964844,50.38999938964844,49.33830642700195,25386300
2025-10-07,50.54999923706055,50.90999984741211,50.130001068115234,50.290000915527344,49.240394592285156,24107300
2025-10-08,50.400001525878906,50.5099983215332,49.779998779296875,49.84000015258789,48.799781799316406,24014200
2025-10-09,50.0,50.279998779296875,49.66999816894531,49.790000915527344,48.750831604003906,21816900
2025-10-10,49.93000030517578,50.13999938964844,48.54999923706055,48.650001525878906,47.63462829589844,31831900
2025-10-13,49.20000076293945,49.400001525878906,48.810001373291016,48.86000061035156,47.840240478515625,34462800
2025-10-14,48.849998474121094,50.5,48.529998779296875,50.09000015258789,49.04457092285156,42462600
2025-10-15,51.56999969482422,52.849998474121094,51.22999954223633,52.279998779296875,51.18886184692383,69992200
2025-10-16,52.599998474121094,52.7599983215332,50.0,50.439998626708984,49.38726043701172,49027700
2025-10-17,50.95000076293945,51.77000045776367,50.33000183105469,51.279998779296875,50.20973205566406,48915400
2025-10-20,51.439998626708984,52.279998779296875,51.369998931884766,52.040000915527344,50.9538688659668,25786000
2025-10-21,52.09000015258789,52.369998931884766,51.439998626708984,51.52000045776367,50.44472885131836,27303400
2025-10-22,51.5,51.58000183105469,50.439998626708984,51.099998474121094,50.03349304199219,34955000
2025-10-23,51.47999954223633,51.79999923706055,51.11000061035156,51.7599983215332,50.679710388183594,26028800
2025-10-24,51.849998474121094,52.81999969482422,51.849998474121094,52.56999969482422,51.472808837890625,38923900
2025-10-27,52.79999923706055,53.06999969482422,52.529998779296875,53.02000045776367,51.91341781616211,27345800
2025-10-28,53.0,53.279998779296875,52.34000015258789,52.869998931884766,51.76654815673828,29575200
2025-10-29,52.65999984741211,53.0099983215332,52.31999969482422,52.58000183105469,51.48260498046875,29158800
2025-10-30,52.66999816894531,53.439998626708984,52.560001373291016,53.029998779296875,51.92320251464844,37548600
2025-10-31,52.790000915527344,53.63999938964844,52.77000045776367,53.45000076293945,52.334442138671875,39295700
2025-11-03,53.2599983215332,53.63999938964844,52.709999084472656,53.560001373291016,52.442142486572266,31252300
2025-11-04,53.02000045776367,54.0,52.720001220703125,53.540000915527344,52.42256546020508,47226600
2025-11-05,52.959999084472656,53.06999969482422,51.7400016784668,52.45000076293945,51.355316162109375,54353600
2025-11-06,53.41999816894531,53.75,52.77000045776367,53.290000915527344,52.17778396606445,55296000
2025-11-07,53.150001525878906,53.58000183105469,52.709999084472656,53.20000076293945,52.08966064453125,40537700
2025-11-10,53.40999984741211,53.9900016784668,53.34000015258789,53.41999816894531,52.30506896972656,26094600
2025-11-11,53.75,53.97999954223633,53.279998779296875,53.630001068115234,52.510684967041016,22244300
2025-11-12,53.88999938964844,54.689998626708984,53.77000045776367,54.11000061035156,52.98066711425781,40536700
2025-11-13,53.790000915527344,54.209999084472656,52.77000045776367,52.869998931884766,51.76654815673828,37716100
2025-11-14,52.86000061035156,52.900001525878906,52.029998779296875,52.61000061035156,51.5119743347168,32363100
2025-11-17,52.58000183105469,52.58000183105469,51.38999938964844,51.47999954223633,50.40555953979492,35546800
2025-11-18,51.279998779296875,52.18000030517578,51.150001525878906,51.63999938964844,50.562217712402344,35189500
2025-11-19,51.66999816894531,52.4900016784668,51.66999816894531,52.02000045776367,50.93429183959961,28112300
2025-11-20,52.5,52.95000076293945,50.970001220703125,51.0,49.93557357788086,36661600
2025-11-21,51.290000915527344,51.779998779296875,50.70000076293945,51.560001373291016,50.483890533447266,43867200
2025-11-24,51.650001525878906,52.2400016784668,51.400001525878906,51.93000030517578,50.84616470336914,52852100
2025-11-25,52.25,52.880001068115234,51.86000061035156,52.47999954223633,51.38468551635742,41310100
2025-11-26,52.70000076293945,53.25,52.54999923706055,52.9900016784668,51.8840446472168,32045600
2025-11-28,53.11000061035156,53.939998626708984,53.04999923706055,53.650001525878906,52.530269622802734,18920800
2025-12-01,53.5,53.900001525878906,53.209999084472656,53.2400016784668,52.12882614135742,30536500
2025-12-02,53.529998779296875,53.63999938964844,52.970001220703125,53.189998626708984,52.07986831665039,46073500
2025-12-03,53.25,54.2400016784668,53.18000030517578,54.09000015258789,52.961082458496094,37134400
2025-12-04,54.209999084472656,54.689998626708984,54.0,54.15999984741211,53.029624938964844,38529600
2025-12-05,53.93000030517578,54.83000183105469,53.7400016784668,53.95000076293945,53.0985221862793,33986500
2025-12-08,53.900001525878906,54.209999084472656,53.4900016784668,53.900001525878906,53.04930877685547,34386600
2025-12-09,53.970001220703125,54.279998779296875,53.27000045776367,53.540000915527344,52.69499206542969,47189300
2025-12-10,53.59000015258789,54.54999923706055,53.34000015258789,54.08000183105469,53.226470947265625,54424400
2025-12-11,53.95000076293945,54.650001525878906,53.75,54.560001373291016,53.69889450073242,35686900
2025-12-12,54.779998779296875,55.29999923706055,54.349998474121094,55.13999938964844,54.26973342895508,40539400
2025-12-15,55.40999984741211,56.06999969482422,55.06999969482422,55.33000183105469,54.45673751831055,32881300
2025-12-16,55.13999938964844,55.349998474121094,54.689998626708984,54.810001373291016,53.9449462890625,32931900
2025-12-17,55.119998931884766,55.56999969482422,54.459999084472656,54.54999923706055,53.689048767089844,35304100
2025-12-18,54.79999923706055,55.150001525878906,53.77000045776367,54.2599983215332,53.40362548828125,87452700
2025-12-19,54.52000045776367,55.310001373291016,54.380001068115234,55.27000045776367,54.39768600463867,73001900
2025-12-22,55.369998931884766,56.11000061035156,55.34000015258789,55.880001068115234,54.9980583190918,33408800
2025-12-23,55.810001373291016,56.220001220703125,55.810001373291016,55.970001220703125,55.086639404296875,22274600
2025-12-24,56.130001068115234,56.5,55.88999938964844,56.25,55.36221694946289,13634400
2025-12-26,56.279998779296875,56.54999923706055,56.029998779296875,56.16999816894531,55.283477783203125,15259400
2025-12-29,56.11000061035156,56.25,55.27000045776367,55.349998474121094,54.47642135620117,21040100
2025-12-30,55.4900016784668,55.63999938964844,55.16999816894531,55.279998779296875,54.407527923583984,17427600
2025-12-31,55.31999969482422,55.41999816894531,54.93000030517578,55.0,54.1319465637207,16293000
2026-01-02,55.029998779296875,55.9900016784668,54.880001068115234,55.95000076293945,55.06695556640625,25503600
2026-01-05,56.16999816894531,57.54999923706055,56.13999938964844,56.88999938964844,55.99211502075195,36096600
2026-01-06,57.0099983215332,57.40999984741211,56.75,57.25,56.346435546875,31791900
2026-01-07,56.689998626708984,56.810001373291016,55.439998626708984,55.63999938964844,54.761844635009766,49695500
2026-01-08,55.47999954223633,56.58000183105469,55.470001220703125,56.18000030517578,55.2933235168457,30933700
2026-01-09,56.16999816894531,56.61000061035156,55.790000915527344,55.849998474121094,54.96853256225586,30768800
2026-01-12,55.290000915527344,55.45000076293945,54.72999954223633,55.189998626708984,54.31895065307617,45860600
2026-01-13,55.27000045776367,55.52000045776367,54.29999923706055,54.540000915527344,53.67920684814453,43542200
2026-01-14,52.880001068115234,53.47999954223633,51.65999984741211,52.47999954223633,51.65171813964844,84750000
2026-01-15,52.720001220703125,53.040000915527344,52.22999954223633,52.59000015258789,51.75998306274414,51018300
2026-01-16,52.689998626708984,53.380001068115234,52.25,52.970001220703125,52.13398742675781,52178400
2026-01-20,52.31999969482422,53.47999954223633,51.959999084472656,52.099998474121094,51.277713775634766,49172700
2026-01-21,52.22999954223633,52.86000061035156,52.04999923706055,52.06999969482422,51.248191833496094,36340000
2026-01-22,52.470001220703125,53.130001068115234,52.33000183105469,52.45000076293945,51.622196197509766,31229200
2026-01-23,52.11000061035156,52.20000076293945,51.380001068115234,51.720001220703125,50.90371322631836,34553500
2026-01-26,51.79999923706055,52.279998779296875,51.66999816894531,52.02000045776367,51.19898223876953,27728400
2026-01-27,52.209999084472656,52.25,51.810001373291016,52.16999816894531,51.34661102294922,26494300
2026-01-28,51.95000076293945,52.13999938964844,51.310001373291016,51.810001373291016,50.99229431152344,35030200
2026-01-29,51.97999954223633,53.09000015258789,51.95000076293945,53.08000183105469,52.242252349853516,35200500
2026-01-30,52.869998931884766,53.40999984741211,52.77000045776367,53.20000076293945,52.360355377197266,34549100
2026-02-02,53.20000076293945,54.09000015258789,52.95000076293945,54.029998779296875,53.1772575378418,34624500
2026-02-03,54.20000076293945,55.119998931884766,53.68000030517578,54.45000076293945,53.59062957763672,41208400
2026-02-04,54.779998779296875,56.040000915527344,54.709999084472656,55.380001068115234,54.50595474243164,54522500
2026-02-05,55.02000045776367,55.290000915527344,54.25,54.939998626708984,54.07289505004883,32959700
2026-02-06,55.54999923706055,56.869998931884766,55.290000915527344,56.529998779296875,55.63779830932617,42468000
2026-02-09,56.38999938964844,56.720001220703125,56.18000030517578,56.40999984741211,55.51969528198242,31968400
2026-02-10,56.439998626708984,56.83000183105469,54.27000045776367,55.38999938964844,54.51578903198242,48304700
2026-02-11,55.970001220703125,56.11000061035156,53.2400016784668,53.849998474121094,53.00009536743164,48973500
2026-02-12,53.90999984741211,53.939998626708984,51.790000915527344,52.52000045776367,51.69108581542969,55481600
2026-02-13,51.90999984741211,52.81999969482422,51.439998626708984,52.54999923706055,51.72061538696289,31772100
2026-02-17,53.040000915527344,53.54999923706055,52.619998931884766,52.7400016784668,51.90761947631836,35542400
2026-02-18,52.9900016784668,53.61000061035156,52.790000915527344,53.36000061035156,52.5178337097168,30698900
2026-02-19,51.90999984741211,52.810001373291016,51.83000183105469,52.77000045776367,51.9371452331543,47148600
2026-02-20,52.529998779296875,53.09000015258789,51.83000183105469,53.060001373291016,52.22256851196289,33552000
2026-02-23,52.84000015258789,53.2599983215332,50.88999938964844,51.06999969482422,50.263973236083984,50602500
2026-02-24,50.7400016784668,50.880001068115234,49.470001220703125,50.40999984741211,49.61438751220703,53062700
2026-02-25,50.33000183105469,51.77000045776367,50.310001373291016,51.689998626708984,50.87418746948242,41375000
2026-02-26,51.880001068115234,52.66999816894531,51.7400016784668,52.29999923706055,51.47455978393555,52418500
2026-02-27,51.08000183105469,51.40999984741211,49.31999969482422,49.83000183105469,49.04354476928711,77728700
2026-03-02,48.779998779296875,50.41999816894531,48.58000183105469,49.810001373291016,49.02386474609375,40595200
2026-03-03,48.7599983215332,50.5099983215332,48.5,49.970001220703125,49.18133544921875,51242900
2026-03-04,49.88999938964844,50.40999984741211,49.209999084472656,50.29999923706055,49.506126403808594,34208500
2026-03-05,49.81999969482422,50.43000030517578,49.33000183105469,49.810001373291016,49.02386474609375,39073900
2026-03-06,48.54999923706055,48.70000076293945,47.619998931884766,48.63999938964844,48.1429557800293,47016000
2026-03-09,47.939998626708984,48.150001525878906,46.77000045776367,47.900001525878906,47.410518646240234,62752800
2026-03-10,48.279998779296875,49.150001525878906,47.599998474121094,48.560001373291016,48.06377410888672,50271100
2026-03-11,48.36000061035156,48.650001525878906,47.779998779296875,48.52000045776367,48.0241813659668,42185800
2026-03-12,47.70000076293945,47.779998779296875,46.790000915527344,47.130001068115234,46.64838790893555,58354500
2026-03-13,47.52000045776367,47.81999969482422,46.65999984741211,46.720001220703125,46.242576599121094,45473100
2026-03-16,47.119998931884766,47.68000030517578,46.900001525878906,47.060001373291016,46.579105377197266,38055600
2026-03-17,47.65999984741211,48.08000183105469,47.20000076293945,47.279998779296875,46.796852111816406,33427800
2026-03-18,47.220001220703125,47.880001068115234,46.689998626708984,46.83000183105469,46.3514518737793,40251800
2026-03-19,46.41999816894531,47.189998626708984,46.119998931884766,47.0099983215332,46.52960968017578,38601400
2026-03-20,47.130001068115234,47.459999084472656,46.689998626708984,47.15999984741211,46.678077697753906,78060900
2026-03-23,48.34000015258789,48.38999938964844,47.47999954223633,47.52000045776367,47.034400939941406,42333200
2026-03-24,47.04999923706055,48.459999084472656,47.02000045776367,48.13999938964844,47.64806365966797,39804100
2026-03-25,48.52000045776367,49.11000061035156,48.18000030517578,48.75,48.2518310546875,29988300
2026-03-26,48.709999084472656,48.869998931884766,48.029998779296875,48.2400016784668,47.74704360961914,32502600
2026-03-27,48.06999969482422,48.25,46.84000015258789,46.970001220703125,46.49002456665039,36781900
2026-03-30,47.54999923706055,47.86000061035156,46.93000030517578,47.22999954223633,46.74736022949219,43375900
2026-03-31,47.68000030517578,48.77000045776367,47.369998931884766,48.75,48.2518310546875,49060600
2026-04-01,49.70000076293945,50.04999923706055,48.779998779296875,49.27000045776367,48.766517639160156,32947000
2026-04-02,48.75,49.56999969482422,48.15999984741211,49.380001068115234,48.87539291381836,27548200
2026-04-06,49.43000030517578,50.119998931884766,49.25,50.060001373291016,49.54844665527344,28507200
2026-04-07,49.79999923706055,50.47999954223633,49.619998931884766,50.279998779296875,49.766197204589844,28473200
2026-04-08,51.939998626708984,52.2599983215332,51.369998931884766,51.880001068115234,51.349849700927734,36473500
2026-04-09,51.630001068115234,52.84000015258789,51.630001068115234,52.709999084472656,52.171363830566406,32008000
2026-04-10,52.79999923706055,52.83000183105469,52.20000076293945,52.540000915527344,52.00310134887695,25225300
2026-04-13,52.18000030517578,53.439998626708984,51.849998474121094,53.349998474121094,52.80482482910156,27835300
2026-04-14,53.099998474121094,53.56999969482422,52.79999923706055,53.349998474121094,52.80482482910156,40178500
2026-04-15,54.25,55.400001525878906,53.709999084472656,54.31999969482422,53.76491165161133,63838200
2026-04-16,54.040000915527344,54.5099983215332,53.470001220703125,53.5099983215332,52.96318817138672,35206700
2026-04-17,54.15999984741211,54.599998474121094,53.75,53.90999984741211,53.359100341796875,43484700
2026-04-20,53.5,53.95000076293945,53.18000030517578,53.95000076293945,53.3986930847168,43999200
2026-04-21,54.0,54.650001525878906,53.209999084472656,53.47999954223633,52.93349838256836,34266300
2026-04-22,53.66999816894531,53.79999923706055,53.0,53.119998931884766,52.577171325683594,24097600
2026-04-23,53.060001373291016,53.52000045776367,52.25,52.470001220703125,51.93381881713867,31956300
2026-04-24,52.31999969482422,52.5099983215332,51.93000030517578,52.04999923706055,51.51810836791992,30265400
2026-04-27,51.9900016784668,52.93000030517578,51.83000183105469,52.630001068115234,52.09218215942383,28043700
2026-04-28,53.02000045776367,53.43000030517578,52.630001068115234,52.65999984741211,52.12187576293945,21164100
2026-04-29,52.43000030517578,53.02000045776367,51.83000183105469,52.880001068115234,52.339630126953125,26250700
2026-04-30,52.61000061035156,53.65999984741211,52.150001525878906,53.459999084472656,52.913700103759766,27089200
2026-05-01,53.689998626708984,54.060001373291016,53.09000015258789,53.2400016784668,52.69594955444336,24825000
2026-05-04,53.06999969482422,53.06999969482422,52.0,52.189998626708984,51.65667724609375,42929000
2026-05-05,52.56999969482422,53.36000061035156,52.279998779296875,53.119998931884766,52.577171325683594,28458600
2026-05-06,53.81999969482422,54.20000076293945,53.470001220703125,53.599998474121094,53.052268981933594,27541200
2026-05-07,53.54999923706055,54.0,52.5,52.75,52.21095657348633,28682100
2026-05-08,52.97999954223633,53.0099983215332,51.099998474121094,51.310001373291016,50.78567123413086,36111200
2026-05-11,51.209999084472656,51.38999938964844,50.27000045776367,50.54999923706055,50.0334358215332,33132200
2026-05-12,50.86000061035156,51.08000183105469,49.84000015258789,50.779998779296875,50.261085510253906,33518800
2026-05-13,50.36000061035156,50.779998779296875,49.79999923706055,49.84000015258789,49.330692291259766,29838000
2026-05-14,50.060001373291016,50.470001220703125,49.4900016784668,49.849998474121094,49.3405876159668,37671800
2026-05-15,49.619998931884766,49.9900016784668,49.29999923706055,49.77000045776367,49.261409759521484,46282300
2026-05-18,49.720001220703125,50.91999816894531,49.720001220703125,50.689998626708984,50.17200469970703,33404100
2026-05-19,50.72999954223633,51.279998779296875,50.380001068115234,50.70000076293945,50.18190383911133,44154600
2026-05-20,50.9900016784668,51.58000183105469,50.4900016784668,51.22999954223633,50.706485748291016,47739400
2026-05-21,51.0,51.5,50.7599983215332,51.4900016784668,50.96383285522461,27461900
2026-05-22,51.689998626708984,52.150001525878906,51.650001525878906,51.79999923706055,51.27066421508789,26683700
2026-05-26,52.220001220703125,52.5,51.880001068115234,52.20000076293945,51.66657638549805,27397600
2026-05-27,52.38999938964844,52.4900016784668,50.7599983215332,51.099998474121094,50.577816009521484,48581500
2026-05-28,50.91999816894531,51.5,50.63999938964844,50.77000045776367,50.251190185546875,48550100
2026-05-29,50.970001220703125,51.79999923706055,50.61000061035156,51.599998474121094,51.07270431518555,57930600
2026-06-01,51.310001373291016,51.83000183105469,50.849998474121094,51.5099983215332,50.98362731933594,34303700
2026-06-02,51.2599983215332,52.709999084472656,51.2599983215332,52.47999954223633,51.9437141418457,42126500
2026-06-03,52.2599983215332,52.54999923706055,51.220001220703125,52.400001525878906,51.864532470703125,48065400
2026-06-04,53.130001068115234,54.33000183105469,52.79999923706055,54.16999816894531,53.6164436340332,51883600
2026-06-05,54.16999816894531,54.279998779296875,53.31999969482422,53.83000183105469,53.5567512512207,38829400
2026-06-08,53.720001220703125,54.349998474121094,53.56999969482422,53.630001068115234,53.357765197753906,30332100
2026-06-09,54.0,54.619998931884766,53.650001525878906,54.41999816894531,54.14375305175781,32329000
2026-06-10,54.540000915527344,55.29999923706055,54.220001220703125,54.540000915527344,54.263145446777344,37025500
2026-06-11,54.720001220703125,55.310001373291016,54.06999969482422,55.15999984741211,54.87999725341797,31746300
2026-06-12,55.36000061035156,56.189998626708984,55.2599983215332,56.02000045776367,55.735633850097656,32989000
2026-06-15,56.619998931884766,57.0,55.7400016784668,55.869998931884766,55.58639144897461,31666500
2026-06-16,56.5,57.06999969482422,56.22999954223633,56.84000015258789,56.55147171020508,33409800
2026-06-17,57.13999938964844,57.97999954223633,56.29999923706055,56.529998779296875,56.2430419921875,40439300
2026-06-18,57.22999954223633,57.33000183105469,56.029998779296875,56.20000076293945,55.91471862792969,70438800
2026-06-22,56.849998474121094,57.72999954223633,56.810001373291016,57.369998931884766,57.07877731323242,38653800
2026-06-23,57.52000045776367,58.0099983215332,57.20000076293945,57.90999984741211,57.61603927612305,30045700
2026-06-24,58.209999084472656,58.33000183105469,57.38999938964844,57.72999954223633,57.43695068359375,30324900
2026-06-25,57.849998474121094,59.20000076293945,57.849998474121094,58.189998626708984,57.894615173339844,33747400
2026-06-26,58.540000915527344,58.630001068115234,57.439998626708984,57.880001068115234,57.5861930847168,48757600
2026-06-29,57.7599983215332,58.34000015258789,57.61000061035156,57.880001068115234,57.5861930847168,28920800
2026-06-30,57.470001220703125,57.75,56.84000015258789,56.97999954223633,56.690757751464844,41324600
2026-07-01,57.130001068115234,58.47999954223633,56.849998474121094,58.36000061035156,58.06375503540039,35288400
2026-07-02,58.939998626708984,59.0,57.939998626708984,58.72999954223633,58.43187713623047,29329700
2026-07-06,59.13999938964844,59.939998626708984,58.91999816894531,59.900001525878906,59.59593963623047,34645400
2026-07-07,60.290000915527344,60.83000183105469,59.790000915527344,59.86000061035156,59.5561408996582,29306100
2026-07-08,59.369998931884766,59.56999969482422,58.29999923706055,58.29999923706055,58.004058837890625,29802400
2026-07-09,58.45000076293945,59.43000030517578,58.40999984741211,59.25,58.94923782348633,29203400
2026-07-10,59.63999938964844,59.869998931884766,59.38999938964844,59.66999816894531,59.367103576660156,21916600
2026-07-13,59.70000076293945,60.04999923706055,58.849998474121094,59.5,59.197967529296875,27837800
2026-07-14,59.0,61.209999084472656,58.66999816894531,60.619998931884766,60.31228256225586,49432700
2026-07-15,61.31999969482422,62.029998779296875,61.11000061035156,61.59000015258789,61.27735900878906,43361000
2026-07-16,61.97999954223633,62.0,60.9900016784668,61.4900016784668,61.1778678894043,37351900
2026-07-17,61.25,62.119998931884766,60.65999984741211,61.27000045776367,60.958984375,45045200
2026-07-20,61.349998474121094,61.4900016784668,60.369998931884766,60.41999816894531,60.11329650878906,30741100
2026-07-21,60.900001525878906,61.529998779296875,60.06999969482422,61.220001220703125,60.909236907958984,31631600
2026-07-22,61.400001525878906,61.900001525878906,61.150001525878906,61.619998931884766,61.30720520019531,51484900
2026-07-23,61.349998474121094,61.5,60.709999084472656,61.279998779296875,60.968929290771484,29253200
2026-07-24,61.529998779296875,62.279998779296875,61.279998779296875,62.04999923706055,61.735023498535156,29035400
2026-07-27,62.52000045776367,62.9900016784668,61.84000015258789,62.130001068115234,61.81461715698242,36899800
2026-07-28,62.29999923706055,62.65999984741211,61.900001525878906,62.619998931884766,62.302127838134766,28737900
2026-07-29,62.5099983215332,62.650001525878906,60.90999984741211,61.06999969482422,60.7599983215332,37919000
2026-07-30,61.52000045776367,61.93000030517578,61.029998779296875,61.72999954223633,61.416648864746094,24844000
2026-07-31,61.540000915527344,62.2400016784668,61.540000915527344,61.95000076293945,61.63553237915039,27301100
2026-08-03,62.2599983215332,62.5099983215332,61.709999084472656,62.47999954223633,62.162841796875,24013700
2026-08-04,62.470001220703125,63.540000915527344,62.349998474121094,62.900001525878906,62.580711364746094,28242100
2026-08-05,63.0,63.56999969482422,62.83000183105469,63.25,62.928932189941406,30266000
2026-08-06,63.90999984741211,63.970001220703125,62.72999954223633,63.0,62.68020248413086,24482900
2026-08-07,62.709999084472656,63.220001220703125,62.38999938964844,63.16999816894531,62.849334716796875,22620500
2026-08-10,63.15999984741211,64.0,63.0,63.86000061035156,63.53583526611328,25400400
2026-08-11,63.97999954223633,64.2699966430664,63.709999084472656,64.0,63.67512512207031,20738600
2026-08-12,64.12000274658203,64.94999694824219,63.84000015258789,64.80999755859375,64.48101043701172,27541500
2026-08-13,65.19999694824219,65.19999694824219,63.900001525878906,64.08999633789062,63.76466369628906,27306400
2026-08-14,64.04000091552734,64.55000305175781,63.810001373291016,64.48999786376953,64.16263580322266,21847900
2026-08-17,64.4000015258789,65.2300033569336,63.880001068115234,63.88999938964844,63.56568145751953,27349400
2026-08-18,64.0,64.4000015258789,63.56999969482422,64.2300033569336,63.903961181640625,28774000
2026-08-19,64.19999694824219,64.43000030517578,62.97999954223633,63.16999816894531,62.849334716796875,24082600
2026-08-20,63.060001373291016,63.2400016784668,61.810001373291016,61.86000061035156,61.545989990234375,34979400
2026-08-21,62.33000183105469,62.52000045776367,61.52000045776367,61.689998626708984,61.37685012817383,33434800
2026-08-24,61.7400016784668,62.7599983215332,61.52000045776367,62.33000183105469,62.01360321044922,27349700
2026-08-25,62.20000076293945,62.75,61.869998931884766,62.43000030517578,62.113094329833984,23386900
2026-08-26,62.38999938964844,62.58000183105469,61.939998626708984,62.22999954223633,61.91410827636719,22537100
2026-08-27,61.75,62.02000045776367,61.099998474121094,61.16999816894531,60.85948944091797,49432100
2026-08-28,61.380001068115234,62.560001373291016,61.36000061035156,62.31999969482422,62.00365447998047,33509700
2026-08-31,62.25,62.4900016784668,61.900001525878906,61.939998626708984,61.625579833984375,43470400
2026-09-01,61.970001220703125,62.83000183105469,61.720001220703125,61.9900016784668,61.675331115722656,25053700
2026-09-02,62.279998779296875,63.54999923706055,61.939998626708984,62.599998474121094,62.282230377197266,28433700
2026-09-03,62.810001373291016,63.27000045776367,62.31999969482422,63.040000915527344,62.71999740600586,29942000
2026-09-04,62.560001373291016,62.91999816894531,61.959999084472656,62.68000030517578,62.68000030517578,26587200
2026-09-08,62.4900016784668,62.81999969482422,62.11000061035156,62.38999938964844,62.38999938964844,28338000
