Price,Open,High,Low,Close,Adj Close,Volume
Ticker,HSBC,HSBC,HSBC,HSBC,HSBC,HSBC
Date,,,,,,
2021-09-02,26.520000457763672,26.809999465942383,26.489999771118164,26.6200008392334,19.698415756225586,1490300
2021-09-03,26.600000381469727,26.739999771118164,26.559999465942383,26.610000610351562,19.69101333618164,1667400
2021-09-07,26.31999969482422,26.56999969482422,26.239999771118164,26.25,19.42461585998535,2102600
2021-09-08,26.260000228881836,26.309999465942383,26.06999969482422,26.09000015258789,19.306217193603516,1950300
2021-09-09,25.959999084472656,26.229999542236328,25.8799991607666,25.989999771118164,19.232219696044922,1619900
2021-09-10,26.18000030517578,26.18000030517578,25.920000076293945,25.979999542236328,19.224821090698242,1779700
2021-09-13,26.239999771118164,26.43000030517578,26.170000076293945,26.329999923706055,19.48381805419922,1314200
2021-09-14,26.239999771118164,26.260000228881836,25.610000610351562,25.639999389648438,18.97322654724121,2382100
2021-09-15,25.739999771118164,25.90999984741211,25.68000030517578,25.75,19.054628372192383,1969000
2021-09-16,25.760000228881836,25.799999237060547,25.389999389648438,25.489999771118164,18.86223030090332,2080200
2021-09-17,26.15999984741211,26.200000762939453,25.719999313354492,25.75,19.054628372192383,3307300
2021-09-20,25.15999984741211,25.15999984741211,24.309999465942383,24.610000610351562,18.211040496826172,5179100
2021-09-21,24.8700008392334,24.889999389648438,24.399999618530273,24.530000686645508,18.15184211730957,3544300
2021-09-22,25.43000030517578,25.690000534057617,25.360000610351562,25.3700008392334,18.773433685302734,3379300
2021-09-23,25.610000610351562,25.959999084472656,25.600000381469727,25.84000015258789,19.121225357055664,2745600
2021-09-24,25.65999984741211,25.790000915527344,25.559999465942383,25.760000228881836,19.06202507019043,2694500
2021-09-27,26.260000228881836,26.59000015258789,26.239999771118164,26.5,19.609617233276367,2423200
2021-09-28,26.350000381469727,26.450000762939453,25.850000381469727,25.959999084472656,19.210023880004883,2417900
2021-09-29,26.40999984741211,26.479999542236328,26.1299991607666,26.34000015258789,19.491214752197266,1861800
2021-09-30,26.43000030517578,26.479999542236328,26.06999969482422,26.149999618530273,19.350616455078125,1892900
2021-10-01,26.209999084472656,26.520000457763672,26.100000381469727,26.3799991607666,19.520814895629883,1606800
2021-10-04,26.290000915527344,26.540000915527344,26.049999237060547,26.100000381469727,19.313617706298828,2126400
2021-10-05,26.559999465942383,26.959999084472656,26.440000534057617,26.8799991607666,19.890806198120117,2813300
2021-10-06,27.649999618530273,27.790000915527344,27.420000076293945,27.709999084472656,20.504995346069336,4313400
2021-10-07,28.360000610351562,28.459999084472656,28.149999618530273,28.18000030517578,20.85279083251953,3388700
2021-10-08,28.40999984741211,28.6200008392334,28.3700008392334,28.469999313354492,21.067384719848633,2074200
2021-10-11,29.15999984741211,29.3799991607666,28.790000915527344,28.799999237060547,21.311580657958984,4698900
2021-10-12,28.979999542236328,29.149999618530273,28.889999389648438,29.030000686645508,21.481779098510742,2691700
2021-10-13,28.989999771118164,29.1299991607666,28.729999542236328,29.020000457763672,21.47437858581543,2487900
2021-10-14,29.329999923706055,29.399999618530273,29.06999969482422,29.190000534057617,21.600173950195312,1490600
2021-10-15,29.860000610351562,30.059999465942383,29.579999923706055,29.969999313354492,22.177366256713867,2610400
2021-10-18,29.68000030517578,29.790000915527344,29.610000610351562,29.65999984741211,21.94797134399414,1546600
2021-10-19,29.84000015258789,29.889999389648438,29.75,29.860000610351562,22.095964431762695,1212600
2021-10-20,29.600000381469727,30.020000457763672,29.56999969482422,29.940000534057617,22.15516471862793,1384200
2021-10-21,30.0,30.100000381469727,29.8799991607666,30.0,22.199562072753906,1819500
2021-10-22,29.950000762939453,30.139999389648438,29.850000381469727,30.020000457763672,22.2143611907959,1716200
2021-10-25,30.290000915527344,30.540000915527344,30.219999313354492,30.5,22.569555282592773,1997600
2021-10-26,30.649999618530273,30.889999389648438,30.6299991607666,30.719999313354492,22.73235511779785,2716500
2021-10-27,30.520000457763672,30.770000457763672,30.34000015258789,30.420000076293945,22.510358810424805,1467400
2021-10-28,30.3700008392334,30.540000915527344,30.270000457763672,30.40999984741211,22.50295639038086,1379700
2021-10-29,30.34000015258789,30.399999618530273,29.979999542236328,30.06999969482422,22.251361846923828,1915000
2021-11-01,30.399999618530273,30.579999923706055,30.360000610351562,30.559999465942383,22.613956451416016,1578900
2021-11-02,29.969999313354492,30.239999771118164,29.84000015258789,30.200000762939453,22.347558975219727,1740900
2021-11-03,30.049999237060547,30.450000762939453,30.049999237060547,30.299999237060547,22.42155647277832,1515100
2021-11-04,29.5,29.520000457763672,29.020000457763672,29.25,21.644575119018555,2614200
2021-11-05,29.56999969482422,29.68000030517578,29.270000457763672,29.31999969482422,21.696374893188477,1910000
2021-11-08,29.459999084472656,29.6200008392334,29.239999771118164,29.25,21.644575119018555,1727400
2021-11-09,29.1299991607666,29.190000534057617,28.950000762939453,29.030000686645508,21.481779098510742,1372900
2021-11-10,29.100000381469727,29.219999313354492,28.8700008392334,28.899999618530273,21.385583877563477,1367100
2021-11-11,29.0,29.09000015258789,28.93000030517578,28.989999771118164,21.45218276977539,1176400
2021-11-12,28.93000030517578,29.06999969482422,28.899999618530273,29.0,21.459575653076172,1607500
2021-11-15,29.239999771118164,29.360000610351562,29.18000030517578,29.280000686645508,21.666776657104492,2193400
2021-11-16,29.510000228881836,29.65999984741211,29.420000076293945,29.489999771118164,21.822168350219727,2000600
2021-11-17,29.780000686645508,29.799999237060547,29.5,29.549999237060547,21.866573333740234,1477400
2021-11-18,29.579999923706055,29.649999618530273,29.440000534057617,29.540000915527344,21.85917091369629,1448000
2021-11-19,28.969999313354492,29.149999618530273,28.780000686645508,29.100000381469727,21.5335750579834,1704800
2021-11-22,29.09000015258789,29.31999969482422,29.059999465942383,29.100000381469727,21.5335750579834,1803200
2021-11-23,29.649999618530273,29.799999237060547,29.510000228881836,29.6200008392334,21.91836929321289,1917500
2021-11-24,29.469999313354492,29.65999984741211,29.459999084472656,29.610000610351562,21.91097068786621,1182100
2021-11-26,27.969999313354492,28.010000228881836,27.510000228881836,27.770000457763672,20.54939842224121,2290500
2021-11-29,28.059999465942383,28.1299991607666,27.6200008392334,27.84000015258789,20.601198196411133,2181700
2021-11-30,27.829999923706055,27.90999984741211,27.549999237060547,27.68000030517578,20.482797622680664,2810800
2021-12-01,28.3700008392334,28.540000915527344,27.84000015258789,27.850000381469727,20.608592987060547,2640300
2021-12-02,28.440000534057617,28.81999969482422,28.40999984741211,28.65999984741211,21.20798110961914,2695000
2021-12-03,28.670000076293945,28.760000228881836,28.239999771118164,28.420000076293945,21.030385971069336,3418200
2021-12-06,28.850000381469727,28.989999771118164,28.760000228881836,28.829999923706055,21.33378028869629,2310700
2021-12-07,29.170000076293945,29.389999389648438,29.1299991607666,29.309999465942383,21.688974380493164,2063000
2021-12-08,29.110000610351562,29.260000228881836,29.010000228881836,29.049999237060547,21.4965763092041,1343500
2021-12-09,28.989999771118164,29.1299991607666,28.8700008392334,29.079999923706055,21.518774032592773,1375200
2021-12-10,29.09000015258789,29.1200008392334,28.920000076293945,29.09000015258789,21.52617645263672,1100100
2021-12-13,28.739999771118164,28.760000228881836,28.3799991607666,28.40999984741211,21.02298927307129,2000500
2021-12-14,28.6200008392334,28.940000534057617,28.6200008392334,28.729999542236328,21.25977897644043,2015300
2021-12-15,28.959999084472656,28.959999084472656,28.530000686645508,28.780000686645508,21.29677963256836,1881500
2021-12-16,29.770000457763672,29.899999618530273,29.59000015258789,29.670000076293945,21.955371856689453,3064000
2021-12-17,29.649999618530273,29.65999984741211,29.270000457763672,29.299999237060547,21.68157196044922,2604700
2021-12-20,29.360000610351562,29.399999618530273,29.059999465942383,29.290000915527344,21.67417335510254,2619600
2021-12-21,29.350000381469727,29.489999771118164,29.34000015258789,29.360000610351562,21.725976943969727,1913200
2021-12-22,29.479999542236328,29.649999618530273,29.420000076293945,29.600000381469727,21.9035701751709,1929200
2021-12-23,29.889999389648438,30.100000381469727,29.850000381469727,29.8700008392334,22.103364944458008,1770600
2021-12-27,29.940000534057617,30.110000610351562,29.75,30.06999969482422,22.251361846923828,1317200
2021-12-28,29.889999389648438,30.31999969482422,29.889999389648438,30.149999618530273,22.310558319091797,2098400
2021-12-29,30.270000457763672,30.350000381469727,30.139999389648438,30.219999313354492,22.36235809326172,2267500
2021-12-30,30.280000686645508,30.40999984741211,30.139999389648438,30.170000076293945,22.325359344482422,1997400
2021-12-31,30.170000076293945,30.260000228881836,30.059999465942383,30.149999618530273,22.310558319091797,692400
2022-01-03,30.3799991607666,30.600000381469727,30.329999923706055,30.450000762939453,22.532560348510742,1706000
2022-01-04,31.700000762939453,31.989999771118164,31.68000030517578,31.81999969482422,23.54633903503418,4272000
2022-01-05,31.690000534057617,31.899999618530273,31.530000686645508,31.549999237060547,23.346540451049805,4292600
2022-01-06,32.33000183105469,32.47999954223633,32.220001220703125,32.45000076293945,24.012529373168945,4006200
2022-01-07,32.54999923706055,32.84000015258789,32.52000045776367,32.7400016784668,24.227121353149414,2878200
2022-01-10,33.369998931884766,33.400001525878906,33.20000076293945,33.33000183105469,24.663715362548828,2926000
2022-01-11,33.52000045776367,33.7599983215332,33.41999816894531,33.72999954223633,24.9597110748291,2904500
2022-01-12,34.150001525878906,34.34000015258789,34.099998474121094,34.279998779296875,25.366701126098633,2810300
2022-01-13,34.880001068115234,35.27000045776367,34.84000015258789,35.0,25.899492263793945,3744200
2022-01-14,35.099998474121094,35.380001068115234,35.02000045776367,35.349998474121094,26.15848159790039,4301000
2022-01-18,35.02000045776367,35.15999984741211,34.90999984741211,35.029998779296875,25.921689987182617,3340200
2022-01-19,35.02000045776367,35.11000061035156,34.689998626708984,34.77000045776367,25.729293823242188,2679300
2022-01-20,34.4900016784668,34.81999969482422,34.27000045776367,34.310001373291016,25.388900756835938,2378700
2022-01-21,34.13999938964844,34.2400016784668,33.779998779296875,33.869998931884766,25.063304901123047,3353700
2022-01-24,33.439998626708984,33.540000915527344,32.810001373291016,33.529998779296875,24.81171417236328,4612900
2022-01-25,34.130001068115234,34.68000030517578,33.75,34.5,25.529497146606445,4603900
2022-01-26,35.400001525878906,35.45000076293945,34.79999923706055,35.060001373291016,25.94388771057129,3493100
2022-01-27,36.38999938964844,36.599998474121094,35.560001373291016,35.75,26.45448112487793,4901600
2022-01-28,35.5,35.52000045776367,35.040000915527344,35.45000076293945,26.232484817504883,2849200
2022-01-31,35.68000030517578,35.689998626708984,35.29999923706055,35.56999969482422,26.321285247802734,2249700
2022-02-01,36.43000030517578,36.93000030517578,36.40999984741211,36.880001068115234,27.29066276550293,3328200
2022-02-02,37.02000045776367,37.29999923706055,36.93000030517578,37.22999954223633,27.549654006958008,2329200
2022-02-03,37.380001068115234,37.4900016784668,36.869998931884766,36.939998626708984,27.335058212280273,2805000
2022-02-04,36.7400016784668,37.20000076293945,36.68000030517578,37.099998474121094,27.45346450805664,2795200
2022-02-07,37.41999816894531,37.720001220703125,37.27000045776367,37.54999923706055,27.78645133972168,3049700
2022-02-08,38.16999816894531,38.310001373291016,38.029998779296875,38.25,28.304441452026367,3140900
2022-02-09,37.970001220703125,38.08000183105469,37.779998779296875,37.79999923706055,27.971454620361328,2899500
2022-02-10,37.869998931884766,38.2400016784668,37.77000045776367,37.86000061035156,28.015853881835938,2859100
2022-02-11,38.09000015258789,38.61000061035156,37.720001220703125,37.810001373291016,27.97885513305664,4949900
2022-02-14,37.849998474121094,37.900001525878906,37.290000915527344,37.529998779296875,27.771648406982422,4692300
2022-02-15,37.4900016784668,37.630001068115234,37.29999923706055,37.41999816894531,27.690256118774414,3000400
2022-02-16,36.90999984741211,37.34000015258789,36.900001525878906,37.15999984741211,27.49785804748535,3136200
2022-02-17,36.58000183105469,36.75,36.33000183105469,36.5,27.00946807861328,2774900
2022-02-18,36.84000015258789,37.04999923706055,36.72999954223633,36.810001373291016,27.238866806030273,2640800
2022-02-22,37.0099983215332,37.349998474121094,36.84000015258789,37.09000015258789,27.446054458618164,3822800
2022-02-23,37.33000183105469,37.540000915527344,36.83000183105469,36.95000076293945,27.34246826171875,3071600
2022-02-24,34.5099983215332,34.90999984741211,33.869998931884766,34.88999938964844,25.818096160888672,6802700
2022-02-25,35.709999084472656,36.310001373291016,35.650001525878906,36.27000045776367,26.839271545410156,4604800
2022-02-28,33.869998931884766,34.61000061035156,33.869998931884766,34.540000915527344,25.559099197387695,5365000
2022-03-01,33.810001373291016,33.95000076293945,32.83000183105469,33.15999984741211,24.53791618347168,5927000
2022-03-02,33.709999084472656,34.22999954223633,33.61000061035156,34.04999923706055,25.19650650024414,4761200
2022-03-03,33.7400016784668,33.869998931884766,33.08000183105469,33.25,24.60451316833496,5163100
2022-03-04,31.540000915527344,31.6200008392334,30.8799991607666,31.229999542236328,23.109743118286133,8133600
2022-03-07,31.31999969482422,31.43000030517578,30.450000762939453,30.59000015258789,22.636154174804688,7470900
2022-03-08,31.579999923706055,32.02000045776367,30.899999618530273,31.3700008392334,23.213342666625977,9003900
2022-03-09,32.2599983215332,32.45000076293945,31.969999313354492,32.18000030517578,23.812732696533203,5773100
2022-03-10,31.34000015258789,31.469999313354492,30.940000534057617,31.270000457763672,23.805118560791016,4566300
2022-03-11,31.469999313354492,31.6200008392334,31.110000610351562,31.1200008392334,23.690927505493164,3817900
2022-03-14,31.68000030517578,32.29999923706055,31.6299991607666,31.829999923706055,24.23143196105957,3916700
2022-03-15,31.559999465942383,31.6200008392334,31.25,31.549999237060547,24.018280029296875,4005600
2022-03-16,32.13999938964844,32.689998626708984,32.04999923706055,32.68000030517578,24.878522872924805,5315900
2022-03-17,32.72999954223633,33.27000045776367,32.560001373291016,33.209999084472656,25.28199005126953,3564400
2022-03-18,32.77000045776367,33.2599983215332,32.65999984741211,33.20000076293945,25.274383544921875,2779800
2022-03-21,33.11000061035156,33.209999084472656,32.939998626708984,33.0,25.12212562561035,2565400
2022-03-22,34.5,34.5099983215332,34.060001373291016,34.11000061035156,25.967138290405273,3521500
2022-03-23,33.650001525878906,33.88999938964844,33.5099983215332,33.529998779296875,25.525604248046875,2505300
2022-03-24,34.029998779296875,34.22999954223633,33.869998931884766,34.09000015258789,25.95191764831543,3090800
2022-03-25,34.15999984741211,34.380001068115234,34.06999969482422,34.209999084472656,26.04327392578125,2542000
2022-03-28,34.2400016784668,34.25,33.79999923706055,34.0,25.883407592773438,3175400
2022-03-29,34.70000076293945,34.72999954223633,34.22999954223633,34.439998626708984,26.218366622924805,3999800
2022-03-30,34.72999954223633,34.790000915527344,34.40999984741211,34.47999954223633,26.248815536499023,3072800
2022-03-31,34.619998931884766,34.689998626708984,34.209999084472656,34.220001220703125,26.050888061523438,2957600
2022-04-01,34.54999923706055,34.650001525878906,34.34000015258789,34.63999938964844,26.370620727539062,3289800
2022-04-04,34.33000183105469,34.66999816894531,34.220001220703125,34.4900016784668,26.25643539428711,2898200
2022-04-05,34.439998626708984,34.68000030517578,34.27000045776367,34.349998474121094,26.149850845336914,2355100
2022-04-06,33.97999954223633,34.41999816894531,33.869998931884766,34.220001220703125,26.050888061523438,2678600
2022-04-07,34.310001373291016,34.45000076293945,33.95000076293945,34.369998931884766,26.165075302124023,2782600
2022-04-08,34.2400016784668,34.619998931884766,34.22999954223633,34.529998779296875,26.286882400512695,2310600
2022-04-11,34.75,34.91999816894531,34.540000915527344,34.619998931884766,26.35539436340332,2037000
2022-04-12,33.90999984741211,34.119998931884766,33.41999816894531,33.5099983215332,25.510377883911133,2794200
2022-04-13,33.84000015258789,33.970001220703125,33.689998626708984,33.959999084472656,25.852954864501953,2423000
2022-04-14,33.970001220703125,34.130001068115234,33.849998474121094,33.939998626708984,25.837732315063477,1913500
2022-04-18,33.849998474121094,34.119998931884766,33.79999923706055,33.88999938964844,25.799659729003906,1827900
2022-04-19,34.11000061035156,34.380001068115234,34.09000015258789,34.36000061035156,26.1574649810791,1948900
2022-04-20,35.08000183105469,35.2400016784668,34.849998474121094,34.970001220703125,26.62184715270996,2394800
2022-04-21,34.9900016784668,35.060001373291016,34.43000030517578,34.5099983215332,26.27165412902832,2682700
2022-04-22,33.880001068115234,33.90999984741211,33.41999816894531,33.439998626708984,25.45708656311035,3284000
2022-04-25,32.34000015258789,32.439998626708984,31.770000457763672,32.380001068115234,24.650131225585938,5241500
2022-04-26,30.639999389648438,30.709999084472656,29.84000015258789,29.84000015258789,22.716493606567383,4482500
2022-04-27,30.520000457763672,30.639999389648438,30.260000228881836,30.440000534057617,23.17325782775879,4292300
2022-04-28,30.719999313354492,31.1200008392334,30.420000076293945,31.0,23.599573135375977,3834200
2022-04-29,30.829999923706055,32.310001373291016,30.809999465942383,31.010000228881836,23.607187271118164,7099700
2022-05-02,31.010000228881836,31.1299991607666,30.5,30.889999389648438,23.515830993652344,3269500
2022-05-03,31.989999771118164,32.349998474121094,31.799999237060547,32.18000030517578,24.497882843017578,3745300
2022-05-04,32.43000030517578,33.0099983215332,32.15999984741211,32.95000076293945,25.084062576293945,3330500
2022-05-05,31.739999771118164,31.899999618530273,31.219999313354492,31.440000534057617,23.93453598022461,4131000
2022-05-06,31.170000076293945,31.31999969482422,30.899999618530273,31.25,23.78989028930664,3494400
2022-05-09,30.68000030517578,30.739999771118164,30.309999465942383,30.43000030517578,23.165647506713867,2807500
2022-05-10,30.959999084472656,31.010000228881836,30.25,30.75,23.409255981445312,3512000
2022-05-11,30.780000686645508,31.15999984741211,30.25,30.280000686645508,23.05145263671875,3784200
2022-05-12,29.68000030517578,29.899999618530273,29.170000076293945,29.549999237060547,22.49571990966797,3934300
2022-05-13,30.329999923706055,30.780000686645508,30.260000228881836,30.709999084472656,23.378801345825195,3412100
2022-05-16,30.579999923706055,30.979999542236328,30.40999984741211,30.780000686645508,23.43209457397461,2296100
2022-05-17,31.329999923706055,31.520000457763672,31.18000030517578,31.40999984741211,23.91169548034668,2550300
2022-05-18,30.739999771118164,31.040000915527344,30.5,30.56999969482422,23.2722225189209,3369500
2022-05-19,30.239999771118164,30.670000076293945,30.219999313354492,30.520000457763672,23.234161376953125,3837700
2022-05-20,31.1200008392334,31.1200008392334,30.280000686645508,30.75,23.409255981445312,2594400
2022-05-23,31.239999771118164,31.670000076293945,31.219999313354492,31.399999618530273,23.904083251953125,3245800
2022-05-24,32.56999969482422,32.84000015258789,32.310001373291016,32.720001220703125,24.908971786499023,4758100
2022-05-25,32.75,33.08000183105469,32.52000045776367,32.81999969482422,24.985095977783203,3248800
2022-05-26,32.900001525878906,33.15999984741211,32.900001525878906,33.0099983215332,25.12973976135254,2182200
2022-05-27,33.65999984741211,33.7599983215332,33.40999984741211,33.689998626708984,25.64740753173828,2965500
2022-05-31,33.380001068115234,33.709999084472656,33.36000061035156,33.459999084472656,25.472314834594727,2807300
2022-06-01,33.560001373291016,33.56999969482422,32.939998626708984,33.13999938964844,25.22870635986328,3110700
2022-06-02,33.13999938964844,33.369998931884766,32.95000076293945,33.369998931884766,25.40380096435547,2196800
2022-06-03,33.130001068115234,33.2400016784668,32.93000030517578,32.970001220703125,25.09929084777832,1392800
2022-06-06,33.689998626708984,33.810001373291016,33.279998779296875,33.380001068115234,25.411415100097656,2501700
2022-06-07,33.16999816894531,33.4900016784668,33.130001068115234,33.459999084472656,25.472314834594727,2043700
2022-06-08,32.75,32.81999969482422,32.380001068115234,32.5,24.74148941040039,2459400
2022-06-09,32.2400016784668,32.279998779296875,31.770000457763672,31.780000686645508,24.19337272644043,2970300
2022-06-10,31.1299991607666,31.170000076293945,30.68000030517578,30.809999465942383,23.454931259155273,3630000
2022-06-13,30.6299991607666,30.899999618530273,30.399999618530273,30.670000076293945,23.34835433959961,3884000
2022-06-14,31.299999237060547,31.40999984741211,30.899999618530273,31.139999389648438,23.706151962280273,3902700
2022-06-15,32.25,32.36000061035156,31.690000534057617,32.15999984741211,24.48265266418457,6107700
2022-06-16,31.479999542236328,31.770000457763672,31.229999542236328,31.6299991607666,24.079179763793945,3725400
2022-06-17,31.399999618530273,31.559999465942383,30.770000457763672,30.969999313354492,23.576738357543945,3755800
2022-06-21,33.290000915527344,33.29999923706055,32.90999984741211,33.130001068115234,25.221097946166992,5026700
2022-06-22,32.5,32.93000030517578,32.470001220703125,32.650001525878906,24.855684280395508,3801700
2022-06-23,32.689998626708984,32.709999084472656,31.969999313354492,32.34000015258789,24.619686126708984,4017800
2022-06-24,32.689998626708984,33.04999923706055,32.65999984741211,33.029998779296875,25.144962310791016,2794900
2022-06-27,33.04999923706055,33.22999954223633,32.869998931884766,32.91999816894531,25.061229705810547,2366700
2022-06-28,33.349998474121094,33.56999969482422,32.959999084472656,33.0,25.12212562561035,2518200
2022-06-29,33.68000030517578,33.68000030517578,33.310001373291016,33.38999938964844,25.41902732849121,2489400
2022-06-30,32.47999954223633,32.689998626708984,32.099998474121094,32.66999816894531,24.87091064453125,2993000
2022-07-01,32.20000076293945,32.720001220703125,31.959999084472656,32.68000030517578,24.878522872924805,2408600
2022-07-05,31.420000076293945,31.6299991607666,31.079999923706055,31.610000610351562,24.063955307006836,3098200
2022-07-06,30.959999084472656,31.260000228881836,30.739999771118164,31.149999618530273,23.713768005371094,2938800
2022-07-07,31.889999389648438,32.2400016784668,31.889999389648438,32.060001373291016,24.40652847290039,2065700
2022-07-08,31.59000015258789,31.760000228881836,31.399999618530273,31.579999923706055,24.041114807128906,2530700
2022-07-11,31.489999771118164,31.639999389648438,31.31999969482422,31.399999618530273,23.904083251953125,1796300
2022-07-12,31.0,31.6200008392334,30.950000762939453,31.350000381469727,23.86602020263672,1780400
2022-07-13,31.34000015258789,31.489999771118164,30.959999084472656,31.3700008392334,23.881248474121094,2714900
2022-07-14,30.420000076293945,30.43000030517578,30.1200008392334,30.360000610351562,23.11235809326172,3100200
2022-07-15,30.309999465942383,30.719999313354492,30.079999923706055,30.649999618530273,23.333126068115234,3333600
2022-07-18,31.139999389648438,31.360000610351562,30.920000076293945,31.010000228881836,23.607187271118164,2759300
2022-07-19,31.3700008392334,31.610000610351562,31.280000686645508,31.56999969482422,24.03350067138672,3802300
2022-07-20,31.100000381469727,31.18000030517578,30.739999771118164,30.940000534057617,23.55389976501465,2292500
2022-07-21,30.690000534057617,31.350000381469727,30.6299991607666,31.329999923706055,23.850793838500977,3096300
2022-07-22,30.989999771118164,31.219999313354492,30.780000686645508,30.920000076293945,23.53866958618164,2030300
2022-07-25,31.770000457763672,31.93000030517578,31.610000610351562,31.829999923706055,24.23143196105957,2377700
2022-07-26,31.549999237060547,31.68000030517578,31.31999969482422,31.399999618530273,23.904083251953125,1805900
2022-07-27,31.6200008392334,32.0099983215332,31.540000915527344,31.950000762939453,24.322790145874023,1954900
2022-07-28,31.420000076293945,31.450000762939453,31.09000015258789,31.389999389648438,23.896472930908203,2198900
2022-07-29,31.0,31.440000534057617,30.93000030517578,31.399999618530273,23.904083251953125,2889600
2022-08-01,33.560001373291016,33.790000915527344,33.11000061035156,33.439998626708984,25.45708656311035,4101300
2022-08-02,32.849998474121094,32.88999938964844,32.41999816894531,32.45000076293945,24.703428268432617,3163500
2022-08-03,32.84000015258789,33.04999923706055,32.65999984741211,32.849998474121094,25.0079345703125,3096600
2022-08-04,32.7599983215332,32.869998931884766,32.65999984741211,32.709999084472656,24.901357650756836,2075900
2022-08-05,32.45000076293945,32.83000183105469,32.41999816894531,32.810001373291016,24.97748374938965,2076800
2022-08-08,33.15999984741211,33.22999954223633,32.91999816894531,32.939998626708984,25.076448440551758,1880000
2022-08-09,33.439998626708984,33.68000030517578,33.31999969482422,33.45000076293945,25.464702606201172,2491000
2022-08-10,33.2400016784668,33.470001220703125,33.189998626708984,33.290000915527344,25.3429012298584,2242300
2022-08-11,33.5,33.650001525878906,33.38999938964844,33.5,25.502763748168945,1794600
2022-08-12,33.459999084472656,33.630001068115234,33.310001373291016,33.61000061035156,25.58650779724121,1800000
2022-08-15,33.11000061035156,33.220001220703125,32.88999938964844,33.150001525878906,25.236318588256836,1547800
2022-08-16,33.220001220703125,33.439998626708984,33.189998626708984,33.400001525878906,25.426637649536133,1925700
2022-08-17,32.81999969482422,33.06999969482422,32.7400016784668,33.040000915527344,25.152584075927734,2483500
2022-08-18,32.59000015258789,32.59000015258789,32.31999969482422,32.40999984741211,25.013654708862305,1503500
2022-08-19,31.8799991607666,31.950000762939453,31.6299991607666,31.809999465942383,24.550580978393555,3512100
2022-08-22,31.780000686645508,31.899999618530273,31.670000076293945,31.719999313354492,24.481124877929688,3396400
2022-08-23,31.389999389648438,31.610000610351562,31.350000381469727,31.40999984741211,24.241867065429688,2154800
2022-08-24,30.729999542236328,31.020000457763672,30.600000381469727,30.850000381469727,23.809667587280273,2511000
2022-08-25,30.899999618530273,31.190000534057617,30.829999923706055,31.170000076293945,24.056642532348633,1612200
2022-08-26,31.450000762939453,31.520000457763672,30.850000381469727,30.860000610351562,23.817386627197266,2407300
2022-08-29,30.8700008392334,31.270000457763672,30.75,31.139999389648438,24.033483505249023,1731700
2022-08-30,31.3799991607666,31.40999984741211,30.8700008392334,30.920000076293945,23.863693237304688,2613400
2022-08-31,30.8799991607666,31.149999618530273,30.799999237060547,30.829999923706055,23.79422950744629,2349500
2022-09-01,30.399999618530273,30.459999084472656,30.059999465942383,30.3799991607666,23.446928024291992,3027200
2022-09-02,30.8700008392334,31.219999313354492,30.520000457763672,30.59000015258789,23.6090030670166,3025200
2022-09-06,31.139999389648438,31.170000076293945,30.59000015258789,30.760000228881836,23.74020767211914,2318600
2022-09-07,29.90999984741211,30.440000534057617,29.850000381469727,30.3799991607666,23.446928024291992,2869100
2022-09-08,30.15999984741211,30.610000610351562,30.079999923706055,30.56999969482422,23.593563079833984,2542000
2022-09-09,30.739999771118164,30.959999084472656,30.559999465942383,30.899999618530273,23.84825897216797,2808700
2022-09-12,31.420000076293945,31.75,31.3799991607666,31.469999313354492,24.28817367553711,2610600
2022-09-13,30.700000762939453,30.989999771118164,30.440000534057617,30.479999542236328,23.524105072021484,3375200
2022-09-14,30.239999771118164,30.440000534057617,30.110000610351562,30.329999923706055,23.40833854675293,2851600
2022-09-15,30.40999984741211,30.8700008392334,30.399999618530273,30.670000076293945,23.67074203491211,2792500
2022-09-16,30.34000015258789,30.520000457763672,30.260000228881836,30.459999084472656,23.508668899536133,3194900
2022-09-19,30.219999313354492,30.579999923706055,30.1200008392334,30.540000915527344,23.57041358947754,1455300
2022-09-20,30.59000015258789,30.68000030517578,30.219999313354492,30.389999389648438,23.45464515686035,3127700
2022-09-21,30.100000381469727,30.1200008392334,29.459999084472656,29.459999084472656,22.736879348754883,3873700
2022-09-22,29.520000457763672,29.56999969482422,29.100000381469727,29.219999313354492,22.551654815673828,2993400
2022-09-23,28.43000030517578,28.459999084472656,27.90999984741211,28.15999984741211,21.733556747436523,4424600
2022-09-26,27.15999984741211,27.479999542236328,26.809999465942383,27.040000915527344,20.869150161743164,5073500
2022-09-27,27.040000915527344,27.15999984741211,26.559999465942383,26.68000030517578,20.591310501098633,4441000
2022-09-28,25.809999465942383,26.709999084472656,25.770000457763672,26.579999923706055,20.514129638671875,5211000
2022-09-29,25.850000381469727,26.170000076293945,25.6299991607666,26.030000686645508,20.089651107788086,4292400
2022-09-30,26.1299991607666,26.479999542236328,26.040000915527344,26.06999969482422,20.120519638061523,3619600
2022-10-03,26.170000076293945,26.459999084472656,25.920000076293945,26.290000915527344,20.290315628051758,3447300
2022-10-04,27.450000762939453,27.850000381469727,27.3700008392334,27.739999771118164,21.409404754638672,4922200
2022-10-05,26.81999969482422,27.1200008392334,26.6299991607666,27.010000228881836,20.845998764038086,3781600
2022-10-06,26.65999984741211,26.770000457763672,26.350000381469727,26.389999389648438,20.367490768432617,2977400
2022-10-07,26.309999465942383,26.360000610351562,26.049999237060547,26.149999618530273,20.18225860595703,3246700
2022-10-10,26.059999465942383,26.110000610351562,25.68000030517578,25.739999771118164,19.86583137512207,2687700
2022-10-11,25.489999771118164,25.68000030517578,25.0,25.100000381469727,19.37188720703125,4396800
2022-10-12,24.860000610351562,25.219999313354492,24.770000457763672,25.010000228881836,19.30242156982422,3333900
2022-10-13,25.600000381469727,26.5,25.43000030517578,26.31999969482422,20.31346321105957,5743700
2022-10-14,26.190000534057617,26.459999084472656,25.799999237060547,25.81999969482422,19.92757225036621,4186300
2022-10-17,27.100000381469727,27.299999237060547,26.799999237060547,26.81999969482422,20.699363708496094,4804500
2022-10-18,26.920000076293945,26.959999084472656,26.459999084472656,26.700000762939453,20.606746673583984,3525100
2022-10-19,26.90999984741211,26.959999084472656,26.5,26.639999389648438,20.56043815612793,3439100
2022-10-20,26.850000381469727,27.170000076293945,26.549999237060547,26.6200008392334,20.545005798339844,2615100
2022-10-21,26.469999313354492,27.239999771118164,26.399999618530273,27.219999313354492,21.008075714111328,3277200
2022-10-24,26.719999313354492,27.09000015258789,26.709999084472656,26.940000534057617,20.791973114013672,2830000
2022-10-25,25.729999542236328,25.899999618530273,25.489999771118164,25.690000534057617,19.827241897583008,4817900
2022-10-26,25.760000228881836,26.100000381469727,25.729999542236328,25.90999984741211,19.99703025817871,3709200
2022-10-27,26.190000534057617,26.440000534057617,25.979999542236328,26.040000915527344,20.097368240356445,2919900
2022-10-28,25.75,25.969999313354492,25.610000610351562,25.93000030517578,20.012470245361328,2461100
2022-10-31,25.649999618530273,26.219999313354492,25.639999389648438,25.90999984741211,19.99703025817871,2504400
2022-11-01,26.65999984741211,26.690000534057617,26.329999923706055,26.440000534057617,20.406082153320312,2607800
2022-11-02,26.280000686645508,26.6299991607666,26.079999923706055,26.100000381469727,20.14366912841797,2955900
2022-11-03,25.6200008392334,26.0,25.6200008392334,25.889999389648438,19.981597900390625,3008900
2022-11-04,27.65999984741211,28.239999771118164,27.469999313354492,28.15999984741211,21.733556747436523,8836000
2022-11-07,27.520000457763672,27.760000228881836,27.5,27.579999923706055,21.285917282104492,3729800
2022-11-08,27.700000762939453,27.920000076293945,27.600000381469727,27.729999542236328,21.401683807373047,2163800
2022-11-09,27.360000610351562,27.459999084472656,27.1200008392334,27.139999389648438,20.946332931518555,2022300
2022-11-10,27.649999618530273,27.860000610351562,27.479999542236328,27.850000381469727,21.494304656982422,3333500
2022-11-11,27.940000534057617,28.1299991607666,27.770000457763672,28.049999237060547,21.648662567138672,2447200
2022-11-14,28.360000610351562,28.479999542236328,28.139999389648438,28.190000534057617,21.756710052490234,2350900
2022-11-15,28.8799991607666,28.8799991607666,28.100000381469727,28.25,21.803016662597656,2694200
2022-11-16,28.40999984741211,28.459999084472656,28.229999542236328,28.270000457763672,21.81845474243164,2114800
2022-11-17,28.1200008392334,28.59000015258789,28.110000610351562,28.579999923706055,22.057706832885742,2385600
2022-11-18,28.670000076293945,28.690000534057617,28.440000534057617,28.549999237060547,22.03455352783203,1711600
2022-11-21,28.719999313354492,28.770000457763672,28.510000228881836,28.75,22.18891143798828,2024400
2022-11-22,28.850000381469727,29.139999389648438,28.809999465942383,28.950000762939453,22.34326934814453,1887400
2022-11-23,29.329999923706055,29.559999465942383,29.309999465942383,29.469999313354492,22.744598388671875,2596500
2022-11-25,29.639999389648438,29.799999237060547,29.579999923706055,29.719999313354492,22.93754768371582,756600
2022-11-28,29.43000030517578,29.56999969482422,29.270000457763672,29.280000686645508,22.59796142578125,2028100
2022-11-29,30.549999237060547,30.8700008392334,30.440000534057617,30.479999542236328,23.524105072021484,3336900
2022-11-30,30.690000534057617,30.889999389648438,30.280000686645508,30.860000610351562,23.817386627197266,2853900
2022-12-01,30.850000381469727,30.8799991607666,30.489999771118164,30.549999237060547,23.578128814697266,1778700
2022-12-02,30.31999969482422,30.65999984741211,30.31999969482422,30.579999923706055,23.601285934448242,2012600
2022-12-05,30.770000457763672,30.84000015258789,30.34000015258789,30.399999618530273,23.462358474731445,2349200
2022-12-06,30.56999969482422,30.729999542236328,30.270000457763672,30.3700008392334,23.439208984375,2142200
2022-12-07,30.260000228881836,30.43000030517578,30.059999465942383,30.06999969482422,23.207672119140625,1749600
2022-12-08,30.270000457763672,30.40999984741211,30.149999618530273,30.229999542236328,23.331157684326172,1531700
2022-12-09,30.469999313354492,30.59000015258789,30.360000610351562,30.360000610351562,23.431489944458008,1685700
2022-12-12,30.3700008392334,30.520000457763672,30.25,30.459999084472656,23.508668899536133,2446600
2022-12-13,31.190000534057617,31.270000457763672,30.690000534057617,30.850000381469727,23.809667587280273,3498200
2022-12-14,30.920000076293945,30.93000030517578,30.520000457763672,30.6200008392334,23.63215446472168,2142400
2022-12-15,30.18000030517578,30.219999313354492,29.8700008392334,29.969999313354492,23.1304931640625,2249500
2022-12-16,29.790000915527344,29.969999313354492,29.6299991607666,29.8799991607666,23.0610294342041,2575800
2022-12-19,30.0,30.239999771118164,29.799999237060547,29.959999084472656,23.122774124145508,2118600
2022-12-20,30.329999923706055,30.610000610351562,30.309999465942383,30.459999084472656,23.508668899536133,2069800
2022-12-21,30.780000686645508,30.920000076293945,30.75,30.850000381469727,23.809667587280273,1688300
2022-12-22,30.889999389648438,30.940000534057617,30.5,30.780000686645508,23.755645751953125,2211400
2022-12-23,30.75,30.940000534057617,30.639999389648438,30.940000534057617,23.87912940979004,1014900
2022-12-27,30.979999542236328,31.1299991607666,30.93000030517578,31.06999969482422,23.979463577270508,981200
2022-12-28,31.450000762939453,31.5,31.020000457763672,31.030000686645508,23.948589324951172,1664300
2022-12-29,31.200000762939453,31.290000915527344,31.170000076293945,31.209999084472656,24.087512969970703,1522900
2022-12-30,31.059999465942383,31.270000457763672,31.049999237060547,31.15999984741211,24.048921585083008,891900
2023-01-03,31.690000534057617,31.889999389648438,31.510000228881836,31.6299991607666,24.411657333374023,2033300
2023-01-04,32.619998931884766,32.77000045776367,32.47999954223633,32.68000030517578,25.222036361694336,2680100
2023-01-05,33.40999984741211,33.90999984741211,33.36000061035156,33.7599983215332,26.05556869506836,4549400
2023-01-06,33.779998779296875,34.34000015258789,33.66999816894531,34.310001373291016,26.480060577392578,2431800
2023-01-09,34.2400016784668,34.38999938964844,34.15999984741211,34.15999984741211,26.36428451538086,1903800
2023-01-10,34.34000015258789,34.40999984741211,34.16999816894531,34.38999938964844,26.541797637939453,1531600
2023-01-11,34.58000183105469,34.66999816894531,34.529998779296875,34.599998474121094,26.703872680664062,1409800
2023-01-12,35.540000915527344,35.61000061035156,35.209999084472656,35.41999816894531,27.33673667907715,2882600
2023-01-13,35.709999084472656,36.20000076293945,35.66999816894531,36.150001525878906,27.900146484375,3153400
2023-01-17,36.5,36.54999923706055,36.099998474121094,36.29999923706055,28.015913009643555,2010900
2023-01-18,36.54999923706055,36.650001525878906,36.18000030517578,36.18000030517578,27.923301696777344,2902300
2023-01-19,35.880001068115234,36.41999816894531,35.880001068115234,36.38999938964844,28.085372924804688,2288600
2023-01-20,36.470001220703125,36.849998474121094,36.40999984741211,36.84000015258789,28.432674407958984,1985200
2023-01-23,36.61000061035156,36.81999969482422,36.59000015258789,36.81999969482422,28.417240142822266,2103000
2023-01-24,36.52000045776367,36.790000915527344,36.40999984741211,36.689998626708984,28.31691551208496,1779200
2023-01-25,36.75,37.13999938964844,36.7400016784668,37.08000183105469,28.617910385131836,2121000
2023-01-26,37.189998626708984,37.5,37.04999923706055,37.47999954223633,28.926618576049805,1537300
2023-01-27,37.220001220703125,37.349998474121094,37.040000915527344,37.150001525878906,28.671937942504883,1817500
2023-01-30,37.130001068115234,37.31999969482422,37.060001373291016,37.060001373291016,28.602474212646484,1641500
2023-01-31,36.77000045776367,36.95000076293945,36.630001068115234,36.939998626708984,28.509855270385742,1833400
2023-02-01,36.720001220703125,37.150001525878906,36.650001525878906,36.939998626708984,28.509855270385742,3349700
2023-02-02,36.529998779296875,36.529998779296875,36.06999969482422,36.22999954223633,27.961885452270508,2479500
2023-02-03,36.09000015258789,36.310001373291016,35.95000076293945,35.9900016784668,27.776660919189453,2246400
2023-02-06,35.7599983215332,35.91999816894531,35.63999938964844,35.91999816894531,27.722633361816406,1884300
2023-02-07,36.16999816894531,36.59000015258789,36.150001525878906,36.47999954223633,28.15483283996582,2097700
2023-02-08,36.900001525878906,36.9900016784668,36.810001373291016,36.849998474121094,28.44039535522461,1965800
2023-02-09,37.68000030517578,37.720001220703125,37.209999084472656,37.22999954223633,28.733675003051758,2354300
2023-02-10,36.95000076293945,36.970001220703125,36.75,36.849998474121094,28.44039535522461,1930000
2023-02-13,37.060001373291016,37.29999923706055,37.04999923706055,37.27000045776367,28.76454734802246,1089000
2023-02-14,36.83000183105469,37.290000915527344,36.810001373291016,37.220001220703125,28.725955963134766,1525500
2023-02-15,36.65999984741211,36.88999938964844,36.619998931884766,36.880001068115234,28.46355438232422,1491800
2023-02-16,36.869998931884766,37.279998779296875,36.869998931884766,37.099998474121094,28.63334083557129,1749900
2023-02-17,37.09000015258789,37.400001525878906,37.02000045776367,37.34000015258789,28.818571090698242,2052200
2023-02-21,39.209999084472656,39.630001068115234,38.9900016784668,39.040000915527344,30.1306095123291,4068200
2023-02-22,38.459999084472656,38.59000015258789,38.2400016784668,38.27000045776367,29.536334991455078,2996600
2023-02-23,38.0,38.130001068115234,37.779998779296875,37.97999954223633,29.31252098083496,2433200
2023-02-24,37.849998474121094,38.09000015258789,37.83000183105469,38.02000045776367,29.343385696411133,1695600
2023-02-27,38.06999969482422,38.20000076293945,37.939998626708984,37.97999954223633,29.31252098083496,2037100
2023-02-28,38.58000183105469,38.59000015258789,38.290000915527344,38.310001373291016,29.567209243774414,2455800
2023-03-01,38.380001068115234,38.529998779296875,38.2400016784668,38.349998474121094,29.59807777404785,3010800
2023-03-02,36.88999938964844,37.029998779296875,36.619998931884766,36.970001220703125,29.41507911682129,2147900
2023-03-03,36.90999984741211,37.25,36.880001068115234,37.2400016784668,29.629907608032227,1649300
2023-03-06,36.880001068115234,37.279998779296875,36.849998474121094,37.20000076293945,29.598073959350586,1588000
2023-03-07,37.47999954223633,37.4900016784668,36.869998931884766,37.0099983215332,29.4469051361084,2364200
2023-03-08,37.400001525878906,37.66999816894531,37.189998626708984,37.34000015258789,29.7094669342041,1990700
2023-03-09,37.09000015258789,37.2599983215332,36.630001068115234,36.720001220703125,29.216169357299805,2448600
2023-03-10,35.540000915527344,35.86000061035156,35.13999938964844,35.310001373291016,28.09430694580078,5830700
2023-03-13,34.20000076293945,35.02000045776367,34.189998626708984,34.599998474121094,27.529396057128906,7471500
2023-03-14,35.189998626708984,35.38999938964844,34.88999938964844,35.130001068115234,27.951091766357422,3802000
2023-03-15,32.93000030517578,33.869998931884766,32.90999984741211,33.790000915527344,26.884923934936523,8781700
2023-03-16,33.290000915527344,34.4900016784668,33.290000915527344,34.4900016784668,27.441877365112305,4600400
2023-03-17,33.099998474121094,33.38999938964844,32.84000015258789,33.08000183105469,26.32001495361328,3440100
2023-03-20,32.93000030517578,33.470001220703125,32.900001525878906,33.25,26.45527458190918,3593200
2023-03-21,33.9900016784668,34.29999923706055,33.86000061035156,33.93000030517578,26.996313095092773,2954300
2023-03-22,34.95000076293945,34.95000076293945,34.29999923706055,34.29999923706055,27.29070281982422,3846800
2023-03-23,34.060001373291016,34.220001220703125,33.22999954223633,33.47999954223633,26.63827133178711,3164000
2023-03-24,32.630001068115234,33.08000183105469,32.40999984741211,33.08000183105469,26.32001495361328,3583900
2023-03-27,33.40999984741211,33.650001525878906,33.29999923706055,33.63999938964844,26.765573501586914,2071800
2023-03-28,33.31999969482422,33.619998931884766,33.25,33.459999084472656,26.622356414794922,1620200
2023-03-29,34.20000076293945,34.349998474121094,34.06999969482422,34.220001220703125,27.22705078125,2183500
2023-03-30,34.560001373291016,34.560001373291016,34.2400016784668,34.290000915527344,27.282745361328125,1263000
2023-03-31,34.130001068115234,34.220001220703125,33.9900016784668,34.130001068115234,27.155441284179688,1716500
2023-04-03,34.70000076293945,34.90999984741211,34.560001373291016,34.720001220703125,27.624874114990234,1168000
2023-04-04,34.939998626708984,34.970001220703125,34.400001525878906,34.650001525878906,27.56917953491211,1297900
2023-04-05,34.560001373291016,34.75,34.40999984741211,34.689998626708984,27.60100555419922,1184100
2023-04-06,34.83000183105469,35.29999923706055,34.81999969482422,35.18000030517578,27.99087142944336,1420300
2023-04-10,35.22999954223633,35.349998474121094,35.0099983215332,35.130001068115234,27.951091766357422,1226900
2023-04-11,34.95000076293945,35.099998474121094,34.91999816894531,34.9900016784668,27.839704513549805,1291800
2023-04-12,35.25,35.31999969482422,35.02000045776367,35.09000015258789,27.91926383972168,2040400
2023-04-13,35.5,35.720001220703125,35.369998931884766,35.66999816894531,28.380735397338867,1259600
2023-04-14,36.529998779296875,36.689998626708984,36.2599983215332,36.34000015258789,28.913822174072266,2247500
2023-04-17,35.779998779296875,36.09000015258789,35.599998474121094,36.08000183105469,28.706953048706055,2079200
2023-04-18,35.90999984741211,35.97999954223633,35.70000076293945,35.79999923706055,28.484174728393555,1957000
2023-04-19,35.689998626708984,35.93000030517578,35.650001525878906,35.869998931884766,28.53986930847168,1757900
2023-04-20,35.720001220703125,35.9900016784668,35.720001220703125,35.93000030517578,28.587602615356445,1118300
2023-04-21,35.47999954223633,35.72999954223633,35.29999923706055,35.689998626708984,28.396652221679688,1393300
2023-04-24,35.779998779296875,35.959999084472656,35.70000076293945,35.849998474121094,28.523956298828125,1704000
2023-04-25,35.27000045776367,35.33000183105469,34.88999938964844,34.93000030517578,27.791961669921875,2377800
2023-04-26,35.52000045776367,35.869998931884766,35.43000030517578,35.54999923706055,28.285261154174805,3571400
2023-04-27,35.95000076293945,36.2599983215332,35.900001525878906,36.22999954223633,28.8262996673584,2536400
2023-04-28,35.68000030517578,36.13999938964844,35.650001525878906,36.04999923706055,28.68308448791504,1763700
2023-05-01,36.2400016784668,36.33000183105469,35.810001373291016,35.83000183105469,28.508047103881836,1172400
2023-05-02,37.7400016784668,37.84000015258789,36.83000183105469,37.06999969482422,29.494644165039062,2854800
2023-05-03,37.40999984741211,37.56999969482422,37.02000045776367,37.060001373291016,29.486690521240234,2890500
2023-05-04,37.41999816894531,37.54999923706055,36.720001220703125,37.040000915527344,29.470779418945312,2912400
2023-05-05,37.65999984741211,38.34000015258789,37.59000015258789,38.20000076293945,30.393722534179688,2833500
2023-05-08,38.189998626708984,38.439998626708984,38.150001525878906,38.189998626708984,30.385765075683594,1855600
2023-05-09,37.7599983215332,38.06999969482422,37.720001220703125,37.97999954223633,30.218685150146484,1620600
2023-05-10,38.38999938964844,38.38999938964844,37.83000183105469,38.11000061035156,30.322113037109375,1620500
2023-05-11,37.09000015258789,37.52000045776367,36.970001220703125,37.45000076293945,30.193119049072266,1722000
2023-05-12,37.720001220703125,37.810001373291016,37.380001068115234,37.5,30.233430862426758,1141100
2023-05-15,38.2400016784668,38.59000015258789,38.15999984741211,38.439998626708984,30.991281509399414,1656800
2023-05-16,38.15999984741211,38.279998779296875,37.790000915527344,37.84000015258789,30.50754737854004,1400000
2023-05-17,37.86000061035156,38.13999938964844,37.709999084472656,37.970001220703125,30.612356185913086,1278400
2023-05-18,38.400001525878906,38.400001525878906,37.97999954223633,38.25,30.838102340698242,1735600
2023-05-19,38.380001068115234,38.5,38.08000183105469,38.31999969482422,30.89454460144043,1184800
2023-05-22,38.4900016784668,38.599998474121094,38.380001068115234,38.529998779296875,31.063844680786133,1070100
2023-05-23,38.31999969482422,38.540000915527344,38.150001525878906,38.15999984741211,30.765539169311523,1297800
2023-05-24,37.34000015258789,37.40999984741211,37.09000015258789,37.20000076293945,29.99156379699707,2413900
2023-05-25,37.66999816894531,37.720001220703125,37.31999969482422,37.58000183105469,30.297931671142578,1834600
2023-05-26,37.7599983215332,37.95000076293945,37.689998626708984,37.81999969482422,30.491426467895508,1267000
2023-05-30,37.61000061035156,37.65999984741211,37.20000076293945,37.41999816894531,30.168930053710938,1225800
2023-05-31,36.959999084472656,36.97999954223633,36.63999938964844,36.81999969482422,29.685199737548828,1714700
2023-06-01,36.9900016784668,37.5099983215332,36.9900016784668,37.41999816894531,30.168930053710938,1628700
2023-06-02,37.810001373291016,37.880001068115234,37.709999084472656,37.81999969482422,30.491426467895508,1331700
2023-06-05,37.91999816894531,37.959999084472656,37.56999969482422,37.72999954223633,30.418867111206055,1090700
2023-06-06,37.75,38.20000076293945,37.70000076293945,38.20000076293945,30.79779052734375,1198300
2023-06-07,38.59000015258789,38.59000015258789,38.29999923706055,38.380001068115234,30.94291114807129,1584500
2023-06-08,38.45000076293945,38.5099983215332,38.209999084472656,38.45000076293945,30.999345779418945,1066800
2023-06-09,38.22999954223633,38.470001220703125,38.189998626708984,38.45000076293945,30.999345779418945,828100
2023-06-12,38.189998626708984,38.2400016784668,37.90999984741211,38.09000015258789,30.709104537963867,1236400
2023-06-13,38.36000061035156,38.68000030517578,38.34000015258789,38.459999084472656,31.00741195678711,1587100
2023-06-14,38.88999938964844,39.13999938964844,38.54999923706055,38.650001525878906,31.160594940185547,1912500
2023-06-15,38.84000015258789,39.08000183105469,38.779998779296875,39.04999923706055,31.483081817626953,1696000
2023-06-16,39.18000030517578,39.33000183105469,39.060001373291016,39.18000030517578,31.587890625,1701400
2023-06-20,39.38999938964844,39.41999816894531,39.13999938964844,39.369998931884766,31.741073608398438,1260800
2023-06-21,39.189998626708984,39.4900016784668,39.16999816894531,39.41999816894531,31.781387329101562,1151000
2023-06-22,38.83000183105469,38.900001525878906,38.650001525878906,38.70000076293945,31.20090675354004,1427000
2023-06-23,38.27000045776367,38.4900016784668,38.15999984741211,38.22999954223633,30.821979522705078,1296600
2023-06-26,38.400001525878906,38.63999938964844,38.400001525878906,38.470001220703125,31.01547622680664,945800
2023-06-27,38.79999923706055,39.06999969482422,38.66999816894531,39.0099983215332,31.450830459594727,1164600
2023-06-28,38.869998931884766,38.95000076293945,38.7599983215332,38.900001525878906,31.362152099609375,1174400
2023-06-29,38.88999938964844,39.27000045776367,38.880001068115234,39.220001220703125,31.620140075683594,1141000
2023-06-30,39.75,39.84000015258789,39.59000015258789,39.619998931884766,31.942630767822266,1801300
2023-07-03,39.83000183105469,40.04999923706055,39.7599983215332,39.95000076293945,32.20868682861328,1284300
2023-07-05,39.650001525878906,39.720001220703125,39.52000045776367,39.56999969482422,31.902318954467773,1510300
2023-07-06,39.18000030517578,39.209999084472656,38.779998779296875,39.0,31.442773818969727,1328100
2023-07-07,39.0,39.459999084472656,38.9900016784668,39.27000045776367,31.66044807434082,1403400
2023-07-10,38.9900016784668,39.2400016784668,38.95000076293945,39.09000015258789,31.515331268310547,1309100
2023-07-11,39.0099983215332,39.09000015258789,38.86000061035156,39.04999923706055,31.483081817626953,1272700
2023-07-12,39.869998931884766,40.209999084472656,39.790000915527344,40.09000015258789,32.321556091308594,1920100
2023-07-13,40.4900016784668,40.59000015258789,40.349998474121094,40.54999923706055,32.692420959472656,1500300
2023-07-14,40.560001373291016,40.630001068115234,40.27000045776367,40.36000061035156,32.53923797607422,1255200
2023-07-17,40.56999969482422,40.75,40.529998779296875,40.72999954223633,32.8375358581543,1399600
2023-07-18,40.540000915527344,41.02000045776367,40.5099983215332,40.959999084472656,33.022972106933594,1689400
2023-07-19,40.779998779296875,40.90999984741211,40.68000030517578,40.790000915527344,32.88591384887695,1564900
2023-07-20,41.27000045776367,41.459999084472656,41.16999816894531,41.400001525878906,33.377708435058594,1506400
2023-07-21,41.58000183105469,41.58000183105469,41.36000061035156,41.369998931884766,33.35352325439453,1102400
2023-07-24,41.099998474121094,41.47999954223633,41.099998474121094,41.369998931884766,33.35352325439453,1082900
2023-07-25,41.54999923706055,41.66999816894531,41.45000076293945,41.540000915527344,33.49058532714844,1331400
2023-07-26,41.560001373291016,42.04999923706055,41.560001373291016,41.90999984741211,33.788883209228516,1500900
2023-07-27,41.470001220703125,41.58000183105469,41.20000076293945,41.220001220703125,33.23259353637695,1661600
2023-07-28,41.790000915527344,41.84000015258789,41.619998931884766,41.72999954223633,33.64376449584961,1221700
2023-07-31,41.95000076293945,42.04999923706055,41.66999816894531,41.779998779296875,33.6840705871582,1429000
2023-08-01,42.16999816894531,42.470001220703125,41.849998474121094,42.209999084472656,34.03075408935547,2126700
2023-08-02,41.09000015258789,41.150001525878906,40.529998779296875,40.65999984741211,32.78110122680664,2322700
2023-08-03,40.630001068115234,41.0099983215332,40.540000915527344,40.9900016784668,33.04716491699219,1686200
2023-08-04,40.83000183105469,41.099998474121094,40.689998626708984,40.790000915527344,32.88591384887695,1677900
2023-08-07,41.400001525878906,41.54999923706055,41.13999938964844,41.52000045776367,33.47446060180664,1948400
2023-08-08,40.630001068115234,40.95000076293945,40.380001068115234,40.90999984741211,32.98265838623047,1523400
2023-08-09,40.709999084472656,41.029998779296875,40.66999816894531,40.790000915527344,32.88591384887695,1796400
2023-08-10,40.47999954223633,40.779998779296875,40.279998779296875,40.380001068115234,32.959381103515625,1511900
2023-08-11,40.0,40.2599983215332,39.959999084472656,40.11000061035156,32.738990783691406,1636300
2023-08-14,39.56999969482422,39.810001373291016,39.33000183105469,39.779998779296875,32.46963119506836,1320900
2023-08-15,38.9900016784668,38.9900016784668,38.58000183105469,38.619998931884766,31.52280616760254,2943300
2023-08-16,38.04999923706055,38.20000076293945,37.939998626708984,37.9900016784668,31.008590698242188,2390100
2023-08-17,38.33000183105469,38.43000030517578,37.91999816894531,37.93000030517578,30.959604263305664,2378900
2023-08-18,37.369998931884766,37.7400016784668,37.31999969482422,37.65999984741211,30.73922348022461,1987400
2023-08-21,37.68000030517578,37.779998779296875,37.4900016784668,37.75,30.812686920166016,1678900
2023-08-22,37.63999938964844,37.70000076293945,37.34000015258789,37.380001068115234,30.51068687438965,2130000
2023-08-23,37.380001068115234,37.66999816894531,37.34000015258789,37.61000061035156,30.698421478271484,1333000
2023-08-24,37.65999984741211,37.880001068115234,37.54999923706055,37.54999923706055,30.649436950683594,1136200
2023-08-25,37.77000045776367,37.79999923706055,37.310001373291016,37.5099983215332,30.616796493530273,1403400
2023-08-28,37.709999084472656,38.02000045776367,37.689998626708984,37.959999084472656,30.984098434448242,1140500
2023-08-29,37.900001525878906,38.209999084472656,37.88999938964844,38.209999084472656,31.188156127929688,1503800
2023-08-30,38.290000915527344,38.47999954223633,38.0,38.0099983215332,31.0249080657959,1667800
2023-08-31,37.75,37.77000045776367,37.27000045776367,37.31999969482422,30.461713790893555,2543100
2023-09-01,37.63999938964844,37.790000915527344,37.4900016784668,37.54999923706055,30.649436950683594,1519300
2023-09-05,37.63999938964844,37.7599983215332,37.220001220703125,37.220001220703125,30.380090713500977,1501700
2023-09-06,36.97999954223633,37.16999816894531,36.880001068115234,36.97999954223633,30.184186935424805,1655200
2023-09-07,37.09000015258789,37.20000076293945,36.86000061035156,36.869998931884766,30.094411849975586,1789700
2023-09-08,36.72999954223633,37.0,36.650001525878906,36.970001220703125,30.17603302001953,1665200
2023-09-11,37.38999938964844,37.56999969482422,37.34000015258789,37.470001220703125,30.58414649963379,1911500
2023-09-12,37.58000183105469,38.11000061035156,37.56999969482422,37.900001525878906,30.935123443603516,3020400
2023-09-13,38.720001220703125,38.90999984741211,38.5099983215332,38.540000915527344,31.45751190185547,2449900
2023-09-14,39.279998779296875,39.529998779296875,39.2599983215332,39.369998931884766,32.134979248046875,2556000
2023-09-15,39.38999938964844,39.630001068115234,39.27000045776367,39.27000045776367,32.05335998535156,2105400
2023-09-18,39.15999984741211,39.16999816894531,38.84000015258789,39.02000045776367,31.849300384521484,1618700
2023-09-19,39.349998474121094,39.470001220703125,39.279998779296875,39.45000076293945,32.20028305053711,1332900
2023-09-20,39.5099983215332,39.7400016784668,39.09000015258789,39.11000061035156,31.922765731811523,1629500
2023-09-21,39.52000045776367,39.63999938964844,39.25,39.2599983215332,32.04519271850586,1513400
2023-09-22,40.04999923706055,40.04999923706055,39.459999084472656,39.540000915527344,32.273746490478516,2023500
2023-09-25,39.209999084472656,39.459999084472656,39.04999923706055,39.41999816894531,32.1757926940918,1677500
2023-09-26,39.15999984741211,39.36000061035156,38.90999984741211,38.970001220703125,31.80849266052246,1123500
2023-09-27,39.18000030517578,39.189998626708984,38.869998931884766,39.15999984741211,31.963573455810547,1314200
2023-09-28,39.29999923706055,39.77000045776367,39.279998779296875,39.68000030517578,32.38801574707031,1577700
2023-09-29,39.93000030517578,39.959999084472656,39.40999984741211,39.459999084472656,32.20844268798828,1376100
2023-10-02,39.41999816894531,39.45000076293945,38.900001525878906,39.02000045776367,31.849300384521484,2230400
2023-10-03,39.61000061035156,39.650001525878906,39.130001068115234,39.31999969482422,32.09416961669922,3028800
2023-10-04,39.369998931884766,39.38999938964844,38.91999816894531,39.310001373291016,32.08601379394531,1748900
2023-10-05,39.18000030517578,39.81999969482422,39.16999816894531,39.779998779296875,32.46963119506836,2021700
2023-10-06,40.029998779296875,40.58000183105469,39.86000061035156,40.47999954223633,33.04100036621094,2522100
2023-10-09,39.560001373291016,39.880001068115234,39.47999954223633,39.7599983215332,32.45331573486328,1699400
2023-10-10,40.54999923706055,40.630001068115234,40.36000061035156,40.529998779296875,33.081809997558594,2378800
2023-10-11,40.81999969482422,40.939998626708984,40.619998931884766,40.83000183105469,33.32667922973633,1417300
2023-10-12,40.470001220703125,40.5099983215332,40.13999938964844,40.29999923706055,32.89407730102539,1243900
2023-10-13,40.0,40.220001220703125,39.65999984741211,39.75,32.44515609741211,2192900
2023-10-16,40.040000915527344,40.150001525878906,39.79999923706055,40.09000015258789,32.72267150878906,1244000
2023-10-17,39.79999923706055,40.34000015258789,39.79999923706055,40.09000015258789,32.72267150878906,1343400
2023-10-18,40.04999923706055,40.099998474121094,39.61000061035156,39.66999816894531,32.379844665527344,1744000
2023-10-19,39.16999816894531,39.40999984741211,39.0099983215332,39.11000061035156,31.922765731811523,2447200
2023-10-20,37.939998626708984,38.06999969482422,37.619998931884766,37.689998626708984,30.763723373413086,3502100
2023-10-23,37.63999938964844,37.95000076293945,37.54999923706055,37.689998626708984,30.763723373413086,1394800
2023-10-24,37.540000915527344,37.779998779296875,37.47999954223633,37.68000030517578,30.755556106567383,1320500
2023-10-25,37.68000030517578,37.790000915527344,37.5099983215332,37.58000183105469,30.673931121826172,1551900
2023-10-26,37.439998626708984,37.58000183105469,37.130001068115234,37.279998779296875,30.429058074951172,2209300
2023-10-27,37.150001525878906,37.209999084472656,36.59000015258789,36.709999084472656,29.96380615234375,3440700
2023-10-30,36.529998779296875,36.61000061035156,35.29999923706055,36.02000045776367,29.40061378479004,6728000
2023-10-31,36.38999938964844,36.4900016784668,36.06999969482422,36.33000183105469,29.65363883972168,3072100
2023-11-01,36.20000076293945,36.400001525878906,36.02000045776367,36.2599983215332,29.596508026123047,2626100
2023-11-02,36.77000045776367,37.04999923706055,36.709999084472656,37.02000045776367,30.21684455871582,2263700
2023-11-03,37.380001068115234,37.54999923706055,37.279998779296875,37.439998626708984,30.559656143188477,2245200
2023-11-06,38.15999984741211,38.16999816894531,37.810001373291016,37.93000030517578,30.959604263305664,2740100
2023-11-07,37.56999969482422,37.72999954223633,37.41999816894531,37.689998626708984,30.763723373413086,1836800
2023-11-08,37.65999984741211,37.81999969482422,37.41999816894531,37.59000015258789,30.682092666625977,1709300
2023-11-09,37.2400016784668,37.369998931884766,36.88999938964844,36.970001220703125,30.582828521728516,2376700
2023-11-10,36.779998779296875,37.06999969482422,36.630001068115234,37.029998779296875,30.632457733154297,1582500
2023-11-13,37.43000030517578,37.4900016784668,37.2400016784668,37.41999816894531,30.95508575439453,2148800
2023-11-14,37.66999816894531,37.959999084472656,37.650001525878906,37.880001068115234,31.335607528686523,2454600
2023-11-15,38.4900016784668,38.54999923706055,38.34000015258789,38.470001220703125,31.823680877685547,2422200
2023-11-16,37.90999984741211,38.15999984741211,37.88999938964844,38.040000915527344,31.467966079711914,1787700
2023-11-17,38.459999084472656,38.61000061035156,38.36000061035156,38.58000183105469,31.914670944213867,1994400
2023-11-20,38.5099983215332,38.790000915527344,38.47999954223633,38.7400016784668,32.04703140258789,1591000
2023-11-21,38.61000061035156,38.689998626708984,38.5099983215332,38.56999969482422,31.90639877319336,1674900
2023-11-22,38.040000915527344,38.099998474121094,37.84000015258789,38.040000915527344,31.467966079711914,2731700
2023-11-24,38.31999969482422,38.66999816894531,38.310001373291016,38.619998931884766,31.947765350341797,954800
2023-11-27,38.560001373291016,38.630001068115234,38.38999938964844,38.61000061035156,31.939485549926758,2095000
2023-11-28,38.630001068115234,38.79999923706055,38.4900016784668,38.59000015258789,31.92294692993164,2009100
2023-11-29,37.900001525878906,38.18000030517578,37.88999938964844,38.029998779296875,31.459692001342773,2210700
2023-11-30,38.33000183105469,38.459999084472656,38.220001220703125,38.43000030517578,31.790590286254883,1563400
2023-12-01,38.22999954223633,38.70000076293945,38.220001220703125,38.65999984741211,31.980852127075195,1688100
2023-12-04,38.27000045776367,38.4900016784668,38.2599983215332,38.349998474121094,31.724409103393555,1291400
2023-12-05,38.22999954223633,38.38999938964844,38.189998626708984,38.189998626708984,31.592050552368164,1331500
2023-12-06,38.93000030517578,39.11000061035156,38.4900016784668,38.52000045776367,31.865039825439453,2122100
2023-12-07,38.59000015258789,38.81999969482422,38.47999954223633,38.81999969482422,32.11320877075195,1589900
2023-12-08,38.95000076293945,39.22999954223633,38.95000076293945,39.209999084472656,32.435829162597656,1911000
2023-12-11,38.880001068115234,39.099998474121094,38.849998474121094,39.0,32.262107849121094,1671400
2023-12-12,39.16999816894531,39.27000045776367,39.04999923706055,39.2599983215332,32.47718811035156,1783000
2023-12-13,39.22999954223633,39.529998779296875,38.869998931884766,39.47999954223633,32.659183502197266,2052100
2023-12-14,39.279998779296875,39.84000015258789,39.15999984741211,39.63999938964844,32.79153823852539,2557400
2023-12-15,39.0099983215332,39.25,38.84000015258789,38.849998474121094,32.138023376464844,2722500
2023-12-18,39.16999816894531,39.20000076293945,38.9900016784668,39.04999923706055,32.303470611572266,1096000
2023-12-19,39.40999984741211,39.529998779296875,39.33000183105469,39.400001525878906,32.5930061340332,1852100
2023-12-20,39.45000076293945,39.59000015258789,39.09000015258789,39.09000015258789,32.33656692504883,1426700
2023-12-21,39.560001373291016,39.72999954223633,39.540000915527344,39.720001220703125,32.85771560668945,1216000
2023-12-22,39.869998931884766,40.290000915527344,39.869998931884766,40.27000045776367,33.31269836425781,1978100
2023-12-26,40.29999923706055,40.650001525878906,40.29999923706055,40.54999923706055,33.5443229675293,1218500
2023-12-27,40.650001525878906,40.77000045776367,40.599998474121094,40.72999954223633,33.69321823120117,1273600
2023-12-28,40.54999923706055,40.70000076293945,40.4900016784668,40.52000045776367,33.519500732421875,1200400
2023-12-29,40.59000015258789,40.63999938964844,40.43000030517578,40.540000915527344,33.53605270385742,1039400
2024-01-02,40.11000061035156,40.279998779296875,39.90999984741211,40.119998931884766,33.18860626220703,1870400
2024-01-03,39.9900016784668,40.09000015258789,39.81999969482422,40.0,33.0893440246582,1730400
2024-01-04,40.119998931884766,40.529998779296875,40.099998474121094,40.310001373291016,33.345787048339844,1805300
2024-01-05,40.41999816894531,40.90999984741211,40.41999816894531,40.7400016784668,33.701499938964844,1627700
2024-01-08,41.02000045776367,41.43000030517578,40.91999816894531,41.43000030517578,34.27228927612305,2133200
2024-01-09,40.880001068115234,40.93000030517578,40.560001373291016,40.58000183105469,33.56914138793945,2700800
2024-01-10,40.52000045776367,40.70000076293945,40.4900016784668,40.63999938964844,33.6187744140625,1708700
2024-01-11,40.20000076293945,40.22999954223633,39.290000915527344,39.41999816894531,32.60954284667969,4935700
2024-01-12,39.599998474121094,39.7400016784668,39.209999084472656,39.380001068115234,32.57645797729492,2626700
2024-01-16,38.09000015258789,38.150001525878906,37.86000061035156,37.95000076293945,31.393516540527344,4905300
2024-01-17,37.34000015258789,37.650001525878906,37.25,37.58000183105469,31.08743667602539,3026600
2024-01-18,37.880001068115234,37.959999084472656,37.66999816894531,37.88999938964844,31.343883514404297,2044500
2024-01-19,37.63999938964844,38.0099983215332,37.560001373291016,37.9900016784668,31.426603317260742,2328400
2024-01-22,38.290000915527344,38.52000045776367,38.2400016784668,38.33000183105469,31.707862854003906,2245200
2024-01-23,38.400001525878906,38.529998779296875,38.310001373291016,38.43000030517578,31.790590286254883,1727600
2024-01-24,39.099998474121094,39.11000061035156,38.75,38.75,32.0552978515625,1727100
2024-01-25,39.029998779296875,39.04999923706055,38.7599983215332,39.0,32.262107849121094,1541100
2024-01-26,39.65999984741211,39.72999954223633,39.47999954223633,39.650001525878906,32.79981231689453,1741100
2024-01-29,39.56999969482422,39.689998626708984,39.31999969482422,39.68000030517578,32.82463073730469,1026100
2024-01-30,39.59000015258789,39.880001068115234,39.59000015258789,39.86000061035156,32.973533630371094,1286900
2024-01-31,39.970001220703125,40.040000915527344,39.310001373291016,39.33000183105469,32.53509521484375,2625900
2024-02-01,39.619998931884766,39.619998931884766,39.060001373291016,39.5,32.67572784423828,2066000
2024-02-02,39.380001068115234,39.47999954223633,39.130001068115234,39.349998474121094,32.5516357421875,1942400
2024-02-05,39.34000015258789,39.41999816894531,39.060001373291016,39.34000015258789,32.543365478515625,1796300
2024-02-06,39.880001068115234,40.20000076293945,39.81999969482422,39.9900016784668,33.08107376098633,2130300
2024-02-07,40.04999923706055,40.08000183105469,39.75,39.95000076293945,33.0479850769043,1970800
2024-02-08,39.41999816894531,39.529998779296875,39.15999984741211,39.25,32.46891784667969,1882400
2024-02-09,38.90999984741211,39.029998779296875,38.70000076293945,39.029998779296875,32.28692626953125,1315100
2024-02-12,38.59000015258789,38.959999084472656,38.59000015258789,38.83000183105469,32.121482849121094,1449800
2024-02-13,38.959999084472656,38.97999954223633,38.439998626708984,38.650001525878906,31.972576141357422,2257100
2024-02-14,39.220001220703125,39.380001068115234,39.060001373291016,39.290000915527344,32.502010345458984,1821600
2024-02-15,39.470001220703125,39.880001068115234,39.40999984741211,39.869998931884766,32.9818000793457,1454000
2024-02-16,40.2400016784668,40.459999084472656,40.099998474121094,40.31999969482422,33.354061126708984,1823900
2024-02-20,40.72999954223633,40.93000030517578,40.709999084472656,40.849998474121094,33.7924919128418,1727400
2024-02-21,37.4900016784668,37.63999938964844,37.11000061035156,37.220001220703125,30.789634704589844,8242200
2024-02-22,37.40999984741211,37.77000045776367,37.34000015258789,37.709999084472656,31.194978713989258,4341500
2024-02-23,38.16999816894531,38.310001373291016,38.04999923706055,38.20000076293945,31.600326538085938,2315500
2024-02-26,38.119998931884766,38.20000076293945,37.84000015258789,38.08000183105469,31.501049041748047,2002800
2024-02-27,38.43000030517578,38.5,38.33000183105469,38.36000061035156,31.732677459716797,2930000
2024-02-28,38.810001373291016,38.900001525878906,38.34000015258789,38.4900016784668,31.840225219726562,4268500
2024-02-29,39.2599983215332,39.310001373291016,38.79999923706055,39.18000030517578,32.411014556884766,4169100
2024-03-01,39.060001373291016,39.15999984741211,38.790000915527344,38.97999954223633,32.245567321777344,2206000
2024-03-04,38.689998626708984,38.90999984741211,38.68000030517578,38.779998779296875,32.080116271972656,2124700
2024-03-05,38.72999954223633,39.119998931884766,38.72999954223633,38.93000030517578,32.20420455932617,2212500
2024-03-06,39.150001525878906,39.34000015258789,38.9900016784668,39.22999954223633,32.452369689941406,3372800
2024-03-07,37.83000183105469,38.029998779296875,37.709999084472656,37.880001068115234,32.62462615966797,2194500
2024-03-08,37.56999969482422,37.720001220703125,37.36000061035156,37.439998626708984,32.245670318603516,1886400
2024-03-11,37.029998779296875,37.20000076293945,36.93000030517578,37.130001068115234,31.978681564331055,2471600
2024-03-12,37.97999954223633,38.09000015258789,37.84000015258789,38.0099983215332,32.73659133911133,2409500
2024-03-13,38.119998931884766,38.189998626708984,37.790000915527344,37.9900016784668,32.719364166259766,2041000
2024-03-14,37.720001220703125,37.810001373291016,37.380001068115234,37.529998779296875,32.323184967041016,1389600
2024-03-15,38.09000015258789,38.290000915527344,38.040000915527344,38.209999084472656,32.908843994140625,2243400
2024-03-18,38.70000076293945,38.70000076293945,38.36000061035156,38.41999816894531,33.08970642089844,1936100
2024-03-19,38.369998931884766,38.56999969482422,38.34000015258789,38.5,33.15861511230469,1294000
2024-03-20,38.380001068115234,39.060001373291016,38.349998474121094,39.060001373291016,33.64091491699219,2356900
2024-03-21,39.40999984741211,39.7400016784668,39.380001068115234,39.5,34.019874572753906,2476800
2024-03-22,39.70000076293945,39.7400016784668,39.47999954223633,39.52000045776367,34.0370979309082,1318600
2024-03-25,39.43000030517578,39.689998626708984,39.43000030517578,39.52000045776367,34.0370979309082,1659900
2024-03-26,39.709999084472656,39.810001373291016,39.65999984741211,39.70000076293945,34.1921272277832,1994400
2024-03-27,39.04999923706055,39.15999984741211,38.939998626708984,38.9900016784668,33.58063888549805,2310500
2024-03-28,39.560001373291016,39.59000015258789,39.20000076293945,39.36000061035156,33.8992919921875,1779100
2024-04-01,39.369998931884766,39.45000076293945,39.08000183105469,39.310001373291016,33.85623550415039,1314900
2024-04-02,39.130001068115234,39.34000015258789,39.040000915527344,39.31999969482422,33.864845275878906,1379200
2024-04-03,39.59000015258789,40.18000030517578,39.54999923706055,40.130001068115234,34.562469482421875,1875600
2024-04-04,40.88999938964844,40.959999084472656,40.119998931884766,40.16999816894531,34.59691619873047,3000100
2024-04-05,40.40999984741211,40.720001220703125,40.2599983215332,40.720001220703125,35.07061004638672,1404000
2024-04-08,40.86000061035156,41.06999969482422,40.7599983215332,41.0099983215332,35.32037353515625,1553100
2024-04-09,41.2400016784668,41.33000183105469,40.939998626708984,41.15999984741211,35.44956970214844,1930700
2024-04-10,41.560001373291016,41.869998931884766,41.45000076293945,41.810001373291016,36.0093879699707,3240300
2024-04-11,40.939998626708984,41.060001373291016,40.529998779296875,40.95000076293945,35.268699645996094,2059400
2024-04-12,41.060001373291016,41.209999084472656,40.54999923706055,40.630001068115234,34.99309539794922,3373500
2024-04-15,41.27000045776367,41.400001525878906,40.47999954223633,40.56999969482422,34.94142150878906,2462800
2024-04-16,39.83000183105469,39.869998931884766,39.459999084472656,39.650001525878906,34.14906311035156,2894200
2024-04-17,40.130001068115234,40.25,39.779998779296875,39.97999954223633,34.43327713012695,1721300
2024-04-18,40.2599983215332,40.470001220703125,40.150001525878906,40.38999938964844,34.78639221191406,1544900
2024-04-19,40.060001373291016,40.560001373291016,40.0,40.52000045776367,34.89835739135742,1663900
2024-04-22,41.27000045776367,41.72999954223633,41.20000076293945,41.619998931884766,35.84574508666992,2107300
2024-04-23,41.56999969482422,41.93000030517578,41.540000915527344,41.88999938964844,36.07828903198242,1583700
2024-04-24,41.63999938964844,41.7599983215332,41.470001220703125,41.689998626708984,35.90603256225586,1555200
2024-04-25,41.34000015258789,41.88999938964844,41.31999969482422,41.810001373291016,36.0093879699707,1766200
2024-04-26,41.849998474121094,41.970001220703125,41.630001068115234,41.900001525878906,36.08689880371094,1402800
2024-04-29,42.220001220703125,42.349998474121094,42.11000061035156,42.18000030517578,36.32805633544922,1616400
2024-04-30,44.04999923706055,44.22999954223633,43.56999969482422,43.58000183105469,37.5338249206543,3405900
2024-05-01,43.810001373291016,43.959999084472656,43.5099983215332,43.650001525878906,37.594112396240234,2274400
2024-05-02,44.650001525878906,44.70000076293945,44.209999084472656,44.5099983215332,38.33479690551758,2160700
2024-05-03,44.66999816894531,44.810001373291016,44.45000076293945,44.45000076293945,38.28312683105469,1466100
2024-05-06,44.7400016784668,44.81999969482422,44.4900016784668,44.779998779296875,38.56733703613281,1276700
2024-05-07,45.150001525878906,45.290000915527344,44.93000030517578,44.97999954223633,38.739593505859375,1782400
2024-05-08,45.310001373291016,45.459999084472656,45.15999984741211,45.400001525878906,39.10132598876953,1621300
2024-05-09,43.540000915527344,43.63999938964844,43.400001525878906,43.4900016784668,38.78030776977539,1445400
2024-05-10,43.790000915527344,43.91999816894531,43.59000015258789,43.599998474121094,38.87839126586914,1825800
2024-05-13,43.9900016784668,44.06999969482422,43.81999969482422,43.970001220703125,39.20832443237305,1269200
2024-05-14,44.439998626708984,44.81999969482422,44.34000015258789,44.720001220703125,39.87710952758789,1674400
2024-05-15,44.529998779296875,44.79999923706055,44.52000045776367,44.77000045776367,39.92169189453125,1105000
2024-05-16,45.38999938964844,45.38999938964844,43.83000183105469,44.43000030517578,39.61851119995117,4597700
2024-05-17,44.369998931884766,44.65999984741211,44.31999969482422,44.540000915527344,39.71659851074219,1125800
2024-05-20,44.47999954223633,44.529998779296875,44.18000030517578,44.189998626708984,39.40449905395508,977300
2024-05-21,44.349998474121094,44.61000061035156,44.29999923706055,44.58000183105469,39.75227355957031,1208400
2024-05-22,44.5099983215332,44.599998474121094,44.099998474121094,44.209999084472656,39.42233657836914,1181200
2024-05-23,44.29999923706055,44.369998931884766,43.790000915527344,43.79999923706055,39.056739807128906,1392400
2024-05-24,44.36000061035156,44.650001525878906,44.310001373291016,44.380001068115234,39.57392883300781,1198800
2024-05-28,44.029998779296875,44.400001525878906,43.95000076293945,44.15999984741211,39.377750396728516,1506300
2024-05-29,43.869998931884766,43.93000030517578,43.66999816894531,43.7400016784668,39.00323486328125,1185400
2024-05-30,44.25,44.5,44.18000030517578,44.310001373291016,39.511505126953125,1540600
2024-05-31,44.47999954223633,44.720001220703125,44.290000915527344,44.650001525878906,39.81468963623047,1151600
2024-06-03,44.529998779296875,44.88999938964844,44.349998474121094,44.880001068115234,40.01978302001953,1386800
2024-06-04,44.380001068115234,44.56999969482422,44.25,44.540000915527344,39.71659851074219,1277800
2024-06-05,44.349998474121094,44.400001525878906,43.9900016784668,44.150001525878906,39.36883544921875,1299000
2024-06-06,44.459999084472656,44.619998931884766,44.33000183105469,44.540000915527344,39.71659851074219,866700
2024-06-07,44.720001220703125,44.7599983215332,44.41999816894531,44.43000030517578,39.61851119995117,1217300
2024-06-10,44.31999969482422,44.560001373291016,44.08000183105469,44.5099983215332,39.68984603881836,921300
2024-06-11,43.369998931884766,43.5099983215332,43.119998931884766,43.31999969482422,38.62871551513672,1609200
2024-06-12,44.400001525878906,44.459999084472656,43.72999954223633,43.869998931884766,39.11915588378906,1614700
2024-06-13,43.5,43.5,43.04999923706055,43.209999084472656,38.5306282043457,941400
2024-06-14,43.119998931884766,43.2400016784668,42.83000183105469,43.220001220703125,38.539546966552734,1143400
2024-06-17,43.38999938964844,43.709999084472656,43.2599983215332,43.70000076293945,38.967567443847656,876500
2024-06-18,43.72999954223633,43.97999954223633,43.58000183105469,43.720001220703125,38.98540115356445,1299300
2024-06-20,44.18000030517578,44.38999938964844,44.09000015258789,44.29999923706055,39.50259017944336,1455900
2024-06-21,43.45000076293945,43.63999938964844,43.29999923706055,43.5,38.78922653198242,1312900
2024-06-24,44.09000015258789,44.279998779296875,43.93000030517578,44.06999969482422,39.29750061035156,2381300
2024-06-25,43.86000061035156,43.93000030517578,43.650001525878906,43.83000183105469,39.08348846435547,770400
2024-06-26,43.54999923706055,43.77000045776367,43.4900016784668,43.709999084472656,38.976478576660156,735500
2024-06-27,43.959999084472656,44.04999923706055,43.650001525878906,43.72999954223633,38.99431610107422,1291500
2024-06-28,43.65999984741211,43.77000045776367,43.369998931884766,43.5,38.78922653198242,1151800
2024-07-01,43.90999984741211,44.18000030517578,43.7400016784668,43.810001373291016,39.065650939941406,882500
2024-07-02,43.84000015258789,44.11000061035156,43.689998626708984,44.08000183105469,39.30641555786133,849900
2024-07-03,44.0099983215332,44.20000076293945,43.75,43.900001525878906,39.14590835571289,1155700
2024-07-05,43.40999984741211,43.47999954223633,43.09000015258789,43.40999984741211,38.70896530151367,903800
2024-07-08,43.630001068115234,43.70000076293945,43.2400016784668,43.33000183105469,38.637638092041016,617300
2024-07-09,42.68000030517578,43.16999816894531,42.66999816894531,42.97999954223633,38.32554244995117,1483000
2024-07-10,42.970001220703125,43.290000915527344,42.939998626708984,43.20000076293945,38.52171325683594,752400
2024-07-11,43.41999816894531,43.5,43.31999969482422,43.36000061035156,38.66437530517578,980200
2024-07-12,43.650001525878906,43.880001068115234,43.56999969482422,43.779998779296875,39.038902282714844,1089700
2024-07-15,43.34000015258789,43.5099983215332,43.16999816894531,43.25,38.5662956237793,1830700
2024-07-16,43.0,43.54999923706055,42.88999938964844,43.529998779296875,38.81597137451172,1012000
2024-07-17,43.54999923706055,43.68000030517578,43.439998626708984,43.5,38.78922653198242,1140600
2024-07-18,43.540000915527344,43.59000015258789,42.939998626708984,43.02000045776367,38.361202239990234,1078900
2024-07-19,42.779998779296875,43.099998474121094,42.709999084472656,42.86000061035156,38.21853256225586,1526900
2024-07-22,43.4900016784668,43.540000915527344,43.20000076293945,43.470001220703125,38.76247787475586,830600
2024-07-23,43.060001373291016,43.290000915527344,43.029998779296875,43.22999954223633,38.5484619140625,690000
2024-07-24,43.119998931884766,43.2400016784668,42.86000061035156,42.869998931884766,38.22744369506836,1124600
2024-07-25,42.790000915527344,43.11000061035156,42.630001068115234,42.84000015258789,38.2006950378418,1400800
2024-07-26,42.7599983215332,43.369998931884766,42.72999954223633,43.279998779296875,38.593048095703125,2185500
2024-07-29,43.400001525878906,43.439998626708984,43.16999816894531,43.29999923706055,38.61088180541992,1426300
2024-07-30,43.459999084472656,43.66999816894531,43.41999816894531,43.529998779296875,38.81597137451172,1624100
2024-07-31,44.790000915527344,45.529998779296875,44.689998626708984,45.150001525878906,40.26054382324219,3417300
2024-08-01,42.93000030517578,43.0099983215332,42.09000015258789,42.459999084472656,37.861846923828125,4592000
2024-08-02,41.439998626708984,41.59000015258789,40.90999984741211,41.29999923706055,36.82746887207031,3442400
2024-08-05,39.630001068115234,40.619998931884766,39.41999816894531,40.41999816894531,36.042762756347656,2930500
2024-08-06,40.029998779296875,40.7400016784668,39.939998626708984,40.630001068115234,36.23002624511719,2238800
2024-08-07,41.38999938964844,41.52000045776367,40.72999954223633,40.790000915527344,36.37269973754883,1471700
2024-08-08,40.9900016784668,41.310001373291016,40.90999984741211,41.220001220703125,36.75613784790039,1213200
2024-08-09,41.18000030517578,41.58000183105469,41.119998931884766,41.560001373291016,37.0593147277832,1171200
2024-08-12,41.599998474121094,41.72999954223633,41.439998626708984,41.459999084472656,36.97014617919922,1189900
2024-08-13,41.7599983215332,42.029998779296875,41.68000030517578,42.0,37.45166778564453,1102300
2024-08-14,42.099998474121094,42.25,42.060001373291016,42.18000030517578,37.6121711730957,1277600
2024-08-15,42.93000030517578,43.040000915527344,42.72999954223633,42.83000183105469,38.19178771972656,1436500
2024-08-16,42.560001373291016,42.779998779296875,42.529998779296875,42.7599983215332,38.579742431640625,1198200
2024-08-19,43.119998931884766,43.5099983215332,43.11000061035156,43.4900016784668,39.23837661743164,1426100
2024-08-20,42.72999954223633,42.90999984741211,42.63999938964844,42.720001220703125,38.54365539550781,1303800
2024-08-21,43.119998931884766,43.20000076293945,42.959999084472656,43.189998626708984,38.96770095825195,1181500
2024-08-22,43.20000076293945,43.27000045776367,42.970001220703125,43.029998779296875,38.82334899902344,1161200
2024-08-23,43.279998779296875,43.70000076293945,43.2400016784668,43.650001525878906,39.38274002075195,1406100
2024-08-26,43.70000076293945,43.91999816894531,43.599998474121094,43.70000076293945,39.42784881591797,834600
2024-08-27,44.0099983215332,44.25,43.959999084472656,44.16999816894531,39.85190200805664,1969100
2024-08-28,43.68000030517578,44.0,43.630001068115234,43.95000076293945,39.65340805053711,947800
2024-08-29,44.02000045776367,44.22999954223633,43.810001373291016,44.11000061035156,39.797767639160156,1108600
2024-08-30,44.099998474121094,44.5,44.06999969482422,44.459999084472656,40.113548278808594,1325700
2024-09-03,43.810001373291016,43.86000061035156,43.310001373291016,43.41999816894531,39.17522430419922,2568100
2024-09-04,43.66999816894531,43.88999938964844,43.5099983215332,43.54999923706055,39.29250717163086,1022000
2024-09-05,44.34000015258789,44.38999938964844,43.75,43.939998626708984,39.64438247680664,1569900
2024-09-06,43.650001525878906,43.86000061035156,42.83000183105469,42.869998931884766,38.678985595703125,1434700
2024-09-09,43.65999984741211,43.93000030517578,43.58000183105469,43.7400016784668,39.46393966674805,1173100
2024-09-10,43.349998474121094,43.41999816894531,42.560001373291016,43.04999923706055,38.841392517089844,1924000
2024-09-11,43.029998779296875,43.09000015258789,42.380001068115234,43.02000045776367,38.81432342529297,2234200
2024-09-12,43.20000076293945,43.38999938964844,42.869998931884766,43.33000183105469,39.094024658203125,1144800
2024-09-13,43.529998779296875,43.810001373291016,43.4900016784668,43.63999938964844,39.373714447021484,848800
2024-09-16,43.38999938964844,43.709999084472656,43.380001068115234,43.68000030517578,39.40980529785156,840800
2024-09-17,44.11000061035156,44.13999938964844,43.630001068115234,43.68000030517578,39.40980529785156,1097600
2024-09-18,43.93000030517578,44.290000915527344,43.720001220703125,43.90999984741211,39.617313385009766,1172000
2024-09-19,44.70000076293945,44.83000183105469,44.36000061035156,44.709999084472656,40.33910369873047,1340600
2024-09-20,44.349998474121094,44.36000061035156,44.060001373291016,44.16999816894531,39.85190200805664,1329400
2024-09-23,44.959999084472656,45.119998931884766,44.849998474121094,45.06999969482422,40.663917541503906,1375300
2024-09-24,45.45000076293945,45.47999954223633,45.09000015258789,45.220001220703125,40.79925537109375,1213100
2024-09-25,45.13999938964844,45.18000030517578,44.650001525878906,44.66999816894531,40.303016662597656,1186900
2024-09-26,45.779998779296875,46.06999969482422,45.59000015258789,45.90999984741211,41.42179489135742,1572400
2024-09-27,45.849998474121094,45.970001220703125,45.619998931884766,45.619998931884766,41.160152435302734,1072300
2024-09-30,45.310001373291016,45.31999969482422,44.93000030517578,45.189998626708984,40.772178649902344,998100
2024-10-01,44.90999984741211,44.93000030517578,44.18000030517578,44.59000015258789,40.230838775634766,1681400
2024-10-02,45.279998779296875,45.36000061035156,44.9900016784668,45.04999923706055,40.6458740234375,1476000
2024-10-03,45.040000915527344,45.2599983215332,44.779998779296875,45.18000030517578,40.76316452026367,1315900
2024-10-04,45.599998474121094,45.869998931884766,45.5,45.86000061035156,41.37668228149414,1557600
2024-10-07,45.75,45.810001373291016,45.459999084472656,45.66999816894531,41.205257415771484,998500
2024-10-08,44.279998779296875,44.31999969482422,43.84000015258789,43.91999816894531,39.626338958740234,1661400
2024-10-09,43.970001220703125,44.209999084472656,43.88999938964844,44.16999816894531,39.85190200805664,1123600
2024-10-10,44.33000183105469,44.33000183105469,44.029998779296875,44.279998779296875,39.95114517211914,742600
2024-10-11,44.09000015258789,44.38999938964844,44.060001373291016,44.349998474121094,40.014305114746094,771400
2024-10-14,44.04999923706055,44.5,43.939998626708984,44.36000061035156,40.02333068847656,1332200
2024-10-15,44.11000061035156,44.13999938964844,43.810001373291016,43.83000183105469,39.54513931274414,1481300
2024-10-16,44.130001068115234,44.27000045776367,44.029998779296875,44.099998474121094,39.78874206542969,637900
2024-10-17,44.22999954223633,44.5,44.119998931884766,44.369998931884766,40.032344818115234,872700
2024-10-18,44.63999938964844,44.7599983215332,44.36000061035156,44.720001220703125,40.34813690185547,725400
2024-10-21,44.400001525878906,44.5,44.11000061035156,44.18000030517578,39.86091995239258,798100
2024-10-22,44.2599983215332,44.65999984741211,44.16999816894531,44.619998931884766,40.257904052734375,1053600
2024-10-23,44.2400016784668,44.290000915527344,43.970001220703125,44.18000030517578,39.86091995239258,866800
2024-10-24,44.65999984741211,44.68000030517578,44.2400016784668,44.5,40.149635314941406,714900
2024-10-25,44.869998931884766,44.90999984741211,44.33000183105469,44.36000061035156,40.02333068847656,940300
2024-10-28,44.779998779296875,45.31999969482422,44.68000030517578,45.16999816894531,40.75413513183594,1264800
2024-10-29,46.7599983215332,47.27000045776367,46.400001525878906,46.439998626708984,41.89998245239258,2668600
2024-10-30,46.290000915527344,46.720001220703125,46.189998626708984,46.22999954223633,41.710514068603516,1496300
2024-10-31,46.459999084472656,46.470001220703125,45.939998626708984,46.130001068115234,41.62028121948242,1008600
2024-11-01,46.529998779296875,46.61000061035156,46.11000061035156,46.18000030517578,41.66539764404297,997800
2024-11-04,47.029998779296875,47.11000061035156,46.630001068115234,46.63999938964844,42.0804328918457,933700
2024-11-05,46.970001220703125,47.36000061035156,46.88999938964844,47.27000045776367,42.648841857910156,957400
2024-11-06,46.86000061035156,47.13999938964844,46.560001373291016,47.040000915527344,42.44132614135742,1312300
2024-11-07,47.439998626708984,47.560001373291016,47.189998626708984,47.36000061035156,42.730037689208984,1217500
2024-11-08,45.459999084472656,45.5099983215332,44.72999954223633,44.959999084472656,40.997493743896484,1897700
2024-11-11,45.08000183105469,45.47999954223633,45.08000183105469,45.31999969482422,41.325767517089844,1145800
2024-11-12,44.75,44.869998931884766,44.400001525878906,44.619998931884766,40.687461853027344,1432700
2024-11-13,44.869998931884766,45.13999938964844,44.540000915527344,45.0,41.03396987915039,1279600
2024-11-14,45.13999938964844,45.25,44.93000030517578,44.939998626708984,40.9792594909668,1134800
2024-11-15,45.599998474121094,45.77000045776367,45.47999954223633,45.7400016784668,41.7087516784668,1058500
2024-11-18,46.0099983215332,46.58000183105469,45.93000030517578,46.45000076293945,42.356178283691406,1042900
2024-11-19,45.68000030517578,46.380001068115234,45.63999938964844,46.279998779296875,42.2011604309082,874700
2024-11-20,46.2599983215332,46.27000045776367,45.869998931884766,46.22999954223633,42.15556335449219,628100
2024-11-21,46.2599983215332,46.470001220703125,46.130001068115234,46.31999969482422,42.23763656616211,922800
2024-11-22,45.689998626708984,45.9900016784668,45.59000015258789,45.939998626708984,41.8911247253418,917300
2024-11-25,46.63999938964844,46.689998626708984,46.400001525878906,46.4900016784668,42.39265060424805,904700
2024-11-26,46.52000045776367,46.56999969482422,46.25,46.31999969482422,42.23763656616211,663700
2024-11-27,46.34000015258789,46.810001373291016,46.310001373291016,46.68000030517578,42.5659065246582,704100
2024-11-29,46.66999816894531,46.9900016784668,46.65999984741211,46.88999938964844,42.75739669799805,505300
2024-12-02,47.099998474121094,47.13999938964844,46.7599983215332,47.0099983215332,42.866817474365234,1100300
2024-12-03,47.63999938964844,47.709999084472656,47.310001373291016,47.470001220703125,43.286277770996094,1539700
2024-12-04,47.54999923706055,47.689998626708984,47.349998474121094,47.349998474121094,43.176849365234375,1131100
2024-12-05,48.02000045776367,48.27000045776367,47.959999084472656,48.060001373291016,43.824283599853516,1418000
2024-12-06,48.06999969482422,48.06999969482422,47.540000915527344,47.59000015258789,43.39570617675781,940400
2024-12-09,48.380001068115234,48.45000076293945,47.95000076293945,47.95000076293945,43.723976135253906,950300
2024-12-10,48.20000076293945,48.220001220703125,47.939998626708984,48.02000045776367,43.78781509399414,710500
2024-12-11,48.5099983215332,48.630001068115234,48.29999923706055,48.540000915527344,44.26197814941406,1110100
2024-12-12,48.5099983215332,48.720001220703125,48.380001068115234,48.380001068115234,44.11608123779297,837800
2024-12-13,48.56999969482422,48.7599983215332,48.290000915527344,48.599998474121094,44.316688537597656,1359400
2024-12-16,48.7400016784668,48.810001373291016,48.59000015258789,48.630001068115234,44.34404373168945,855400
2024-12-17,48.61000061035156,48.689998626708984,48.36000061035156,48.63999938964844,44.35316467285156,973800
2024-12-18,49.0,49.18000030517578,47.84000015258789,47.93000030517578,43.70573806762695,1554400
2024-12-19,48.52000045776367,48.59000015258789,48.150001525878906,48.150001525878906,43.906349182128906,1166000
2024-12-20,47.540000915527344,48.5,47.47999954223633,48.27000045776367,44.01577377319336,1248700
2024-12-23,48.189998626708984,48.720001220703125,48.060001373291016,48.689998626708984,44.39875793457031,854300
2024-12-24,48.7400016784668,49.29999923706055,48.709999084472656,49.25,44.909400939941406,309000
2024-12-26,49.29999923706055,49.459999084472656,49.20000076293945,49.2599983215332,44.91852569580078,516300
2024-12-27,49.029998779296875,49.31999969482422,49.0099983215332,49.290000915527344,44.94588088989258,1088100
2024-12-30,49.220001220703125,49.65999984741211,49.11000061035156,49.5099983215332,45.146480560302734,1344500
2024-12-31,49.779998779296875,49.86000061035156,49.400001525878906,49.459999084472656,45.10089111328125,768200
2025-01-02,48.81999969482422,49.02000045776367,48.47999954223633,48.68000030517578,44.38964080810547,1136800
2025-01-03,49.209999084472656,49.2400016784668,48.849998474121094,49.06999969482422,44.74526596069336,1084600
2025-01-06,49.33000183105469,49.630001068115234,49.189998626708984,49.27000045776367,44.92763900756836,1253900
2025-01-07,49.04999923706055,49.11000061035156,48.59000015258789,48.849998474121094,44.54465103149414,1077900
2025-01-08,49.02000045776367,49.459999084472656,48.88999938964844,49.369998931884766,45.018821716308594,914100
2025-01-10,49.58000183105469,49.70000076293945,49.15999984741211,49.349998474121094,45.00058364868164,1821400
2025-01-13,48.5099983215332,49.060001373291016,48.5099983215332,49.0,44.681434631347656,1601600
2025-01-14,49.029998779296875,49.380001068115234,49.0099983215332,49.349998474121094,45.00058364868164,1666700
2025-01-15,49.95000076293945,50.08000183105469,49.52000045776367,50.040000915527344,45.62977981567383,2206600
2025-01-16,50.31999969482422,50.810001373291016,50.279998779296875,50.810001373291016,46.331912994384766,1734600
2025-01-17,50.65999984741211,51.029998779296875,50.439998626708984,50.630001068115234,46.16777801513672,1531300
2025-01-21,51.220001220703125,51.599998474121094,51.0,51.4900016784668,46.95198059082031,1404100
2025-01-22,51.27000045776367,51.27000045776367,50.90999984741211,50.90999984741211,46.423099517822266,1170800
2025-01-23,51.150001525878906,51.58000183105469,51.130001068115234,51.40999984741211,46.8790283203125,1260300
2025-01-24,51.209999084472656,51.41999816894531,51.04999923706055,51.290000915527344,46.769615173339844,986900
2025-01-27,52.0,52.13999938964844,51.72999954223633,52.099998474121094,47.50822067260742,1588400
2025-01-28,51.630001068115234,52.0,51.58000183105469,51.959999084472656,47.380558013916016,1324000
2025-01-29,51.869998931884766,52.439998626708984,51.869998931884766,52.15999984741211,47.56293487548828,1523800
2025-01-30,52.63999938964844,52.9900016784668,52.439998626708984,52.66999816894531,48.02798080444336,1483300
2025-01-31,52.86000061035156,53.0,52.43000030517578,52.43000030517578,47.80913543701172,1101600
2025-02-03,50.9900016784668,51.47999954223633,50.689998626708984,51.29999923706055,46.77872848510742,1733000
2025-02-04,51.75,52.130001068115234,51.75,51.91999816894531,47.34408187866211,1021700
2025-02-05,51.880001068115234,52.310001373291016,51.63999938964844,52.209999084472656,47.608524322509766,1052400
2025-02-06,52.599998474121094,53.060001373291016,52.599998474121094,52.9900016784668,48.31977844238281,901700
2025-02-07,53.31999969482422,53.43000030517578,53.029998779296875,53.099998474121094,48.420082092285156,1391600
2025-02-10,54.130001068115234,54.22999954223633,53.7599983215332,53.86000061035156,49.113101959228516,1813100
2025-02-11,54.2400016784668,54.79999923706055,54.18000030517578,54.599998474121094,49.787879943847656,1937500
2025-02-12,54.65999984741211,55.36000061035156,54.619998931884766,55.08000183105469,50.2255859375,1675800
2025-02-13,54.86000061035156,55.209999084472656,54.7599983215332,55.189998626708984,50.32588195800781,1955900
2025-02-14,55.02000045776367,55.279998779296875,54.90999984741211,55.09000015258789,50.23469924926758,1169800
2025-02-18,56.959999084472656,57.08000183105469,56.7599983215332,56.880001068115234,51.866943359375,2857500
2025-02-19,56.83000183105469,57.08000183105469,56.5099983215332,56.959999084472656,51.93988800048828,2560700
2025-02-20,56.13999938964844,56.36000061035156,55.849998474121094,55.970001220703125,51.03714370727539,1727400
2025-02-21,56.41999816894531,56.709999084472656,56.02000045776367,56.08000183105469,51.13744354248047,2563500
2025-02-24,56.04999923706055,56.09000015258789,55.459999084472656,55.70000076293945,50.79093933105469,1540200
2025-02-25,57.7599983215332,57.81999969482422,57.029998779296875,57.77000045776367,52.67850112915039,5071800
2025-02-26,57.36000061035156,58.34000015258789,57.36000061035156,58.2400016784668,53.107078552246094,7056400
2025-02-27,58.189998626708984,58.43000030517578,57.880001068115234,58.189998626708984,53.06148910522461,6397900
2025-02-28,58.869998931884766,59.90999984741211,58.68000030517578,59.90999984741211,54.62989807128906,24038600
2025-03-03,60.77000045776367,61.41999816894531,59.939998626708984,60.33000183105469,55.01287841796875,3876500
2025-03-04,59.720001220703125,61.880001068115234,59.20000076293945,60.43000030517578,55.10406494140625,5269800
2025-03-05,60.959999084472656,61.72999954223633,60.560001373291016,61.58000183105469,56.1527099609375,3608000
2025-03-06,60.0,60.2400016784668,59.33000183105469,59.54999923706055,54.30162048339844,4235600
2025-03-07,57.849998474121094,58.09000015258789,56.939998626708984,58.040000915527344,54.57430648803711,3596500
2025-03-10,56.38999938964844,56.65999984741211,55.31999969482422,55.72999954223633,52.40224075317383,3847800
2025-03-11,55.5,55.790000915527344,54.709999084472656,55.47999954223633,52.167171478271484,3937400
2025-03-12,55.779998779296875,55.97999954223633,55.380001068115234,55.7400016784668,52.41164779663086,1917200
2025-03-13,56.029998779296875,56.15999984741211,55.4900016784668,55.630001068115234,52.3082160949707,2265500
2025-03-14,56.349998474121094,57.29999923706055,56.310001373291016,57.06999969482422,53.662227630615234,3599300
2025-03-17,57.40999984741211,58.0099983215332,57.40999984741211,57.81999969482422,54.3674430847168,2287800
2025-03-18,58.54999923706055,58.810001373291016,58.31999969482422,58.68000030517578,55.176090240478516,2140300
2025-03-19,58.75,59.11000061035156,58.47999954223633,58.849998474121094,55.335941314697266,1518900
2025-03-20,57.290000915527344,57.93000030517578,57.209999084472656,57.61000061035156,54.16998291015625,3291000
2025-03-21,57.619998931884766,58.02000045776367,57.400001525878906,57.83000183105469,54.37685012817383,2156600
2025-03-24,58.16999816894531,58.290000915527344,57.81999969482422,57.97999954223633,54.51789093017578,1754100
2025-03-25,58.310001373291016,58.5099983215332,57.9900016784668,58.369998931884766,54.88460159301758,1806500
2025-03-26,58.58000183105469,58.88999938964844,58.06999969482422,58.349998474121094,54.86579132080078,1959400
2025-03-27,58.08000183105469,58.529998779296875,57.93000030517578,58.34000015258789,54.856388092041016,1541800
2025-03-28,58.22999954223633,58.290000915527344,57.56999969482422,57.77000045776367,54.320430755615234,1295500
2025-03-31,56.72999954223633,57.52000045776367,56.52000045776367,57.43000030517578,54.000732421875,1855200
2025-04-01,57.27000045776367,57.38999938964844,56.70000076293945,57.2599983215332,53.84088134765625,1759000
2025-04-02,57.15999984741211,58.029998779296875,57.13999938964844,57.970001220703125,54.508487701416016,1356500
2025-04-03,53.900001525878906,54.56999969482422,53.20000076293945,53.5,50.30540084838867,4183800
2025-04-04,49.720001220703125,50.20000076293945,48.959999084472656,49.84000015258789,46.86394500732422,5386700
2025-04-07,47.77000045776367,49.95000076293945,47.31999969482422,48.41999816894531,45.52873992919922,6474200
2025-04-08,47.900001525878906,48.40999984741211,46.130001068115234,46.68000030517578,43.89263916015625,5396500
2025-04-09,45.79999923706055,50.040000915527344,45.65999984741211,49.369998931884766,46.42200469970703,6000600
2025-04-10,48.54999923706055,49.02000045776367,47.220001220703125,48.220001220703125,45.34068298339844,4780100
2025-04-11,48.779998779296875,50.130001068115234,48.650001525878906,49.88999938964844,46.91095733642578,3761500
2025-04-14,50.70000076293945,51.52000045776367,50.560001373291016,51.040000915527344,47.99229049682617,2928300
2025-04-15,51.83000183105469,52.470001220703125,51.790000915527344,52.189998626708984,49.07361602783203,2590900
2025-04-16,52.2400016784668,52.59000015258789,51.7599983215332,51.97999954223633,48.876163482666016,2065200
2025-04-17,52.38999938964844,52.970001220703125,52.279998779296875,52.5,49.3651123046875,1700900
2025-04-21,52.79999923706055,52.880001068115234,51.61000061035156,52.11000061035156,48.9984016418457,1190900
2025-04-22,53.540000915527344,54.130001068115234,53.470001220703125,54.0099983215332,50.78494644165039,1820500
2025-04-23,56.0099983215332,56.560001373291016,55.86000061035156,56.0099983215332,52.66551971435547,2939600
2025-04-24,55.02000045776367,55.779998779296875,55.0099983215332,55.70000076293945,52.37403106689453,1494500
2025-04-25,55.7400016784668,56.130001068115234,55.70000076293945,55.9900016784668,52.64672088623047,1288900
2025-04-28,56.13999938964844,56.43000030517578,55.939998626708984,56.34000015258789,52.9758186340332,1579100
2025-04-29,57.869998931884766,58.119998931884766,57.45000076293945,57.470001220703125,54.0383415222168,1826500
2025-04-30,55.40999984741211,56.150001525878906,55.130001068115234,56.08000183105469,52.73134231567383,3080700
2025-05-01,55.459999084472656,55.630001068115234,54.970001220703125,55.130001068115234,51.838069915771484,1583000
2025-05-02,56.529998779296875,56.72999954223633,56.2400016784668,56.5099983215332,53.13566589355469,1436200
2025-05-05,56.650001525878906,57.2400016784668,56.400001525878906,56.68000030517578,53.29551315307617,1121600
2025-05-06,56.75,56.959999084472656,56.619998931884766,56.619998931884766,53.239097595214844,1276100
2025-05-07,56.5099983215332,56.91999816894531,56.209999084472656,56.279998779296875,52.91939926147461,1464300
2025-05-08,56.95000076293945,57.060001373291016,56.68000030517578,56.689998626708984,53.30491638183594,1499100
2025-05-09,56.959999084472656,57.02000045776367,56.540000915527344,56.7599983215332,53.84564971923828,1121000
2025-05-12,58.66999816894531,58.720001220703125,58.15999984741211,58.2400016784668,55.249656677246094,2290100
2025-05-13,58.470001220703125,58.61000061035156,58.34000015258789,58.34000015258789,55.344520568847656,1443300
2025-05-14,57.900001525878906,58.36000061035156,57.849998474121094,58.2599983215332,55.26862716674805,1490100
2025-05-15,58.810001373291016,58.95000076293945,58.630001068115234,58.810001373291016,55.79039001464844,1288300
2025-05-16,58.5099983215332,58.939998626708984,58.45000076293945,58.869998931884766,55.84730911254883,1752500
2025-05-19,58.88999938964844,59.66999816894531,58.849998474121094,59.66999816894531,56.60622787475586,1660000
2025-05-20,59.689998626708984,60.0,59.66999816894531,59.9900016784668,56.90980529785156,1274200
2025-05-21,60.040000915527344,60.20000076293945,59.33000183105469,59.34000015258789,56.293174743652344,1812400
2025-05-22,59.189998626708984,59.709999084472656,59.040000915527344,59.40999984741211,56.35958480834961,999600
2025-05-23,58.70000076293945,59.349998474121094,58.630001068115234,59.2400016784668,56.19831085205078,1527300
2025-05-27,59.22999954223633,59.36000061035156,58.95000076293945,59.119998931884766,56.084476470947266,1189900
2025-05-28,58.93000030517578,58.95000076293945,58.56999969482422,58.70000076293945,55.68604278564453,927700
2025-05-29,59.45000076293945,59.470001220703125,59.0099983215332,59.20000076293945,56.16036605834961,1171900
2025-05-30,59.52000045776367,59.619998931884766,58.880001068115234,59.279998779296875,56.23625564575195,1205900
2025-06-02,59.4900016784668,60.02000045776367,59.209999084472656,59.9900016784668,56.90980529785156,1211700
2025-06-03,59.119998931884766,59.599998474121094,59.06999969482422,59.36000061035156,56.31215286254883,1482600
2025-06-04,59.33000183105469,59.68000030517578,59.290000915527344,59.310001373291016,56.26472091674805,1123500
2025-06-05,59.75,59.880001068115234,59.459999084472656,59.599998474121094,56.53982925415039,1180400
2025-06-06,59.97999954223633,60.220001220703125,59.84000015258789,59.9900016784668,56.90980529785156,1166900
2025-06-09,60.279998779296875,60.5099983215332,60.220001220703125,60.29999923706055,57.203887939453125,1030800
2025-06-10,59.79999923706055,59.880001068115234,59.5,59.560001373291016,56.501888275146484,1224600
2025-06-11,59.70000076293945,59.810001373291016,59.349998474121094,59.41999816894531,56.36906814575195,1184400
2025-06-12,59.849998474121094,60.189998626708984,59.66999816894531,60.16999816894531,57.08055877685547,1200800
2025-06-13,59.029998779296875,59.5,58.880001068115234,59.18000030517578,56.14139175415039,2049600
2025-06-16,59.810001373291016,60.11000061035156,59.54999923706055,59.599998474121094,56.53982925415039,1565800
2025-06-17,59.099998474121094,59.220001220703125,58.47999954223633,58.52000045776367,55.515281677246094,1842900
2025-06-18,58.939998626708984,59.43000030517578,58.83000183105469,59.189998626708984,56.15087890625,1433500
2025-06-20,59.29999923706055,59.349998474121094,58.38999938964844,58.43000030517578,55.42990493774414,1540800
2025-06-23,58.27000045776367,59.029998779296875,58.13999938964844,58.93000030517578,55.90422821044922,2540900
2025-06-24,60.400001525878906,60.84000015258789,60.2599983215332,60.720001220703125,57.60232162475586,2085400
2025-06-25,60.7599983215332,61.150001525878906,60.66999816894531,61.09000015258789,57.95332717895508,1597100
2025-06-26,60.709999084472656,60.83000183105469,60.459999084472656,60.47999954223633,57.3746452331543,1449400
2025-06-27,61.09000015258789,61.09000015258789,60.529998779296875,60.81999969482422,57.69718551635742,1061700
2025-06-30,60.5099983215332,60.939998626708984,60.43000030517578,60.790000915527344,57.66872787475586,1132500
2025-07-01,60.13999938964844,60.40999984741211,59.91999816894531,60.27000045776367,57.1754264831543,1151700
2025-07-02,60.59000015258789,60.65999984741211,60.15999984741211,60.650001525878906,57.53591537475586,2216100
2025-07-03,60.56999969482422,60.790000915527344,60.52000045776367,60.66999816894531,57.55488586425781,833000
2025-07-07,61.15999984741211,61.38999938964844,60.650001525878906,60.93000030517578,57.80154037475586,1360800
2025-07-08,61.29999923706055,61.650001525878906,60.939998626708984,61.56999969482422,58.40867614746094,1437000
2025-07-09,61.97999954223633,62.09000015258789,61.7599983215332,62.06999969482422,58.88300323486328,1354000
2025-07-10,62.33000183105469,62.869998931884766,62.29999923706055,62.779998779296875,59.55655288696289,1454400
2025-07-11,61.619998931884766,61.880001068115234,61.459999084472656,61.709999084472656,58.54148864746094,1217200
2025-07-14,62.209999084472656,62.540000915527344,62.15999984741211,62.5099983215332,59.300411224365234,1078200
2025-07-15,62.290000915527344,62.349998474121094,61.75,61.81999969482422,58.645843505859375,1346200
2025-07-16,62.33000183105469,62.599998474121094,62.040000915527344,62.540000915527344,59.32887268066406,2167900
2025-07-17,62.380001068115234,63.279998779296875,62.349998474121094,63.25,60.002418518066406,1247000
2025-07-18,63.06999969482422,63.15999984741211,62.7400016784668,62.81999969482422,59.59449768066406,1584900
2025-07-21,63.29999923706055,63.970001220703125,63.22999954223633,63.599998474121094,60.33444595336914,1454300
2025-07-22,63.86000061035156,64.27999877929688,63.61000061035156,64.05999755859375,60.77082824707031,1472500
2025-07-23,64.44000244140625,65.22000122070312,64.41000366210938,65.12999725341797,61.78589630126953,1956900
2025-07-24,65.55999755859375,65.75,64.9800033569336,64.9800033569336,61.64358901977539,1741200
2025-07-25,64.66999816894531,64.94000244140625,64.44000244140625,64.91999816894531,61.586669921875,1305200
2025-07-28,64.83999633789062,64.87000274658203,64.33000183105469,64.4800033569336,61.16926574707031,1363400
2025-07-29,65.22000122070312,65.37000274658203,64.9000015258789,65.05999755859375,61.719478607177734,1690200
2025-07-30,62.97999954223633,63.04999923706055,61.16999816894531,61.47999954223633,58.32330322265625,3806500
2025-07-31,61.34000015258789,61.529998779296875,61.040000915527344,61.29999923706055,58.15254211425781,1642400
2025-08-01,61.13999938964844,61.47999954223633,60.61000061035156,61.369998931884766,58.21894836425781,1758700
2025-08-04,61.70000076293945,61.900001525878906,61.560001373291016,61.790000915527344,58.61738586425781,1125200
2025-08-05,62.11000061035156,62.2599983215332,61.56999969482422,62.029998779296875,58.84505844116211,1144000
2025-08-06,62.529998779296875,62.77000045776367,62.43000030517578,62.689998626708984,59.471168518066406,868600
2025-08-07,63.27000045776367,63.29999923706055,62.72999954223633,62.95000076293945,59.71782302856445,1184100
2025-08-08,63.099998474121094,63.90999984741211,62.900001525878906,63.709999084472656,60.43880081176758,1363200
2025-08-11,63.88999938964844,64.25,63.779998779296875,64.19999694824219,60.90364074707031,1288700
2025-08-12,64.6500015258789,65.11000061035156,64.62000274658203,64.97000122070312,61.63410949707031,1558200
2025-08-13,65.25,65.33999633789062,64.88999938964844,64.97000122070312,61.63410949707031,1339800
2025-08-14,65.23999786376953,65.7699966430664,65.19000244140625,65.7699966430664,62.39302444458008,1477300
2025-08-15,64.70999908447266,64.79000091552734,63.77000045776367,63.869998931884766,61.05474090576172,1693400
2025-08-18,63.56999969482422,63.959999084472656,63.5099983215332,63.93000030517578,61.112091064453125,1089500
2025-08-19,64.30000305175781,64.43000030517578,63.79999923706055,63.84000015258789,61.02606201171875,1038700
2025-08-20,64.97000122070312,65.48999786376953,64.73999786376953,65.36000061035156,62.479061126708984,1605500
2025-08-21,65.11000061035156,65.41000366210938,65.05000305175781,65.26000213623047,62.38347244262695,973000
2025-08-22,65.44999694824219,66.05000305175781,65.43000030517578,65.68000030517578,62.78496551513672,1225300
2025-08-25,65.66999816894531,65.94000244140625,65.18000030517578,65.22000122070312,62.34523391723633,637700
2025-08-26,64.95999908447266,65.48999786376953,64.7699966430664,65.48999786376953,62.60332489013672,1108200
2025-08-27,64.31999969482422,64.70999908447266,64.27999877929688,64.5999984741211,61.7525634765625,1036700
2025-08-28,64.72000122070312,64.98999786376953,64.55999755859375,64.81999969482422,61.96287155151367,819700
2025-08-29,64.2300033569336,64.5,64.19999694824219,64.47000122070312,61.628292083740234,991900
2025-09-02,63.810001373291016,64.12999725341797,63.54999923706055,64.08000183105469,61.25548553466797,1121600
2025-09-03,64.41999816894531,64.77999877929688,64.4000015258789,64.7300033569336,61.8768424987793,1779000
2025-09-04,64.66000366210938,65.23999786376953,64.63999938964844,65.08000183105469,62.21140670776367,1054900
2025-09-05,66.29000091552734,66.37000274658203,65.25,65.61000061035156,62.718048095703125,1356000
2025-09-08,65.7300033569336,66.12000274658203,65.58000183105469,66.02999877929688,63.119537353515625,923100
2025-09-09,65.8499984741211,66.6500015258789,65.8499984741211,66.52999877929688,63.59748840332031,1074500
2025-09-10,67.51000213623047,68.55000305175781,67.51000213623047,68.37000274658203,65.35639190673828,3494800
2025-09-11,68.38999938964844,69.31999969482422,68.37999725341797,69.16000366210938,66.111572265625,1890300
2025-09-12,68.68000030517578,69.05999755859375,68.58999633789062,68.6500015258789,65.6240463256836,1135000
2025-09-15,69.2699966430664,69.4800033569336,69.05000305175781,69.44999694824219,66.38878631591797,1017700
2025-09-16,68.97000122070312,69.13999938964844,68.66000366210938,68.94999694824219,65.91082000732422,1483500
2025-09-17,69.4800033569336,69.94000244140625,69.26000213623047,69.66999816894531,66.59909057617188,1857800
2025-09-18,69.31999969482422,69.80000305175781,69.16999816894531,69.5,66.43657684326172,1084200
2025-09-19,69.66999816894531,69.91999816894531,69.55000305175781,69.7300033569336,66.65644073486328,944700
2025-09-22,69.86000061035156,70.26000213623047,69.86000061035156,69.9800033569336,66.89543151855469,1217700
2025-09-23,70.56999969482422,71.04000091552734,70.1500015258789,70.19999694824219,67.10572052001953,1448200
2025-09-24,69.9800033569336,70.4000015258789,69.76000213623047,69.88999938964844,66.80938720703125,1121800
2025-09-25,68.77999877929688,69.16000366210938,68.62000274658203,68.93000030517578,65.8917007446289,1580700
2025-09-26,69.91000366210938,70.20999908447266,69.77999877929688,69.81999969482422,66.74246978759766,2042300
2025-09-29,70.72000122070312,70.83999633789062,70.1500015258789,70.47000122070312,67.36383056640625,1318700
2025-09-30,70.66000366210938,71.05999755859375,70.43000030517578,70.9800033569336,67.85135650634766,1573400
2025-10-01,71.5,71.58000183105469,71.06999969482422,71.36000061035156,68.214599609375,1279800
2025-10-02,71.0999984741211,71.1500015258789,70.26000213623047,70.83000183105469,67.70795440673828,975400
2025-10-03,71.73999786376953,72.20999908447266,71.68000030517578,72.20999908447266,69.02713012695312,943200
2025-10-06,71.8499984741211,72.0999984741211,71.36000061035156,71.48999786376953,68.3388671875,982600
2025-10-07,71.08000183105469,71.2300033569336,70.63999938964844,70.70999908447266,67.59324645996094,984200
2025-10-08,71.8499984741211,71.91999816894531,71.41000366210938,71.5,68.34842681884766,1111500
2025-10-09,68.16000366210938,68.48999786376953,67.08999633789062,67.33000183105469,64.36223602294922,3281300
2025-10-10,66.80000305175781,67.37999725341797,65.87000274658203,65.91999816894531,63.014373779296875,3082600
2025-10-13,66.12999725341797,66.69999694824219,66.12999725341797,66.45999908447266,63.53057861328125,1727500
2025-10-14,66.52999877929688,67.30999755859375,66.41000366210938,66.83999633789062,63.89382553100586,1636500
2025-10-15,66.63999938964844,66.8499984741211,66.11000061035156,66.41000366210938,63.482791900634766,2007000
2025-10-16,66.7300033569336,66.8499984741211,65.95999908447266,66.0999984741211,63.18644714355469,1589000
2025-10-17,65.69999694824219,65.87999725341797,64.6500015258789,65.86000061035156,62.95702362060547,2245600
2025-10-20,65.31999969482422,65.83000183105469,65.18000030517578,65.66999816894531,62.77539825439453,1808600
2025-10-21,66.5199966430664,66.66000366210938,66.0199966430664,66.02999877929688,63.119537353515625,1535200
2025-10-22,66.48999786376953,66.75,66.05000305175781,66.44999694824219,63.52101516723633,1344700
2025-10-23,66.83000183105469,66.94999694824219,66.2300033569336,66.26000213623047,63.33939743041992,1039000
2025-10-24,66.55999755859375,67.11000061035156,66.45999908447266,67.0,64.0467758178711,1224900
2025-10-27,66.76000213623047,67.2699966430664,66.58999633789062,67.19999694824219,64.23796081542969,2017600
2025-10-28,69.2300033569336,70.52999877929688,69.19999694824219,70.04000091552734,66.9527816772461,3078500
2025-10-29,70.25,71.23999786376953,70.16000366210938,70.48999786376953,67.38294219970703,2471100
2025-10-30,69.80000305175781,70.63999938964844,69.80000305175781,70.37000274658203,67.26823425292969,2236200
2025-10-31,69.5999984741211,70.13999938964844,69.30000305175781,70.06999969482422,66.98146057128906,1643600
2025-11-03,70.16000366210938,70.4800033569336,70.02999877929688,70.45999908447266,67.3542709350586,1299500
2025-11-04,69.52999877929688,70.33000183105469,69.45999908447266,69.8499984741211,66.77115631103516,1389800
2025-11-05,70.55000305175781,71.31999969482422,70.44000244140625,70.91999816894531,67.79399108886719,1663000
2025-11-06,72.11000061035156,72.33999633789062,71.7300033569336,72.01000213623047,68.83594512939453,1790900
2025-11-07,70.70999908447266,71.33000183105469,70.2699966430664,71.2699966430664,68.60491180419922,1306300
2025-11-10,71.56999969482422,72.41000366210938,71.5,72.04000091552734,69.34612274169922,1665500
2025-11-11,72.26000213623047,72.81999969482422,72.2300033569336,72.52999877929688,69.81780242919922,1949200
2025-11-12,73.16999816894531,73.66000366210938,73.11000061035156,73.48999786376953,70.74189758300781,1740200
2025-11-13,73.8499984741211,74.16999816894531,73.12000274658203,73.16000366210938,70.42424774169922,2230900
2025-11-14,72.27999877929688,72.93000030517578,72.02999877929688,72.55999755859375,69.8466796875,1791300
2025-11-17,72.25,72.31999969482422,71.0199966430664,71.22000122070312,68.55679321289062,2806800
2025-11-18,69.37000274658203,70.19999694824219,68.94000244140625,69.58999633789062,66.98773956298828,2999900
2025-11-19,69.1500015258789,69.48999786376953,68.7699966430664,69.13999938964844,66.5545654296875,1957800
2025-11-20,69.16000366210938,69.31999969482422,67.55999755859375,67.55999755859375,65.03364562988281,3340800
2025-11-21,68.31999969482422,68.98999786376953,67.7699966430664,68.95999908447266,66.38129425048828,2704000
2025-11-24,68.91000366210938,69.20999908447266,68.69000244140625,68.94999694824219,66.37167358398438,1531900
2025-11-25,69.44999694824219,69.72000122070312,69.12000274658203,69.51000213623047,66.91072845458984,1385700
2025-11-26,70.36000061035156,70.80000305175781,70.3499984741211,70.58000183105469,67.94071960449219,1413200
2025-11-28,71.04000091552734,71.33000183105469,70.91000366210938,71.16000366210938,68.49903869628906,617200
2025-12-01,71.56999969482422,71.86000061035156,71.36000061035156,71.36000061035156,68.6915512084961,1360300
2025-12-02,71.94000244140625,72.20999908447266,71.81999969482422,72.0,69.30762481689453,1525200
2025-12-03,71.63999938964844,72.08000183105469,71.41000366210938,72.01000213623047,69.31724548339844,1201000
2025-12-04,71.72000122070312,72.23999786376953,71.68000030517578,71.70999908447266,69.0284652709961,1037400
2025-12-05,71.72000122070312,71.75,70.91000366210938,71.0,68.34501647949219,1108300
2025-12-08,70.94999694824219,71.18000030517578,70.83999633789062,71.0199966430664,68.36426544189453,889500
2025-12-09,71.02999877929688,71.41000366210938,70.7699966430664,70.79000091552734,68.14286804199219,871700
2025-12-10,72.86000061035156,74.36000061035156,72.83000183105469,74.08000183105469,71.30984497070312,2851900
2025-12-11,74.47000122070312,75.33999633789062,74.44000244140625,75.23999786376953,72.42646026611328,2104500
2025-12-12,75.36000061035156,75.44000244140625,74.37000274658203,74.98999786376953,72.18580627441406,1684500
2025-12-15,75.61000061035156,75.91999816894531,75.18000030517578,75.27999877929688,72.4649658203125,1877200
2025-12-16,74.77999877929688,75.04000091552734,74.55999755859375,74.66000366210938,71.86815643310547,1587200
2025-12-17,77.12000274658203,77.33000183105469,76.04000091552734,76.0999984741211,73.25430297851562,2443400
2025-12-18,77.04000091552734,77.29000091552734,76.5199966430664,76.76000213623047,73.8896255493164,2101800
2025-12-19,77.7699966430664,78.37000274658203,77.7699966430664,77.91999816894531,75.0062484741211,2059500
2025-12-22,78.5199966430664,78.83000183105469,78.25,78.7300033569336,75.78596496582031,1433000
2025-12-23,78.88999938964844,79.62999725341797,78.88999938964844,79.27999877929688,76.31538391113281,1337000
2025-12-24,79.27999877929688,79.66000366210938,79.27999877929688,79.58000183105469,76.60417175292969,701100
2025-12-26,79.5999984741211,79.97000122070312,79.58000183105469,79.97000122070312,76.9795913696289,669000
2025-12-29,79.12000274658203,79.26000213623047,78.75,78.8499984741211,75.90147399902344,996500
2025-12-30,79.6500015258789,79.68000030517578,79.19999694824219,79.27999877929688,76.31538391113281,1415900
2025-12-31,79.23999786376953,79.26000213623047,78.63999938964844,78.66999816894531,75.72820281982422,822400
2026-01-02,80.80000305175781,80.81999969482422,80.05999755859375,80.44999694824219,77.44163513183594,2229300
2026-01-05,80.98999786376953,81.7300033569336,80.98999786376953,81.27999877929688,78.24060821533203,2732200
2026-01-06,82.77999877929688,83.02999877929688,81.98999786376953,82.08000183105469,79.01068878173828,2369400
2026-01-07,81.02999877929688,81.05999755859375,80.2300033569336,80.26000213623047,77.25875091552734,2044400
2026-01-08,80.33000183105469,80.6500015258789,80.13999938964844,80.48999786376953,77.48014068603516,1232900
2026-01-09,80.16999816894531,80.41000366210938,79.88999938964844,80.19000244140625,77.19136047363281,1586500
2026-01-12,81.19000244140625,81.6500015258789,80.76000213623047,81.30999755859375,78.26947784423828,1563200
2026-01-13,81.77999877929688,81.98999786376953,81.36000061035156,81.5199966430664,78.47162628173828,1744400
2026-01-14,81.94000244140625,81.94000244140625,81.3499984741211,81.76000213623047,78.7026596069336,1388200
2026-01-15,82.37000274658203,83.05000305175781,82.20999908447266,82.83000183105469,79.7326431274414,1690700
2026-01-16,82.4000015258789,82.77999877929688,82.30999755859375,82.52999877929688,79.44385528564453,1506600
2026-01-20,82.69999694824219,83.05999755859375,82.2699966430664,82.5,79.41498565673828,1880900
2026-01-21,82.08999633789062,83.3499984741211,81.94000244140625,83.16999816894531,80.05992889404297,1357700
2026-01-22,83.88999938964844,84.23999786376953,83.51000213623047,83.75,80.61824035644531,1951300
2026-01-23,83.7300033569336,84.08000183105469,83.4000015258789,83.94000244140625,80.80113220214844,1854300
2026-01-26,84.80000305175781,85.38999938964844,84.79000091552734,85.08999633789062,81.90813446044922,1268000
2026-01-27,87.94999694824219,88.54000091552734,87.63999938964844,88.48999786376953,85.18098449707031,2932300
2026-01-28,87.05999755859375,87.37999725341797,86.38999938964844,87.0,83.7467041015625,1844000
2026-01-29,88.8499984741211,89.0,87.02999877929688,88.54000091552734,85.22911834716797,2084600
2026-01-30,88.05999755859375,88.44000244140625,87.3499984741211,88.01000213623047,84.71894073486328,2118100
2026-02-02,88.08000183105469,89.62999725341797,88.04000091552734,89.5999984741211,86.24948120117188,1686700
2026-02-03,88.33000183105469,89.43000030517578,88.26000213623047,88.9800033569336,85.65267181396484,3116500
2026-02-04,89.94000244140625,90.48999786376953,88.91000366210938,89.41000366210938,86.06659698486328,2638300
2026-02-05,86.72000122070312,87.87000274658203,86.29000091552734,86.87000274658203,83.62157440185547,4062800
2026-02-06,88.23999786376953,89.55000305175781,88.16999816894531,89.29000091552734,85.95108032226562,1941900
2026-02-09,89.0,90.80999755859375,89.0,90.72000122070312,87.32760620117188,2633200
2026-02-10,89.80999755859375,90.01000213623047,88.83999633789062,89.48999786376953,86.14360046386719,2743400
2026-02-11,89.69000244140625,90.08000183105469,88.72000122070312,89.41999816894531,86.07621765136719,3334400
2026-02-12,89.33999633789062,89.4800033569336,86.18000030517578,86.79000091552734,83.5445556640625,3555200
2026-02-13,84.08000183105469,85.4800033569336,83.93000030517578,85.1500015258789,81.96588897705078,6539100
2026-02-17,85.01000213623047,86.77999877929688,85.01000213623047,86.56999969482422,83.3327865600586,2228900
2026-02-18,88.19999694824219,88.55999755859375,87.76000213623047,88.0999984741211,84.80558013916016,2297700
2026-02-19,86.5,86.9000015258789,86.26000213623047,86.83999633789062,83.59268951416016,1624100
2026-02-20,87.19000244140625,88.18000030517578,86.80999755859375,88.1500015258789,84.85371398925781,2140000
2026-02-23,88.63999938964844,89.06999969482422,86.91999816894531,87.4000015258789,84.13175201416016,1666500
2026-02-24,87.0999984741211,88.06999969482422,86.69000244140625,87.87999725341797,84.59380340576172,2012400
2026-02-25,92.5999984741211,94.77999877929688,92.36000061035156,94.19999694824219,90.6774673461914,3084400
2026-02-26,93.75,94.80000305175781,93.37000274658203,94.5,90.96624755859375,2810500
2026-02-27,94.05999755859375,94.30000305175781,92.69000244140625,93.16000366210938,89.6763687133789,2059100
2026-03-02,88.58999633789062,90.38999938964844,88.55999755859375,89.7300033569336,86.37462615966797,2714000
2026-03-03,83.63999938964844,85.93000030517578,82.98999786376953,85.48999786376953,82.29317474365234,3706600
2026-03-04,86.20999908447266,87.30999755859375,85.7699966430664,87.19000244140625,83.92960357666016,2025300
2026-03-05,86.02999877929688,86.69000244140625,84.93000030517578,85.75,82.54344940185547,1930800
2026-03-06,83.2699966430664,84.36000061035156,82.83000183105469,84.05000305175781,80.90702056884766,2000200
2026-03-09,83.5999984741211,85.88999938964844,82.41999816894531,85.48999786376953,82.29317474365234,2382800
2026-03-10,86.5999984741211,87.27999877929688,85.4800033569336,85.83999633789062,82.63008117675781,1889900
2026-03-11,85.23999786376953,86.33000183105469,85.05999755859375,85.97000122070312,82.7552261352539,1835500
2026-03-12,82.5999984741211,83.04000091552734,81.44999694824219,82.16000366210938,79.08769989013672,2585700
2026-03-13,79.61000061035156,80.08000183105469,78.04000091552734,78.19000244140625,77.3853988647461,2936400
2026-03-16,80.0,80.75,79.83999633789062,80.30999755859375,79.48358154296875,1647400
2026-03-17,81.37999725341797,81.66000366210938,80.81999969482422,80.9000015258789,80.06751251220703,1545900
2026-03-18,80.9000015258789,81.3499984741211,79.87000274658203,79.94000244140625,79.11739349365234,1395600
2026-03-19,77.55999755859375,79.81999969482422,77.52999877929688,79.45999908447266,78.64232635498047,2665600
2026-03-20,79.0,79.19000244140625,76.20999908447266,76.94999694824219,76.15815734863281,3817500
2026-03-23,79.52999877929688,81.0,79.19000244140625,79.83000183105469,79.0085220336914,2950700
2026-03-24,78.23999786376953,79.79000091552734,78.05999755859375,79.2699966430664,78.45428466796875,2563400
2026-03-25,81.44000244140625,81.61000061035156,80.44999694824219,81.22000122070312,80.38421630859375,2155900
2026-03-26,80.58999633789062,81.04000091552734,79.52999877929688,79.62999725341797,78.81057739257812,1755700
2026-03-27,79.38999938964844,80.47000122070312,78.86000061035156,79.19000244140625,78.37510681152344,2641800
2026-03-30,79.70999908447266,80.41000366210938,78.9800033569336,79.3499984741211,78.53345489501953,1707100
2026-03-31,81.41000366210938,82.58000183105469,80.6500015258789,82.48999786376953,81.64115142822266,2161300
2026-04-01,84.9000015258789,86.22000122070312,84.33000183105469,85.45999908447266,84.58058166503906,4277800
2026-04-02,82.55999755859375,84.94999694824219,82.37000274658203,84.41000366210938,83.54138946533203,2146200
2026-04-06,84.62000274658203,85.1500015258789,84.3499984741211,84.63999938964844,83.7690200805664,1229000
2026-04-07,84.23999786376953,85.30000305175781,83.44000244140625,85.1500015258789,84.27377319335938,2041100
2026-04-08,91.38999938964844,91.62999725341797,89.47000122070312,90.2699966430664,89.34107971191406,4241000
2026-04-09,89.2300033569336,90.66999816894531,89.08000183105469,90.2699966430664,89.34107971191406,1766800
2026-04-10,90.93000030517578,90.93000030517578,90.16999816894531,90.26000213623047,89.3311996459961,1300600
2026-04-13,89.41999816894531,91.13999938964844,89.1500015258789,90.9800033569336,90.04378509521484,1433100
2026-04-14,90.9000015258789,91.55000305175781,90.69999694824219,91.37000274658203,90.42977142333984,1447100
2026-04-15,91.2300033569336,91.33000183105469,90.77999877929688,90.93000030517578,89.99430084228516,1410100
2026-04-16,91.52999877929688,91.75,90.36000061035156,90.5199966430664,89.58851623535156,1330400
2026-04-17,92.26000213623047,92.9800033569336,92.02999877929688,92.16000366210938,91.2116470336914,1407100
2026-04-20,91.6500015258789,91.91999816894531,90.98999786376953,91.58999633789062,90.64749908447266,1510200
2026-04-21,92.23999786376953,92.45999908447266,90.58999633789062,90.63999938964844,89.707275390625,2005000
2026-04-22,91.56999969482422,91.58999633789062,90.23999786376953,90.47000122070312,89.53903198242188,2233100
2026-04-23,90.51000213623047,90.73999786376953,88.63999938964844,89.63999938964844,88.71756744384766,2469600
2026-04-24,89.55000305175781,90.02999877929688,89.25,89.69000244140625,88.76705932617188,1167100
2026-04-27,89.93000030517578,90.38999938964844,89.51000213623047,89.95999908447266,89.0342788696289,1251200
2026-04-28,89.87000274658203,90.4800033569336,89.54000091552734,89.97000122070312,89.04417419433594,1273500
2026-04-29,90.37999725341797,90.41000366210938,89.1500015258789,89.27999877929688,88.36127471923828,1813800
2026-04-30,91.04000091552734,92.19000244140625,90.75,91.86000061035156,90.91472625732422,1728700
2026-05-01,91.7300033569336,92.81999969482422,91.41999816894531,91.94999694824219,91.00379943847656,1666400
2026-05-04,91.51000213623047,91.68000030517578,89.9800033569336,90.12999725341797,89.20252227783203,1349200
2026-05-05,86.38999938964844,87.56999969482422,85.20999908447266,87.4000015258789,86.50062561035156,3252600
2026-05-06,91.91999816894531,92.33999633789062,90.91000366210938,91.4000015258789,90.45946502685547,1858700
2026-05-07,91.48999786376953,91.54000091552734,88.87000274658203,88.97000122070312,88.0544662475586,1838600
2026-05-08,90.12999725341797,90.51000213623047,89.6500015258789,90.16000366210938,89.23223114013672,1771400
2026-05-11,90.94999694824219,91.11000061035156,90.37999725341797,90.55000305175781,89.61820983886719,1297600
2026-05-12,88.66000366210938,90.16999816894531,88.55999755859375,89.97000122070312,89.04417419433594,1215700
2026-05-13,89.18000030517578,91.08999633789062,89.16000366210938,90.62999725341797,89.6973876953125,1026300
2026-05-14,91.13999938964844,91.6500015258789,90.62000274658203,90.72000122070312,89.78646087646484,1456300
2026-05-15,88.69000244140625,88.69000244140625,87.87999725341797,88.37999725341797,87.9552993774414,1296500
2026-05-18,89.87999725341797,90.41999816894531,89.36000061035156,90.12999725341797,89.69688415527344,1541900
2026-05-19,89.2699966430664,89.5199966430664,88.44000244140625,88.47000122070312,88.04486846923828,1517100
2026-05-20,89.76000213623047,92.30999755859375,89.5999984741211,91.98999786376953,91.5479507446289,2069200
2026-05-21,90.48999786376953,92.70999908447266,90.37999725341797,92.05000305175781,91.607666015625,1566200
2026-05-22,92.63999938964844,92.76000213623047,91.87999725341797,92.0199966430664,91.57780456542969,1070200
2026-05-26,93.91000366210938,94.33000183105469,93.05000305175781,93.73999786376953,93.28954315185547,1109600
2026-05-27,95.04000091552734,95.22000122070312,93.98999786376953,94.68000030517578,94.22502899169922,1763300
2026-05-28,92.56999969482422,93.37000274658203,91.9000015258789,92.94999694824219,92.50333404541016,2183200
2026-05-29,93.98999786376953,94.6500015258789,93.58000183105469,93.73999786376953,93.28954315185547,1571300
2026-06-01,92.30999755859375,93.44000244140625,91.94999694824219,93.18000030517578,92.73223114013672,2331100
2026-06-02,94.20999908447266,95.61000061035156,94.19000244140625,95.20999908447266,94.75247955322266,1468400
2026-06-03,94.43000030517578,94.55000305175781,93.5999984741211,93.63999938964844,93.19002532958984,1362500
2026-06-04,90.80000305175781,92.80999755859375,90.69000244140625,92.62000274658203,92.1749267578125,2659500
2026-06-05,91.87000274658203,92.12999725341797,90.33999633789062,90.80000305175781,90.3636703491211,2327600
2026-06-08,92.12999725341797,92.58000183105469,91.30000305175781,91.52999877929688,91.09016418457031,1510600
2026-06-09,90.62999725341797,91.0199966430664,87.62000274658203,89.33999633789062,88.91068267822266,3875200
2026-06-10,86.94000244140625,87.22000122070312,86.12000274658203,86.16000366210938,85.7459716796875,2552300
2026-06-11,88.6500015258789,90.86000061035156,88.27999877929688,90.72000122070312,90.2840576171875,1882700
2026-06-12,91.9800033569336,92.75,91.66999816894531,92.66999816894531,92.22468566894531,1677100
2026-06-15,93.68000030517578,93.80000305175781,92.86000061035156,92.91999816894531,92.47348022460938,1315100
2026-06-16,94.91999816894531,95.41000366210938,94.30999755859375,94.44999694824219,93.99613189697266,1206800
2026-06-17,95.83999633789062,96.62999725341797,94.94000244140625,95.2300033569336,94.77238464355469,1965300
2026-06-18,95.29000091552734,95.87000274658203,94.91999816894531,94.97000122070312,94.51363372802734,1404500
2026-06-22,96.61000061035156,96.9000015258789,96.1500015258789,96.51000213623047,96.04623413085938,1104700
2026-06-23,95.48999786376953,96.22000122070312,95.30000305175781,95.58999633789062,95.13064575195312,1051500
2026-06-24,94.54000091552734,94.62000274658203,93.56999969482422,93.8499984741211,93.39900970458984,1659900
2026-06-25,95.83999633789062,96.04000091552734,94.87999725341797,95.05999755859375,94.60319519042969,1135600
2026-06-26,94.0,94.5199966430664,93.25,93.75,93.29949188232422,933600
2026-06-29,94.70999908447266,95.19000244140625,94.0199966430664,95.08000183105469,94.62310791015625,1571800
2026-06-30,95.44000244140625,95.63999938964844,94.61000061035156,95.08999633789062,94.63304901123047,1080400
2026-07-01,94.7300033569336,96.41999816894531,94.66000366210938,95.80999755859375,95.34959411621094,1390400
2026-07-02,97.05999755859375,97.87999725341797,96.08999633789062,96.77999877929688,96.31493377685547,1247600
2026-07-06,97.55000305175781,98.77999877929688,97.52999877929688,98.73999786376953,98.26551055908203,1183400
2026-07-07,98.0999984741211,98.5999984741211,97.16000366210938,97.4000015258789,96.93195343017578,1151500
2026-07-08,96.87999725341797,96.9800033569336,95.18000030517578,96.08999633789062,95.62825012207031,1209100
2026-07-09,97.80999755859375,98.27999877929688,97.69000244140625,98.0199966430664,97.5489730834961,965200
2026-07-10,98.73999786376953,99.47000122070312,98.33000183105469,99.08999633789062,98.61383056640625,1099400
2026-07-13,98.37000274658203,98.37000274658203,97.45999908447266,98.08999633789062,97.61863708496094,1385100
2026-07-14,99.31999969482422,100.80000305175781,98.77999877929688,99.25,98.77306365966797,1425000
2026-07-15,99.95999908447266,100.7300033569336,99.72000122070312,100.45999908447266,99.97724914550781,1204800
2026-07-16,100.27999877929688,101.0999984741211,99.69000244140625,100.5199966430664,100.03695678710938,1471000
2026-07-17,98.52999877929688,100.7699966430664,98.37000274658203,100.61000061035156,100.12653350830078,1794200
2026-07-20,100.38999938964844,100.43000030517578,98.5999984741211,99.01000213623047,98.53421783447266,1626800
2026-07-21,100.63999938964844,101.6500015258789,99.95999908447266,101.12000274658203,100.63407897949219,1021400
2026-07-22,102.94000244140625,103.5,102.76000213623047,103.11000061035156,102.61451721191406,1762900
2026-07-23,101.73999786376953,102.29000091552734,101.55999755859375,101.75,101.26105499267578,1223500
2026-07-24,103.19999694824219,103.94000244140625,103.0,103.4000015258789,102.90312194824219,1085100
2026-07-27,103.91999816894531,104.33000183105469,102.98999786376953,103.97000122070312,103.47038269042969,979700
2026-07-28,102.76000213623047,103.9000015258789,102.19999694824219,103.69999694824219,103.20167541503906,1014600
2026-07-29,103.5,104.16999816894531,102.37999725341797,102.5999984741211,102.10696411132812,1493500
2026-07-30,106.37999725341797,107.58999633789062,106.05999755859375,107.08999633789062,106.57538604736328,1678900
2026-07-31,106.73999786376953,106.9000015258789,105.25,106.41999816894531,105.90860748291016,1555200
2026-08-03,107.47000122070312,107.91999816894531,106.77999877929688,107.86000061035156,107.34169006347656,1336400
2026-08-04,106.69999694824219,107.8499984741211,105.91000366210938,106.04000091552734,105.53044128417969,2127900
2026-08-05,101.98999786376953,102.95999908447266,101.7300033569336,102.68000030517578,102.18658447265625,2764900
2026-08-06,103.30999755859375,103.36000061035156,102.37999725341797,102.55999755859375,102.06715393066406,1179100
2026-08-07,104.25,104.45999908447266,103.2699966430664,103.7300033569336,103.23153686523438,1513500
2026-08-10,103.44999694824219,103.55000305175781,103.05000305175781,103.31999969482422,102.8235092163086,866100
2026-08-11,104.01000213623047,104.41000366210938,103.1500015258789,103.20999908447266,102.71403503417969,827100
2026-08-12,103.83999633789062,104.23999786376953,103.58000183105469,104.12000274658203,103.61966705322266,893400
2026-08-13,104.29000091552734,104.41000366210938,103.41000366210938,104.05000305175781,103.55000305175781,789200
2026-08-14,104.02999877929688,104.33999633789062,103.48999786376953,103.79000091552734,103.79000091552734,604400
2026-08-17,104.26000213623047,104.66000366210938,103.7699966430664,103.80000305175781,103.80000305175781,1017100
2026-08-18,103.83999633789062,104.19999694824219,102.80999755859375,103.18000030517578,103.18000030517578,883500
2026-08-19,103.83000183105469,103.8499984741211,102.04000091552734,102.30000305175781,102.30000305175781,1251600
2026-08-20,103.01000213623047,103.5,102.18000030517578,102.33000183105469,102.33000183105469,876400
2026-08-21,103.94999694824219,104.44999694824219,103.55999755859375,104.1500015258789,104.1500015258789,743300
2026-08-24,104.13999938964844,104.62999725341797,102.98999786376953,104.08999633789062,104.08999633789062,1354300
2026-08-25,103.41000366210938,104.54000091552734,102.9000015258789,104.37999725341797,104.37999725341797,923700
2026-08-26,104.19000244140625,104.30999755859375,103.61000061035156,103.6500015258789,103.6500015258789,1396600
2026-08-27,103.33000183105469,103.55000305175781,102.2699966430664,102.8499984741211,102.8499984741211,1033200
2026-08-28,103.63999938964844,104.16999816894531,103.2300033569336,103.52999877929688,103.52999877929688,1268700
2026-08-31,102.95999908447266,103.83999633789062,102.91000366210938,103.13999938964844,103.13999938964844,697500
