Price,Open,High,Low,Close,Adj Close,Volume
Ticker,IBKR,IBKR,IBKR,IBKR,IBKR,IBKR
Date,,,,,,
2021-09-07,16.18000030517578,16.27750015258789,16.102500915527344,16.157499313354492,15.73367691040039,3552400
2021-09-08,16.149999618530273,16.157499313354492,15.734999656677246,15.762499809265137,15.349038124084473,2018800
2021-09-09,15.734999656677246,16.010000228881836,15.694999694824219,15.789999961853027,15.375816345214844,1899600
2021-09-10,15.824999809265137,15.84749984741211,15.637499809265137,15.699999809265137,15.288177490234375,2006000
2021-09-13,15.757499694824219,15.824999809265137,15.482500076293945,15.545000076293945,15.137242317199707,2752400
2021-09-14,15.567500114440918,15.602499961853027,15.2524995803833,15.350000381469727,14.947360038757324,2632400
2021-09-15,15.317500114440918,15.59000015258789,15.27750015258789,15.414999961853027,15.010652542114258,2828400
2021-09-16,15.414999961853027,15.532500267028809,15.239999771118164,15.364999771118164,14.961963653564453,2751600
2021-09-17,15.422499656677246,15.510000228881836,15.262499809265137,15.385000228881836,14.981439590454102,7181200
2021-09-20,15.175000190734863,15.1850004196167,14.710000038146973,14.914999961853027,14.523768424987793,3893600
2021-09-21,14.96500015258789,15.104999542236328,14.824999809265137,14.84749984741211,14.458040237426758,2499200
2021-09-22,14.880000114440918,15.1274995803833,14.880000114440918,15.0625,14.667398452758789,1802000
2021-09-23,15.114999771118164,15.579999923706055,15.087499618530273,15.547499656677246,15.139678001403809,2236400
2021-09-24,15.454999923706055,15.707500457763672,15.449999809265137,15.682499885559082,15.271136283874512,1674800
2021-09-27,15.762499809265137,16.4325008392334,15.725000381469727,16.422500610351562,15.991726875305176,3992800
2021-09-28,16.417499542236328,16.520000457763672,16.297500610351562,16.302499771118164,15.874869346618652,4629600
2021-09-29,16.25,16.332500457763672,16.084999084472656,16.1875,15.762887954711914,4959200
2021-09-30,16.239999771118164,16.34749984741211,15.577500343322754,15.585000038146973,15.176193237304688,7296800
2021-10-01,15.625,16.262500762939453,15.59000015258789,16.1299991607666,15.706896781921387,2930400
2021-10-04,16.15999984741211,16.262500762939453,15.914999961853027,15.975000381469727,15.555963516235352,3573200
2021-10-05,16.049999237060547,16.77750015258789,15.975000381469727,16.774999618530273,16.334980010986328,4421200
2021-10-06,16.612499237060547,17.34000015258789,16.612499237060547,17.30500030517578,16.851078033447266,5369600
2021-10-07,17.34000015258789,17.927499771118164,17.337499618530273,17.65250015258789,17.189462661743164,4060000
2021-10-08,17.647499084472656,18.012500762939453,17.530000686645508,17.915000915527344,17.445079803466797,2434400
2021-10-11,17.967500686645508,18.0625,17.889999389648438,17.977500915527344,17.505935668945312,2514000
2021-10-12,17.975000381469727,18.327499389648438,17.857500076293945,17.940000534057617,17.469423294067383,3049600
2021-10-13,17.907499313354492,18.06999969482422,17.65250015258789,17.7549991607666,17.289276123046875,3744800
2021-10-14,17.934999465942383,17.934999465942383,17.420000076293945,17.709999084472656,17.245454788208008,3704800
2021-10-15,17.8174991607666,18.09000015258789,17.764999389648438,17.772499084472656,17.306316375732422,2689600
2021-10-18,17.677499771118164,18.217500686645508,17.575000762939453,17.905000686645508,17.435338973999023,5344800
2021-10-19,18.0049991607666,18.450000762939453,17.86750030517578,18.4325008392334,17.948999404907227,3658800
2021-10-20,18.137500762939453,18.77750015258789,18.112499237060547,18.75,18.258176803588867,5157600
2021-10-21,18.482500076293945,18.780000686645508,18.332500457763672,18.524999618530273,18.039073944091797,3218800
2021-10-22,18.565000534057617,18.642499923706055,18.334999084472656,18.6200008392334,18.131582260131836,2386800
2021-10-25,18.642499923706055,18.8125,18.477500915527344,18.482500076293945,17.997690200805664,1995200
2021-10-26,18.52750015258789,18.65250015258789,18.18000030517578,18.1825008392334,17.7055606842041,2579200
2021-10-27,18.077499389648438,18.227500915527344,17.815000534057617,17.9375,17.46698760986328,2038000
2021-10-28,17.915000915527344,17.947500228881836,17.47249984741211,17.649999618530273,17.187028884887695,3555200
2021-10-29,17.44499969482422,17.760000228881836,17.44499969482422,17.712499618530273,17.247888565063477,1936400
2021-11-01,17.84749984741211,18.627500534057617,17.719999313354492,18.600000381469727,18.11210823059082,7484000
2021-11-02,18.639999389648438,18.639999389648438,18.27750015258789,18.565000534057617,18.078027725219727,5466400
2021-11-03,18.577499389648438,19.072500228881836,18.512500762939453,18.8799991607666,18.384763717651367,3008000
2021-11-04,18.952499389648438,18.952499389648438,18.487499237060547,18.642499923706055,18.15349769592285,1993200
2021-11-05,18.75,18.895000457763672,18.392499923706055,18.454999923706055,17.97091293334961,2419200
2021-11-08,18.479999542236328,18.677499771118164,18.297500610351562,18.412500381469727,17.929527282714844,1804800
2021-11-09,18.094999313354492,18.395000457763672,18.0,18.247499465942383,17.76885414123535,1404000
2021-11-10,18.1825008392334,18.44499969482422,18.087499618530273,18.309999465942383,17.829713821411133,1943600
2021-11-11,18.204999923706055,18.524999618530273,18.204999923706055,18.297500610351562,17.81754493713379,1641600
2021-11-12,18.252500534057617,18.387500762939453,18.13249969482422,18.352500915527344,17.871103286743164,1555600
2021-11-15,18.4325008392334,18.790000915527344,18.34749984741211,18.50749969482422,18.022031784057617,2657600
2021-11-16,18.50749969482422,18.71500015258789,18.385000228881836,18.584999084472656,18.09749984741211,1942400
2021-11-17,18.584999084472656,18.584999084472656,18.350000381469727,18.482500076293945,17.997690200805664,2152400
2021-11-18,18.5,18.684999465942383,18.325000762939453,18.662500381469727,18.172969818115234,2432000
2021-11-19,18.5575008392334,18.9375,18.50749969482422,18.639999389648438,18.151058197021484,3620400
2021-11-22,18.752500534057617,19.219999313354492,18.75,19.02750015258789,18.528392791748047,3676400
2021-11-23,19.0,19.207500457763672,18.672500610351562,19.174999237060547,18.672025680541992,4473600
2021-11-24,19.184999465942383,19.63249969482422,18.979999542236328,19.344999313354492,18.837568283081055,4525200
2021-11-26,18.780000686645508,18.852500915527344,18.450000762939453,18.582500457763672,18.09507179260254,2456800
2021-11-29,18.78499984741211,18.975000381469727,18.56999969482422,18.837499618530273,18.343379974365234,2523200
2021-11-30,18.584999084472656,18.712499618530273,18.40999984741211,18.454999923706055,17.994794845581055,4969600
2021-12-01,18.677499771118164,19.219999313354492,18.647499084472656,18.752500534057617,18.28487777709961,5562800
2021-12-02,18.84000015258789,19.197500228881836,18.565000534057617,19.127500534057617,18.65052604675293,4923200
2021-12-03,19.212499618530273,19.225000381469727,18.5,18.727500915527344,18.260501861572266,4193200
2021-12-06,18.782499313354492,19.084999084472656,18.614999771118164,18.875,18.404319763183594,2800400
2021-12-07,19.122499465942383,19.38249969482422,19.052499771118164,19.1924991607666,18.713899612426758,2663200
2021-12-08,19.147499084472656,19.364999771118164,19.024999618530273,19.287500381469727,18.80653190612793,2873200
2021-12-09,19.202499389648438,19.2450008392334,19.002500534057617,19.09749984741211,18.62127685546875,3384000
2021-12-10,19.104999542236328,19.1875,18.802499771118164,19.0575008392334,18.582271575927734,2905600
2021-12-13,18.952499389648438,19.059999465942383,18.75749969482422,18.795000076293945,18.326313018798828,2807200
2021-12-14,18.709999084472656,19.059999465942383,18.657499313354492,18.989999771118164,18.51645278930664,2844000
2021-12-15,19.042499542236328,19.197500228881836,18.72249984741211,19.127500534057617,18.65052604675293,2424800
2021-12-16,19.559999465942383,20.272499084472656,19.450000762939453,19.65250015258789,19.162431716918945,5260400
2021-12-17,19.607500076293945,19.637500762939453,19.172500610351562,19.28499984741211,18.80409812927246,5963600
2021-12-20,19.0049991607666,19.077499389648438,18.530000686645508,18.767499923706055,18.29949951171875,3005600
2021-12-21,19.087499618530273,19.40250015258789,19.032499313354492,19.334999084472656,18.85284996032715,2217200
2021-12-22,19.295000076293945,19.704999923706055,19.045000076293945,19.690000534057617,19.198999404907227,1905200
2021-12-23,19.797500610351562,20.079999923706055,19.719999313354492,20.0,19.50126838684082,1964800
2021-12-27,20.045000076293945,20.332500457763672,19.917499542236328,20.31999969482422,19.813283920288086,1668800
2021-12-28,20.389999389648438,20.707500457763672,20.309999465942383,20.360000610351562,19.852285385131836,2580000
2021-12-29,20.360000610351562,20.407499313354492,20.1875,20.239999771118164,19.73528289794922,1371200
2021-12-30,20.290000915527344,20.385000228881836,20.0049991607666,20.020000457763672,19.520767211914062,1702400
2021-12-31,19.987499237060547,20.014999389648438,19.827499389648438,19.854999542236328,19.359880447387695,1670800
2022-01-03,20.0,20.219999313354492,19.1924991607666,19.56999969482422,19.081989288330078,5826000
2022-01-04,19.627500534057617,20.239999771118164,19.6200008392334,19.764999389648438,19.272125244140625,4455600
2022-01-05,19.877500534057617,19.905000686645508,19.102500915527344,19.110000610351562,18.633464813232422,3515200
2022-01-06,19.21500015258789,19.372499465942383,19.06999969482422,19.325000762939453,18.843097686767578,3650000
2022-01-07,19.360000610351562,19.407499313354492,19.1825008392334,19.3075008392334,18.82603645324707,2376000
2022-01-10,19.122499465942383,19.21500015258789,18.762500762939453,18.987499237060547,18.514013290405273,3701200
2022-01-11,19.0625,19.360000610351562,18.899999618530273,19.352500915527344,18.86992073059082,2639600
2022-01-12,19.332500457763672,19.514999389648438,19.252500534057617,19.337499618530273,18.85528564453125,2412400
2022-01-13,19.36750030517578,19.38249969482422,18.889999389648438,18.917499542236328,18.445762634277344,2834800
2022-01-14,18.674999237060547,18.735000610351562,18.327499389648438,18.6875,18.22149658203125,2884800
2022-01-18,18.475000381469727,18.645000457763672,17.947500228881836,17.982500076293945,17.53407859802246,5366400
2022-01-19,18.457500457763672,18.787500381469727,17.959999084472656,18.037500381469727,17.587705612182617,6250800
2022-01-20,18.125,18.672500610351562,18.0049991607666,18.059999465942383,17.609642028808594,4921200
2022-01-21,17.895000457763672,17.897499084472656,17.24250030517578,17.327499389648438,16.895408630371094,4828400
2022-01-24,17.002500534057617,17.0575008392334,16.204999923706055,17.0,16.576078414916992,5710000
2022-01-25,16.670000076293945,16.8174991607666,16.3700008392334,16.4325008392334,16.022729873657227,5163600
2022-01-26,16.662500381469727,16.9375,16.342500686645508,16.5,16.088544845581055,5436000
2022-01-27,16.63249969482422,16.737499237060547,16.075000762939453,16.209999084472656,15.805776596069336,5158800
2022-01-28,16.0575008392334,16.469999313354492,15.957500457763672,16.467500686645508,16.056856155395508,2724400
2022-01-31,16.454999923706055,17.0625,16.337499618530273,17.047500610351562,16.622392654418945,5084000
2022-02-01,17.037500381469727,17.582500457763672,16.829999923706055,17.5575008392334,17.11967658996582,4023600
2022-02-02,17.610000610351562,17.950000762939453,17.584999084472656,17.75749969482422,17.314685821533203,3698000
2022-02-03,17.5,17.815000534057617,17.497499465942383,17.552499771118164,17.11480140686035,3407200
2022-02-04,17.440000534057617,18.362499237060547,17.385000228881836,18.24250030517578,17.787593841552734,2972800
2022-02-07,18.25,18.53499984741211,18.165000915527344,18.209999084472656,17.755905151367188,2689600
2022-02-08,18.239999771118164,18.52750015258789,18.235000610351562,18.40999984741211,17.950916290283203,2456400
2022-02-09,18.6200008392334,18.782499313354492,18.5,18.592500686645508,18.128864288330078,1733200
2022-02-10,18.424999237060547,19.174999237060547,18.36750030517578,18.59000015258789,18.126426696777344,3513600
2022-02-11,18.622499465942383,18.834999084472656,18.172500610351562,18.27750015258789,17.82172203063965,3032800
2022-02-14,18.165000915527344,18.34000015258789,17.920000076293945,18.049999237060547,17.599889755249023,2077200
2022-02-15,18.287500381469727,18.5,18.22249984741211,18.475000381469727,18.01429557800293,2473600
2022-02-16,18.399999618530273,18.75,18.354999542236328,18.69499969482422,18.228809356689453,2013200
2022-02-17,18.549999237060547,18.549999237060547,17.645000457763672,17.790000915527344,17.34638023376465,2898400
2022-02-18,17.752500534057617,17.844999313354492,17.415000915527344,17.540000915527344,17.10261344909668,2291600
2022-02-22,17.325000762939453,17.594999313354492,16.99250030517578,17.0674991607666,16.641891479492188,3399600
2022-02-23,17.165000915527344,17.28499984741211,16.405000686645508,16.452499389648438,16.04222869873047,3331600
2022-02-24,15.75,16.737499237060547,15.460000038146973,16.69499969482422,16.27867889404297,4972800
2022-02-25,16.857500076293945,17.19499969482422,16.700000762939453,17.135000228881836,16.707706451416016,3417200
2022-02-28,16.6875,16.84000015258789,16.357500076293945,16.545000076293945,16.15599250793457,3280800
2022-03-01,16.424999237060547,16.572500228881836,15.512499809265137,15.567500114440918,15.20147705078125,5272800
2022-03-02,15.772500038146973,16.059999465942383,15.65250015258789,15.9399995803833,15.565220832824707,3041200
2022-03-03,15.994999885559082,16.065000534057617,15.167499542236328,15.307499885559082,14.947592735290527,3837200
2022-03-04,15.005000114440918,15.0600004196167,14.529999732971191,14.670000076293945,14.325079917907715,6228000
2022-03-07,14.59000015258789,14.84000015258789,14.237500190734863,14.282500267028809,13.946691513061523,5322400
2022-03-08,14.414999961853027,15.232500076293945,14.244999885559082,14.72249984741211,14.3763427734375,3767200
2022-03-09,15.1850004196167,15.545000076293945,15.087499618530273,15.385000228881836,15.023268699645996,3229200
2022-03-10,15.175000190734863,15.40999984741211,15.092499732971191,15.357500076293945,14.996416091918945,2521200
2022-03-11,15.524999618530273,15.682499885559082,15.199999809265137,15.229999542236328,14.871912002563477,2480000
2022-03-14,15.40999984741211,15.912500381469727,15.327500343322754,15.447500228881836,15.084299087524414,3695600
2022-03-15,15.507499694824219,15.800000190734863,15.357500076293945,15.430000305175781,15.06721019744873,5024000
2022-03-16,15.744999885559082,16.487499237060547,15.614999771118164,16.44499969482422,16.0583438873291,5770000
2022-03-17,16.25,16.337499618530273,15.9975004196167,16.18000030517578,15.799578666687012,5366000
2022-03-18,16.145000457763672,16.72249984741211,16.022499084472656,16.677499771118164,16.28537940979004,3769200
2022-03-21,16.65250015258789,16.665000915527344,16.292499542236328,16.354999542236328,15.97046184539795,3864800
2022-03-22,16.552499771118164,17.06999969482422,16.547500610351562,16.987499237060547,16.58808708190918,3012800
2022-03-23,16.842500686645508,16.982500076293945,16.4424991607666,16.47249984741211,16.085201263427734,2669200
2022-03-24,16.575000762939453,16.697500228881836,16.34749984741211,16.592500686645508,16.202381134033203,4196800
2022-03-25,16.622499465942383,16.737499237060547,16.43000030517578,16.5,16.11205291748047,6105200
2022-03-28,16.600000381469727,16.6924991607666,16.467500686645508,16.667499542236328,16.27561378479004,3486400
2022-03-29,17.0049991607666,17.1924991607666,16.635000228881836,16.989999771118164,16.59053611755371,2981200
2022-03-30,16.887500762939453,17.11750030517578,16.75,16.829999923706055,16.43429183959961,2784800
2022-03-31,16.727500915527344,16.887500762939453,16.467500686645508,16.477500915527344,16.090084075927734,3520000
2022-04-01,16.655000686645508,16.767499923706055,16.417499542236328,16.6924991607666,16.30002784729004,3019200
2022-04-04,16.6875,16.9950008392334,16.662500381469727,16.8075008392334,16.412321090698242,2162800
2022-04-05,16.704999923706055,16.790000915527344,16.360000610351562,16.532499313354492,16.143787384033203,3165600
2022-04-06,16.350000381469727,16.5,15.9975004196167,16.09749984741211,15.719015121459961,2872800
2022-04-07,16.09749984741211,16.107500076293945,15.592499732971191,15.982500076293945,15.606719970703125,2146400
2022-04-08,16.002500534057617,16.350000381469727,15.970000267028809,16.217500686645508,15.836196899414062,2137200
2022-04-11,16.155000686645508,16.397499084472656,16.037500381469727,16.22249984741211,15.841075897216797,1542000
2022-04-12,16.27750015258789,16.482500076293945,16.142499923706055,16.25749969482422,15.875253677368164,2358000
2022-04-13,16.162500381469727,16.510000228881836,16.162500381469727,16.417499542236328,16.0314884185791,2007200
2022-04-14,16.375,16.512500762939453,16.2549991607666,16.322500228881836,15.938725471496582,1752000
2022-04-18,16.020000457763672,16.19499969482422,15.787500381469727,15.984999656677246,15.609159469604492,3672800
2022-04-19,15.982500076293945,16.405000686645508,15.8774995803833,16.36750030517578,15.982667922973633,5318000
2022-04-20,16.25,16.90999984741211,16.137500762939453,16.604999542236328,16.21458625793457,5380800
2022-04-21,16.712499618530273,16.899999618530273,15.767499923706055,15.949999809265137,15.574984550476074,5013200
2022-04-22,15.8100004196167,15.925000190734863,15.207500457763672,15.25,14.891443252563477,3752400
2022-04-25,15.137499809265137,15.654999732971191,14.917499542236328,15.647500038146973,15.279597282409668,2658800
2022-04-26,15.7524995803833,16.107500076293945,15.229999542236328,15.337499618530273,14.976884841918945,4558000
2022-04-27,15.232500076293945,15.607500076293945,15.232500076293945,15.289999961853027,14.930502891540527,2486000
2022-04-28,15.454999923706055,15.592499732971191,15.0024995803833,15.460000038146973,15.096505165100098,2477200
2022-04-29,15.354999542236328,15.552499771118164,14.854999542236328,14.890000343322754,14.539908409118652,2596400
2022-05-02,14.942500114440918,15.260000228881836,14.694999694824219,14.975000381469727,14.622908592224121,5178000
2022-05-03,15.0,15.055000305175781,14.602499961853027,14.680000305175781,14.334844589233398,3680800
2022-05-04,14.65250015258789,14.982500076293945,14.367500305175781,14.962499618530273,14.610701560974121,4178800
2022-05-05,14.7475004196167,14.7475004196167,14.137499809265137,14.354999542236328,14.017485618591309,7172400
2022-05-06,14.194999694824219,14.287500381469727,13.567500114440918,13.737500190734863,13.414504051208496,4967600
2022-05-09,13.52750015258789,13.5649995803833,13.057499885559082,13.154999732971191,12.845701217651367,4568000
2022-05-10,13.5600004196167,13.702500343322754,13.164999961853027,13.569999694824219,13.250943183898926,4434800
2022-05-11,13.489999771118164,14.095000267028809,13.399999618530273,13.484999656677246,13.167943000793457,3882000
2022-05-12,13.332500457763672,13.430000305175781,13.045000076293945,13.359999656677246,13.045878410339355,3778400
2022-05-13,13.645000457763672,14.037500381469727,13.59000015258789,13.779999732971191,13.45600414276123,3720800
2022-05-16,13.637499809265137,13.875,13.542499542236328,13.619999885559082,13.299765586853027,2352000
2022-05-17,13.859999656677246,14.029999732971191,13.720000267028809,13.994999885559082,13.6659517288208,3996800
2022-05-18,13.899999618530273,14.010000228881836,13.329999923706055,13.510000228881836,13.192353248596191,6099200
2022-05-19,13.34000015258789,13.832500457763672,13.34000015258789,13.742500305175781,13.419386863708496,3120800
2022-05-20,13.792499542236328,14.170000076293945,13.7524995803833,14.147500038146973,13.814864158630371,4370000
2022-05-23,14.380000114440918,14.532500267028809,14.147500038146973,14.387499809265137,14.049220085144043,4325600
2022-05-24,14.3100004196167,14.34749984741211,13.975000381469727,14.1274995803833,13.795336723327637,3346400
2022-05-25,14.0,14.404999732971191,13.942500114440918,14.350000381469727,14.012603759765625,3021200
2022-05-26,14.407500267028809,15.029999732971191,14.324999809265137,14.8725004196167,14.522819519042969,2178800
2022-05-27,14.90999984741211,15.302499771118164,14.90999984741211,15.297499656677246,14.937826156616211,2756000
2022-05-31,15.242500305175781,15.587499618530273,15.109999656677246,15.385000228881836,15.047861099243164,3590400
2022-06-01,15.337499618530273,15.5024995803833,14.9399995803833,15.010000228881836,14.68107795715332,3800800
2022-06-02,14.994999885559082,15.3100004196167,14.887499809265137,15.292499542236328,14.95738697052002,2866000
2022-06-03,15.135000228881836,15.229999542236328,14.970000267028809,15.029999732971191,14.700638771057129,3281200
2022-06-06,15.292499542236328,15.462499618530273,15.039999961853027,15.15999984741211,14.827791213989258,3552000
2022-06-07,14.987500190734863,15.157500267028809,14.832500457763672,15.145000457763672,14.813118934631348,2617600
2022-06-08,15.0024995803833,15.055000305175781,14.577500343322754,14.72249984741211,14.39987564086914,3759200
2022-06-09,14.65999984741211,14.704999923706055,14.462499618530273,14.462499618530273,14.145573616027832,2891200
2022-06-10,14.1225004196167,14.289999961853027,13.970000267028809,14.114999771118164,13.805689811706543,3180800
2022-06-13,13.875,13.875,13.390000343322754,13.607500076293945,13.309311866760254,4178800
2022-06-14,13.779999732971191,14.0024995803833,13.630000114440918,13.897500038146973,13.592955589294434,2427200
2022-06-15,14.029999732971191,14.3774995803833,13.9399995803833,14.137499809265137,13.827699661254883,2226800
2022-06-16,13.765000343322754,13.952500343322754,13.529999732971191,13.767499923706055,13.465808868408203,3712800
2022-06-17,13.84749984741211,14.342499732971191,13.84749984741211,13.97249984741211,13.666313171386719,4442800
2022-06-21,14.135000228881836,14.574999809265137,14.135000228881836,14.4350004196167,14.11867618560791,3366400
2022-06-22,14.182499885559082,14.380000114440918,14.145000457763672,14.242500305175781,13.93039608001709,2267200
2022-06-23,14.25,14.385000228881836,14.020000457763672,14.157500267028809,13.847261428833008,2131200
2022-06-24,14.307499885559082,14.604999542236328,14.270000457763672,14.577500343322754,14.258054733276367,5087600
2022-06-27,14.680000305175781,14.680000305175781,14.427499771118164,14.532500267028809,14.214041709899902,1864800
2022-06-28,14.702500343322754,14.795000076293945,14.3100004196167,14.375,14.059993743896484,3020800
2022-06-29,14.342499732971191,14.399999618530273,14.125,14.2524995803833,13.940177917480469,3411600
2022-06-30,13.962499618530273,14.0,13.602499961853027,13.7524995803833,13.451131820678711,3262000
2022-07-01,13.614999771118164,14.047499656677246,13.367500305175781,13.952500343322754,13.646751403808594,3178000
2022-07-05,13.742500305175781,14.1899995803833,13.59000015258789,14.1850004196167,13.87415885925293,2790000
2022-07-06,14.095000267028809,14.279999732971191,13.8125,13.927499771118164,13.622300148010254,3291200
2022-07-07,14.087499618530273,14.257499694824219,14.012499809265137,14.220000267028809,13.908390045166016,2301200
2022-07-08,14.272500038146973,14.272500038146973,14.03499984741211,14.0649995803833,13.756786346435547,1636800
2022-07-11,13.845000267028809,13.907500267028809,13.484999656677246,13.522500038146973,13.226175308227539,3529600
2022-07-12,13.47249984741211,13.8100004196167,13.420000076293945,13.53499984741211,13.238399505615234,2420000
2022-07-13,13.447500228881836,13.664999961853027,13.289999961853027,13.579999923706055,13.282414436340332,7464800
2022-07-14,13.367500305175781,13.387499809265137,13.107500076293945,13.34749984741211,13.055005073547363,4311600
2022-07-15,13.5625,13.767499923706055,13.354999542236328,13.702500343322754,13.402230262756348,3152800
2022-07-18,13.962499618530273,14.145000457763672,13.71500015258789,13.789999961853027,13.487811088562012,4874800
2022-07-19,13.9399995803833,14.390000343322754,13.904999732971191,14.3149995803833,14.00130844116211,4248000
2022-07-20,14.239999771118164,14.375,13.875,14.15999984741211,13.849703788757324,6024400
2022-07-21,14.0,14.237500190734863,13.8774995803833,14.210000038146973,13.898608207702637,4303600
2022-07-22,14.154999732971191,14.3100004196167,13.975000381469727,14.109999656677246,13.800799369812012,2675600
2022-07-25,14.21500015258789,14.297499656677246,14.039999961853027,14.270000457763672,13.957293510437012,2633200
2022-07-26,14.1875,14.242500305175781,13.954999923706055,14.052499771118164,13.744561195373535,1789600
2022-07-27,14.082500457763672,14.507499694824219,14.052499771118164,14.367500305175781,14.052657127380371,2201200
2022-07-28,14.390000343322754,14.5625,14.207500457763672,14.5600004196167,14.240939140319824,2676000
2022-07-29,14.550000190734863,14.772500038146973,14.5024995803833,14.672499656677246,14.350970268249512,3649200
2022-08-01,14.5600004196167,14.619999885559082,13.854999542236328,14.079999923706055,13.77145767211914,3964000
2022-08-02,14.0024995803833,14.547499656677246,13.947500228881836,14.432499885559082,14.116230964660645,12610400
2022-08-03,14.545000076293945,14.952500343322754,14.522500038146973,14.802499771118164,14.478123664855957,3573200
2022-08-04,14.887499809265137,15.265000343322754,14.795000076293945,15.237500190734863,14.903592109680176,9032800
2022-08-05,15.045000076293945,15.367500305175781,15.045000076293945,15.354999542236328,15.018516540527344,4466000
2022-08-08,15.454999923706055,15.542499542236328,15.194999694824219,15.307499885559082,14.972060203552246,4182800
2022-08-09,15.177499771118164,15.282500267028809,15.005000114440918,15.239999771118164,14.906037330627441,11794400
2022-08-10,15.420000076293945,15.604999542236328,15.367500305175781,15.53499984741211,15.194572448730469,2159200
2022-08-11,15.632499694824219,15.975000381469727,15.632499694824219,15.885000228881836,15.53690242767334,3332000
2022-08-12,16.094999313354492,16.3125,15.927499771118164,16.297500610351562,15.9403657913208,2661200
2022-08-15,16.167499542236328,16.522499084472656,16.104999542236328,16.38249969482422,16.023500442504883,2590000
2022-08-16,16.344999313354492,16.530000686645508,16.30500030517578,16.452499389648438,16.09196662902832,2000400
2022-08-17,16.28499984741211,16.34000015258789,16.167499542236328,16.295000076293945,15.937919616699219,1494400
2022-08-18,16.262500762939453,16.262500762939453,15.932499885559082,15.987500190734863,15.637158393859863,3365200
2022-08-19,15.774999618530273,15.78499984741211,15.595000267028809,15.672499656677246,15.329060554504395,1797600
2022-08-22,15.427499771118164,15.702500343322754,15.362500190734863,15.614999771118164,15.272818565368652,9938000
2022-08-23,15.667499542236328,15.694999694824219,15.404999732971191,15.4975004196167,15.1578950881958,1992000
2022-08-24,15.522500038146973,15.725000381469727,15.487500190734863,15.647500038146973,15.304609298706055,1621600
2022-08-25,15.682499885559082,15.90250015258789,15.682499885559082,15.899999618530273,15.551573753356934,1420400
2022-08-26,15.954999923706055,15.970000267028809,15.390000343322754,15.40250015258789,15.06497573852539,1656400
2022-08-29,15.267499923706055,15.414999961853027,15.167499542236328,15.27750015258789,14.94271469116211,2041600
2022-08-30,15.397500038146973,15.40250015258789,15.022500038146973,15.1850004196167,14.852243423461914,2089200
2022-08-31,15.390000343322754,15.744999885559082,15.212499618530273,15.397500038146973,15.084921836853027,3063200
2022-09-01,15.232500076293945,15.737500190734863,14.890000343322754,15.72249984741211,15.403322219848633,4238800
2022-09-02,15.962499618530273,15.994999885559082,15.367500305175781,15.454999923706055,15.141251564025879,2507600
2022-09-06,15.577500343322754,16.229999542236328,15.577500343322754,16.217500686645508,15.888274192810059,7543600
2022-09-07,16.127500534057617,16.684999465942383,16.114999771118164,16.607500076293945,16.270355224609375,8708800
2022-09-08,16.479999542236328,16.8174991607666,16.4424991607666,16.797500610351562,16.456499099731445,4373600
2022-09-09,16.90999984741211,17.354999542236328,16.90250015258789,17.272499084472656,16.921855926513672,5164000
2022-09-12,17.40250015258789,17.672500610351562,17.357500076293945,17.447500228881836,17.093307495117188,6369600
2022-09-13,17.11750030517578,17.524999618530273,17.092500686645508,17.170000076293945,16.82143783569336,4998800
2022-09-14,17.22249984741211,17.670000076293945,17.22249984741211,17.559999465942383,17.203519821166992,5963200
2022-09-15,17.485000610351562,17.690000534057617,17.3075008392334,17.434999465942383,17.081056594848633,4556000
2022-09-16,17.34000015258789,17.344999313354492,16.762500762939453,16.93000030517578,16.58631134033203,19581600
2022-09-19,16.670000076293945,17.227500915527344,16.639999389648438,17.204999923706055,16.85572624206543,4073200
2022-09-20,17.075000762939453,17.237499237060547,16.81999969482422,16.84749984741211,16.50548553466797,3520000
2022-09-21,16.950000762939453,17.19499969482422,16.735000610351562,16.735000610351562,16.3952693939209,2382400
2022-09-22,16.90250015258789,16.934999465942383,16.4375,16.4950008392334,16.16014289855957,4344000
2022-09-23,16.219999313354492,16.332500457763672,15.947500228881836,16.162500381469727,15.834390640258789,4424400
2022-09-26,16.0575008392334,16.322500228881836,15.9399995803833,15.954999923706055,15.631104469299316,3185200
2022-09-27,16.139999389648438,16.267499923706055,15.675000190734863,15.9350004196167,15.611509323120117,3382800
2022-09-28,15.952500343322754,16.447500228881836,15.904999732971191,16.315000534057617,15.983797073364258,2959600
2022-09-29,16.155000686645508,16.24250030517578,15.927499771118164,16.09000015258789,15.763365745544434,2957600
2022-09-30,16.020000457763672,16.334999084472656,15.920000076293945,15.977499961853027,15.653146743774414,4418800
2022-10-03,16.1200008392334,16.270000457763672,15.675000190734863,15.925000190734863,15.60171127319336,5742400
2022-10-04,16.162500381469727,16.862499237060547,16.149999618530273,16.854999542236328,16.512834548950195,5294800
2022-10-05,16.75749969482422,17.09000015258789,16.667499542236328,17.037500381469727,16.691627502441406,3428400
2022-10-06,16.969999313354492,17.627500534057617,16.954999923706055,17.552499771118164,17.19617462158203,5444400
2022-10-07,17.440000534057617,17.69499969482422,17.102500915527344,17.422500610351562,17.068817138671875,6831200
2022-10-10,17.612499237060547,17.639999389648438,17.21500015258789,17.360000610351562,17.007577896118164,4528800
2022-10-11,17.162500381469727,17.252500534057617,16.799999237060547,17.00749969482422,16.66223907470703,5152800
2022-10-12,17.13249969482422,17.272499084472656,16.989999771118164,17.170000076293945,16.82143783569336,3838000
2022-10-13,16.80500030517578,17.760000228881836,16.72249984741211,17.662500381469727,17.303939819335938,4235600
2022-10-14,17.852500915527344,17.94499969482422,17.082500457763672,17.104999542236328,16.75775718688965,5580400
2022-10-17,17.479999542236328,17.602500915527344,17.00749969482422,17.177499771118164,16.828784942626953,4868400
2022-10-18,17.834999084472656,18.299999237060547,17.670000076293945,17.792499542236328,17.43130111694336,9031200
2022-10-19,18.1875,19.165000915527344,18.1875,19.022499084472656,18.636327743530273,7824400
2022-10-20,18.895000457763672,18.979999542236328,18.542499542236328,18.947500228881836,18.562854766845703,6138000
2022-10-21,19.0,19.322500228881836,18.732500076293945,19.167499542236328,18.77838706970215,5761200
2022-10-24,19.237499237060547,19.309999465942383,18.809999465942383,19.040000915527344,18.653480529785156,4090000
2022-10-25,19.084999084472656,19.727500915527344,19.002500534057617,19.6875,19.287832260131836,4243600
2022-10-26,19.647499084472656,19.920000076293945,19.372499465942383,19.524999618530273,19.12862777709961,5321200
2022-10-27,19.6825008392334,20.167499542236328,19.602500915527344,20.037500381469727,19.630725860595703,5026400
2022-10-28,19.985000610351562,20.149999618530273,19.822500228881836,20.030000686645508,19.623376846313477,5911600
2022-10-31,20.020000457763672,20.239999771118164,19.907499313354492,20.037500381469727,19.630725860595703,5253600
2022-11-01,20.174999237060547,20.229999542236328,19.65999984741211,20.075000762939453,19.667463302612305,4254000
2022-11-02,19.975000381469727,20.337499618530273,19.915000915527344,20.0575008392334,19.650320053100586,4277600
2022-11-03,19.822500228881836,20.237499237060547,19.792499542236328,20.167499542236328,19.758089065551758,5026800
2022-11-04,20.272499084472656,20.364999771118164,19.737499237060547,19.897499084472656,19.49357032775879,4809200
2022-11-07,19.952499389648438,20.110000610351562,19.75,19.979999542236328,19.574392318725586,2869600
2022-11-08,19.94499969482422,20.262500762939453,19.772499084472656,20.024999618530273,19.618478775024414,2444000
2022-11-09,19.905000686645508,19.982500076293945,19.399999618530273,19.53499984741211,19.138425827026367,2932400
2022-11-10,20.270000457763672,20.270000457763672,19.40250015258789,19.635000228881836,19.236398696899414,7764400
2022-11-11,19.65999984741211,19.7549991607666,18.247499465942383,18.387500762939453,18.01422119140625,8225200
2022-11-14,18.407499313354492,18.707500457763672,18.110000610351562,18.427499771118164,18.053409576416016,6129600
2022-11-15,18.645000457763672,19.21500015258789,18.645000457763672,19.0625,18.675518035888672,5701600
2022-11-16,18.84749984741211,18.8700008392334,18.524999618530273,18.627500534057617,18.24934959411621,3498000
2022-11-17,18.34749984741211,18.979999542236328,18.287500381469727,18.747499465942383,18.366910934448242,3585600
2022-11-18,18.940000534057617,18.987499237060547,18.497499465942383,18.764999389648438,18.384056091308594,3194800
2022-11-21,18.75749969482422,19.037500381469727,18.700000762939453,18.78499984741211,18.403654098510742,4490400
2022-11-22,18.81999969482422,19.485000610351562,18.774999618530273,19.440000534057617,19.04535484313965,3269600
2022-11-23,19.375,19.88249969482422,19.329999923706055,19.540000915527344,19.143325805664062,3365600
2022-11-25,19.61750030517578,19.639999389648438,19.3075008392334,19.422500610351562,19.02821159362793,1372800
2022-11-28,19.264999389648438,19.657499313354492,19.25,19.627500534057617,19.22905158996582,2730000
2022-11-29,19.662500381469727,19.959999084472656,19.662500381469727,19.950000762939453,19.545000076293945,4147200
2022-11-30,20.0,20.212499618530273,19.864999771118164,20.075000762939453,19.692140579223633,5311200
2022-12-01,20.079999923706055,20.09749984741211,19.209999084472656,19.662500381469727,19.287511825561523,4836400
2022-12-02,19.6200008392334,19.922500610351562,19.485000610351562,19.677499771118164,19.30222511291504,3320400
2022-12-05,19.657499313354492,19.657499313354492,19.315000534057617,19.415000915527344,19.044729232788086,2633200
2022-12-06,19.38249969482422,19.697500228881836,19.322500228881836,19.68000030517578,19.30467414855957,3811600
2022-12-07,19.604999542236328,19.662500381469727,19.017499923706055,19.02750015258789,18.66461753845215,2917200
2022-12-08,19.197500228881836,19.207500457763672,18.829999923706055,19.072500228881836,18.70876121520996,2706000
2022-12-09,19.014999389648438,19.155000686645508,18.81999969482422,18.864999771118164,18.505218505859375,2419600
2022-12-12,18.844999313354492,18.84749984741211,18.337499618530273,18.549999237060547,18.196226119995117,4064400
2022-12-13,19.0049991607666,19.0049991607666,17.5,18.0049991607666,17.661619186401367,7900400
2022-12-14,17.952499389648438,18.094999313354492,17.760000228881836,17.8174991607666,17.477693557739258,3484000
2022-12-15,17.645000457763672,17.700000762939453,17.21500015258789,17.447500228881836,17.11475372314453,3787200
2022-12-16,17.299999237060547,17.395000457763672,17.142499923706055,17.372499465942383,17.04118537902832,5292800
2022-12-19,17.4424991607666,17.469999313354492,17.0575008392334,17.334999084472656,17.00439453125,2631600
2022-12-20,17.395000457763672,17.952499389648438,17.36750030517578,17.71500015258789,17.377153396606445,4281600
2022-12-21,17.8799991607666,18.045000076293945,17.719999313354492,18.032499313354492,17.6885929107666,2190000
2022-12-22,17.989999771118164,18.082500457763672,17.809999465942383,17.950000762939453,17.607669830322266,2304800
2022-12-23,18.047500610351562,18.52750015258789,17.924999237060547,18.434999465942383,18.083415985107422,3161600
2022-12-27,18.53499984741211,18.584999084472656,18.1825008392334,18.262500762939453,17.914213180541992,5281200
2022-12-28,18.267499923706055,18.420000076293945,18.114999771118164,18.18000030517578,17.833282470703125,2648000
2022-12-29,18.322500228881836,18.36750030517578,18.15250015258789,18.235000610351562,17.887235641479492,1903600
2022-12-30,18.145000457763672,18.24250030517578,17.90999984741211,18.087499618530273,17.742549896240234,2079600
2023-01-03,18.15250015258789,18.225000381469727,17.832500457763672,17.844999313354492,17.504669189453125,4064800
2023-01-04,17.875,18.077499389648438,17.86750030517578,18.030000686645508,17.68614387512207,3870800
2023-01-05,17.905000686645508,18.075000762939453,17.747499465942383,17.959999084472656,17.617475509643555,2110800
2023-01-06,18.0674991607666,18.467500686645508,17.957500457763672,18.412500381469727,18.06134796142578,2010800
2023-01-09,18.594999313354492,19.262500762939453,18.422500610351562,18.707500457763672,18.350723266601562,4505200
2023-01-10,18.649999618530273,19.010000228881836,18.649999618530273,18.975000381469727,18.613121032714844,2859600
2023-01-11,18.952499389648438,19.145000457763672,18.592500686645508,18.65250015258789,18.296772003173828,3602800
2023-01-12,18.59749984741211,18.770000457763672,18.375,18.712499618530273,18.355627059936523,4045200
2023-01-13,18.602500915527344,19.315000534057617,18.602500915527344,19.302499771118164,18.934375762939453,3136400
2023-01-17,19.424999237060547,19.607500076293945,19.017499923706055,19.297500610351562,18.929468154907227,7436400
2023-01-18,20.204999923706055,20.850000381469727,18.952499389648438,20.232500076293945,19.846641540527344,18495600
2023-01-19,20.28499984741211,20.28499984741211,19.559999465942383,19.712499618530273,19.336551666259766,7030000
2023-01-20,19.719999313354492,19.75749969482422,19.225000381469727,19.729999542236328,19.353715896606445,6385200
2023-01-23,19.707500457763672,20.00749969482422,19.454999923706055,19.9950008392334,19.61366844177246,5436800
2023-01-24,19.9950008392334,20.247499465942383,19.674999237060547,19.729999542236328,19.353715896606445,3164400
2023-01-25,19.670000076293945,19.75,19.364999771118164,19.662500381469727,19.287511825561523,3293200
2023-01-26,19.837499618530273,19.947500228881836,19.545000076293945,19.725000381469727,19.34881591796875,2827200
2023-01-27,19.739999771118164,19.739999771118164,19.137500762939453,19.377500534057617,19.007946014404297,4024400
2023-01-30,19.407499313354492,19.614999771118164,19.280000686645508,19.434999465942383,19.064346313476562,3965200
2023-01-31,19.4424991607666,19.987499237060547,19.360000610351562,19.985000610351562,19.60385513305664,2894800
2023-02-01,19.93000030517578,20.774999618530273,19.895000457763672,20.5674991607666,20.175251007080078,7121600
2023-02-02,20.8125,21.1924991607666,19.954999923706055,20.235000610351562,19.849092483520508,7246400
2023-02-03,20.225000381469727,21.352500915527344,20.15250015258789,21.045000076293945,20.643644332885742,6842400
2023-02-06,21.0049991607666,21.607500076293945,20.997499465942383,21.137500762939453,20.734378814697266,5411600
2023-02-07,21.13249969482422,21.565000534057617,21.0674991607666,21.487499237060547,21.07770347595215,4424000
2023-02-08,21.4375,21.907499313354492,21.420000076293945,21.592500686645508,21.180702209472656,3466800
2023-02-09,21.63249969482422,21.827499389648438,21.479999542236328,21.587499618530273,21.175796508789062,3460800
2023-02-10,21.36750030517578,21.610000610351562,21.11750030517578,21.552499771118164,21.141460418701172,3895600
2023-02-13,21.61750030517578,21.885000228881836,21.579999923706055,21.61750030517578,21.205223083496094,4541200
2023-02-14,21.479999542236328,22.24250030517578,21.40999984741211,21.579999923706055,21.168439865112305,4260800
2023-02-15,21.524999618530273,21.892499923706055,21.44499969482422,21.760000228881836,21.345008850097656,2873600
2023-02-16,21.712499618530273,22.219999313354492,21.684999465942383,21.862499237060547,21.44554901123047,6117200
2023-02-17,21.725000381469727,21.84000015258789,21.352500915527344,21.68000030517578,21.26653289794922,5662400
2023-02-21,21.655000686645508,21.962499618530273,21.4424991607666,21.762500762939453,21.347454071044922,5007200
2023-02-22,21.770000457763672,21.797500610351562,21.420000076293945,21.524999618530273,21.114486694335938,2897200
2023-02-23,21.6299991607666,21.725000381469727,21.232500076293945,21.514999389648438,21.10468101501465,5754400
2023-02-24,21.274999618530273,21.717500686645508,21.149999618530273,21.594999313354492,21.183151245117188,2335600
2023-02-27,21.667499542236328,21.799999237060547,21.434999465942383,21.577499389648438,21.165983200073242,3086400
2023-02-28,21.670000076293945,21.799999237060547,21.482500076293945,21.52750015258789,21.141435623168945,2566800
2023-03-01,21.524999618530273,21.912500381469727,21.40250015258789,21.829999923706055,21.438512802124023,3906400
2023-03-02,21.78499984741211,22.31999969482422,21.639999389648438,22.165000915527344,21.767505645751953,3878400
2023-03-03,22.110000610351562,22.34000015258789,21.917499542236328,22.3075008392334,21.907451629638672,3091600
2023-03-06,22.334999084472656,22.547500610351562,22.014999389648438,22.042499542236328,21.647197723388672,4573600
2023-03-07,22.084999084472656,22.302499771118164,21.947500228881836,22.139999389648438,21.742948532104492,2576400
2023-03-08,22.13249969482422,22.362499237060547,22.049999237060547,22.290000915527344,21.8902587890625,4812400
2023-03-09,22.125,22.252500534057617,21.299999237060547,21.38249969482422,20.99903678894043,5310000
2023-03-10,21.162500381469727,21.162500381469727,20.0049991607666,20.072500228881836,19.712528228759766,9502000
2023-03-13,19.487499237060547,19.957500457763672,19.012500762939453,19.09749984741211,18.75501823425293,11627200
2023-03-14,19.84749984741211,20.3075008392334,19.790000915527344,19.9950008392334,19.636415481567383,7688000
2023-03-15,19.104999542236328,19.217500686645508,18.502500534057617,19.002500534057617,18.66171646118164,9163200
2023-03-16,18.8700008392334,19.5674991607666,18.780000686645508,19.475000381469727,19.125741958618164,6277200
2023-03-17,19.352500915527344,19.434999465942383,18.69499969482422,18.947500228881836,18.607704162597656,7612800
2023-03-20,19.13249969482422,19.81999969482422,19.13249969482422,19.657499313354492,19.30497169494629,5570800
2023-03-21,20.149999618530273,20.712499618530273,20.104999542236328,20.584999084472656,20.215835571289062,5906800
2023-03-22,20.735000610351562,20.770000457763672,19.872499465942383,19.885000228881836,19.52838897705078,6437600
2023-03-23,19.96500015258789,20.177499771118164,19.604999542236328,19.897499084472656,19.540664672851562,5893600
2023-03-24,19.75,19.767499923706055,18.735000610351562,19.247499465942383,18.902320861816406,7450800
2023-03-27,19.69499969482422,19.9950008392334,19.6299991607666,19.889999389648438,19.53329849243164,3876400
2023-03-28,19.927499771118164,20.147499084472656,19.827499389648438,20.002500534057617,19.643789291381836,2473200
2023-03-29,20.122499465942383,20.297500610351562,19.927499771118164,20.280000686645508,19.916309356689453,3742800
2023-03-30,20.350000381469727,20.549999237060547,20.209999084472656,20.27750015258789,19.913854598999023,4162400
2023-03-31,20.477500915527344,20.657499313354492,20.30500030517578,20.639999389648438,20.269847869873047,3423200
2023-04-03,20.75,21.084999084472656,20.577499389648438,20.607500076293945,20.23793601989746,4686000
2023-04-04,20.607500076293945,20.72249984741211,20.135000228881836,20.235000610351562,19.872114181518555,2896000
2023-04-05,20.075000762939453,20.139999389648438,19.790000915527344,20.012500762939453,19.65360450744629,3290400
2023-04-06,20.042499542236328,20.045000076293945,19.78499984741211,19.850000381469727,19.4940185546875,2409600
2023-04-10,19.850000381469727,20.155000686645508,19.795000076293945,20.014999389648438,19.65605926513672,2374800
2023-04-11,20.0,20.25,19.934999465942383,20.06999969482422,19.710071563720703,2338400
2023-04-12,20.174999237060547,20.5625,20.0,20.34749984741211,19.98259735107422,3008400
2023-04-13,20.357500076293945,20.61750030517578,20.162500381469727,20.510000228881836,20.14218521118164,3664800
2023-04-14,20.542499542236328,20.924999237060547,20.522499084472656,20.799999237060547,20.426986694335938,4070400
2023-04-17,20.672500610351562,20.9950008392334,20.477500915527344,20.947500228881836,20.571834564208984,3985600
2023-04-18,20.975000381469727,21.274999618530273,20.760000228881836,21.184999465942383,20.805076599121094,7594000
2023-04-19,20.625,21.5575008392334,20.299999237060547,21.024999618530273,20.647945404052734,8462000
2023-04-20,20.84000015258789,20.982500076293945,20.19499969482422,20.467500686645508,20.100444793701172,5383200
2023-04-21,20.43000030517578,20.565000534057617,20.11750030517578,20.282499313354492,19.918760299682617,4022400
2023-04-24,20.287500381469727,20.387500762939453,20.075000762939453,20.232500076293945,19.869659423828125,2586800
2023-04-25,19.90250015258789,20.204999923706055,19.712499618530273,19.74250030517578,19.38844871520996,4629200
2023-04-26,19.68000030517578,19.68000030517578,19.227500915527344,19.2450008392334,18.89986801147461,3806400
2023-04-27,19.387500762939453,19.56999969482422,19.225000381469727,19.482500076293945,19.13311195373535,3110000
2023-04-28,19.30500030517578,19.584999084472656,19.28499984741211,19.462499618530273,19.113468170166016,2581200
2023-05-01,19.520000457763672,19.712499618530273,19.127500534057617,19.295000076293945,18.948970794677734,4423200
2023-05-02,19.19499969482422,19.272499084472656,18.487499237060547,18.532499313354492,18.200145721435547,3654400
2023-05-03,18.549999237060547,18.802499771118164,18.037500381469727,18.137500762939453,17.812231063842773,4781200
2023-05-04,18.047500610351562,18.149999618530273,17.707500457763672,17.852500915527344,17.53234100341797,4281600
2023-05-05,18.21500015258789,19.260000228881836,18.177499771118164,19.137500762939453,18.794300079345703,6241200
2023-05-08,19.30500030517578,19.584999084472656,19.30500030517578,19.52750015258789,19.177305221557617,3984400
2023-05-09,19.475000381469727,19.582500457763672,19.209999084472656,19.497499465942383,19.147842407226562,2273600
2023-05-10,19.65999984741211,19.719999313354492,18.920000076293945,19.1825008392334,18.83848762512207,3300400
2023-05-11,19.014999389648438,19.122499465942383,18.857500076293945,18.96500015258789,18.62489128112793,2074000
2023-05-12,19.09000015258789,19.227500915527344,18.829999923706055,18.9424991607666,18.602792739868164,2450800
2023-05-15,19.05500030517578,19.24250030517578,18.907499313354492,19.15250015258789,18.809032440185547,2198400
2023-05-16,19.15250015258789,19.204999923706055,18.712499618530273,18.717500686645508,18.38182830810547,3527200
2023-05-17,18.897499084472656,18.897499084472656,18.592500686645508,18.6299991607666,18.295894622802734,3148800
2023-05-18,18.61750030517578,19.014999389648438,18.572500228881836,18.9325008392334,18.59296989440918,3767200
2023-05-19,19.022499084472656,19.145000457763672,18.84749984741211,18.854999542236328,18.51685905456543,2526800
2023-05-22,18.885000228881836,19.02750015258789,18.787500381469727,18.924999237060547,18.585607528686523,2613600
2023-05-23,18.887500762939453,19.024999618530273,18.674999237060547,18.6875,18.352367401123047,2138000
2023-05-24,18.540000915527344,19.082500457763672,18.424999237060547,18.950000762939453,18.610158920288086,3275600
2023-05-25,18.934999465942383,19.420000076293945,18.8799991607666,19.302499771118164,18.956336975097656,3670000
2023-05-26,19.30500030517578,19.677499771118164,19.30500030517578,19.584999084472656,19.233768463134766,3540800
2023-05-30,19.665000915527344,19.84000015258789,19.59000015258789,19.735000610351562,19.381078720092773,2550400
2023-05-31,19.610000610351562,19.65250015258789,19.295000076293945,19.3075008392334,18.98529815673828,3572800
2023-06-01,19.327499389648438,19.739999771118164,19.274999618530273,19.61750030517578,19.29012107849121,2558000
2023-06-02,19.9424991607666,20.235000610351562,19.852500915527344,20.122499465942383,19.78669548034668,2392000
2023-06-05,20.1299991607666,20.197500228881836,19.860000610351562,20.110000610351562,19.77440643310547,2189600
2023-06-06,20.110000610351562,20.377500534057617,20.052499771118164,20.295000076293945,19.956321716308594,2547200
2023-06-07,20.375,20.450000762939453,20.110000610351562,20.15250015258789,19.81619644165039,2414000
2023-06-08,20.0674991607666,20.149999618530273,19.834999084472656,19.862499237060547,19.531034469604492,3041600
2023-06-09,19.852500915527344,20.0,19.802499771118164,19.950000762939453,19.617074966430664,2636800
2023-06-12,19.920000076293945,19.920000076293945,19.22249984741211,19.247499465942383,18.926300048828125,3783200
2023-06-13,19.262500762939453,19.747499465942383,19.172500610351562,19.69499969482422,19.366329193115234,2996800
2023-06-14,19.704999923706055,20.142499923706055,19.5049991607666,19.94499969482422,19.61215591430664,3800000
2023-06-15,19.822500228881836,20.252500534057617,19.737499237060547,20.235000610351562,19.897321701049805,2670400
2023-06-16,20.337499618530273,20.407499313354492,20.002500534057617,20.06999969482422,19.73507308959961,3850400
2023-06-20,20.040000915527344,20.135000228881836,19.697500228881836,20.077499389648438,19.74244499206543,2467600
2023-06-21,20.047500610351562,20.155000686645508,19.9424991607666,19.967500686645508,19.63428497314453,1728400
2023-06-22,19.927499771118164,19.927499771118164,19.537500381469727,19.889999389648438,19.558074951171875,2124800
2023-06-23,19.71500015258789,20.0625,19.670000076293945,20.002500534057617,19.668703079223633,4784000
2023-06-26,20.0,20.122499465942383,19.854999542236328,19.86750030517578,19.535951614379883,2313600
2023-06-27,19.889999389648438,20.22249984741211,19.872499465942383,20.22249984741211,19.885028839111328,2395600
2023-06-28,20.1924991607666,20.25749969482422,19.877500534057617,20.040000915527344,19.705575942993164,4118400
2023-06-29,20.092500686645508,20.71500015258789,20.077499389648438,20.702499389648438,20.357017517089844,4906800
2023-06-30,20.875,21.072500228881836,20.762500762939453,20.767499923706055,20.42093276977539,4349600
2023-07-03,20.7549991607666,21.020000457763672,20.610000610351562,20.922500610351562,20.573347091674805,1495600
2023-07-05,20.829999923706055,21.112499237060547,20.65250015258789,21.072500228881836,20.720842361450195,2883200
2023-07-06,21.002500534057617,21.165000915527344,20.802499771118164,21.142499923706055,20.789676666259766,2900800
2023-07-07,21.232500076293945,21.75749969482422,21.229999542236328,21.52750015258789,21.16825294494629,4417600
2023-07-10,21.487499237060547,21.512500762939453,21.1825008392334,21.3799991607666,21.023210525512695,2216800
2023-07-11,21.459999084472656,21.549999237060547,21.3075008392334,21.5,21.14120864868164,2226800
2023-07-12,21.587499618530273,21.59749984741211,21.190000534057617,21.28499984741211,20.929800033569336,4600000
2023-07-13,21.440000534057617,21.772499084472656,21.407499313354492,21.4375,21.079753875732422,4331200
2023-07-14,21.502500534057617,21.594999313354492,21.075000762939453,21.157499313354492,20.804428100585938,3938400
2023-07-17,21.149999618530273,21.299999237060547,20.907499313354492,20.950000762939453,20.60038948059082,3675200
2023-07-18,21.174999237060547,21.627500534057617,21.174999237060547,21.5674991607666,21.207584381103516,9868800
2023-07-19,20.625,21.239999771118164,20.467500686645508,20.49250030517578,20.150524139404297,15626800
2023-07-20,20.322500228881836,21.112499237060547,20.290000915527344,20.885000228881836,20.536470413208008,7188800
2023-07-21,20.899999618530273,20.977500915527344,20.65999984741211,20.862499237060547,20.51434898376465,4251600
2023-07-24,20.862499237060547,20.952499389648438,20.61750030517578,20.780000686645508,20.433225631713867,3277600
2023-07-25,20.787500381469727,20.897499084472656,20.665000915527344,20.725000381469727,20.37914276123047,3092000
2023-07-26,20.702499389648438,21.450000762939453,20.690000534057617,21.3799991607666,21.023210525512695,5934400
2023-07-27,21.4325008392334,21.857500076293945,21.36750030517578,21.712499618530273,21.35016441345215,7445200
2023-07-28,21.712499618530273,21.922500610351562,21.6200008392334,21.747499465942383,21.384578704833984,4190000
2023-07-31,21.899999618530273,22.232500076293945,21.677499771118164,21.832500457763672,21.46816062927246,4129600
2023-08-01,21.837499618530273,22.262500762939453,21.790000915527344,22.197500228881836,21.827070236206055,3801600
2023-08-02,22.137500762939453,22.43000030517578,22.09000015258789,22.252500534057617,21.88115119934082,3150800
2023-08-03,22.252500534057617,23.077499389648438,22.252500534057617,22.760000228881836,22.380184173583984,5347600
2023-08-04,22.774999618530273,22.77750015258789,22.03499984741211,22.325000762939453,21.952444076538086,3200400
2023-08-07,22.5,22.622499465942383,22.422500610351562,22.524999618530273,22.14910125732422,1984000
2023-08-08,22.204999923706055,22.372499465942383,21.962499618530273,22.225000381469727,21.854110717773438,2819600
2023-08-09,22.28499984741211,22.61750030517578,22.100000381469727,22.475000381469727,22.099939346313477,3076000
2023-08-10,22.61750030517578,22.762500762939453,22.489999771118164,22.612499237060547,22.235143661499023,2167600
2023-08-11,22.577499389648438,23.0625,22.524999618530273,22.905000686645508,22.522764205932617,2776400
2023-08-14,22.815000534057617,23.332500457763672,22.815000534057617,23.27750015258789,22.889047622680664,3526800
2023-08-15,23.170000076293945,23.225000381469727,22.797500610351562,22.895000457763672,22.512928009033203,2964400
2023-08-16,22.899999618530273,23.075000762939453,22.8174991607666,22.81999969482422,22.439180374145508,3214800
2023-08-17,22.81999969482422,23.049999237060547,22.645000457763672,22.647499084472656,22.269559860229492,2934400
2023-08-18,22.344999313354492,22.927499771118164,22.227500915527344,22.8799991607666,22.498178482055664,3248800
2023-08-21,22.8700008392334,23.325000762939453,22.829999923706055,23.260000228881836,22.87183952331543,2678400
2023-08-22,23.292499542236328,23.372499465942383,22.774999618530273,22.837499618530273,22.456388473510742,2413200
2023-08-23,22.809999465942383,23.040000915527344,22.75749969482422,22.987499237060547,22.603883743286133,2565600
2023-08-24,22.987499237060547,23.212499618530273,22.852500915527344,22.952499389648438,22.569469451904297,1554400
2023-08-25,23.03499984741211,23.309999465942383,22.792499542236328,23.155000686645508,22.768592834472656,2066800
2023-08-28,23.204999923706055,23.56999969482422,23.1924991607666,23.329999923706055,22.940670013427734,2663600
2023-08-29,23.329999923706055,23.337499618530273,22.344999313354492,22.889999389648438,22.508010864257812,4892000
2023-08-30,22.875,22.959999084472656,22.552499771118164,22.5625,22.18598175048828,3908800
2023-08-31,22.5575008392334,22.84749984741211,22.454999923706055,22.770000457763672,22.414852142333984,4071200
2023-09-01,22.850000381469727,23.262500762939453,22.72249984741211,23.13249969482422,22.77169418334961,3412400
2023-09-05,23.11750030517578,23.147499084472656,22.905000686645508,23.022499084472656,22.663414001464844,2828400
2023-09-06,22.989999771118164,23.405000686645508,22.989999771118164,23.337499618530273,22.973501205444336,2819600
2023-09-07,23.302499771118164,23.412500381469727,23.012500762939453,23.24250030517578,22.879980087280273,2684400
2023-09-08,23.270000457763672,23.645000457763672,23.2450008392334,23.614999771118164,23.246673583984375,2572800
2023-09-11,23.6875,23.897499084472656,23.537500381469727,23.61750030517578,23.249134063720703,3078400
2023-09-12,23.53499984741211,23.667499542236328,23.454999923706055,23.497499465942383,23.131006240844727,3756800
2023-09-13,23.5575008392334,23.607500076293945,22.787500381469727,23.020000457763672,22.66094970703125,3316000
2023-09-14,23.13249969482422,23.247499465942383,22.987499237060547,23.174999237060547,22.813533782958984,3096400
2023-09-15,23.0,23.147499084472656,22.81999969482422,22.934999465942383,22.5772762298584,7551200
2023-09-18,22.90250015258789,22.93000030517578,22.545000076293945,22.657499313354492,22.30410385131836,4318400
2023-09-19,22.770000457763672,22.770000457763672,22.149999618530273,22.395000457763672,22.045703887939453,4700000
2023-09-20,22.3799991607666,22.725000381469727,22.227500915527344,22.667499542236328,22.31395149230957,4513600
2023-09-21,22.600000381469727,22.690000534057617,22.162500381469727,22.264999389648438,21.917728424072266,4552800
2023-09-22,22.292499542236328,22.385000228881836,21.852500915527344,21.967500686645508,21.62487030029297,2730800
2023-09-25,21.907499313354492,22.017499923706055,21.862499237060547,21.982500076293945,21.63963508605957,2359600
2023-09-26,21.774999618530273,21.842500686645508,21.38249969482422,21.575000762939453,21.238489151000977,4072000
2023-09-27,21.6875,22.4375,21.622499465942383,22.02750015258789,21.68393325805664,4455200
2023-09-28,22.0625,22.104999542236328,21.857500076293945,21.959999084472656,21.617488861083984,2943600
2023-09-29,22.03499984741211,22.045000076293945,21.514999389648438,21.639999389648438,21.302473068237305,4164000
2023-10-02,21.6924991607666,21.774999618530273,21.309999465942383,21.417499542236328,21.08344841003418,3166800
2023-10-03,21.537500381469727,21.950000762939453,21.4950008392334,21.72249984741211,21.38369369506836,4436400
2023-10-04,21.815000534057617,21.950000762939453,21.450000762939453,21.61750030517578,21.28032875061035,3115600
2023-10-05,21.417499542236328,22.012500762939453,21.375,21.977500915527344,21.63471221923828,2901200
2023-10-06,22.032499313354492,22.524999618530273,21.94499969482422,22.417499542236328,22.067848205566406,3161200
2023-10-09,22.399999618530273,22.40999984741211,21.977500915527344,21.997499465942383,21.654403686523438,2692400
2023-10-10,22.270000457763672,22.315000534057617,22.052499771118164,22.082500457763672,21.738075256347656,2584400
2023-10-11,22.037500381469727,22.082500457763672,21.72249984741211,21.854999542236328,21.514123916625977,3093600
2023-10-12,21.862499237060547,21.895000457763672,21.2549991607666,21.36750030517578,21.034231185913086,3786000
2023-10-13,21.334999084472656,21.462499618530273,21.1875,21.272499084472656,20.94070816040039,2499200
2023-10-16,21.542499542236328,21.795000076293945,21.4424991607666,21.482500076293945,21.147436141967773,3457200
2023-10-17,21.44499969482422,21.764999389648438,21.422500610351562,21.612499237060547,21.275405883789062,7900800
2023-10-18,20.729999542236328,20.857500076293945,20.30500030517578,20.72249984741211,20.399288177490234,16425600
2023-10-19,20.59749984741211,20.80500030517578,20.219999313354492,20.299999237060547,19.98337745666504,4802000
2023-10-20,20.262500762939453,20.352500915527344,19.975000381469727,20.047500610351562,19.734813690185547,4380400
2023-10-23,20.0,20.295000076293945,19.957500457763672,20.037500381469727,19.7249698638916,3496000
2023-10-24,20.102500915527344,20.232500076293945,19.940000534057617,20.09749984741211,19.784034729003906,3242000
2023-10-25,20.05500030517578,20.125,19.77750015258789,19.9325008392334,19.621610641479492,2442400
2023-10-26,19.920000076293945,20.260000228881836,19.899999618530273,20.037500381469727,19.7249698638916,2841200
2023-10-27,19.989999771118164,20.06999969482422,19.672500610351562,19.8075008392334,19.49855613708496,3571200
2023-10-30,19.94499969482422,20.03499984741211,19.860000610351562,19.979999542236328,19.668371200561523,2422000
2023-10-31,20.024999618530273,20.079999923706055,19.889999389648438,20.017499923706055,19.705286026000977,2888800
2023-11-01,20.079999923706055,20.19499969482422,19.547500610351562,19.639999389648438,19.33367347717285,5392800
2023-11-02,19.774999618530273,20.11750030517578,19.737499237060547,20.087499618530273,19.774192810058594,4191200
2023-11-03,20.252500534057617,20.252500534057617,19.53499984741211,19.875,19.565004348754883,6106400
2023-11-06,20.014999389648438,20.207500457763672,19.829999923706055,20.207500457763672,19.892322540283203,3141600
2023-11-07,20.162500381469727,20.457500457763672,20.065000534057617,20.40250015258789,20.084280014038086,2640400
2023-11-08,20.450000762939453,20.625,20.072500228881836,20.077499389648438,19.764345169067383,2823600
2023-11-09,20.209999084472656,20.6200008392334,20.11750030517578,20.5049991607666,20.1851806640625,3513200
2023-11-10,20.524999618530273,20.649999618530273,20.2549991607666,20.592500686645508,20.27131462097168,2233200
2023-11-13,20.520000457763672,20.622499465942383,20.3799991607666,20.40250015258789,20.084280014038086,1796400
2023-11-14,20.55500030517578,20.55500030517578,19.780000686645508,19.907499313354492,19.597000122070312,6961600
2023-11-15,19.9375,20.05500030517578,19.752500534057617,20.045000076293945,19.73235321044922,6135200
2023-11-16,19.985000610351562,20.087499618530273,19.49250030517578,19.625,19.318904876708984,4184000
2023-11-17,19.674999237060547,19.8125,19.540000915527344,19.797500610351562,19.48871612548828,4159600
2023-11-20,19.864999771118164,19.90999984741211,19.735000610351562,19.764999389648438,19.456722259521484,3535200
2023-11-21,19.670000076293945,20.170000076293945,19.63249969482422,20.0049991607666,19.692975997924805,3423200
2023-11-22,20.0575008392334,20.337499618530273,20.030000686645508,20.162500381469727,19.848024368286133,2391600
2023-11-24,20.13249969482422,20.457500457763672,20.09749984741211,20.450000762939453,20.13103675842285,1742000
2023-11-27,20.387500762939453,20.407499313354492,20.05500030517578,20.212499618530273,19.897241592407227,3265200
2023-11-28,20.200000762939453,20.21500015258789,19.087499618530273,19.102500915527344,18.804553985595703,10702800
2023-11-29,19.155000686645508,19.31999969482422,18.149999618530273,19.19499969482422,18.895612716674805,9678000
2023-11-30,19.290000915527344,19.547500610351562,19.22249984741211,19.459999084472656,19.181459426879883,4556000
2023-12-01,19.5575008392334,19.834999084472656,19.38249969482422,19.53499984741211,19.25538444519043,5718400
2023-12-04,19.469999313354492,19.885000228881836,19.4375,19.809999465942383,19.526451110839844,5225600
2023-12-05,19.71500015258789,19.8075008392334,19.53499984741211,19.717500686645508,19.435277938842773,4723600
2023-12-06,19.825000762939453,20.13249969482422,19.825000762939453,20.022499084472656,19.73590850830078,6213200
2023-12-07,20.014999389648438,20.22249984741211,19.780000686645508,20.202499389648438,19.913333892822266,5225200
2023-12-08,20.287500381469727,20.977500915527344,20.287500381469727,20.787500381469727,20.48996353149414,7310000
2023-12-11,20.907499313354492,21.059999465942383,20.690000534057617,20.989999771118164,20.689559936523438,5562800
2023-12-12,21.002500534057617,21.24250030517578,20.862499237060547,20.9375,20.637813568115234,3688400
2023-12-13,20.9375,21.05500030517578,20.042499542236328,20.299999237060547,20.009437561035156,7854400
2023-12-14,20.325000762939453,20.5049991607666,20.030000686645508,20.332500457763672,20.041475296020508,7881200
2023-12-15,20.1299991607666,20.202499389648438,19.732500076293945,19.947500228881836,19.6619815826416,9998000
2023-12-18,20.014999389648438,20.3174991607666,20.0,20.282499313354492,19.9921875,6866400
2023-12-19,20.270000457763672,20.639999389648438,20.207500457763672,20.625,20.329788208007812,4707200
2023-12-20,20.610000610351562,20.799999237060547,20.364999771118164,20.364999771118164,20.073505401611328,3042400
2023-12-21,20.375,20.552499771118164,20.229999542236328,20.52750015258789,20.23368263244629,3054000
2023-12-22,20.56999969482422,20.732500076293945,20.479999542236328,20.52750015258789,20.23368263244629,2923200
2023-12-26,20.584999084472656,20.825000762939453,20.517499923706055,20.780000686645508,20.482566833496094,1745200
2023-12-27,20.77750015258789,20.77750015258789,20.5625,20.655000686645508,20.359357833862305,1670800
2023-12-28,20.655000686645508,20.924999237060547,20.577499389648438,20.787500381469727,20.48996353149414,2914000
2023-12-29,20.75,20.84749984741211,20.610000610351562,20.725000381469727,20.428359985351562,2391600
2024-01-02,20.78499984741211,21.155000686645508,20.565000534057617,21.137500762939453,20.834951400756836,4473200
2024-01-03,21.137500762939453,21.872499465942383,21.09000015258789,21.657499313354492,21.347505569458008,9136000
2024-01-04,21.782499313354492,22.19499969482422,21.662500381469727,21.799999237060547,21.487966537475586,10236400
2024-01-05,21.844999313354492,22.43000030517578,21.780000686645508,21.979999542236328,21.66539192199707,7671200
2024-01-08,21.959999084472656,22.047500610351562,21.4424991607666,21.912500381469727,21.598859786987305,5615600
2024-01-09,22.137500762939453,22.1825008392334,21.752500534057617,21.93000030517578,21.616107940673828,5305600
2024-01-10,21.75,21.8125,21.63249969482422,21.752500534057617,21.44114875793457,4839200
2024-01-11,21.9424991607666,22.209999084472656,21.737499237060547,21.959999084472656,21.645679473876953,4927600
2024-01-12,21.950000762939453,22.25,21.9375,22.09000015258789,21.773815155029297,6253200
2024-01-16,22.21500015258789,22.21500015258789,21.68000030517578,21.795000076293945,21.483041763305664,10452800
2024-01-17,21.037500381469727,22.600000381469727,20.96500015258789,22.297500610351562,21.978347778320312,14947600
2024-01-18,22.325000762939453,22.325000762939453,22.06999969482422,22.204999923706055,21.887170791625977,5528800
2024-01-19,22.239999771118164,22.47249984741211,22.125,22.447500228881836,22.126201629638672,5985600
2024-01-22,22.5,22.834999084472656,22.43000030517578,22.774999618530273,22.449010848999023,8457600
2024-01-23,22.860000610351562,23.155000686645508,22.752500534057617,22.852500915527344,22.52540397644043,5866400
2024-01-24,22.950000762939453,22.997499465942383,22.657499313354492,22.952499389648438,22.623973846435547,4209200
2024-01-25,22.952499389648438,22.997499465942383,22.547500610351562,22.614999771118164,22.291303634643555,4357200
2024-01-26,22.625,22.985000610351562,22.579999923706055,22.934999465942383,22.606721878051758,4321600
2024-01-29,22.962499618530273,22.962499618530273,22.53499984741211,22.587499618530273,22.26419448852539,5283200
2024-01-30,22.61750030517578,22.717500686645508,22.360000610351562,22.43000030517578,22.10894775390625,4423600
2024-01-31,22.34749984741211,22.459999084472656,22.05500030517578,22.1875,21.86992073059082,4528400
2024-02-01,22.1200008392334,22.7450008392334,22.079999923706055,22.717500686645508,22.392337799072266,5747600
2024-02-02,22.857500076293945,24.280000686645508,22.837499618530273,24.032499313354492,23.68851089477539,10883600
2024-02-05,24.0,24.197500228881836,23.764999389648438,23.764999389648438,23.424842834472656,4843600
2024-02-06,23.764999389648438,23.780000686645508,23.18000030517578,23.2549991607666,22.92214012145996,3153600
2024-02-07,23.3125,23.677499771118164,23.15250015258789,23.610000610351562,23.272062301635742,2855200
2024-02-08,23.645000457763672,23.895000457763672,23.612499237060547,23.842500686645508,23.50123405456543,2086800
2024-02-09,23.90250015258789,24.6200008392334,23.795000076293945,24.514999389648438,24.164108276367188,5552000
2024-02-12,24.610000610351562,24.622499465942383,24.440000534057617,24.540000915527344,24.188751220703125,2556400
2024-02-13,24.517499923706055,25.485000610351562,24.517499923706055,25.24250030517578,24.881195068359375,6282000
2024-02-14,25.399999618530273,25.577499389648438,25.197500228881836,25.262500762939453,24.900909423828125,4729200
2024-02-15,25.440000534057617,26.292499542236328,25.342500686645508,26.147499084472656,25.773239135742188,8397600
2024-02-16,26.260000228881836,26.607500076293945,26.045000076293945,26.13249969482422,25.75845718383789,4021600
2024-02-20,26.135000228881836,26.225000381469727,25.5674991607666,25.834999084472656,25.4652156829834,4126000
2024-02-21,26.104999542236328,26.3075008392334,25.7549991607666,26.264999389648438,25.889057159423828,5714000
2024-02-22,26.5575008392334,26.834999084472656,26.287500381469727,26.690000534057617,26.30797576904297,5428400
2024-02-23,26.697500228881836,26.927499771118164,26.489999771118164,26.68000030517578,26.298114776611328,2542000
2024-02-26,26.639999389648438,27.15250015258789,26.59000015258789,26.947500228881836,26.561790466308594,2744800
2024-02-27,26.9375,27.092500686645508,26.65999984741211,26.772499084472656,26.389293670654297,2972000
2024-02-28,26.780000686645508,27.297500610351562,26.725000381469727,27.147499084472656,26.758926391601562,3076800
2024-02-29,27.25,27.3075008392334,26.764999389648438,27.18000030517578,26.815656661987305,4569200
2024-03-01,27.2549991607666,27.670000076293945,27.18000030517578,27.6200008392334,27.249755859375,2846800
2024-03-04,27.88249969482422,28.125,27.6200008392334,27.764999389648438,27.39281463623047,2912400
2024-03-05,27.6875,28.049999237060547,27.217500686645508,27.40250015258789,27.03517723083496,3350800
2024-03-06,27.364999771118164,27.639999389648438,26.950000762939453,27.5,27.131366729736328,4230000
2024-03-07,27.5,27.645000457763672,27.270000457763672,27.302499771118164,26.936511993408203,3351200
2024-03-08,27.372499465942383,27.440000534057617,26.915000915527344,26.977500915527344,26.61587142944336,4014800
2024-03-11,26.875,27.014999389648438,26.662500381469727,26.9325008392334,26.571474075317383,5032400
2024-03-12,27.024999618530273,27.447500228881836,26.920000076293945,27.274999618530273,26.909385681152344,3940800
2024-03-13,27.274999618530273,27.389999389648438,26.989999771118164,27.114999771118164,26.75152587890625,2483200
2024-03-14,27.21500015258789,27.21500015258789,26.739999771118164,26.957500457763672,26.59613609313965,3145200
2024-03-15,26.842500686645508,27.094999313354492,26.75,26.860000610351562,26.49994659423828,7277600
2024-03-18,26.795000076293945,27.209999084472656,26.780000686645508,26.985000610351562,26.62327003479004,4080400
2024-03-19,27.0,27.087499618530273,26.8125,26.86750030517578,26.50734519958496,2840800
2024-03-20,26.75,27.202499389648438,26.627500534057617,27.200000762939453,26.835390090942383,4289600
2024-03-21,27.2549991607666,27.645000457763672,27.24250030517578,27.487499237060547,27.119035720825195,3437600
2024-03-22,27.3125,27.387500762939453,27.010000228881836,27.11750030517578,26.753990173339844,2808800
2024-03-25,27.02750015258789,27.309999465942383,26.954999923706055,27.280000686645508,26.914318084716797,2182400
2024-03-26,27.38249969482422,27.604999542236328,27.337499618530273,27.559999465942383,27.190561294555664,2076000
2024-03-27,27.635000228881836,27.88249969482422,27.50749969482422,27.857500076293945,27.48407554626465,2536800
2024-03-28,27.977500915527344,28.1200008392334,27.832500457763672,27.927499771118164,27.553136825561523,2580000
2024-04-01,27.927499771118164,28.15999984741211,27.729999542236328,28.012500762939453,27.63699722290039,2701200
2024-04-02,28.1299991607666,28.700000762939453,28.107500076293945,28.61750030517578,28.233884811401367,4365600
2024-04-03,28.727500915527344,29.229999542236328,28.5625,28.690000534057617,28.305416107177734,4476000
2024-04-04,28.8174991607666,28.854999542236328,27.717500686645508,27.75749969482422,27.385414123535156,3682400
2024-04-05,27.917499542236328,28.327499389648438,27.887500762939453,28.167499542236328,27.789918899536133,3814000
2024-04-08,28.4375,28.645000457763672,28.227500915527344,28.592500686645508,28.20922088623047,1950000
2024-04-09,28.459999084472656,28.549999237060547,27.662500381469727,27.774999618530273,27.402679443359375,2527600
2024-04-10,27.832500457763672,28.61750030517578,27.829999923706055,28.375,27.994638442993164,3771200
2024-04-11,28.274999618530273,28.274999618530273,27.957500457763672,28.040000915527344,27.66413116455078,2621200
2024-04-12,28.0,28.030000686645508,27.5,27.59749984741211,27.227558135986328,3144000
2024-04-15,27.9950008392334,28.030000686645508,27.149999618530273,27.290000915527344,26.924182891845703,3698000
2024-04-16,27.295000076293945,27.392499923706055,26.700000762939453,26.84749984741211,26.487611770629883,9014000
2024-04-17,27.375,28.542499542236328,27.13249969482422,27.3075008392334,26.941450119018555,9964400
2024-04-18,27.657499313354492,27.9375,27.212499618530273,27.649999618530273,27.279356002807617,3843600
2024-04-19,27.649999618530273,28.09000015258789,27.649999618530273,27.887500762939453,27.513671875,4045600
2024-04-22,28.11750030517578,28.4424991607666,27.962499618530273,28.280000686645508,27.90091323852539,3738400
2024-04-23,28.280000686645508,29.014999389648438,28.104999542236328,28.672500610351562,28.28815269470215,4165200
2024-04-24,28.6875,29.082500457763672,28.584999084472656,28.90999984741211,28.5224666595459,2669200
2024-04-25,28.852500915527344,29.49250030517578,28.709999084472656,29.334999084472656,28.9417667388916,3764400
2024-04-26,29.372499465942383,29.417499542236328,28.8799991607666,29.037500381469727,28.64826011657715,2868800
2024-04-29,28.927499771118164,29.434999465942383,28.842500686645508,29.1825008392334,28.791311264038086,3070800
2024-04-30,29.21500015258789,29.287500381469727,28.762500762939453,28.780000686645508,28.39421272277832,3654000
2024-05-01,28.837499618530273,29.482500076293945,28.727500915527344,29.225000381469727,28.833242416381836,4420000
2024-05-02,29.40250015258789,30.09749984741211,29.357500076293945,29.950000762939453,29.548524856567383,6709200
2024-05-03,29.857500076293945,30.092500686645508,29.174999237060547,30.030000686645508,29.627452850341797,5837600
2024-05-06,30.190000534057617,30.510000228881836,30.139999389648438,30.502500534057617,30.093618392944336,3045200
2024-05-07,30.559999465942383,30.719999313354492,30.084999084472656,30.135000228881836,29.73104476928711,3738400
2024-05-08,30.287500381469727,30.397499084472656,29.739999771118164,29.93000030517578,29.528793334960938,2807200
2024-05-09,29.93000030517578,30.122499465942383,29.637500762939453,29.782499313354492,29.38326644897461,3361200
2024-05-10,29.799999237060547,30.155000686645508,29.787500381469727,30.02750015258789,29.62498664855957,2267600
2024-05-13,30.030000686645508,30.24250030517578,29.927499771118164,30.0625,29.659515380859375,2088400
2024-05-14,30.0,30.467500686645508,29.969999313354492,30.450000762939453,30.041826248168945,2452400
2024-05-15,30.415000915527344,30.565000534057617,30.162500381469727,30.502500534057617,30.093618392944336,2711200
2024-05-16,30.5575008392334,30.65250015258789,30.295000076293945,30.454999923706055,30.046756744384766,2233200
2024-05-17,30.707500457763672,30.985000610351562,30.502500534057617,30.954999923706055,30.540054321289062,2418000
2024-05-20,30.987499237060547,31.440000534057617,30.975000381469727,31.387500762939453,30.96675682067871,2803600
2024-05-21,31.375,31.707500457763672,31.25749969482422,31.649999618530273,31.225736618041992,2638000
2024-05-22,31.59749984741211,31.655000686645508,31.25,31.264999389648438,30.845895767211914,2770000
2024-05-23,31.415000915527344,31.75,30.809999465942383,31.104999542236328,30.68804168701172,3566800
2024-05-24,31.325000762939453,32.04499816894531,31.270000457763672,32.0,31.571044921875,2640800
2024-05-28,32.0,32.29750061035156,31.815000534057617,32.150001525878906,31.71903419494629,2762400
2024-05-29,31.917499542236328,32.23749923706055,31.80500030517578,31.987499237060547,31.558712005615234,2695600
2024-05-30,32.0625,32.15250015258789,31.65999984741211,31.885000228881836,31.45758628845215,2211600
2024-05-31,31.877500534057617,31.93000030517578,30.53499984741211,31.43000030517578,31.069589614868164,6855600
2024-06-03,31.579999923706055,31.809999465942383,31.040000915527344,31.647499084472656,31.284591674804688,3973600
2024-06-04,31.642499923706055,31.852500915527344,31.082500457763672,31.174999237060547,30.8175106048584,4393600
2024-06-05,31.299999237060547,31.542499542236328,31.042499542236328,31.364999771118164,31.005332946777344,2698800
2024-06-06,31.332500457763672,31.450000762939453,30.642499923706055,30.65250015258789,30.30100440979004,2898000
2024-06-07,30.875,31.377500534057617,30.764999389648438,30.934999465942383,30.580265045166016,3485600
2024-06-10,30.795000076293945,31.46500015258789,30.674999237060547,31.364999771118164,31.005332946777344,2690800
2024-06-11,31.165000915527344,31.1924991607666,30.407499313354492,30.837499618530273,30.4838809967041,2585600
2024-06-12,30.797500610351562,30.837499618530273,29.90250015258789,30.427499771118164,30.078580856323242,4196400
2024-06-13,30.352500915527344,30.467500686645508,30.024999618530273,30.3174991607666,29.969844818115234,2888400
2024-06-14,30.0,30.270000457763672,29.725000381469727,30.03499984741211,29.69058609008789,3054400
2024-06-17,30.0,30.3125,29.829999923706055,30.264999389648438,29.91794776916504,1849200
2024-06-18,30.225000381469727,30.260000228881836,29.887500762939453,29.934999465942383,29.59172821044922,2306800
2024-06-20,30.032499313354492,30.1924991607666,29.924999237060547,30.0625,29.7177677154541,3755200
2024-06-21,30.09000015258789,30.167499542236328,29.540000915527344,30.045000076293945,29.700468063354492,4255200
2024-06-24,30.020000457763672,30.767499923706055,30.017499923706055,30.264999389648438,29.91794776916504,3010400
2024-06-25,30.287500381469727,30.604999542236328,30.209999084472656,30.52750015258789,30.17743682861328,2197200
2024-06-26,30.485000610351562,30.762500762939453,30.282499313354492,30.75,30.397382736206055,2281600
2024-06-27,30.81999969482422,31.042499542236328,30.684999465942383,30.747499465942383,30.394912719726562,2168800
2024-06-28,30.815000534057617,30.84749984741211,30.375,30.649999618530273,30.298532485961914,3506400
2024-07-01,31.020000457763672,31.78499984741211,30.6200008392334,31.6875,31.324134826660156,3292000
2024-07-02,31.75,31.989999771118164,31.674999237060547,31.924999237060547,31.558910369873047,2808400
2024-07-03,32.0,32.25,31.030000686645508,31.38249969482422,31.022626876831055,1865200
2024-07-05,31.0625,31.18000030517578,30.377500534057617,30.9950008392334,30.639575958251953,3610000
2024-07-08,31.274999618530273,31.407499313354492,30.782499313354492,30.86750030517578,30.513538360595703,2009600
2024-07-09,31.032499313354492,31.579999923706055,30.889999389648438,31.3125,30.953433990478516,2416000
2024-07-10,31.352500915527344,31.627500534057617,31.1825008392334,31.204999923706055,30.84716796875,3103200
2024-07-11,30.46500015258789,30.822500228881836,29.852500915527344,30.262500762939453,29.91547393798828,4988000
2024-07-12,30.4424991607666,30.625,30.299999237060547,30.40250015258789,30.05386734008789,4124400
2024-07-15,30.540000915527344,31.295000076293945,30.53499984741211,31.165000915527344,30.807626724243164,4508000
2024-07-16,31.197500228881836,31.264999389648438,30.649999618530273,30.915000915527344,30.560489654541016,9560000
2024-07-17,30.34000015258789,30.957500457763672,29.155000686645508,30.842500686645508,30.488826751708984,11575200
2024-07-18,30.6875,30.690000534057617,29.6825008392334,29.899999618530273,29.557132720947266,5996000
2024-07-19,29.850000381469727,30.292499542236328,29.667499542236328,30.162500381469727,29.816621780395508,4558400
2024-07-22,30.162500381469727,30.727500915527344,30.052499771118164,30.575000762939453,30.22439193725586,3509600
2024-07-23,30.614999771118164,30.672500610351562,30.332500457763672,30.517499923706055,30.167552947998047,3314000
2024-07-24,30.397499084472656,30.422500610351562,29.497499465942383,29.530000686645508,29.191373825073242,3845600
2024-07-25,29.707500457763672,29.764999389648438,29.06999969482422,29.642499923706055,29.302581787109375,4695200
2024-07-26,29.65999984741211,29.809999465942383,29.3799991607666,29.700000762939453,29.35942840576172,3358400
2024-07-29,29.712499618530273,29.947500228881836,29.377500534057617,29.907499313354492,29.564546585083008,3594400
2024-07-30,30.0625,30.44499969482422,29.735000610351562,29.739999771118164,29.398963928222656,2937200
2024-07-31,29.985000610351562,30.31999969482422,29.78499984741211,29.8174991607666,29.475576400756836,2688400
2024-08-01,30.0,30.399999618530273,29.1299991607666,29.752500534057617,29.41132164001465,3851600
2024-08-02,29.045000076293945,29.290000915527344,27.799999237060547,28.13249969482422,27.809898376464844,6149600
2024-08-05,26.6924991607666,27.3799991607666,25.922500610351562,27.162500381469727,26.851022720336914,6465200
2024-08-06,27.3125,27.934999465942383,27.177499771118164,27.6299991607666,27.313159942626953,3512800
2024-08-07,28.087499618530273,28.612499237060547,28.052499771118164,28.1924991607666,27.869216918945312,6403200
2024-08-08,28.55500030517578,28.977500915527344,28.399999618530273,28.8700008392334,28.538942337036133,4203200
2024-08-09,28.75,29.24250030517578,28.625,29.137500762939453,28.803375244140625,2165200
2024-08-12,29.38249969482422,29.582500457763672,29.082500457763672,29.482500076293945,29.144418716430664,2751200
2024-08-13,29.52750015258789,29.71500015258789,29.31999969482422,29.395000457763672,29.057924270629883,2432400
2024-08-14,29.684999465942383,29.950000762939453,29.405000686645508,29.514999389648438,29.17654800415039,3242000
2024-08-15,30.022499084472656,30.264999389648438,29.872499465942383,30.065000534057617,29.720243453979492,2832800
2024-08-16,30.082500457763672,30.270000457763672,30.042499542236328,30.21500015258789,29.868520736694336,2423600
2024-08-19,30.247499465942383,30.510000228881836,30.204999923706055,30.487499237060547,30.137893676757812,2266400
2024-08-20,30.475000381469727,30.524999618530273,30.102500915527344,30.190000534057617,29.843807220458984,1842800
2024-08-21,30.239999771118164,30.875,30.207500457763672,30.837499618530273,30.4838809967041,2752400
2024-08-22,30.842500686645508,31.09749984741211,30.704999923706055,31.024999618530273,30.66922950744629,3854400
2024-08-23,31.172500610351562,31.172500610351562,30.270000457763672,30.850000381469727,30.496240615844727,4283200
2024-08-26,30.950000762939453,31.299999237060547,30.862499237060547,31.075000762939453,30.718658447265625,2276400
2024-08-27,31.125,31.809999465942383,31.075000762939453,31.780000686645508,31.41557502746582,3301200
2024-08-28,31.647499084472656,31.690000534057617,31.3799991607666,31.579999923706055,31.217866897583008,2982000
2024-08-29,31.690000534057617,32.084999084472656,31.587499618530273,31.767499923706055,31.403217315673828,2193600
2024-08-30,31.782499313354492,32.244998931884766,31.672500610351562,32.22249984741211,31.91579246520996,2814000
2024-09-03,32.029998779296875,32.23749923706055,31.697500228881836,31.850000381469727,31.546838760375977,3041200
2024-09-04,31.782499313354492,31.844999313354492,31.352500915527344,31.3799991607666,31.081308364868164,3215200
2024-09-05,31.502500534057617,31.5674991607666,31.127500534057617,31.514999389648438,31.21502685546875,2524000
2024-09-06,31.477500915527344,31.594999313354492,30.34749984741211,30.635000228881836,30.343400955200195,3154000
2024-09-09,30.912500381469727,31.302499771118164,30.864999771118164,31.05500030517578,30.759401321411133,2306400
2024-09-10,30.862499237060547,30.959999084472656,30.114999771118164,30.512500762939453,30.222068786621094,1989600
2024-09-11,30.559999465942383,30.787500381469727,30.010000228881836,30.6924991607666,30.400354385375977,2645600
2024-09-12,30.787500381469727,30.982500076293945,30.600000381469727,30.899999618530273,30.605876922607422,2891600
2024-09-13,31.247499465942383,32.525001525878906,31.0674991607666,32.01750183105469,31.712745666503906,6476800
2024-09-16,32.0,32.727500915527344,32.0,32.147499084472656,31.841503143310547,4610800
2024-09-17,32.337501525878906,33.290000915527344,32.125,32.95249938964844,32.63884353637695,5188800
2024-09-18,32.95750045776367,33.35499954223633,32.314998626708984,32.54499816894531,32.23521423339844,4373200
2024-09-19,33.092498779296875,33.22249984741211,32.654998779296875,33.11249923706055,32.797325134277344,3540400
2024-09-20,33.099998474121094,33.317501068115234,32.9275016784668,33.255001068115234,32.9384651184082,5073600
2024-09-23,33.42499923706055,33.897499084472656,33.42499923706055,33.79750061035156,33.475791931152344,3198000
2024-09-24,33.875,34.13999938964844,33.70750045776367,34.02750015258789,33.703609466552734,2840800
2024-09-25,34.02750015258789,34.27750015258789,33.84749984741211,34.04999923706055,33.725894927978516,2907200
2024-09-26,34.30500030517578,34.6875,34.07500076293945,34.18000030517578,33.85466003417969,3544400
2024-09-27,34.04750061035156,34.497501373291016,33.875,34.38249969482422,34.05522918701172,3592000
2024-09-30,34.470001220703125,34.85499954223633,34.349998474121094,34.84000015258789,34.50837707519531,4120800
2024-10-01,34.7400016784668,34.994998931884766,33.90999984741211,34.567501068115234,34.238468170166016,4792800
2024-10-02,34.6974983215332,35.70000076293945,34.689998626708984,35.654998779296875,35.315616607666016,4364800
2024-10-03,35.625,36.282501220703125,35.372501373291016,36.19499969482422,35.85048294067383,4686800
2024-10-04,36.657501220703125,36.962501525878906,36.34749984741211,36.962501525878906,36.61067199707031,2658400
2024-10-07,37.189998626708984,37.337501525878906,36.935001373291016,37.14250183105469,36.788963317871094,4020400
2024-10-08,36.962501525878906,37.27750015258789,36.79750061035156,36.897499084472656,36.54629135131836,3590400
2024-10-09,37.0,37.49250030517578,36.8849983215332,37.38249969482422,37.026676177978516,4693200
2024-10-10,37.25,37.407501220703125,36.95750045776367,37.157501220703125,36.80382537841797,2829200
2024-10-11,37.3125,37.84000015258789,37.23749923706055,37.78499984741211,37.42534255981445,3417200
2024-10-14,38.002498626708984,38.0625,37.70500183105469,37.82500076293945,37.464969635009766,3222000
2024-10-15,38.25,38.6875,38.002498626708984,38.244998931884766,37.88096618652344,6946400
2024-10-16,37.057498931884766,37.747501373291016,35.13999938964844,36.69499969482422,36.34571838378906,11470000
2024-10-17,36.712501525878906,37.532501220703125,36.474998474121094,37.35749816894531,37.00191116333008,4925200
2024-10-18,37.38249969482422,37.57500076293945,37.185001373291016,37.20249938964844,36.848392486572266,3114800
2024-10-21,37.244998931884766,37.505001068115234,37.005001068115234,37.40999984741211,37.053916931152344,2913200
2024-10-22,37.1349983215332,37.314998626708984,36.67250061035156,37.165000915527344,36.811248779296875,2514000
2024-10-23,36.994998931884766,37.13249969482422,36.6150016784668,36.86000061035156,36.509151458740234,2538800
2024-10-24,36.91999816894531,37.28499984741211,36.8025016784668,37.04999923706055,36.69733810424805,2768800
2024-10-25,37.087501525878906,37.185001373291016,36.375,36.79249954223633,36.442291259765625,3166000
2024-10-28,37.15999984741211,37.775001525878906,36.994998931884766,37.747501373291016,37.38820266723633,2616000
2024-10-29,37.8125,38.48249816894531,37.775001525878906,38.209999084472656,37.8463020324707,2784000
2024-10-30,38.275001525878906,38.662498474121094,38.23749923706055,38.560001373291016,38.192970275878906,2611200
2024-10-31,38.5,38.57749938964844,37.83250045776367,38.14500045776367,37.781917572021484,3078000
2024-11-01,38.1875,38.64500045776367,38.01250076293945,38.44499969482422,38.07905960083008,2959200
2024-11-04,38.494998931884766,38.782501220703125,38.345001220703125,38.48249816894531,38.1161994934082,2118400
2024-11-05,38.50749969482422,39.247501373291016,38.39500045776367,38.727500915527344,38.35887908935547,2766400
2024-11-06,41.244998931884766,43.272499084472656,41.025001525878906,42.92250061035156,42.51394271850586,9616800
2024-11-07,42.5,42.845001220703125,41.662498474121094,41.66749954223633,41.27088928222656,4656400
2024-11-08,41.82500076293945,42.849998474121094,41.317501068115234,42.435001373291016,42.03108596801758,3415200
2024-11-11,43.102500915527344,44.91999816894531,43.04499816894531,44.872501373291016,44.44538116455078,8576800
2024-11-12,44.622501373291016,45.3025016784668,44.342498779296875,44.88750076293945,44.460235595703125,4213200
2024-11-13,44.8025016784668,45.06999969482422,44.57500076293945,44.662498474121094,44.23738098144531,3162800
2024-11-14,44.75,44.939998626708984,44.125,44.474998474121094,44.051666259765625,3350400
2024-11-15,44.44499969482422,45.087501525878906,44.32500076293945,45.0525016784668,44.62367248535156,5049200
2024-11-18,45.25,45.755001068115234,45.04999923706055,45.65250015258789,45.21795654296875,3950000
2024-11-19,45.255001068115234,46.442501068115234,45.13750076293945,46.377498626708984,45.93606185913086,3694400
2024-11-20,47.217498779296875,47.25,46.29499816894531,46.96500015258789,46.517967224121094,4978800
2024-11-21,47.747501373291016,48.0625,47.13249969482422,47.9275016784668,47.471309661865234,5143200
2024-11-22,48.17499923706055,48.3025016784668,46.877498626708984,47.904998779296875,47.44902038574219,6354800
2024-11-25,47.977500915527344,48.35499954223633,47.165000915527344,47.744998931884766,47.29054260253906,6534400
2024-11-26,47.915000915527344,48.29249954223633,47.43000030517578,48.23749923706055,47.77835464477539,3789200
2024-11-27,48.28499984741211,48.3125,47.60499954223633,47.82749938964844,47.37225341796875,3138400
2024-11-29,48.057498931884766,48.23749923706055,47.5625,47.772499084472656,47.37969207763672,2306800
2024-12-02,47.912498474121094,48.352500915527344,46.3849983215332,46.41999816894531,46.03831481933594,6153200
2024-12-03,46.84749984741211,47.435001373291016,46.40250015258789,46.72249984741211,46.33833312988281,5651600
2024-12-04,46.595001220703125,47.25749969482422,46.130001068115234,46.49250030517578,46.1102180480957,5312800
2024-12-05,46.65250015258789,46.962501525878906,46.25,46.724998474121094,46.3408088684082,4834800
2024-12-06,46.69499969482422,46.8224983215332,46.05500030517578,46.7400016784668,46.35568618774414,3858800
2024-12-09,46.7400016784668,47.0625,44.57500076293945,45.04249954223633,44.67213821411133,6477600
2024-12-10,44.88999938964844,45.04499816894531,43.9275016784668,44.0,43.63821029663086,6217200
2024-12-11,44.5,45.28499984741211,44.290000915527344,45.19499969482422,44.82338333129883,4447600
2024-12-12,45.29499816894531,45.63249969482422,44.79249954223633,45.07749938964844,44.706851959228516,2878400
2024-12-13,45.25,45.3125,44.38750076293945,44.872501373291016,44.503543853759766,3188000
2024-12-16,44.872501373291016,45.4275016784668,44.8025016784668,45.04999923706055,44.6795768737793,3077600
2024-12-17,44.56999969482422,44.75749969482422,43.58000183105469,44.724998474121094,44.35725402832031,4517200
2024-12-18,44.88999938964844,44.88999938964844,43.08250045776367,43.4474983215332,43.09025573730469,3792800
2024-12-19,44.29499816894531,44.662498474121094,43.407501220703125,43.4474983215332,43.09025573730469,3626400
2024-12-20,42.88999938964844,44.497501373291016,42.772499084472656,43.97999954223633,43.618377685546875,11456400
2024-12-23,44.432498931884766,44.93000030517578,43.97249984741211,44.400001525878906,44.03493118286133,3997200
2024-12-24,44.4900016784668,45.31999969482422,44.47249984741211,45.125,44.75395965576172,1283200
2024-12-26,45.125,45.415000915527344,44.95000076293945,45.27750015258789,44.90521240234375,1680400
2024-12-27,44.81999969482422,45.27750015258789,44.502498626708984,44.75,44.38204574584961,1964800
2024-12-30,44.3650016784668,44.94499969482422,44.154998779296875,44.73749923706055,44.36964797973633,2602800
2024-12-31,44.90250015258789,44.90250015258789,44.04999923706055,44.16749954223633,43.8043327331543,2982000
2025-01-02,44.39500045776367,45.8224983215332,43.397499084472656,45.625,45.249847412109375,5014000
2025-01-03,45.75,46.529998779296875,45.45000076293945,45.93000030517578,45.55234146118164,4291600
2025-01-06,46.52000045776367,47.529998779296875,46.255001068115234,47.51750183105469,47.126792907714844,4371200
2025-01-07,47.92499923706055,48.352500915527344,46.17250061035156,47.79249954223633,47.39952850341797,7040400
2025-01-08,47.717498779296875,47.95500183105469,47.17499923706055,47.72249984741211,47.33010482788086,3756400
2025-01-10,47.34749984741211,47.377498626708984,45.38750076293945,46.3025016784668,45.921783447265625,5291600
2025-01-13,45.782501220703125,46.307498931884766,45.282501220703125,45.814998626708984,45.438289642333984,5305600
2025-01-14,46.10499954223633,46.375,45.14250183105469,45.65999984741211,45.28456115722656,3600400
2025-01-15,46.442501068115234,46.845001220703125,46.154998779296875,46.462501525878906,46.080467224121094,4824000
2025-01-16,46.522499084472656,47.5625,46.51499938964844,47.040000915527344,46.65321350097656,4147600
2025-01-17,47.25,47.82749938964844,46.86750030517578,47.522499084472656,47.13174819946289,5032400
2025-01-21,48.15999984741211,48.717498779296875,47.665000915527344,48.20750045776367,47.811119079589844,7929600
2025-01-22,51.75,52.78499984741211,50.60749816894531,52.44499969482422,52.013771057128906,11788400
2025-01-23,52.5,53.209999084472656,50.997501373291016,52.13750076293945,51.70880126953125,9166800
2025-01-24,52.25,55.165000915527344,52.22249984741211,54.747501373291016,54.29733657836914,12555200
2025-01-27,53.17499923706055,53.5,50.3025016784668,50.967498779296875,50.54841995239258,9715200
2025-01-28,51.39500045776367,52.154998779296875,51.0,51.9375,51.51044464111328,7441600
2025-01-29,51.877498626708984,53.025001525878906,51.67499923706055,52.8125,52.37825393676758,6513200
2025-01-30,53.22999954223633,55.272499084472656,53.22999954223633,54.79249954223633,54.34197235107422,10483200
2025-01-31,55.04999923706055,55.0625,53.875,54.36000061035156,53.91303253173828,7226400
2025-02-03,52.60749816894531,56.2400016784668,52.470001220703125,55.869998931884766,55.41061782836914,9092400
2025-02-04,55.880001068115234,56.099998474121094,55.05500030517578,55.369998931884766,54.91472244262695,6685600
2025-02-05,55.869998931884766,58.662498474121094,55.54999923706055,58.36249923706055,57.882625579833984,11281600
2025-02-06,58.744998931884766,58.82500076293945,56.587501525878906,57.057498931884766,56.58835220336914,6990800
2025-02-07,57.287498474121094,57.99250030517578,56.997501373291016,57.78499984741211,57.30986404418945,8024000
2025-02-10,57.959999084472656,58.15250015258789,56.18000030517578,56.54750061035156,56.082542419433594,6965200
2025-02-11,56.54750061035156,56.54750061035156,54.75,55.36750030517578,54.91224670410156,5737200
2025-02-12,55.67250061035156,57.61750030517578,55.310001373291016,57.54999923706055,57.07679748535156,7232400
2025-02-13,57.967498779296875,58.96500015258789,57.084999084472656,58.712501525878906,58.229740142822266,7685200
2025-02-14,58.560001373291016,59.13249969482422,57.10499954223633,58.529998779296875,58.048744201660156,6692400
2025-02-18,58.970001220703125,59.125,57.974998474121094,58.88249969482422,58.398338317871094,4697200
2025-02-19,58.875,59.125,57.5099983215332,58.162498474121094,57.684261322021484,5576800
2025-02-20,58.04999923706055,58.04999923706055,55.20000076293945,56.5,56.035430908203125,9383600
2025-02-21,56.872501373291016,56.98749923706055,54.3224983215332,54.682498931884766,54.232872009277344,8411600
2025-02-24,54.83250045776367,55.522499084472656,52.682498931884766,53.65250015258789,53.211341857910156,9196400
2025-02-25,53.34000015258789,53.497501373291016,49.72249984741211,50.23500061035156,49.82195281982422,11353600
2025-02-26,50.91749954223633,52.467498779296875,50.647499084472656,51.665000915527344,51.24019241333008,6804400
2025-02-27,52.525001525878906,52.790000915527344,50.689998626708984,50.875,50.456687927246094,5276000
2025-02-28,50.627498626708984,51.7400016784668,50.352500915527344,51.099998474121094,50.74216842651367,31178800
2025-03-03,52.287498474121094,52.907501220703125,50.16749954223633,50.38249969482422,50.02969741821289,7155600
2025-03-04,49.0724983215332,49.98249816894531,46.5,49.00749969482422,48.66432571411133,11927600
2025-03-05,48.9275016784668,49.442501068115234,48.314998626708984,49.17250061035156,48.82816696166992,8185600
2025-03-06,48.165000915527344,48.63999938964844,46.30500030517578,47.42499923706055,47.09290313720703,11940400
2025-03-07,47.002498626708984,48.11000061035156,45.57749938964844,48.04249954223633,47.70608139038086,13196400
2025-03-10,46.0625,46.25,41.349998474121094,41.790000915527344,41.49736785888672,19729600
2025-03-11,42.342498779296875,43.404998779296875,41.67250061035156,42.584999084472656,42.28679656982422,11024400
2025-03-12,44.22999954223633,44.36249923706055,42.587501525878906,42.78499984741211,42.48539733886719,10930800
2025-03-13,42.900001525878906,42.900001525878906,39.7599983215332,40.25749969482422,39.97559356689453,13859600
2025-03-14,41.30500030517578,42.35499954223633,40.875,42.02750015258789,41.73320388793945,8918000
2025-03-17,41.942501068115234,43.9275016784668,41.942501068115234,43.599998474121094,43.2946891784668,7474000
2025-03-18,42.877498626708984,43.39500045776367,42.30500030517578,43.17250061035156,42.870182037353516,6201600
2025-03-19,43.2599983215332,45.23500061035156,42.80500030517578,44.537498474121094,44.22562026977539,6514800
2025-03-20,43.84749984741211,44.5,43.619998931884766,43.96500015258789,43.657135009765625,7316800
2025-03-21,43.282501220703125,43.47249984741211,42.61249923706055,43.34000015258789,43.03651428222656,14297200
2025-03-24,44.560001373291016,45.47249984741211,44.27750015258789,44.98500061035156,44.66999053955078,7204800
2025-03-25,45.337501525878906,45.932498931884766,44.5,44.849998474121094,44.53593444824219,8203600
2025-03-26,44.897499084472656,44.94499969482422,43.307498931884766,43.48500061035156,43.18049621582031,8208800
2025-03-27,43.127498626708984,43.25,41.595001220703125,42.25,41.95414352416992,13220400
2025-03-28,41.602500915527344,42.255001068115234,40.619998931884766,41.18000030517578,40.89163589477539,9490800
2025-03-31,39.8224983215332,41.65999984741211,39.3025016784668,41.397499084472656,41.10761260986328,7049600
2025-04-01,41.349998474121094,43.35749816894531,40.817501068115234,43.27000045776367,42.967002868652344,8852800
2025-04-02,42.59749984741211,44.39500045776367,42.23500061035156,43.57749938964844,43.27234649658203,5506800
2025-04-03,40.334999084472656,41.279998779296875,39.709999084472656,39.869998931884766,39.5908088684082,8550800
2025-04-04,37.86750030517578,38.07500076293945,35.36249923706055,36.52000045776367,36.26426696777344,11909600
2025-04-07,34.275001525878906,37.67250061035156,32.81999969482422,36.0724983215332,35.81990432739258,18885600
2025-04-08,38.39250183105469,38.78499984741211,36.025001525878906,36.755001068115234,36.497615814208984,12812400
2025-04-09,36.462501525878906,43.282501220703125,36.224998474121094,42.68000030517578,42.38113784790039,18881600
2025-04-10,40.942501068115234,42.8025016784668,40.025001525878906,41.07749938964844,40.78985595703125,13294400
2025-04-11,41.07749938964844,43.13999938964844,40.76250076293945,42.837501525878906,42.53752899169922,9916400
2025-04-14,44.23500061035156,44.29750061035156,42.72999954223633,43.247501373291016,42.944664001464844,6736000
2025-04-15,43.3125,44.32500076293945,43.3125,43.35749816894531,43.053890228271484,10005600
2025-04-16,39.849998474121094,40.8224983215332,38.29999923706055,39.474998474121094,39.19857406616211,28485200
2025-04-17,39.75,40.42499923706055,39.130001068115234,39.880001068115234,39.600738525390625,9123200
2025-04-21,39.3125,39.45000076293945,38.09749984741211,38.377498626708984,38.108760833740234,6314000
2025-04-22,38.73249816894531,39.900001525878906,38.52750015258789,39.369998931884766,39.09431076049805,7394800
2025-04-23,41.314998626708984,42.27750015258789,40.1875,40.4275016784668,40.144412994384766,7564000
2025-04-24,40.625,42.48249816894531,40.57500076293945,42.26250076293945,41.966556549072266,5206400
2025-04-25,42.130001068115234,42.599998474121094,41.875,42.31999969482422,42.023651123046875,4029600
2025-04-28,42.73500061035156,43.25,41.76250076293945,42.337501525878906,42.04103088378906,4662800
2025-04-29,42.025001525878906,43.185001373291016,41.89500045776367,42.94499969482422,42.6442756652832,3956800
2025-04-30,41.689998626708984,43.05500030517578,41.4275016784668,42.962501525878906,42.661651611328125,4774000
2025-05-01,43.1875,44.272499084472656,43.099998474121094,43.584999084472656,43.2797966003418,8007200
2025-05-02,44.564998626708984,45.6150016784668,44.30500030517578,45.38750076293945,45.06967544555664,5773600
2025-05-05,44.84749984741211,45.564998626708984,44.47249984741211,44.8849983215332,44.5706901550293,4022000
2025-05-06,44.0525016784668,44.84749984741211,43.77750015258789,44.58000183105469,44.267826080322266,4218000
2025-05-07,44.5,45.345001220703125,44.44499969482422,44.9474983215332,44.632755279541016,5633600
2025-05-08,46.147499084472656,46.73749923706055,45.6875,46.122501373291016,45.799530029296875,5271600
2025-05-09,46.17250061035156,46.74250030517578,46.09749984741211,46.400001525878906,46.07508087158203,2972000
2025-05-12,48.95500183105469,49.375,48.224998474121094,49.310001373291016,48.9647102355957,7312800
2025-05-13,49.474998474121094,51.30500030517578,49.36249923706055,50.69499969482422,50.34000778198242,5504800
2025-05-14,50.7599983215332,51.372501373291016,50.442501068115234,50.875,50.51874923706055,4325200
2025-05-15,50.529998779296875,51.787498474121094,50.36249923706055,51.747501373291016,51.3851318359375,4218000
2025-05-16,51.724998474121094,52.6150016784668,51.724998474121094,52.287498474121094,51.921348571777344,4639600
2025-05-19,51.15999984741211,52.314998626708984,50.779998779296875,52.0,51.63587188720703,5797600
2025-05-20,51.9474983215332,52.61249923706055,51.8224983215332,52.584999084472656,52.21677017211914,3446800
2025-05-21,51.994998931884766,52.557498931884766,51.040000915527344,51.317501068115234,50.95814514160156,4792800
2025-05-22,51.532501220703125,52.125,51.22999954223633,51.68000030517578,51.31810760498047,4625200
2025-05-23,50.54249954223633,52.07500076293945,50.099998474121094,51.65250015258789,51.290802001953125,3871600
2025-05-27,52.307498931884766,53.224998474121094,51.84000015258789,53.13249969482422,52.76043701171875,5056800
2025-05-28,53.13249969482422,53.375,52.650001525878906,52.70249938964844,52.33345031738281,2746400
2025-05-29,53.439998626708984,53.53499984741211,51.94499969482422,52.32500076293945,51.958595275878906,3860000
2025-05-30,51.962501525878906,52.55500030517578,51.1349983215332,52.41999816894531,52.132633209228516,7512800
2025-06-02,52.23749923706055,52.70000076293945,51.0,52.04999923706055,51.76466751098633,4780000
2025-06-03,51.91749954223633,52.334999084472656,51.22249984741211,51.977500915527344,51.69256591796875,4966400
2025-06-04,52.00749969482422,52.412498474121094,51.502498626708984,51.50749969482422,51.225135803222656,4560800
2025-06-05,51.5625,52.15999984741211,51.04999923706055,51.70500183105469,51.42155456542969,5034000
2025-06-06,52.650001525878906,53.477500915527344,52.1775016784668,52.95750045776367,52.66718673706055,6523600
2025-06-09,52.3125,52.3125,49.150001525878906,51.16749954223633,50.887001037597656,8046400
2025-06-10,50.900001525878906,51.619998931884766,50.1349983215332,51.26250076293945,50.98147964477539,4836400
2025-06-11,51.31999969482422,51.744998931884766,50.60499954223633,51.127498626708984,50.84722137451172,4220800
2025-06-12,50.42499923706055,51.375,50.1775016784668,51.244998931884766,50.96407699584961,2906000
2025-06-13,51.16749954223633,51.192501068115234,50.185001373291016,50.540000915527344,50.262939453125,3406000
2025-06-16,51.165000915527344,52.744998931884766,51.09749984741211,52.415000915527344,52.12765884399414,4000400
2025-06-17,52.01750183105469,52.717498779296875,51.654998779296875,52.04249954223633,51.757198333740234,3683600
2025-06-18,52.09000015258789,52.849998474121094,51.70000076293945,52.599998474121094,52.311641693115234,4461800
2025-06-20,52.65999984741211,53.29999923706055,51.20000076293945,51.34000015258789,51.058555603027344,6912800
2025-06-23,51.22999954223633,51.72999954223633,49.29999923706055,50.529998779296875,50.25299835205078,5656200
2025-06-24,51.58000183105469,51.869998931884766,50.83000183105469,51.63999938964844,51.356910705566406,3353800
2025-06-25,52.31999969482422,53.150001525878906,51.83000183105469,52.2599983215332,51.9735107421875,4457000
2025-06-26,52.38999938964844,53.95000076293945,51.95000076293945,53.40999984741211,53.117210388183594,5889300
2025-06-27,53.86000061035156,54.599998474121094,52.959999084472656,53.959999084472656,53.66419219970703,11180300
2025-06-30,55.18000030517578,55.619998931884766,54.29999923706055,55.40999984741211,55.10624313354492,5775500
2025-07-01,55.56999969482422,56.619998931884766,53.13999938964844,56.31999969482422,56.011253356933594,8968700
2025-07-02,56.959999084472656,58.290000915527344,56.5,58.220001220703125,57.90083694458008,6904900
2025-07-03,58.40999984741211,58.47999954223633,57.290000915527344,57.97999954223633,57.66215515136719,4499800
2025-07-07,58.11000061035156,58.70000076293945,57.45000076293945,57.779998779296875,57.46324920654297,4166100
2025-07-08,58.2599983215332,58.380001068115234,56.33000183105469,56.619998931884766,56.309608459472656,4832700
2025-07-09,56.95000076293945,58.7400016784668,56.93000030517578,57.84000015258789,57.522926330566406,5163500
2025-07-10,58.2599983215332,59.209999084472656,57.619998931884766,58.91999816894531,58.59700012207031,3706300
2025-07-11,58.689998626708984,59.619998931884766,58.380001068115234,58.599998474121094,58.27875518798828,4434700
2025-07-14,59.279998779296875,59.7400016784668,58.70000076293945,59.599998474121094,59.27327346801758,4432900
2025-07-15,59.310001373291016,60.349998474121094,58.5,59.630001068115234,59.3031120300293,6061100
2025-07-16,60.029998779296875,60.380001068115234,58.18000030517578,59.45000076293945,59.12409591674805,5991900
2025-07-17,59.2599983215332,60.369998931884766,58.79999923706055,59.43000030517578,59.10420608520508,8101600
2025-07-18,63.810001373291016,65.73999786376953,62.529998779296875,64.05000305175781,63.698883056640625,15014000
2025-07-21,62.79999923706055,63.33000183105469,61.709999084472656,62.0,61.660118103027344,7994600
2025-07-22,61.79999923706055,62.470001220703125,59.630001068115234,62.25,61.90874481201172,7216900
2025-07-23,62.59000015258789,63.34000015258789,62.27000045776367,63.31999969482422,62.97288131713867,4678500
2025-07-24,63.45000076293945,64.79000091552734,63.2400016784668,64.69999694824219,64.3453140258789,6355900
2025-07-25,64.95999908447266,65.95999908447266,64.36000061035156,65.5,65.14093017578125,5152500
2025-07-28,66.30999755859375,66.61000061035156,65.1500015258789,65.38999938964844,65.03152465820312,3616000
2025-07-29,65.68000030517578,66.08999633789062,64.94999694824219,65.19999694824219,64.84258270263672,4651700
2025-07-30,65.56999969482422,66.81999969482422,65.25,66.22000122070312,65.85698699951172,3832700
2025-07-31,66.58000183105469,66.76000213623047,65.47000122070312,65.55999755859375,65.20059967041016,4059100
2025-08-01,63.709999084472656,66.18000030517578,62.220001220703125,63.61000061035156,63.26129150390625,7976400
2025-08-04,64.33000183105469,64.94000244140625,63.77000045776367,64.9000015258789,64.54421997070312,3006700
2025-08-05,65.02999877929688,65.5,63.209999084472656,63.709999084472656,63.36074447631836,4161400
2025-08-06,63.63999938964844,64.3499984741211,63.06999969482422,63.81999969482422,63.47013854980469,2898500
2025-08-07,64.30000305175781,64.5,63.2400016784668,64.25,63.89778137207031,3357900
2025-08-08,64.69000244140625,66.05999755859375,64.44999694824219,65.91000366210938,65.5486831665039,3529100
2025-08-11,66.61000061035156,66.62999725341797,65.41000366210938,66.18000030517578,65.81719970703125,2660700
2025-08-12,67.08000183105469,68.06999969482422,66.69999694824219,67.62999725341797,67.2592544555664,3890300
2025-08-13,67.80000305175781,67.86000061035156,62.029998779296875,63.4900016784668,63.14194869995117,9351100
2025-08-14,63.349998474121094,64.58999633789062,62.79999923706055,63.91999816894531,63.5695915222168,3688200
2025-08-15,63.79999923706055,64.19999694824219,62.75,63.310001373291016,62.96293640136719,2786700
2025-08-18,63.22999954223633,63.959999084472656,62.72999954223633,63.63999938964844,63.2911262512207,3732300
2025-08-19,63.779998779296875,63.970001220703125,62.16999816894531,62.40999984741211,62.06787109375,3856000
2025-08-20,62.13999938964844,62.560001373291016,60.060001373291016,62.459999084472656,62.11759567260742,5595500
2025-08-21,62.380001068115234,62.79999923706055,61.939998626708984,62.470001220703125,62.127540588378906,2660200
2025-08-22,62.599998474121094,63.380001068115234,61.38999938964844,62.400001525878906,62.05792236328125,3867500
2025-08-25,62.38999938964844,63.22999954223633,62.150001525878906,62.7599983215332,62.41594696044922,5090200
2025-08-26,64.5,64.5,61.849998474121094,63.29999923706055,62.9529914855957,12322400
2025-08-27,62.58000183105469,62.75,61.15999984741211,61.790000915527344,61.451271057128906,98998600
2025-08-28,62.47999954223633,62.959999084472656,62.0099983215332,62.779998779296875,62.43584060668945,8207000
2025-08-29,62.47999954223633,62.810001373291016,61.63999938964844,62.2400016784668,61.977779388427734,6085000
2025-09-02,61.29999923706055,63.90999984741211,60.790000915527344,63.900001525878906,63.63078689575195,7413900
2025-09-03,63.95000076293945,64.2699966430664,63.16999816894531,63.95000076293945,63.68057632446289,5778600
2025-09-04,64.0999984741211,64.7699966430664,63.869998931884766,64.27999877929688,64.0091781616211,5551800
2025-09-05,64.0999984741211,64.22000122070312,59.939998626708984,60.15999984741211,59.90654373168945,11597800
2025-09-08,60.83000183105469,61.66999816894531,60.779998779296875,61.11000061035156,60.852542877197266,5544900
2025-09-09,60.86000061035156,62.439998626708984,60.65999984741211,62.209999084472656,61.94790267944336,4619700
2025-09-10,62.43000030517578,62.95000076293945,62.0,62.5099983215332,62.24663543701172,3824700
2025-09-11,62.529998779296875,63.790000915527344,62.279998779296875,63.34000015258789,63.07314682006836,3946400
2025-09-12,63.29999923706055,64.43000030517578,63.029998779296875,63.70000076293945,63.43162536621094,3396700
2025-09-15,63.81999969482422,64.33000183105469,62.209999084472656,62.25,61.987735748291016,4073800
2025-09-16,62.25,62.720001220703125,61.560001373291016,62.47999954223633,62.216766357421875,4098800
2025-09-17,62.560001373291016,63.09000015258789,61.2599983215332,62.34000015258789,62.077354431152344,5261700
2025-09-18,62.70000076293945,65.54000091552734,62.61000061035156,64.91999816894531,64.64649200439453,6262000
2025-09-19,65.44000244140625,65.47000122070312,64.1500015258789,65.02999877929688,64.75602722167969,8102900
2025-09-22,64.19000244140625,64.76000213623047,63.47999954223633,64.22000122070312,63.949440002441406,4777000
2025-09-23,64.30000305175781,66.11000061035156,64.11000061035156,65.48999786376953,65.21408081054688,5352900
2025-09-24,66.12000274658203,66.3499984741211,64.25,64.45999908447266,64.18842315673828,3783300
2025-09-25,63.5099983215332,65.5,62.86000061035156,64.97000122070312,64.69628143310547,3126800
2025-09-26,65.58000183105469,66.31999969482422,65.0999984741211,66.12000274658203,65.84143829345703,3881100
2025-09-29,66.80000305175781,68.83000183105469,66.62000274658203,68.80000305175781,68.51013946533203,5912500
2025-09-30,68.69999694824219,70.2699966430664,67.87000274658203,68.80999755859375,68.52009582519531,4920000
2025-10-01,67.86000061035156,70.48999786376953,67.05000305175781,68.77999877929688,68.49022674560547,7265500
2025-10-02,69.4800033569336,71.62999725341797,69.19000244140625,70.94999694824219,70.65107727050781,5379200
2025-10-03,71.7699966430664,71.77999877929688,69.54000091552734,70.36000061035156,70.06356048583984,3740600
2025-10-06,70.97000122070312,71.44000244140625,69.5199966430664,69.61000061035156,69.31673431396484,3723400
2025-10-07,70.12999725341797,70.41000366210938,68.55999755859375,69.3499984741211,69.05782318115234,3242100
2025-10-08,70.0,72.30000305175781,69.3499984741211,72.05000305175781,71.74644470214844,4341000
2025-10-09,71.63999938964844,72.72000122070312,71.44999694824219,72.62000274658203,72.31404876708984,3013900
2025-10-10,72.48999786376953,73.3499984741211,68.80000305175781,69.01000213623047,68.7192611694336,5043700
2025-10-13,70.77999877929688,70.94000244140625,69.76000213623047,70.5199966430664,70.22288513183594,2899200
2025-10-14,69.31999969482422,71.13999938964844,68.11000061035156,69.36000061035156,69.06778717041016,4746700
2025-10-15,70.62999725341797,70.95999908447266,68.79000091552734,69.7699966430664,69.47604370117188,4912500
2025-10-16,70.80999755859375,71.08999633789062,67.87999725341797,68.5199966430664,68.23131561279297,10050100
2025-10-17,66.69000244140625,69.0199966430664,65.20999908447266,66.2300033569336,65.95097351074219,9231400
2025-10-20,67.37999725341797,68.33000183105469,66.04000091552734,66.94000244140625,66.6579818725586,5249700
2025-10-21,66.75,67.58999633789062,65.87999725341797,66.2699966430664,65.99079895019531,3765400
2025-10-22,66.55999755859375,66.94999694824219,64.1500015258789,64.7699966430664,64.49710845947266,5747000
2025-10-23,65.02999877929688,67.95999908447266,65.01000213623047,67.16999816894531,66.88700866699219,8459300
2025-10-24,68.16000366210938,69.48999786376953,67.77999877929688,68.75,68.46034240722656,4238500
2025-10-27,69.94000244140625,70.26000213623047,69.1500015258789,69.48999786376953,69.19721984863281,3154500
2025-10-28,70.0,70.0,68.56999969482422,68.6500015258789,68.36077117919922,2595300
2025-10-29,68.70999908447266,69.62999725341797,68.13999938964844,69.19000244140625,68.89850616455078,2903400
2025-10-30,68.66000366210938,70.55999755859375,68.31999969482422,68.51000213623047,68.22136688232422,3071200
2025-10-31,69.02999877929688,70.9000015258789,68.27999877929688,70.36000061035156,70.06356048583984,3834500
2025-11-03,70.88999938964844,73.2699966430664,70.16000366210938,73.08000183105469,72.77210998535156,6430500
2025-11-04,70.91000366210938,72.08999633789062,69.30000305175781,70.69000244140625,70.39218139648438,4801700
2025-11-05,71.19999694824219,72.19000244140625,70.05000305175781,71.62000274658203,71.3182601928711,2769000
2025-11-06,71.05000305175781,71.2300033569336,68.72000122070312,69.86000061035156,69.56568145751953,3574600
2025-11-07,69.01000213623047,70.8499984741211,67.5999984741211,70.54000091552734,70.24281311035156,4294900
2025-11-10,71.83999633789062,72.30000305175781,70.37999725341797,71.12999725341797,70.830322265625,3255200
2025-11-11,70.48999786376953,71.48999786376953,70.48999786376953,70.87000274658203,70.57141876220703,2780400
2025-11-12,71.38999938964844,72.9800033569336,71.0,72.69999694824219,72.39370727539062,4300200
2025-11-13,72.5199966430664,72.5199966430664,66.73999786376953,67.04000091552734,66.75756072998047,6274100
2025-11-14,65.41000366210938,67.2300033569336,64.41999816894531,66.02999877929688,65.7518081665039,5337100
2025-11-17,65.76000213623047,66.4800033569336,62.959999084472656,63.40999984741211,63.14284896850586,4918000
2025-11-18,62.720001220703125,64.26000213623047,62.09000015258789,63.27000045776367,63.00343704223633,4146700
2025-11-19,63.52000045776367,64.95999908447266,63.43000030517578,64.55999755859375,64.28800201416016,3073600
2025-11-20,66.25,67.33000183105469,61.27000045776367,61.560001373291016,61.30064392089844,5978600
2025-11-21,61.540000915527344,61.75,58.95000076293945,61.04999923706055,60.792789459228516,6901300
2025-11-24,61.52000045776367,62.709999084472656,61.15999984741211,62.43000030517578,62.1669807434082,4423000
2025-11-25,62.34000015258789,63.459999084472656,61.029998779296875,63.16999816894531,62.90385818481445,3034900
2025-11-26,63.90999984741211,64.69000244140625,63.470001220703125,64.19000244140625,63.9195671081543,3547700
2025-11-28,65.0,65.27999877929688,64.41000366210938,65.0199966430664,64.74606323242188,2725000
2025-12-01,64.2300033569336,65.33000183105469,62.150001525878906,63.540000915527344,63.35024642944336,5982500
2025-12-02,64.2300033569336,64.30000305175781,63.150001525878906,63.59000015258789,63.40009689331055,5651000
2025-12-03,63.77000045776367,65.08999633789062,63.59000015258789,64.95999908447266,64.76600646972656,2400100
2025-12-04,64.98999786376953,66.19000244140625,64.83000183105469,65.94999694824219,65.7530517578125,3100500
2025-12-05,65.75,66.05000305175781,64.4000015258789,64.5,64.30738067626953,3154500
2025-12-08,64.6500015258789,65.87000274658203,64.19999694824219,65.80999755859375,65.61346435546875,2583500
2025-12-09,65.4800033569336,66.25,65.23999786376953,65.55999755859375,65.36421203613281,3147500
2025-12-10,65.75,67.12999725341797,65.37999725341797,66.66999816894531,66.47089385986328,3101600
2025-12-11,66.13999938964844,66.62000274658203,64.80000305175781,66.05999755859375,65.86272430419922,4002300
2025-12-12,66.0,66.0,62.58000183105469,64.1500015258789,63.95842742919922,5181100
2025-12-15,64.54000091552734,64.55000305175781,62.65999984741211,62.869998931884766,62.6822509765625,4701400
2025-12-16,62.869998931884766,63.29999923706055,62.310001373291016,63.060001373291016,62.871681213378906,3552300
2025-12-17,63.5,64.69999694824219,62.099998474121094,62.45000076293945,62.26350402832031,3907100
2025-12-18,63.689998626708984,64.0,62.54999923706055,62.939998626708984,62.752037048339844,3709200
2025-12-19,63.25,64.72000122070312,63.25,64.26000213623047,64.06809997558594,4757900
2025-12-22,65.2699966430664,65.91999816894531,64.4000015258789,65.80000305175781,65.60350036621094,3119400
2025-12-23,65.80000305175781,66.33999633789062,65.45999908447266,65.95999908447266,65.76302337646484,3085400
2025-12-24,65.83999633789062,66.12999725341797,65.47000122070312,65.9800033569336,65.78296661376953,1344500
2025-12-26,65.9800033569336,66.23999786376953,65.69999694824219,66.16000366210938,65.96243286132812,1918300
2025-12-29,65.69999694824219,65.80000305175781,64.9000015258789,65.3499984741211,65.15484619140625,2442200
2025-12-30,65.6500015258789,66.4000015258789,64.87999725341797,65.0,64.8058853149414,2106700
2025-12-31,65.04000091552734,65.19000244140625,64.23999786376953,64.30999755859375,64.11795043945312,2300800
2026-01-02,65.41000366210938,67.55999755859375,65.05000305175781,67.2300033569336,67.02922821044922,4881600
2026-01-05,67.94999694824219,71.69000244140625,67.8499984741211,71.56999969482422,71.35626983642578,5283100
2026-01-06,71.94000244140625,72.95999908447266,71.2699966430664,72.87999725341797,72.662353515625,4603800
2026-01-07,72.33999633789062,72.72000122070312,71.23999786376953,71.33999633789062,71.12694549560547,4163200
2026-01-08,71.33000183105469,71.54000091552734,69.54000091552734,70.16000366210938,69.95047760009766,4124100
2026-01-09,70.80000305175781,71.26000213623047,69.9800033569336,70.47000122070312,70.25955200195312,3796900
2026-01-12,70.37999725341797,71.44000244140625,70.0999984741211,70.79000091552734,70.57860565185547,2831400
2026-01-13,71.0,71.58999633789062,69.97000122070312,70.58999633789062,70.37919616699219,3637300
2026-01-14,70.37999725341797,71.4000015258789,69.33000183105469,71.3499984741211,71.13692474365234,5180500
2026-01-15,71.9000015258789,75.63999938964844,71.9000015258789,73.68000030517578,73.45996856689453,6760400
2026-01-16,74.05000305175781,74.06999969482422,72.05999755859375,73.36000061035156,73.14092254638672,4127400
2026-01-20,72.0,73.02999877929688,70.79000091552734,71.51000213623047,71.29644775390625,9304900
2026-01-21,72.0,76.97000122070312,70.88999938964844,75.80000305175781,75.57363891601562,10541600
2026-01-22,77.12000274658203,77.7699966430664,76.27999877929688,77.20999908447266,76.97942352294922,5989500
2026-01-23,76.91000366210938,78.55999755859375,76.91000366210938,77.58000183105469,77.34832000732422,8053400
2026-01-26,77.37000274658203,78.80000305175781,75.29000091552734,75.3499984741211,75.12496948242188,6292800
2026-01-27,75.41999816894531,76.01000213623047,74.51000213623047,75.4800033569336,75.25459289550781,4948800
2026-01-28,75.93000030517578,76.37999725341797,74.69999694824219,75.44999694824219,75.22467803955078,4695700
2026-01-29,76.44000244140625,77.55000305175781,73.52999877929688,75.66000366210938,75.4340591430664,3984800
2026-01-30,75.05000305175781,76.08999633789062,74.48999786376953,74.87999725341797,74.65637969970703,3412800
2026-02-02,74.69000244140625,77.9800033569336,73.0999984741211,75.2699966430664,75.04521942138672,6897600
2026-02-03,76.5199966430664,76.70999908447266,73.80000305175781,74.93000030517578,74.70623016357422,5481700
2026-02-04,74.94999694824219,75.05000305175781,71.70999908447266,73.44000244140625,73.22068786621094,8126300
2026-02-05,71.61000061035156,72.33000183105469,69.01000213623047,69.48999786376953,69.282470703125,8775700
2026-02-06,71.88999938964844,74.86000061035156,71.0,74.58999633789062,74.36724090576172,4891400
2026-02-09,74.72000122070312,78.62000274658203,74.3499984741211,78.41999816894531,78.1858139038086,3909300
2026-02-10,77.87999725341797,79.18000030517578,76.05999755859375,77.19999694824219,76.96945190429688,5564600
2026-02-11,77.62999725341797,77.8499984741211,74.80000305175781,76.3499984741211,76.12199401855469,3569200
2026-02-12,76.66000366210938,77.66999816894531,72.23999786376953,73.05999755859375,72.8418197631836,6887600
2026-02-13,73.0,75.26000213623047,71.51000213623047,74.75,74.52677917480469,4385100
2026-02-17,73.8499984741211,74.1500015258789,71.55000305175781,73.29000091552734,73.07112884521484,5587200
2026-02-18,73.47000122070312,75.48999786376953,73.29000091552734,74.9000015258789,74.67633056640625,4592200
2026-02-19,73.94000244140625,74.2300033569336,72.80999755859375,73.98999786376953,73.76904296875,2459500
2026-02-20,73.63999938964844,74.75,73.16000366210938,74.4000015258789,74.17781829833984,2766800
2026-02-23,73.94000244140625,74.63999938964844,70.6500015258789,71.54000091552734,71.32636260986328,3814100
2026-02-24,71.05000305175781,72.77999877929688,70.1500015258789,71.91999816894531,71.7052230834961,3447100
2026-02-25,73.11000061035156,73.75,72.4000015258789,73.6500015258789,73.4300537109375,2898900
2026-02-26,73.68000030517578,74.58999633789062,72.33000183105469,74.55999755859375,74.33733367919922,3705500
2026-02-27,72.66000366210938,73.05000305175781,69.6500015258789,71.19000244140625,71.05364227294922,6182100
2026-03-02,69.22000122070312,73.37999725341797,68.56999969482422,71.66999816894531,71.53271484375,5363800
2026-03-03,68.97000122070312,70.37999725341797,67.52999877929688,69.4000015258789,69.2670669555664,6824400
2026-03-04,70.5999984741211,71.06999969482422,68.44000244140625,69.1500015258789,69.01754760742188,4587300
2026-03-05,68.47000122070312,69.38999938964844,66.68000030517578,68.05000305175781,67.9196548461914,4681300
2026-03-06,66.30000305175781,67.41999816894531,65.2699966430664,66.69999694824219,66.57223510742188,5378700
2026-03-09,65.33999633789062,67.5,63.4900016784668,67.48999786376953,67.36072540283203,4969300
2026-03-10,67.68000030517578,69.98999786376953,66.68000030517578,68.5,68.36878967285156,4928600
2026-03-11,68.2300033569336,69.04000091552734,67.04000091552734,68.38999938964844,68.25900268554688,3177400
2026-03-12,66.80999755859375,67.29000091552734,65.88999938964844,66.91999816894531,66.79181671142578,3988200
2026-03-13,67.23999786376953,68.16999816894531,65.87000274658203,66.19000244140625,66.06321716308594,3384300
2026-03-16,67.25,69.30999755859375,67.06999969482422,68.27999877929688,68.14921569824219,4185200
2026-03-17,68.91000366210938,69.93000030517578,68.31999969482422,68.62999725341797,68.49854278564453,2742200
2026-03-18,68.5,69.48999786376953,68.23999786376953,68.44999694824219,68.31888580322266,4464700
2026-03-19,67.4800033569336,68.19999694824219,66.91999816894531,67.69000244140625,67.56034851074219,5189400
2026-03-20,67.68000030517578,67.91999816894531,65.0,65.47000122070312,65.34459686279297,8997200
2026-03-23,67.30000305175781,69.31999969482422,66.80999755859375,67.83999633789062,67.71005249023438,7274300
2026-03-24,66.9000015258789,67.62000274658203,64.48999786376953,66.12000274658203,65.99335479736328,7816600
2026-03-25,67.1500015258789,69.81999969482422,66.94000244140625,68.68000030517578,68.54845428466797,5456600
2026-03-26,68.08999633789062,68.80000305175781,65.69000244140625,66.19999694824219,66.07319641113281,3518600
2026-03-27,65.5,66.1500015258789,64.04000091552734,64.19999694824219,64.0770263671875,3882200
2026-03-30,64.69999694824219,65.25,63.02000045776367,63.689998626708984,63.56800842285156,4263200
2026-03-31,64.80000305175781,67.37000274658203,64.30000305175781,67.06999969482422,66.94153594970703,4618900
2026-04-01,68.37999725341797,70.0,67.79000091552734,67.91000366210938,67.7799301147461,5917500
2026-04-02,66.12999725341797,68.87999725341797,65.4000015258789,67.73999786376953,67.61024475097656,3054100
2026-04-06,68.08999633789062,68.8499984741211,67.75,68.62000274658203,68.48857116699219,2540100
2026-04-07,68.05999755859375,68.30000305175781,66.72000122070312,68.11000061035156,67.97953796386719,3579400
2026-04-08,72.63999938964844,73.4800033569336,71.1500015258789,72.30999755859375,72.17149353027344,5096000
2026-04-09,71.76000213623047,73.08999633789062,71.54000091552734,71.93000030517578,71.79222106933594,4768800
2026-04-10,72.13999938964844,72.27999877929688,70.12000274658203,71.20999908447266,71.07360076904297,3698500
2026-04-13,70.51000213623047,74.7300033569336,70.51000213623047,74.55000305175781,74.40721130371094,4787200
2026-04-14,76.0,77.25,74.3499984741211,77.0999984741211,76.95231628417969,5621900
2026-04-15,78.38999938964844,79.80999755859375,78.0199966430664,79.69000244140625,79.53736114501953,5019300
2026-04-16,80.19999694824219,80.69000244140625,78.29000091552734,79.37999725341797,79.22795104980469,4544100
2026-04-17,81.44999694824219,82.87999725341797,80.87000274658203,81.70999908447266,81.5534896850586,5487900
2026-04-20,81.19999694824219,81.97000122070312,80.80999755859375,81.25,81.09436798095703,3618500
2026-04-21,81.33999633789062,82.41000366210938,79.20999908447266,79.62000274658203,79.46749877929688,6401900
2026-04-22,78.05999755859375,79.43000030517578,76.69999694824219,78.11000061035156,77.96038818359375,7750800
2026-04-23,77.33000183105469,78.27999877929688,74.62000274658203,75.9000015258789,75.75462341308594,4286700
2026-04-24,76.83000183105469,76.83000183105469,75.31999969482422,76.62000274658203,76.47323608398438,2920100
2026-04-27,76.55000305175781,78.22000122070312,76.44999694824219,77.58999633789062,77.44137573242188,3599200
2026-04-28,76.91000366210938,77.91999816894531,76.33999633789062,77.48999786376953,77.34156799316406,3839200
2026-04-29,77.0,77.44000244140625,75.68000030517578,77.05000305175781,76.90241241455078,5307100
2026-04-30,76.87999725341797,80.0,76.5,79.5,79.34772491455078,5489000
2026-05-01,79.75,81.06999969482422,78.91999816894531,80.45999908447266,80.3058853149414,4058800
2026-05-04,80.98999786376953,82.23999786376953,80.45999908447266,81.72000122070312,81.5634765625,3417200
2026-05-05,82.56999969482422,84.62999725341797,82.45999908447266,83.91000366210938,83.74928283691406,4761700
2026-05-06,85.37000274658203,87.33999633789062,85.37000274658203,87.04000091552734,86.87328338623047,3943100
2026-05-07,86.87000274658203,87.37000274658203,83.52999877929688,83.70999908447266,83.5496597290039,5150300
2026-05-08,84.58000183105469,85.19999694824219,83.5,84.41999816894531,84.25830078125,3595300
2026-05-11,84.27999877929688,85.80000305175781,83.37999725341797,84.91000366210938,84.74736785888672,3100900
2026-05-12,84.22000122070312,84.69000244140625,82.68000030517578,84.58999633789062,84.42796325683594,5248000
2026-05-13,83.87999725341797,86.02999877929688,83.0999984741211,85.12000274658203,84.95696258544922,3143900
2026-05-14,85.37000274658203,88.44000244140625,85.30999755859375,88.27999877929688,88.11090087890625,3728700
2026-05-15,87.06999969482422,87.80999755859375,85.98999786376953,87.0,86.83335876464844,3908000
2026-05-18,86.75,87.98999786376953,85.0999984741211,86.12000274658203,85.95504760742188,4261600
2026-05-19,84.66000366210938,84.87000274658203,82.80000305175781,83.44999694824219,83.29015350341797,7139200
2026-05-20,84.0,85.43000030517578,83.20999908447266,83.79000091552734,83.62950134277344,6230000
2026-05-21,83.16999816894531,84.52999877929688,82.75,83.83000183105469,83.66943359375,4839000
2026-05-22,84.1500015258789,84.86000061035156,81.0999984741211,81.3499984741211,81.19418334960938,8381300
2026-05-26,82.36000061035156,84.29000091552734,82.2699966430664,82.88999938964844,82.73123168945312,4281100
2026-05-27,82.63999938964844,82.63999938964844,79.72000122070312,80.94999694824219,80.7949447631836,6127700
2026-05-28,80.5199966430664,83.44000244140625,79.12000274658203,83.11000061035156,82.95081329345703,9785000
2026-05-29,83.19999694824219,87.18000030517578,82.75,86.97000122070312,86.80341339111328,7288600
2026-06-01,86.0999984741211,91.0199966430664,85.0199966430664,88.69000244140625,88.60977935791016,6862500
2026-06-02,88.94999694824219,90.5,88.37000274658203,88.72000122070312,88.63975524902344,6537900
2026-06-03,88.06999969482422,89.02999877929688,86.91000366210938,87.1500015258789,87.07117462158203,5419900
2026-06-04,86.11000061035156,87.43000030517578,83.11000061035156,87.05999755859375,86.98125457763672,7079400
2026-06-05,86.1500015258789,86.2300033569336,83.4000015258789,84.4000015258789,84.32366180419922,4274400
2026-06-08,85.77999877929688,87.83000183105469,85.23999786376953,87.3499984741211,87.27098846435547,4689100
2026-06-09,88.33999633789062,88.52999877929688,83.12000274658203,86.33000183105469,86.25191497802734,4428100
2026-06-10,85.27999877929688,88.30000305175781,84.6500015258789,85.41999816894531,85.34273529052734,4259700
2026-06-11,86.58999633789062,88.9000015258789,85.06999969482422,88.83000183105469,88.7496566772461,3697600
2026-06-12,90.44999694824219,93.0999984741211,89.94999694824219,90.80999755859375,90.72785949707031,4181500
2026-06-15,94.68000030517578,94.7300033569336,92.62000274658203,92.76000213623047,92.67610168457031,3530200
2026-06-16,93.01000213623047,94.05000305175781,92.01000213623047,93.0999984741211,93.01579284667969,3989500
2026-06-17,93.5199966430664,96.75,93.41000366210938,95.08999633789062,95.00399017333984,5280100
2026-06-18,96.80000305175781,97.80999755859375,95.30000305175781,96.0,95.91316986083984,7511200
2026-06-22,96.79000091552734,97.83999633789062,96.04000091552734,96.81999969482422,96.73242950439453,4203000
2026-06-23,92.69999694824219,96.58999633789062,92.33000183105469,94.69999694824219,94.61434173583984,6269300
2026-06-24,93.69999694824219,95.26000213623047,92.16000366210938,92.79000091552734,92.70606994628906,3518800
2026-06-25,94.44999694824219,95.27999877929688,91.79000091552734,92.16000366210938,92.07664489746094,3086000
2026-06-26,91.44999694824219,91.7300033569336,89.55999755859375,89.81999969482422,89.73875427246094,5910100
2026-06-29,90.33999633789062,90.51000213623047,87.66999816894531,88.19999694824219,88.1202163696289,4774300
2026-06-30,88.0,90.12000274658203,86.66000366210938,87.04000091552734,86.96127319335938,5511300
2026-07-01,88.02999877929688,95.56999969482422,87.56999969482422,93.25,93.16565704345703,7441700
2026-07-02,93.25,96.70999908447266,89.51000213623047,91.33000183105469,91.24739074707031,6587600
2026-07-06,91.98999786376953,96.08999633789062,91.69000244140625,95.98999786376953,95.9031753540039,4531600
2026-07-07,94.43000030517578,96.48999786376953,91.81999969482422,94.56999969482422,94.48445892333984,4783200
2026-07-08,92.79000091552734,94.11000061035156,92.19000244140625,93.4000015258789,93.31552124023438,3444200
2026-07-09,94.81999969482422,96.72000122070312,93.93000030517578,95.27999877929688,95.19381713867188,2679400
2026-07-10,96.4000015258789,97.4000015258789,93.58999633789062,94.08999633789062,94.00489044189453,2399500
2026-07-13,93.20999908447266,94.80000305175781,92.41000366210938,93.55999755859375,93.47537231445312,3390800
2026-07-14,94.16000366210938,96.3499984741211,94.1500015258789,95.61000061035156,95.52352142333984,3094500
2026-07-15,96.88999938964844,97.7699966430664,95.56999969482422,97.41000366210938,97.3218994140625,3486300
2026-07-16,96.19999694824219,96.72000122070312,91.58000183105469,92.20999908447266,92.12659454345703,3996200
2026-07-17,89.5999984741211,92.02999877929688,87.87000274658203,90.52999877929688,90.44811248779297,4448200
2026-07-20,91.55999755859375,93.45999908447266,91.30999755859375,91.68000030517578,91.59707641601562,3740300
2026-07-21,93.48999786376953,95.55000305175781,93.29000091552734,94.41999816894531,94.3345947265625,5121900
2026-07-22,93.5999984741211,95.55000305175781,92.18000030517578,93.5,93.4154281616211,5850600
2026-07-23,90.76000213623047,91.87000274658203,89.61000061035156,91.76000213623047,91.677001953125,4396900
2026-07-24,91.80000305175781,92.44999694824219,89.5,91.73999786376953,91.65702056884766,3890500
2026-07-27,92.9000015258789,94.26000213623047,89.69000244140625,92.2699966430664,92.18653869628906,4662300
2026-07-28,90.04000091552734,91.20999908447266,88.33000183105469,90.91000366210938,90.82777404785156,4928500
2026-07-29,89.88999938964844,90.45999908447266,85.5999984741211,86.26000213623047,86.18197631835938,7226900
2026-07-30,88.19999694824219,90.68000030517578,86.81999969482422,90.4800033569336,90.39816284179688,5018500
2026-07-31,91.80000305175781,91.80000305175781,87.94999694824219,87.98999786376953,87.91040802001953,4373900
2026-08-03,87.02999877929688,88.2300033569336,85.9000015258789,87.75,87.6706314086914,5184700
2026-08-04,88.69000244140625,89.4800033569336,86.91999816894531,88.62999725341797,88.5498275756836,4670900
2026-08-05,89.58999633789062,90.91999816894531,88.66999816894531,88.73999786376953,88.65972900390625,4890700
2026-08-06,88.13999938964844,89.13999938964844,85.69000244140625,86.0199966430664,85.94219207763672,7292600
2026-08-07,86.56999969482422,87.97000122070312,85.37000274658203,87.83000183105469,87.75055694580078,7785100
2026-08-10,88.0,91.77999877929688,88.0,90.66000366210938,90.5780029296875,5866900
2026-08-11,91.12000274658203,91.6500015258789,89.5199966430664,89.77999877929688,89.69879150390625,3472600
2026-08-12,91.1500015258789,92.76000213623047,90.83999633789062,91.66000366210938,91.57709503173828,3040100
2026-08-13,92.0,92.72000122070312,91.33999633789062,91.41999816894531,91.33731079101562,2579800
2026-08-14,91.41000366210938,92.41999816894531,90.12000274658203,92.05999755859375,91.97673034667969,2199400
2026-08-17,92.2300033569336,94.5999984741211,91.58999633789062,94.33000183105469,94.24468231201172,4632700
2026-08-18,93.0,93.2300033569336,90.41999816894531,90.55999755859375,90.47808837890625,2616900
2026-08-19,90.98999786376953,91.43000030517578,88.91999816894531,90.54000091552734,90.4581069946289,3224300
2026-08-20,91.41000366210938,91.70999908447266,89.66999816894531,89.8499984741211,89.76873016357422,3476300
2026-08-21,90.80000305175781,94.22000122070312,90.30999755859375,93.87000274658203,93.78509521484375,5760300
2026-08-24,93.86000061035156,94.77999877929688,92.48999786376953,93.05000305175781,92.96583557128906,4300800
2026-08-25,93.55000305175781,98.75,92.80000305175781,98.19000244140625,98.10118865966797,5217700
2026-08-26,97.62999725341797,97.77999877929688,94.80999755859375,97.0199966430664,96.93224334716797,3044000
2026-08-27,96.87999725341797,97.33999633789062,95.76000213623047,96.55000305175781,96.46267700195312,5154900
2026-08-28,96.61000061035156,97.72000122070312,95.45999908447266,95.83999633789062,95.75331115722656,2236400
2026-08-31,95.5,97.88999938964844,94.43000030517578,97.29000091552734,97.2020034790039,3560400
2026-09-01,94.62999725341797,94.9000015258789,90.02999877929688,90.38999938964844,90.38999938964844,5134400
2026-09-02,90.0,91.3499984741211,88.52999877929688,89.12000274658203,89.12000274658203,4383100
