Price,Open,High,Low,Close,Adj Close,Volume
Ticker,MRK,MRK,MRK,MRK,MRK,MRK
Date,,,,,,
2021-09-20,71.16000366210938,72.61000061035156,71.12000274658203,71.93000030517578,61.72883224487305,15989400
2021-09-21,72.4800033569336,72.68000030517578,71.7699966430664,71.97000122070312,61.76314926147461,11995900
2021-09-22,72.33000183105469,72.41000366210938,71.86000061035156,72.04000091552734,61.82322311401367,9028700
2021-09-23,72.68000030517578,74.04000091552734,72.56999969482422,73.05000305175781,62.689979553222656,12813500
2021-09-24,73.58999633789062,74.62999725341797,73.3499984741211,73.61000061035156,63.170562744140625,14714700
2021-09-27,73.51000213623047,74.2699966430664,73.33999633789062,73.36000061035156,62.956016540527344,8630600
2021-09-28,73.55000305175781,73.81999969482422,72.66000366210938,73.31999969482422,62.92167663574219,11836200
2021-09-29,73.61000061035156,75.69999694824219,73.58000183105469,75.08999633789062,64.44066619873047,16054500
2021-09-30,75.58000183105469,76.6500015258789,75.0999984741211,75.11000061035156,64.45783996582031,16248600
2021-10-01,81.55999755859375,84.33999633789062,80.62999725341797,81.4000015258789,69.85578918457031,102497300
2021-10-04,84.16999816894531,84.55999755859375,82.41999816894531,83.0999984741211,71.31468200683594,53553300
2021-10-05,82.77999877929688,83.38999938964844,81.30000305175781,81.5999984741211,70.02739715576172,28977800
2021-10-06,81.5,81.68000030517578,80.1500015258789,80.66000366210938,69.22071075439453,17608000
2021-10-07,81.54000091552734,82.66999816894531,81.02999877929688,81.94000244140625,70.3191909790039,14190500
2021-10-08,81.66999816894531,81.80000305175781,80.52999877929688,80.62999725341797,69.19497680664062,12121100
2021-10-11,81.63999938964844,81.63999938964844,79.87000274658203,79.93000030517578,68.59424591064453,11279700
2021-10-12,80.18000030517578,80.18000030517578,79.25,79.58999633789062,68.30247497558594,10945000
2021-10-13,79.58999633789062,79.66000366210938,78.77999877929688,78.94999694824219,67.75323486328125,9462600
2021-10-14,78.97000122070312,79.66999816894531,77.9800033569336,78.33000183105469,67.22116088867188,14607900
2021-10-15,78.19999694824219,79.05999755859375,77.9800033569336,78.33000183105469,67.22116088867188,12866800
2021-10-18,78.73999786376953,78.73999786376953,77.11000061035156,77.1500015258789,66.20851135253906,13075500
2021-10-19,78.7300033569336,79.5199966430664,78.11000061035156,79.48999786376953,68.21665954589844,15577100
2021-10-20,79.31999969482422,81.25,79.30999755859375,81.06999969482422,69.57257080078125,11465500
2021-10-21,81.11000061035156,81.26000213623047,80.27999877929688,81.16999816894531,69.65839385986328,9893600
2021-10-22,81.1500015258789,81.4800033569336,80.87999725341797,81.1500015258789,69.64122009277344,7543600
2021-10-25,81.02999877929688,81.72000122070312,79.94999694824219,81.66000366210938,70.07891082763672,9365900
2021-10-26,81.9000015258789,82.36000061035156,81.70999908447266,82.25,70.58523559570312,9352500
2021-10-27,82.4800033569336,82.4800033569336,81.30000305175781,81.54000091552734,69.97591400146484,8465400
2021-10-28,83.37999725341797,86.86000061035156,83.16999816894531,86.55000305175781,74.27540588378906,28854700
2021-10-29,86.48999786376953,88.45999908447266,86.16999816894531,88.05000305175781,75.56268310546875,18678600
2021-11-01,88.05000305175781,88.62999725341797,87.29000091552734,87.83999633789062,75.38246154785156,10943900
2021-11-02,88.2300033569336,90.41999816894531,87.4800033569336,89.0199966430664,76.39509582519531,14671400
2021-11-03,88.7699966430664,89.41999816894531,88.20999908447266,88.68000030517578,76.10332489013672,10883900
2021-11-04,90.37000274658203,91.4000015258789,89.2699966430664,90.54000091552734,77.69952392578125,19519800
2021-11-05,82.29000091552734,84.0,81.3499984741211,81.61000061035156,70.03599548339844,37623900
2021-11-08,80.41000366210938,82.87999725341797,79.87999725341797,82.68000030517578,70.95426177978516,18655700
2021-11-09,83.62000274658203,83.70999908447266,81.91000366210938,82.72000122070312,70.98856353759766,10512000
2021-11-10,83.30999755859375,84.0199966430664,82.69999694824219,84.01000213623047,72.09563446044922,9855900
2021-11-11,83.91999816894531,84.26000213623047,83.52999877929688,84.0199966430664,72.10420227050781,5761500
2021-11-12,83.83999633789062,84.19999694824219,83.05000305175781,84.0,72.08705139160156,8206700
2021-11-15,84.1500015258789,84.18000030517578,83.4000015258789,83.69000244140625,71.82101440429688,7108200
2021-11-16,83.66999816894531,84.69000244140625,83.25,84.11000061035156,72.18144989013672,10565200
2021-11-17,84.37000274658203,84.66999816894531,82.58999633789062,82.5999984741211,70.88558197021484,10286300
2021-11-18,82.30000305175781,83.13999938964844,82.0199966430664,83.05000305175781,71.27177429199219,9833600
2021-11-19,82.37000274658203,82.75,80.62000274658203,80.69999694824219,69.2550277709961,17581100
2021-11-22,81.0,82.06999969482422,80.54000091552734,81.63999938964844,70.06173706054688,10880200
2021-11-23,81.48999786376953,83.58999633789062,81.33999633789062,82.80000305175781,71.05724334716797,12130800
2021-11-24,82.80000305175781,82.9000015258789,81.95999908447266,82.27999877929688,70.61096954345703,8537000
2021-11-26,78.7300033569336,79.93000030517578,77.11000061035156,79.16000366210938,67.93345642089844,18022000
2021-11-29,76.41999816894531,77.5,74.0,74.88999938964844,64.26901245117188,34192400
2021-11-30,74.75,75.02999877929688,73.83999633789062,74.91000366210938,64.28620147705078,30179900
2021-12-01,75.52999877929688,76.91000366210938,74.38999938964844,74.44000244140625,63.88285827636719,21435900
2021-12-02,74.37999725341797,74.77999877929688,73.30000305175781,73.88999938964844,63.41086196899414,15345300
2021-12-03,74.08999633789062,74.25,72.66000366210938,73.33999633789062,62.93885803222656,14508900
2021-12-06,73.30000305175781,73.8499984741211,72.80000305175781,73.41999816894531,63.00749969482422,13506800
2021-12-07,72.02999877929688,72.72000122070312,71.5,72.27999877929688,62.02919006347656,17635100
2021-12-08,72.54000091552734,73.41000366210938,72.08000183105469,73.20999908447266,62.82728958129883,14331400
2021-12-09,73.44000244140625,73.55999755859375,72.69000244140625,72.86000061035156,62.52692794799805,11938000
2021-12-10,73.12000274658203,73.2300033569336,72.25,72.62000274658203,62.32096862792969,11398800
2021-12-13,72.37000274658203,73.44999694824219,71.97000122070312,73.41999816894531,63.00749969482422,17486100
2021-12-14,72.36000061035156,74.04000091552734,72.16000366210938,73.72000122070312,63.86516189575195,18949700
2021-12-15,73.70999908447266,75.38999938964844,73.70999908447266,75.29000091552734,65.22531127929688,14263400
2021-12-16,75.5,76.52999877929688,75.2699966430664,75.91000366210938,65.76239776611328,16601700
2021-12-17,76.55999755859375,77.73999786376953,75.5,75.69000244140625,65.57183074951172,28040600
2021-12-20,75.69999694824219,76.5,74.94999694824219,76.41000366210938,66.1955795288086,11818800
2021-12-21,76.25,76.27999877929688,74.88999938964844,75.54000091552734,65.44187927246094,14947800
2021-12-22,75.44000244140625,76.55999755859375,75.12999725341797,76.16000366210938,65.97899627685547,9256000
2021-12-23,76.30000305175781,76.30000305175781,75.3499984741211,75.7300033569336,65.60647583007812,9894900
2021-12-27,76.0,76.61000061035156,75.7699966430664,76.56999969482422,66.33419036865234,6334700
2021-12-28,76.68000030517578,77.13999938964844,76.20999908447266,76.80999755859375,66.5420913696289,5727100
2021-12-29,76.80000305175781,77.18000030517578,76.47000122070312,76.94999694824219,66.66337585449219,5926100
2021-12-30,77.12000274658203,77.61000061035156,76.97000122070312,77.13999938964844,66.82799530029297,5859100
2021-12-31,77.13999938964844,77.55000305175781,76.62000274658203,76.63999938964844,66.39483642578125,6019500
2022-01-03,76.58000183105469,76.94000244140625,75.3499984741211,76.87000274658203,66.59407043457031,9441200
2022-01-04,76.4000015258789,77.2699966430664,75.88999938964844,77.01000213623047,66.7153549194336,11981700
2022-01-05,77.26000213623047,79.80999755859375,77.26000213623047,78.87999725341797,68.33536529541016,17447900
2022-01-06,78.79000091552734,79.58000183105469,77.94999694824219,78.83000183105469,68.29206848144531,11359200
2022-01-07,78.86000061035156,80.52999877929688,78.45999908447266,80.30000305175781,69.5655746459961,15212000
2022-01-10,80.54000091552734,82.44999694824219,79.66999816894531,82.37000274658203,71.35883331298828,19636800
2022-01-11,82.41999816894531,82.55999755859375,80.6500015258789,81.66999816894531,70.7524185180664,11585100
2022-01-12,81.08000183105469,81.41999816894531,80.66999816894531,81.19999694824219,70.34523010253906,13057000
2022-01-13,80.93000030517578,81.72000122070312,80.33000183105469,81.31999969482422,70.44920349121094,9678100
2022-01-14,81.5999984741211,81.8499984741211,80.7699966430664,81.37999725341797,70.50119018554688,9478000
2022-01-18,81.0999984741211,82.16000366210938,80.80999755859375,81.54000091552734,70.63978576660156,14493100
2022-01-19,80.9800033569336,81.9800033569336,80.4800033569336,81.29000091552734,70.4232177734375,11448200
2022-01-20,80.7300033569336,81.86000061035156,80.5199966430664,80.75,69.95539855957031,12069600
2022-01-21,81.2699966430664,81.5199966430664,79.23999786376953,79.9800033569336,69.288330078125,18461700
2022-01-24,79.7699966430664,80.11000061035156,76.6500015258789,78.83000183105469,68.29206848144531,17289000
2022-01-25,78.41999816894531,79.77999877929688,77.77999877929688,79.45999908447266,68.83784484863281,13662400
2022-01-26,79.38999938964844,80.33999633789062,78.7300033569336,79.13999938964844,68.56063079833984,13046600
2022-01-27,78.41999816894531,81.5999984741211,78.41999816894531,80.58000183105469,69.80811309814453,20187200
2022-01-28,79.54000091552734,80.98999786376953,79.18000030517578,80.9000015258789,70.08536529541016,13915300
2022-01-31,81.0199966430664,81.72000122070312,80.80000305175781,81.4800033569336,70.58782196044922,13035000
2022-02-01,81.95999908447266,82.12000274658203,81.08000183105469,81.91999816894531,70.968994140625,10803300
2022-02-02,81.80000305175781,82.30000305175781,81.26000213623047,82.01000213623047,71.04695892333984,13988200
2022-02-03,81.6500015258789,81.80000305175781,78.4000015258789,79.01000213623047,68.447998046875,19181400
2022-02-04,78.51000213623047,79.55000305175781,78.19999694824219,78.55999755859375,68.05815887451172,10716200
2022-02-07,78.79000091552734,78.91999816894531,77.44000244140625,77.58000183105469,67.20914459228516,23615300
2022-02-08,77.0999984741211,77.33000183105469,75.81999969482422,76.91000366210938,66.62874603271484,17486500
2022-02-09,77.16999816894531,77.33000183105469,76.41000366210938,76.52999877929688,66.29951477050781,15183100
2022-02-10,76.36000061035156,76.7699966430664,75.93000030517578,76.55999755859375,66.32552337646484,12437600
2022-02-11,76.4000015258789,77.9000015258789,76.16999816894531,76.63999938964844,66.39483642578125,9342300
2022-02-14,76.62999725341797,76.69999694824219,75.11000061035156,76.47000122070312,66.24755859375,9881100
2022-02-15,77.51000213623047,78.19000244140625,77.31999969482422,77.80999755859375,67.40840911865234,11425600
2022-02-16,77.19999694824219,77.80000305175781,76.93000030517578,77.22000122070312,66.89730072021484,9981300
2022-02-17,76.8499984741211,76.93000030517578,76.0,76.36000061035156,66.15225982666016,8889300
2022-02-18,76.31999969482422,76.86000061035156,75.88999938964844,76.37000274658203,66.1609115600586,8780500
2022-02-22,76.45999908447266,76.86000061035156,75.61000061035156,75.94999694824219,65.79706573486328,9052500
2022-02-23,76.19000244140625,76.44000244140625,75.62000274658203,75.83999633789062,65.70177459716797,9659100
2022-02-24,75.0999984741211,75.31999969482422,72.87999725341797,73.51000213623047,63.68323516845703,21135600
2022-02-25,74.19999694824219,77.29000091552734,74.16999816894531,76.31999969482422,66.11759185791016,13665900
2022-02-28,75.83000183105469,76.76000213623047,74.77999877929688,76.58000183105469,66.34284973144531,14126100
2022-03-01,76.5,77.76000213623047,75.94999694824219,76.33999633789062,66.13493347167969,9807300
2022-03-02,76.30999755859375,77.22000122070312,76.05999755859375,76.66999816894531,66.42081451416016,9697500
2022-03-03,76.7699966430664,77.54000091552734,76.41000366210938,77.1500015258789,66.8366470336914,8191100
2022-03-04,76.68000030517578,77.86000061035156,76.0199966430664,77.83000183105469,67.42574310302734,12216300
2022-03-07,77.01000213623047,78.29000091552734,76.08000183105469,77.7300033569336,67.33911895751953,14008400
2022-03-08,77.25,78.08999633789062,76.55999755859375,76.94999694824219,66.66337585449219,10184100
2022-03-09,77.62000274658203,78.22000122070312,77.05000305175781,77.79000091552734,67.39108276367188,9746000
2022-03-10,77.62999725341797,78.19999694824219,77.33000183105469,77.88999938964844,67.47772979736328,8972200
2022-03-11,78.31999969482422,79.62999725341797,78.19999694824219,78.26000213623047,67.79825592041016,9424500
2022-03-14,77.9000015258789,78.61000061035156,77.30999755859375,77.77999877929688,67.9818115234375,10085400
2022-03-15,77.68000030517578,79.01000213623047,77.4000015258789,78.63999938964844,68.73346710205078,11403000
2022-03-16,78.95999908447266,79.11000061035156,77.6500015258789,78.12000274658203,68.27898406982422,10944000
2022-03-17,78.1500015258789,79.37000274658203,78.05999755859375,78.94000244140625,68.99568176269531,10279400
2022-03-18,79.18000030517578,79.73999786376953,78.62999725341797,79.11000061035156,69.14425659179688,21064800
2022-03-21,79.66999816894531,80.44999694824219,78.91000366210938,79.05999755859375,69.10054779052734,10478300
2022-03-22,79.2699966430664,79.77999877929688,78.7699966430664,79.30000305175781,69.3103256225586,10016600
2022-03-23,79.30000305175781,80.58000183105469,79.2300033569336,79.7300033569336,69.68616485595703,8470400
2022-03-24,80.04000091552734,80.66999816894531,79.72000122070312,80.41000366210938,70.2804946899414,7605000
2022-03-25,80.58999633789062,81.37999725341797,80.44999694824219,81.33999633789062,71.0933609008789,7125600
2022-03-28,81.37000274658203,81.66999816894531,80.7300033569336,81.20999908447266,70.97970581054688,7071900
2022-03-29,81.66000366210938,81.76000213623047,80.73999786376953,81.56999969482422,71.29437255859375,7398700
2022-03-30,81.83999633789062,82.69999694824219,81.66999816894531,82.4000015258789,72.01980590820312,9326600
2022-03-31,82.9000015258789,83.37999725341797,81.94000244140625,82.05000305175781,71.71390533447266,12466800
2022-04-01,82.19000244140625,83.58000183105469,81.63999938964844,83.5199966430664,72.99871826171875,10086700
2022-04-04,83.5,83.88999938964844,82.7300033569336,83.48999786376953,72.97249603271484,9039600
2022-04-05,83.66000366210938,85.43000030517578,83.51000213623047,83.72000122070312,73.17354583740234,12040900
2022-04-06,84.36000061035156,85.55999755859375,84.12000274658203,84.97000122070312,74.26607513427734,13924300
2022-04-07,85.75,87.11000061035156,84.95999908447266,86.80000305175781,75.86552429199219,13104300
2022-04-08,86.63999938964844,87.83999633789062,86.26000213623047,87.68000030517578,76.63467407226562,11409300
2022-04-11,88.31999969482422,89.4800033569336,86.18000030517578,86.62999725341797,75.71694946289062,14381000
2022-04-12,86.0,86.55000305175781,85.22000122070312,85.62999725341797,74.8429183959961,12543000
2022-04-13,85.80000305175781,86.23999786376953,84.83000183105469,86.12999725341797,75.2799072265625,12743800
2022-04-14,86.12999725341797,87.51000213623047,85.41000366210938,86.91000366210938,75.96168518066406,22096100
2022-04-18,86.41999816894531,87.44999694824219,85.68000030517578,86.06999969482422,75.22749328613281,7995100
2022-04-19,85.97000122070312,86.08999633789062,85.12000274658203,85.79000091552734,74.9827651977539,8494700
2022-04-20,85.5199966430664,86.81999969482422,85.4800033569336,86.45999908447266,75.568359375,8719400
2022-04-21,86.41000366210938,87.2300033569336,85.38999938964844,86.2300033569336,75.3673324584961,8562400
2022-04-22,85.86000061035156,86.13999938964844,84.5,84.58999633789062,73.93392181396484,7914000
2022-04-25,84.58999633789062,85.80999755859375,83.52999877929688,85.44000244140625,74.6768569946289,10573400
2022-04-26,85.76000213623047,86.19999694824219,84.38999938964844,84.4800033569336,73.83778381347656,9009600
2022-04-27,84.30000305175781,85.12999725341797,83.5999984741211,84.41000366210938,73.776611328125,10781300
2022-04-28,85.75,89.37000274658203,85.0,88.58000183105469,77.42129516601562,21092300
2022-04-29,88.66000366210938,90.01000213623047,88.08999633789062,88.69000244140625,77.51744079589844,15914200
2022-05-02,88.72000122070312,88.83999633789062,86.62999725341797,87.6500015258789,76.60843658447266,12124900
2022-05-03,86.98999786376953,88.23999786376953,86.43000030517578,87.0999984741211,76.12774658203125,8425600
2022-05-04,86.56999969482422,88.7699966430664,86.36000061035156,88.5199966430664,77.36886596679688,10763500
2022-05-05,88.41999816894531,88.66000366210938,87.02999877929688,88.01000213623047,76.9231185913086,9548300
2022-05-06,87.73999786376953,88.91999816894531,87.4800033569336,88.38999938964844,77.25524139404297,12227400
2022-05-09,87.5,88.05999755859375,86.91000366210938,87.63999938964844,76.59971618652344,11901500
2022-05-10,88.12000274658203,89.29000091552734,87.2699966430664,87.80999755859375,76.74829864501953,12370800
2022-05-11,87.41999816894531,90.80999755859375,87.41999816894531,89.19000244140625,77.9544677734375,16338600
2022-05-12,89.8499984741211,90.8499984741211,88.36000061035156,90.83000183105469,79.38787841796875,14210200
2022-05-13,90.69999694824219,91.05000305175781,89.26000213623047,90.41000366210938,79.02078247070312,10308100
2022-05-16,90.79000091552734,92.87000274658203,90.68000030517578,92.31999969482422,80.6901626586914,13999000
2022-05-17,92.30999755859375,94.55999755859375,91.51000213623047,93.0,81.28450012207031,17582800
2022-05-18,92.55999755859375,93.16000366210938,91.7699966430664,92.0999984741211,80.49787139892578,12717600
2022-05-19,91.25,92.61000061035156,90.87999725341797,92.08999633789062,80.4891357421875,11121600
2022-05-20,92.44999694824219,94.08000183105469,92.44999694824219,93.55000305175781,81.76522064208984,11757100
2022-05-23,93.58999633789062,94.91999816894531,93.4000015258789,93.83000183105469,82.00994110107422,9067000
2022-05-24,94.25,94.80000305175781,93.56999969482422,94.63999938964844,82.71788787841797,9021000
2022-05-25,94.36000061035156,94.76000213623047,93.13999938964844,93.75,81.94001770019531,11177700
2022-05-26,94.23999786376953,94.25,91.0,92.30999755859375,80.6814193725586,17249500
2022-05-27,92.27999877929688,93.11000061035156,91.75,93.08000183105469,81.35443878173828,9802000
2022-05-31,91.91000366210938,92.62000274658203,90.87000274658203,92.02999877929688,80.43670654296875,22860800
2022-06-01,91.66999816894531,91.93000030517578,90.04000091552734,91.13999938964844,79.65880584716797,10492500
2022-06-02,91.12999725341797,91.13999938964844,88.73999786376953,90.0,78.66240692138672,11066200
2022-06-03,89.73999786376953,90.68000030517578,89.68000030517578,89.91000366210938,78.58377075195312,7051600
2022-06-06,90.16999816894531,90.66000366210938,89.69000244140625,89.83999633789062,78.52256774902344,8336900
2022-06-07,90.1500015258789,90.81999969482422,89.58000183105469,90.4800033569336,79.08196258544922,10243300
2022-06-08,90.58000183105469,90.6500015258789,89.2699966430664,89.4800033569336,78.20793151855469,10266000
2022-06-09,89.25,89.79000091552734,87.91999816894531,88.0,76.91434478759766,7381100
2022-06-10,87.16999816894531,88.04000091552734,86.70999908447266,87.18000030517578,76.19764709472656,8861600
2022-06-13,85.70999908447266,86.51000213623047,84.62999725341797,85.0,74.29229736328125,12016100
2022-06-14,84.7699966430664,85.04000091552734,83.87000274658203,84.5,74.459716796875,11226900
2022-06-15,84.55999755859375,85.37000274658203,83.75,84.62999725341797,74.57423400878906,11357100
2022-06-16,83.7699966430664,85.19000244140625,83.05000305175781,84.88999938964844,74.80337524414062,12925200
2022-06-17,84.63999938964844,85.76000213623047,83.38999938964844,84.62000274658203,74.56546020507812,32989100
2022-06-21,86.05000305175781,88.36000061035156,85.2699966430664,88.02999877929688,77.57028198242188,11778600
2022-06-22,88.04000091552734,90.33999633789062,88.02999877929688,89.16000366210938,78.56600189208984,11935400
2022-06-23,90.0,92.1500015258789,89.55999755859375,92.0,81.06856536865234,14718400
2022-06-24,93.25,93.79000091552734,91.69999694824219,93.12999725341797,82.06429290771484,25248400
2022-06-27,93.19999694824219,95.72000122070312,93.05000305175781,94.41000366210938,83.19219970703125,11949000
2022-06-28,94.11000061035156,94.33000183105469,91.47000122070312,91.88999938964844,80.97163391113281,13523300
2022-06-29,92.30999755859375,92.9800033569336,91.88999938964844,92.51000213623047,81.5179672241211,8657100
2022-06-30,91.6500015258789,92.9000015258789,90.91000366210938,91.16999816894531,80.33717346191406,18551400
2022-07-01,91.30000305175781,92.48999786376953,90.38999938964844,92.41999816894531,81.43865203857422,11413800
2022-07-05,92.44000244140625,92.94999694824219,90.52999877929688,92.63999938964844,81.63251495361328,9574400
2022-07-06,93.30999755859375,94.51000213623047,92.69999694824219,93.12999725341797,82.06429290771484,10455300
2022-07-07,92.94000244140625,93.94999694824219,92.55000305175781,93.01000213623047,81.95856475830078,8140100
2022-07-08,92.91000366210938,93.81999969482422,92.41000366210938,92.77999877929688,81.75587463378906,7161500
2022-07-11,92.87999725341797,94.77999877929688,92.83000183105469,94.30000305175781,83.09528350830078,9507700
2022-07-12,93.77999877929688,94.23999786376953,93.13999938964844,93.5999984741211,82.47843933105469,7826500
2022-07-13,93.58999633789062,94.36000061035156,93.0199966430664,93.7699966430664,82.62825012207031,6415600
2022-07-14,92.55000305175781,94.05999755859375,92.05999755859375,93.87999725341797,82.72516632080078,6271000
2022-07-15,94.8499984741211,95.3499984741211,94.37000274658203,94.95999908447266,83.67686462402344,9731900
2022-07-18,94.9000015258789,95.0999984741211,91.91999816894531,92.33999633789062,81.3681640625,8653700
2022-07-19,93.1500015258789,93.38999938964844,92.12000274658203,92.36000061035156,81.38578033447266,8233600
2022-07-20,92.36000061035156,92.43000030517578,89.22000122070312,89.6500015258789,78.9977798461914,11844000
2022-07-21,89.1500015258789,90.41000366210938,88.91000366210938,90.13999938964844,79.4295654296875,8197000
2022-07-22,90.11000061035156,90.44999694824219,89.45999908447266,90.11000061035156,79.40312194824219,6354500
2022-07-25,90.19999694824219,90.7300033569336,89.75,90.52999877929688,79.77323913574219,6364500
2022-07-26,91.4000015258789,91.94999694824219,90.5999984741211,91.29000091552734,80.44290924072266,6414100
2022-07-27,90.5,91.37000274658203,90.01000213623047,91.2300033569336,80.39005279541016,6966300
2022-07-28,91.04000091552734,91.12999725341797,87.41999816894531,89.94000244140625,79.25334930419922,13909800
2022-07-29,90.08000183105469,91.08000183105469,88.27999877929688,89.33999633789062,78.72462463378906,14938600
2022-08-01,89.33999633789062,90.0199966430664,88.3499984741211,88.52999877929688,78.0108642578125,7343300
2022-08-02,89.05999755859375,89.58999633789062,87.55000305175781,87.61000061035156,77.20018768310547,7443000
2022-08-03,87.25,88.0199966430664,86.76000213623047,87.62000274658203,77.20899963378906,8187600
2022-08-04,87.80999755859375,87.88999938964844,86.63999938964844,86.81999969482422,76.50405883789062,7993800
2022-08-05,86.52999877929688,87.52999877929688,86.0199966430664,87.41000366210938,77.02395629882812,8801200
2022-08-08,87.30000305175781,88.77999877929688,86.91999816894531,88.48999786376953,77.97561645507812,8149400
2022-08-09,88.75,90.23999786376953,86.80999755859375,89.5199966430664,78.88323211669922,13215500
2022-08-10,90.02999877929688,90.12999725341797,88.19000244140625,89.19000244140625,78.59243774414062,8140200
2022-08-11,87.80999755859375,89.81999969482422,87.36000061035156,88.93000030517578,78.36333465576172,7396800
2022-08-12,88.98999786376953,91.02999877929688,88.94999694824219,91.0199966430664,80.20500183105469,12317300
2022-08-15,90.83000183105469,90.83999633789062,89.88999938964844,90.5999984741211,79.83489227294922,6339800
2022-08-16,89.95999908447266,90.9000015258789,89.87000274658203,90.58999633789062,79.82610321044922,5661200
2022-08-17,90.33999633789062,91.88999938964844,90.30000305175781,91.04000091552734,80.22262573242188,6486000
2022-08-18,91.5,91.83999633789062,90.52999877929688,91.4000015258789,80.53985595703125,6111600
2022-08-19,91.55000305175781,93.0199966430664,91.52999877929688,92.08000183105469,81.1390609741211,8828700
2022-08-22,91.80999755859375,92.22000122070312,91.01000213623047,91.16000366210938,80.32836151123047,6652100
2022-08-23,90.87999725341797,90.98999786376953,89.72000122070312,90.19999694824219,79.48242950439453,5208800
2022-08-24,90.19999694824219,90.31999969482422,89.54000091552734,90.01000213623047,79.31501007080078,5553300
2022-08-25,90.51000213623047,90.51000213623047,89.06999969482422,90.2699966430664,79.54410552978516,5884300
2022-08-26,90.27999877929688,90.73999786376953,89.08999633789062,89.26000213623047,78.65412902832031,5695300
2022-08-29,88.83000183105469,89.0,87.55999755859375,87.58999633789062,77.18255615234375,7850200
2022-08-30,87.47000122070312,87.56999969482422,86.58000183105469,86.87999725341797,76.55691528320312,6754000
2022-08-31,87.04000091552734,87.12999725341797,85.16000366210938,85.36000061035156,75.21751403808594,11602000
2022-09-01,85.63999938964844,87.45999908447266,85.36000061035156,87.1500015258789,76.79485321044922,7528600
2022-09-02,87.23999786376953,87.77999877929688,85.87999725341797,86.2300033569336,75.9841537475586,6997500
2022-09-06,86.58000183105469,87.2699966430664,86.16000366210938,86.41999816894531,76.15155792236328,8244300
2022-09-07,86.55999755859375,87.0,85.06999969482422,86.87000274658203,76.548095703125,6121700
2022-09-08,86.5,87.44999694824219,86.12999725341797,87.41999816894531,77.03275299072266,8109200
2022-09-09,87.58999633789062,88.16999816894531,87.2699966430664,87.33999633789062,76.9622802734375,7480100
2022-09-12,88.12999725341797,89.16999816894531,87.81999969482422,88.16000366210938,77.684814453125,6351500
2022-09-13,87.31999969482422,87.61000061035156,86.11000061035156,86.27999877929688,76.02820587158203,7650000
2022-09-14,87.0,87.63999938964844,86.37999725341797,86.94999694824219,77.23626708984375,9418700
2022-09-15,87.1500015258789,87.43000030517578,86.19999694824219,86.75,77.05863189697266,8006800
2022-09-16,86.5999984741211,87.87000274658203,86.4000015258789,87.72000122070312,77.92024993896484,14842500
2022-09-19,86.8499984741211,86.94000244140625,85.63999938964844,86.63999938964844,76.96090698242188,7748600
2022-09-20,86.06999969482422,86.44999694824219,85.58999633789062,86.0,76.39241790771484,5454800
2022-09-21,86.25,86.5,84.5199966430664,84.52999877929688,75.08663177490234,7190800
2022-09-22,84.55000305175781,88.1500015258789,84.55000305175781,87.51000213623047,77.73372650146484,12329700
2022-09-23,87.4000015258789,88.01000213623047,86.08999633789062,86.77999877929688,77.08526611328125,9038500
2022-09-26,86.12000274658203,86.70999908447266,85.29000091552734,86.18000030517578,76.55229187011719,8841000
2022-09-27,86.81999969482422,87.62999725341797,85.66999816894531,85.83999633789062,76.25028228759766,6532100
2022-09-28,86.98999786376953,87.25,86.19999694824219,86.77999877929688,77.08526611328125,6840000
2022-09-29,87.0,87.41999816894531,86.2300033569336,86.63999938964844,76.96090698242188,6601300
2022-09-30,87.25,87.62000274658203,86.0999984741211,86.12000274658203,76.4990005493164,9035600
2022-10-03,86.72000122070312,87.9000015258789,86.0199966430664,87.55000305175781,77.76925659179688,9186900
2022-10-04,87.54000091552734,88.6500015258789,87.0,88.38999938964844,78.5154037475586,7373000
2022-10-05,88.58000183105469,88.77999877929688,88.0199966430664,88.38999938964844,78.5154037475586,6065700
2022-10-06,87.76000213623047,88.01000213623047,87.2300033569336,87.44000244140625,77.6715316772461,8055500
2022-10-07,87.87999725341797,88.30000305175781,87.12000274658203,87.5999984741211,77.81365966796875,8837400
2022-10-10,89.93000030517578,91.58999633789062,89.70999908447266,90.4800033569336,80.37191772460938,14485000
2022-10-11,90.43000030517578,91.9800033569336,90.19999694824219,91.05000305175781,80.87823486328125,9743500
2022-10-12,91.25,91.72000122070312,90.37000274658203,90.41999816894531,80.31861877441406,8522200
2022-10-13,89.5,92.72000122070312,89.2699966430664,92.48999786376953,82.1573715209961,9382800
2022-10-14,92.2699966430664,93.36000061035156,91.73999786376953,92.18000030517578,81.88198852539062,9847600
2022-10-17,92.83999633789062,94.37000274658203,92.44999694824219,94.12000274658203,83.60527038574219,12139700
2022-10-18,94.41999816894531,95.31999969482422,94.0199966430664,94.61000061035156,84.04052734375,9530400
2022-10-19,94.91000366210938,94.91000366210938,93.0999984741211,93.26000213623047,82.84136199951172,8546100
2022-10-20,93.19999694824219,93.4000015258789,92.36000061035156,92.94000244140625,82.55709075927734,7626000
2022-10-21,92.83999633789062,95.95999908447266,92.63999938964844,95.66999816894531,84.98210906982422,10297200
2022-10-24,96.44999694824219,98.41999816894531,96.2699966430664,97.37000274658203,86.49217987060547,11414900
2022-10-25,96.86000061035156,98.29000091552734,96.3499984741211,97.70999908447266,86.7942123413086,8747900
2022-10-26,98.29000091552734,99.27999877929688,98.0,98.41000366210938,87.4159927368164,10374700
2022-10-27,99.83999633789062,101.5,99.5,99.73999786376953,88.59741973876953,12218400
2022-10-28,100.23999786376953,101.13999938964844,98.55000305175781,100.7699966430664,89.51237487792969,11228000
2022-10-31,99.94999694824219,101.36000061035156,99.30999755859375,101.19999694824219,89.89432525634766,11043800
2022-11-01,100.6500015258789,101.06999969482422,98.94999694824219,99.76000213623047,88.61519622802734,11079300
2022-11-02,99.6500015258789,101.02999877929688,98.9800033569336,99.4000015258789,88.29541015625,9503500
2022-11-03,99.0,99.23999786376953,98.0,98.75,87.718017578125,9912700
2022-11-04,99.0,99.37999725341797,97.95999908447266,99.19999694824219,88.11774444580078,8877600
2022-11-07,98.5,100.36000061035156,97.66999816894531,100.06999969482422,88.89057159423828,8644500
2022-11-08,100.06999969482422,101.97000122070312,99.52999877929688,101.5,90.16080474853516,8503900
2022-11-09,101.30000305175781,103.76000213623047,101.27999877929688,101.58999633789062,90.24075317382812,10602900
2022-11-10,102.69999694824219,102.80999755859375,100.5999984741211,101.88999938964844,90.5072250366211,9556000
2022-11-11,100.52999877929688,100.80999755859375,97.33000183105469,97.95999908447266,87.01628112792969,13342800
2022-11-14,98.69999694824219,101.69000244140625,98.69999694824219,100.3499984741211,89.1392822265625,8958200
2022-11-15,100.4000015258789,100.73999786376953,98.70999908447266,99.5999984741211,88.47306060791016,7965900
2022-11-16,99.58000183105469,100.80000305175781,99.48999786376953,99.93000030517578,88.76619720458984,8757700
2022-11-17,100.41000366210938,102.3499984741211,100.2699966430664,102.30999755859375,90.88031768798828,8496800
2022-11-18,102.62999725341797,104.5999984741211,102.62999725341797,104.2300033569336,92.5858154296875,11626300
2022-11-21,105.0,105.87000274658203,104.2300033569336,105.61000061035156,93.8116455078125,8899300
2022-11-22,106.12999725341797,107.0999984741211,106.05000305175781,106.9000015258789,94.95752716064453,8295700
2022-11-23,106.75,107.30000305175781,106.30000305175781,106.81999969482422,94.88646697998047,5749600
2022-11-25,106.55999755859375,107.5,106.55999755859375,107.5,95.4905014038086,3163700
2022-11-28,107.12999725341797,108.9000015258789,107.12999725341797,108.44999694824219,96.3343734741211,9524500
2022-11-29,108.0,109.05999755859375,107.55000305175781,108.83999633789062,96.68080139160156,9352400
2022-11-30,108.69999694824219,110.33000183105469,107.62999725341797,110.12000274658203,97.81782531738281,20305800
2022-12-01,109.75,110.9800033569336,108.7699966430664,109.80000305175781,97.53356170654297,10110500
2022-12-02,109.0,110.08999633789062,108.70999908447266,110.04000091552734,97.74674224853516,6943600
2022-12-05,109.80999755859375,110.2300033569336,109.20999908447266,110.01000213623047,97.72010040283203,6961900
2022-12-06,110.36000061035156,110.76000213623047,108.41999816894531,108.93000030517578,96.76074981689453,7458700
2022-12-07,109.1500015258789,110.70999908447266,109.0,110.08999633789062,97.79116821289062,8270400
2022-12-08,110.27999877929688,111.0199966430664,110.12000274658203,110.8499984741211,98.46626281738281,7354800
2022-12-09,110.9800033569336,111.37000274658203,108.75,108.77999877929688,96.62750244140625,9667800
2022-12-12,107.93000030517578,109.0999984741211,107.31999969482422,108.97000122070312,96.79627990722656,10956600
2022-12-13,111.26000213623047,111.26000213623047,109.0,110.91000366210938,98.51956176757812,15836900
2022-12-14,110.5199966430664,112.16999816894531,110.04000091552734,111.55000305175781,99.74455261230469,10788300
2022-12-15,110.23999786376953,110.7699966430664,109.2300033569336,109.62999725341797,98.02775573730469,9871400
2022-12-16,109.23999786376953,109.69999694824219,108.2699966430664,109.19999694824219,97.64326477050781,29465900
2022-12-19,109.19000244140625,110.0999984741211,108.7699966430664,109.44000244140625,97.85787200927734,6949500
2022-12-20,109.94000244140625,110.66000366210938,109.16000366210938,109.70999908447266,98.09928894042969,8022000
2022-12-21,110.0999984741211,111.19000244140625,109.54000091552734,111.11000061035156,99.35113525390625,6640900
2022-12-22,110.9000015258789,111.69000244140625,110.20999908447266,111.23999786376953,99.46736907958984,8373700
2022-12-23,111.25,112.12999725341797,110.87000274658203,111.86000061035156,100.02176666259766,4547400
2022-12-27,112.41000366210938,112.58999633789062,111.52999877929688,112.12000274658203,100.25424194335938,5125800
2022-12-28,112.88999938964844,112.88999938964844,111.05999755859375,111.08000183105469,99.32430267333984,5107800
2022-12-29,111.38999938964844,111.69999694824219,110.75,110.81999969482422,99.09182739257812,4467200
2022-12-30,111.2300033569336,111.41999816894531,110.12000274658203,110.94999694824219,99.20807647705078,5498600
2023-01-03,110.41000366210938,111.19999694824219,109.48999786376953,111.13999938964844,99.37797546386719,8062500
2023-01-04,112.31999969482422,112.61000061035156,111.23999786376953,112.08000183105469,100.2184829711914,8698600
2023-01-05,111.58999633789062,113.91000366210938,111.41999816894531,113.63999938964844,101.61338806152344,9578900
2023-01-06,114.31999969482422,115.48999786376953,114.05000305175781,114.83999633789062,102.6863784790039,8632300
2023-01-09,114.87999725341797,114.93000030517578,109.94000244140625,110.37999725341797,98.69837188720703,12858800
2023-01-10,110.55999755859375,112.01000213623047,109.87999725341797,110.80999755859375,99.08287811279297,12122800
2023-01-11,109.33999633789062,111.30999755859375,108.75,111.06999969482422,99.31536865234375,8626500
2023-01-12,110.91999816894531,112.0999984741211,110.02999877929688,111.7699966430664,99.9412841796875,8914800
2023-01-13,111.19999694824219,112.44000244140625,110.94999694824219,112.25,100.3704833984375,5757800
2023-01-17,112.02999877929688,112.48999786376953,110.31999969482422,110.44999694824219,98.76097106933594,10241100
2023-01-18,109.91999816894531,110.0999984741211,108.58000183105469,108.79000091552734,97.27666473388672,8799500
2023-01-19,108.44000244140625,110.18000030517578,108.0999984741211,109.9000015258789,98.2691879272461,6772900
2023-01-20,109.37999725341797,109.98999786376953,108.6500015258789,109.94000244140625,98.3049545288086,9216500
2023-01-23,109.93000030517578,110.36000061035156,109.16999816894531,109.87999725341797,98.25130462646484,8998800
2023-01-24,110.0,110.0,106.38999938964844,108.5199966430664,97.03521728515625,7424200
2023-01-25,108.70999908447266,109.93000030517578,108.33000183105469,108.58999633789062,97.09780883789062,6168000
2023-01-26,108.52999877929688,108.55000305175781,105.81999969482422,106.87000274658203,95.55984497070312,9672700
2023-01-27,106.20999908447266,106.68000030517578,105.11000061035156,105.37999725341797,94.22755432128906,7784900
2023-01-30,105.56999969482422,106.5,105.5,106.08999633789062,94.8624038696289,6476600
2023-01-31,106.0999984741211,107.44000244140625,105.9000015258789,107.41000366210938,96.04270935058594,7938900
2023-02-01,106.97000122070312,107.43000030517578,106.08000183105469,106.9800033569336,95.65821075439453,10103200
2023-02-02,104.0199966430664,105.80999755859375,101.75,103.45999908447266,92.51073455810547,16229900
2023-02-03,103.22000122070312,103.79000091552734,102.4800033569336,102.94000244140625,92.04576110839844,11210800
2023-02-06,103.43000030517578,104.62000274658203,102.83999633789062,104.02999877929688,93.0204086303711,9054500
2023-02-07,103.69999694824219,105.93000030517578,103.55999755859375,105.68000030517578,94.49578857421875,7904700
2023-02-08,105.80999755859375,107.5199966430664,105.31999969482422,106.63999938964844,95.35420227050781,8596300
2023-02-09,106.86000061035156,107.83999633789062,106.54000091552734,106.72000122070312,95.42572784423828,7976800
2023-02-10,106.97000122070312,108.7699966430664,106.87000274658203,108.56999969482422,97.07994079589844,7609600
2023-02-13,108.70999908447266,109.56999969482422,108.3499984741211,109.55000305175781,97.95623016357422,7383100
2023-02-14,109.94999694824219,110.0,108.19000244140625,108.73999786376953,97.23194885253906,6983900
2023-02-15,108.52999877929688,108.79000091552734,107.55999755859375,107.68000030517578,96.28413391113281,6416600
2023-02-16,106.81999969482422,107.45999908447266,106.2300033569336,106.51000213623047,95.23797607421875,5959300
2023-02-17,106.33000183105469,109.54000091552734,105.5199966430664,109.5199966430664,97.92940521240234,9474600
2023-02-21,108.9000015258789,109.87999725341797,108.62999725341797,109.06999969482422,97.52702331542969,6741500
2023-02-22,110.20999908447266,110.31999969482422,108.91999816894531,109.16000366210938,97.60749816894531,7213900
2023-02-23,109.26000213623047,111.23999786376953,109.0999984741211,110.58999633789062,98.88616180419922,6922800
2023-02-24,110.08999633789062,110.33000183105469,108.88999938964844,109.88999938964844,98.26023864746094,5787900
2023-02-27,110.02999877929688,110.12999725341797,108.5199966430664,109.36000061035156,97.78633880615234,5654800
2023-02-28,108.83000183105469,108.83999633789062,106.16000366210938,106.23999786376953,94.99652099609375,10209900
2023-03-01,105.95999908447266,107.55000305175781,105.95999908447266,106.6500015258789,95.36314392089844,6099000
2023-03-02,106.62999725341797,107.37000274658203,106.0999984741211,107.01000213623047,95.68504333496094,5097500
2023-03-03,107.37999725341797,107.38999938964844,106.12999725341797,106.87999725341797,95.56879425048828,6124300
2023-03-06,107.66000366210938,111.23999786376953,107.44999694824219,111.0999984741211,99.3421859741211,17776600
2023-03-07,111.7699966430664,112.18000030517578,110.72000122070312,111.2699966430664,99.49420166015625,13805300
2023-03-08,110.93000030517578,111.27999877929688,107.58999633789062,108.27999877929688,96.82063293457031,8440800
2023-03-09,109.30000305175781,109.9000015258789,107.11000061035156,107.5999984741211,96.21260070800781,5842500
2023-03-10,107.44000244140625,110.72000122070312,107.33999633789062,107.69000244140625,96.29307556152344,9738500
2023-03-13,104.47000122070312,108.83999633789062,104.4000015258789,105.7300033569336,94.54051208496094,10687100
2023-03-14,105.44999694824219,107.12999725341797,104.5199966430664,106.97000122070312,96.31427001953125,9806900
2023-03-15,106.4800033569336,108.02999877929688,105.56999969482422,107.62999725341797,96.90851593017578,10942700
2023-03-16,106.5,107.70999908447266,104.2300033569336,107.33999633789062,96.64739990234375,9441500
2023-03-17,107.1500015258789,107.30999755859375,103.48999786376953,104.0999984741211,93.73014831542969,26402100
2023-03-20,104.81999969482422,106.91000366210938,104.81999969482422,105.8499984741211,95.30582427978516,12865800
2023-03-21,106.0,106.43000030517578,104.76000213623047,105.54000091552734,95.0267105102539,11571800
2023-03-22,105.47000122070312,106.0,104.38999938964844,104.4000015258789,94.00025939941406,5705800
2023-03-23,104.0999984741211,104.62999725341797,103.45999908447266,104.2300033569336,93.84721374511719,6801700
2023-03-24,104.08999633789062,105.01000213623047,102.44000244140625,104.80000305175781,94.36042785644531,6661800
2023-03-27,106.08000183105469,107.61000061035156,105.98999786376953,106.93000030517578,96.27825164794922,7563100
2023-03-28,106.61000061035156,107.02999877929688,105.44000244140625,105.52999877929688,95.01771545410156,6679500
2023-03-29,105.62000274658203,105.87000274658203,104.52999877929688,104.91999816894531,94.46846008300781,6310200
2023-03-30,105.12000274658203,106.19999694824219,104.54000091552734,105.91999816894531,95.36885833740234,5017400
2023-03-31,106.2300033569336,106.52999877929688,105.5199966430664,106.38999938964844,95.79203796386719,7184300
2023-04-03,105.94999694824219,109.4800033569336,105.56999969482422,108.87000274658203,98.0250015258789,6964100
2023-04-04,108.69999694824219,109.33999633789062,108.16000366210938,108.83000183105469,97.98896789550781,6108200
2023-04-05,109.91000366210938,112.33999633789062,109.58000183105469,111.91000366210938,100.76216125488281,8006100
2023-04-06,113.0,114.16999816894531,111.63999938964844,112.33000183105469,101.14033508300781,6894500
2023-04-10,112.95999908447266,113.08999633789062,111.16999816894531,112.61000061035156,101.39244079589844,6446500
2023-04-11,112.72000122070312,113.30999755859375,112.31999969482422,112.48999786376953,101.28438568115234,5639800
2023-04-12,112.25,114.30999755859375,111.87999725341797,113.75,102.41886901855469,6136700
2023-04-13,114.97000122070312,115.81999969482422,113.6500015258789,115.58000183105469,104.06658172607422,7332300
2023-04-14,115.73999786376953,116.16999816894531,114.66000366210938,115.30999755859375,103.82347106933594,5005100
2023-04-17,115.69000244140625,116.44999694824219,114.19999694824219,115.01000213623047,103.55335998535156,6575500
2023-04-18,114.4800033569336,115.12000274658203,113.7300033569336,114.83000183105469,103.39129638671875,5454500
2023-04-19,114.48999786376953,115.38999938964844,114.01000213623047,114.12999725341797,102.76101684570312,4683400
2023-04-20,114.18000030517578,114.5199966430664,113.0,114.16999816894531,102.79704284667969,4657900
2023-04-21,114.87000274658203,115.6500015258789,114.58999633789062,115.37000274658203,103.87750244140625,6554600
2023-04-24,115.63999938964844,116.27999877929688,114.7699966430664,115.94000244140625,104.39070129394531,4299100
2023-04-25,116.22000122070312,116.86000061035156,115.91000366210938,116.52999877929688,104.92195129394531,5662800
2023-04-26,115.19999694824219,115.19999694824219,112.72000122070312,113.43000030517578,102.13075256347656,6607900
2023-04-27,114.5999984741211,115.36000061035156,110.66000366210938,115.16000366210938,103.68842315673828,9975200
2023-04-28,114.36000061035156,115.52999877929688,113.45999908447266,115.47000122070312,103.96754455566406,8050400
2023-05-01,115.80000305175781,116.5999984741211,115.2699966430664,116.33999633789062,104.75086975097656,5238900
2023-05-02,116.66999816894531,118.38999938964844,115.80999755859375,117.88999938964844,106.1464614868164,8175600
2023-05-03,118.3499984741211,119.6500015258789,117.93000030517578,118.22000122070312,106.44358825683594,6738600
2023-05-04,118.0,118.0,116.48999786376953,117.37000274658203,105.67829132080078,6490200
2023-05-05,117.37999725341797,117.88999938964844,116.55999755859375,117.68000030517578,105.95738983154297,4534000
2023-05-08,117.08000183105469,118.44000244140625,116.44000244140625,118.37999725341797,106.58765411376953,5157300
2023-05-09,118.25,118.62999725341797,117.33999633789062,117.43000030517578,105.73229217529297,4933100
2023-05-10,117.41000366210938,118.16999816894531,116.41999816894531,117.9000015258789,106.15548706054688,5605400
2023-05-11,117.58000183105469,117.79000091552734,116.37999725341797,117.55000305175781,105.84033203125,5596700
2023-05-12,118.0,118.55000305175781,116.69999694824219,117.13999938964844,105.47117614746094,5233100
2023-05-15,117.13999938964844,117.73999786376953,115.48999786376953,116.37000274658203,104.77788543701172,5697200
2023-05-16,115.87999725341797,116.76000213623047,115.29000091552734,116.08000183105469,104.51678466796875,4278200
2023-05-17,116.37000274658203,116.66000366210938,113.4800033569336,114.76000213623047,103.3282699584961,7210400
2023-05-18,114.13999938964844,115.06999969482422,113.33000183105469,114.0,102.64397430419922,6437100
2023-05-19,114.33000183105469,116.23999786376953,114.0999984741211,115.48999786376953,103.98553466796875,7647000
2023-05-22,115.4800033569336,117.08000183105469,114.33000183105469,114.48999786376953,103.08515167236328,5607400
2023-05-23,113.97000122070312,114.79000091552734,113.05000305175781,113.2699966430664,101.9866943359375,7733000
2023-05-24,114.11000061035156,114.31999969482422,112.55000305175781,113.5999984741211,102.28382110595703,4509500
2023-05-25,113.5,113.5,111.08999633789062,112.30000305175781,101.11331176757812,7037500
2023-05-26,112.0,113.19000244140625,110.6500015258789,111.06999969482422,100.00584411621094,6378200
2023-05-30,110.12999725341797,110.70999908447266,108.97000122070312,109.16999816894531,98.29510498046875,7768100
2023-05-31,108.47000122070312,111.1500015258789,108.47000122070312,110.41000366210938,99.41158294677734,14563500
2023-06-01,110.66000366210938,111.58999633789062,109.87999725341797,110.93000030517578,99.87979888916016,6959900
2023-06-02,111.11000061035156,112.7300033569336,110.72000122070312,112.5199966430664,101.31139373779297,5792800
2023-06-05,113.0,114.4800033569336,112.91000366210938,113.11000061035156,101.8426284790039,5185500
2023-06-06,113.55000305175781,113.72000122070312,109.27999877929688,110.01000213623047,99.05144500732422,6960200
2023-06-07,109.62999725341797,109.66999816894531,106.87000274658203,108.61000061035156,97.79087829589844,12420500
2023-06-08,108.30999755859375,111.06999969482422,108.0,110.31999969482422,99.33055114746094,8352700
2023-06-09,110.19000244140625,111.51000213623047,109.0199966430664,110.70999908447266,99.68168640136719,6521900
2023-06-12,110.19000244140625,110.98999786376953,108.5999984741211,109.86000061035156,98.91636657714844,7468500
2023-06-13,108.58999633789062,110.63999938964844,108.05000305175781,109.98999786376953,99.03341674804688,7304200
2023-06-14,109.72000122070312,109.93000030517578,108.3499984741211,108.66000366210938,98.48959350585938,6137300
2023-06-15,108.4000015258789,109.9000015258789,108.33999633789062,109.4000015258789,99.16031646728516,7305700
2023-06-16,109.5,110.45999908447266,109.05999755859375,109.31999969482422,99.08780670166016,15844300
2023-06-20,109.08000183105469,110.86000061035156,109.02999877929688,110.2300033569336,99.91264343261719,7744400
2023-06-21,110.11000061035156,111.5199966430664,109.5199966430664,111.16000366210938,100.7555923461914,6854800
2023-06-22,111.5999984741211,113.83999633789062,111.5999984741211,113.72000122070312,103.07598114013672,7884100
2023-06-23,114.16000366210938,114.91000366210938,113.0199966430664,114.5999984741211,103.87360382080078,16407900
2023-06-26,114.44000244140625,114.5999984741211,111.77999877929688,113.08000183105469,102.49588012695312,7685100
2023-06-27,112.83000183105469,113.70999908447266,111.87000274658203,113.31999969482422,102.71341705322266,7093900
2023-06-28,113.44999694824219,113.56999969482422,111.44000244140625,112.44000244140625,101.91577911376953,8173800
2023-06-29,112.25,113.87999725341797,111.80999755859375,113.54000091552734,102.91283416748047,6281800
2023-06-30,113.79000091552734,115.61000061035156,113.43000030517578,115.38999938964844,104.58966064453125,8090600
2023-07-03,114.47000122070312,114.62000274658203,113.52999877929688,114.33000183105469,103.62889099121094,2834600
2023-07-05,114.04000091552734,114.43000030517578,113.41999816894531,113.69999694824219,103.05783081054688,5861500
2023-07-06,112.9000015258789,113.44000244140625,111.70999908447266,111.75,101.29037475585938,7257400
2023-07-07,111.06999969482422,111.5,108.76000213623047,109.0,98.79776000976562,11316600
2023-07-10,109.13999938964844,110.5999984741211,109.0999984741211,109.95999908447266,99.66790771484375,5949200
2023-07-11,109.4800033569336,110.0199966430664,108.25,108.69999694824219,98.52584838867188,6084400
2023-07-12,108.37000274658203,109.05000305175781,107.19000244140625,107.47000122070312,97.41095733642578,8376700
2023-07-13,107.33000183105469,107.91000366210938,106.26000213623047,106.31999969482422,96.36861419677734,9764400
2023-07-14,106.26000213623047,107.68000030517578,106.26000213623047,107.33999633789062,97.29314422607422,7209900
2023-07-17,107.04000091552734,107.44000244140625,105.29000091552734,105.56999969482422,95.68879699707031,7376400
2023-07-18,105.87999725341797,107.02999877929688,105.3499984741211,105.94999694824219,96.0332260131836,7499100
2023-07-19,106.16000366210938,107.37999725341797,105.91000366210938,105.94999694824219,96.0332260131836,6608600
2023-07-20,106.55000305175781,108.94999694824219,106.05999755859375,108.45999908447266,98.30830383300781,8073000
2023-07-21,108.7300033569336,110.62000274658203,108.37999725341797,110.38999938964844,100.05766296386719,8194000
2023-07-24,109.98999786376953,110.33999633789062,108.5,108.79000091552734,98.60742950439453,6045500
2023-07-25,107.63999938964844,108.72000122070312,107.31999969482422,107.52999877929688,97.46536254882812,6498700
2023-07-26,106.80000305175781,108.01000213623047,106.05999755859375,107.13999938964844,97.11184692382812,7042700
2023-07-27,107.23999786376953,107.62000274658203,105.16999816894531,105.2699966430664,95.41688537597656,9813100
2023-07-28,105.43000030517578,106.6500015258789,105.23999786376953,106.33999633789062,96.38671875,6903800
2023-07-31,106.55000305175781,106.7699966430664,105.66999816894531,106.6500015258789,96.66771697998047,7397500
2023-08-01,109.5999984741211,109.5999984741211,105.13999938964844,105.27999877929688,95.42595672607422,10009200
2023-08-02,106.02999877929688,108.13999938964844,104.87999725341797,105.69999694824219,95.80662536621094,10873500
2023-08-03,105.08000183105469,105.77999877929688,104.87000274658203,105.7300033569336,95.8338394165039,6039300
2023-08-04,105.63999938964844,106.41999816894531,104.51000213623047,105.0,95.17215728759766,6700700
2023-08-07,105.29000091552734,106.27999877929688,104.41999816894531,106.08999633789062,96.16011810302734,8259100
2023-08-08,105.69000244140625,107.19000244140625,105.69000244140625,106.41000366210938,96.45018768310547,10152200
2023-08-09,106.2699966430664,106.79000091552734,105.79000091552734,106.0999984741211,96.16920471191406,6479500
2023-08-10,106.20999908447266,107.04000091552734,105.41999816894531,105.56999969482422,95.68879699707031,6525700
2023-08-11,105.94999694824219,107.70999908447266,105.58999633789062,107.44000244140625,97.3837890625,5904300
2023-08-14,107.91999816894531,109.43000030517578,107.30999755859375,108.91000366210938,98.71619415283203,8427200
2023-08-15,108.88999938964844,109.41999816894531,108.41999816894531,108.66000366210938,98.48959350585938,5118700
2023-08-16,108.5,109.47000122070312,108.27999877929688,108.7300033569336,98.55303192138672,5332900
2023-08-17,108.66000366210938,110.27999877929688,108.31999969482422,108.91999816894531,98.72523498535156,6457800
2023-08-18,108.97000122070312,109.5,108.20999908447266,109.19999694824219,98.97904205322266,6711400
2023-08-21,109.08999633789062,110.0,108.94999694824219,109.63999938964844,99.37785339355469,6012500
2023-08-22,109.5999984741211,109.5999984741211,107.19999694824219,107.2300033569336,97.19343566894531,6026000
2023-08-23,109.98999786376953,111.88999938964844,109.81999969482422,111.30000305175781,100.88247680664062,10588200
2023-08-24,110.94999694824219,112.0199966430664,109.08999633789062,109.44999694824219,99.20565032958984,6487700
2023-08-25,109.94000244140625,110.33000183105469,108.9800033569336,110.20999908447266,99.89450073242188,4839100
2023-08-28,110.2300033569336,110.61000061035156,108.6500015258789,108.93000030517578,98.73430633544922,4335600
2023-08-29,109.27999877929688,110.5199966430664,108.93000030517578,109.98999786376953,99.69509887695312,5673100
2023-08-30,110.30000305175781,110.80000305175781,109.72000122070312,110.20999908447266,99.89450073242188,4785000
2023-08-31,110.12000274658203,110.54000091552734,108.88999938964844,108.9800033569336,98.77963256835938,9212000
2023-09-01,109.6500015258789,110.37000274658203,109.25,109.83999633789062,99.55913543701172,4941300
2023-09-05,109.45999908447266,109.72000122070312,107.48999786376953,107.51000213623047,97.44721984863281,6379900
2023-09-06,106.76000213623047,107.0,104.91999816894531,106.48999786376953,96.5226821899414,7926100
2023-09-07,106.91000366210938,108.69000244140625,106.86000061035156,107.94000244140625,97.83698272705078,8532600
2023-09-08,107.54000091552734,109.13999938964844,107.54000091552734,109.05000305175781,98.84308624267578,6807500
2023-09-11,109.33000183105469,109.44000244140625,108.33999633789062,108.5999984741211,98.43519592285156,5069300
2023-09-12,108.41999816894531,109.4800033569336,107.55000305175781,109.0199966430664,98.81587219238281,4605400
2023-09-13,108.9800033569336,109.66999816894531,107.66999816894531,107.80999755859375,97.71913146972656,6761500
2023-09-14,107.69000244140625,108.51000213623047,106.95999908447266,108.23999786376953,98.7777328491211,6872400
2023-09-15,108.12000274658203,108.93000030517578,107.26000213623047,107.5199966430664,98.12068176269531,9639000
2023-09-18,107.7699966430664,107.94000244140625,106.8499984741211,107.81999969482422,98.39445495605469,3911300
2023-09-19,107.6500015258789,108.18000030517578,106.91000366210938,107.36000061035156,97.97467041015625,5818300
2023-09-20,108.20999908447266,108.4000015258789,107.25,107.30999755859375,97.92903137207031,4593600
2023-09-21,107.2699966430664,107.87999725341797,106.41999816894531,106.7300033569336,97.39974212646484,5856600
2023-09-22,107.22000122070312,107.22000122070312,105.95999908447266,106.33999633789062,97.04383087158203,5027200
2023-09-25,106.05000305175781,106.19000244140625,105.11000061035156,105.83999633789062,96.58753204345703,6052200
2023-09-26,105.12000274658203,106.55000305175781,105.11000061035156,105.38999938964844,96.1768798828125,5400500
2023-09-27,105.44999694824219,105.5199966430664,103.30000305175781,103.94000244140625,94.85364532470703,5635500
2023-09-28,104.56999969482422,104.97000122070312,103.77999877929688,104.30000305175781,95.18215942382812,4758800
2023-09-29,104.36000061035156,104.68000030517578,102.70999908447266,102.94999694824219,93.9501953125,7232700
2023-10-02,102.83000183105469,102.83000183105469,101.3499984741211,102.55000305175781,93.58514404296875,7079700
2023-10-03,102.23999786376953,102.44000244140625,100.91999816894531,101.7699966430664,92.87333679199219,5924000
2023-10-04,101.58000183105469,102.43000030517578,101.33000183105469,102.16999816894531,93.23836517333984,6720500
2023-10-05,102.36000061035156,103.70999908447266,102.33999633789062,103.5999984741211,94.5433578491211,6449100
2023-10-06,103.7300033569336,104.43000030517578,102.91999816894531,103.87999725341797,94.79888153076172,6854900
2023-10-09,103.5,105.19000244140625,103.30999755859375,104.5,95.36468505859375,5061100
2023-10-10,104.31999969482422,104.45999908447266,103.16000366210938,103.61000061035156,94.552490234375,7177200
2023-10-11,104.0,104.20999908447266,102.8499984741211,103.45999908447266,94.41559600830078,5375100
2023-10-12,103.5199966430664,103.94999694824219,102.93000030517578,103.58999633789062,94.53424072265625,5124000
2023-10-13,103.61000061035156,104.5199966430664,102.77999877929688,104.01000213623047,94.91751861572266,5787500
2023-10-16,104.19999694824219,105.37000274658203,104.05999755859375,104.13999938964844,95.03614807128906,6473500
2023-10-17,104.0,104.48999786376953,103.1500015258789,104.16999816894531,95.06352996826172,5827200
2023-10-18,104.11000061035156,104.45999908447266,101.91000366210938,101.98999786376953,93.0740966796875,7136400
2023-10-19,101.66000366210938,101.7300033569336,99.13999938964844,100.43000030517578,91.65048217773438,7647600
2023-10-20,99.98999786376953,103.36000061035156,99.98999786376953,102.66999816894531,93.69464874267578,12467500
2023-10-23,102.83000183105469,104.1500015258789,102.66999816894531,103.3499984741211,94.31522369384766,8493000
2023-10-24,103.31999969482422,104.05999755859375,102.68000030517578,103.02999877929688,94.023193359375,6347900
2023-10-25,103.3499984741211,104.61000061035156,102.94999694824219,103.62999725341797,94.57074737548828,7849200
2023-10-26,103.0999984741211,107.2300033569336,102.98999786376953,105.55000305175781,96.32289123535156,11335700
2023-10-27,105.31999969482422,105.56999969482422,102.22000122070312,102.81999969482422,93.83155822753906,8933800
2023-10-30,103.27999877929688,104.5,102.61000061035156,102.68000030517578,93.70378875732422,6915500
2023-10-31,102.7699966430664,103.55000305175781,101.4000015258789,102.69999694824219,93.7220458984375,7522600
2023-11-01,103.55000305175781,104.2300033569336,102.7300033569336,102.8499984741211,93.85891723632812,5838100
2023-11-02,102.73999786376953,103.05999755859375,101.6500015258789,102.8499984741211,93.85891723632812,5379100
2023-11-03,103.37000274658203,104.25,102.77999877929688,103.37999725341797,94.34258270263672,6005900
2023-11-06,104.08000183105469,104.37000274658203,103.13999938964844,104.33999633789062,95.21868133544922,5951200
2023-11-07,104.3499984741211,104.72000122070312,103.7300033569336,104.0,94.90837860107422,6616400
2023-11-08,103.9800033569336,105.16999816894531,103.83999633789062,104.4000015258789,95.27342224121094,8152100
2023-11-09,104.70999908447266,104.70999908447266,102.1500015258789,102.37999725341797,93.43000030517578,7377000
2023-11-10,102.83999633789062,103.36000061035156,100.5999984741211,101.38999938964844,92.52656555175781,7627100
2023-11-13,101.08999633789062,102.55000305175781,100.58000183105469,102.47000122070312,93.51215362548828,5878200
2023-11-14,102.66000366210938,103.22000122070312,101.9000015258789,102.16999816894531,93.23836517333984,6944400
2023-11-15,101.87999725341797,102.16999816894531,100.72000122070312,101.3499984741211,92.49005889892578,7392600
2023-11-16,101.83000183105469,102.05999755859375,101.02999877929688,101.98999786376953,93.0740966796875,7889700
2023-11-17,102.0,102.41999816894531,100.95999908447266,101.75,92.85508728027344,6767000
2023-11-20,100.97000122070312,102.93000030517578,100.88999938964844,102.68000030517578,93.70378875732422,7449900
2023-11-21,103.0,103.62999725341797,101.8499984741211,102.20999908447266,93.27487182617188,7403500
2023-11-22,102.19999694824219,102.68000030517578,101.11000061035156,101.68000030517578,92.79121398925781,5724000
2023-11-24,102.26000213623047,102.51000213623047,101.44000244140625,101.87000274658203,92.96459197998047,3168000
2023-11-27,101.91000366210938,102.1500015258789,100.69999694824219,101.43000030517578,92.56304931640625,7356500
2023-11-28,101.30999755859375,101.3499984741211,100.01000213623047,100.18000030517578,91.4223403930664,8738500
2023-11-29,100.27999877929688,101.16999816894531,99.80000305175781,101.12999725341797,92.2892837524414,10286800
2023-11-30,100.83999633789062,102.69000244140625,100.27999877929688,102.4800033569336,93.52127075195312,29299700
2023-12-01,102.8499984741211,103.68000030517578,102.66000366210938,103.45999908447266,94.41559600830078,6863400
2023-12-04,103.7300033569336,105.37999725341797,103.7300033569336,105.05999755859375,95.875732421875,10169900
2023-12-05,104.91999816894531,106.4000015258789,104.18000030517578,106.2300033569336,96.94344329833984,10789100
2023-12-06,106.25,106.56999969482422,105.43000030517578,105.62999725341797,96.3958969116211,9954800
2023-12-07,105.58999633789062,105.5999984741211,103.7300033569336,103.87999725341797,94.79888153076172,9602200
2023-12-08,103.79000091552734,104.01000213623047,102.6500015258789,103.75,94.68025207519531,7530300
2023-12-11,104.8499984741211,105.47000122070312,103.56999969482422,104.37000274658203,95.24604797363281,7429700
2023-12-12,104.4800033569336,104.79000091552734,103.41999816894531,104.36000061035156,95.23693084716797,7933500
2023-12-13,104.16000366210938,107.11000061035156,103.97000122070312,107.11000061035156,97.74652099609375,10995000
2023-12-14,106.68000030517578,107.20999908447266,105.13999938964844,105.87999725341797,97.32367706298828,10723000
2023-12-15,104.88999938964844,106.2699966430664,104.26000213623047,105.11000061035156,96.61592102050781,26393300
2023-12-18,106.16000366210938,107.20999908447266,105.62999725341797,106.04000091552734,97.47074890136719,12805600
2023-12-19,106.05000305175781,106.66000366210938,105.44000244140625,106.48999786376953,97.8843994140625,8043100
2023-12-20,107.13999938964844,107.13999938964844,105.23999786376953,105.36000061035156,96.84571075439453,8441600
2023-12-21,105.79000091552734,106.61000061035156,105.33999633789062,106.38999938964844,97.79247283935547,5919400
2023-12-22,107.1500015258789,108.05999755859375,106.83999633789062,107.69999694824219,98.9966049194336,6028700
2023-12-26,107.5,108.08999633789062,107.22000122070312,107.62999725341797,98.93225860595703,4727700
2023-12-27,107.30999755859375,108.06999969482422,107.01000213623047,107.9800033569336,99.25399017333984,5387000
2023-12-28,108.30000305175781,109.05999755859375,108.12999725341797,108.7699966430664,99.98014068603516,5530400
2023-12-29,108.98999786376953,109.23999786376953,108.79000091552734,109.0199966430664,100.2099380493164,5889200
2024-01-02,109.16000366210938,113.31999969482422,109.16000366210938,113.23999786376953,104.08891296386719,11920100
2024-01-03,114.2699966430664,115.9000015258789,114.16000366210938,114.7699966430664,105.49526977539062,10721900
2024-01-04,115.91999816894531,117.6500015258789,115.86000061035156,117.01000213623047,107.55426025390625,11492200
2024-01-05,117.0999984741211,117.44999694824219,116.63999938964844,117.22000122070312,107.7472915649414,6861500
2024-01-08,117.58999633789062,117.88999938964844,116.18000030517578,117.37999725341797,107.89436340332031,8193100
2024-01-09,117.51000213623047,119.94000244140625,117.20999908447266,118.43000030517578,108.85951232910156,8822300
2024-01-10,118.19000244140625,119.16999816894531,117.73999786376953,118.86000061035156,109.25475311279297,7129100
2024-01-11,118.80000305175781,118.9000015258789,117.08000183105469,118.43000030517578,108.85951232910156,5754400
2024-01-12,118.06999969482422,118.66999816894531,117.6500015258789,118.62999725341797,109.04335021972656,6823300
2024-01-16,118.48999786376953,119.33999633789062,117.94000244140625,118.48999786376953,108.91465759277344,6832300
2024-01-17,119.18000030517578,119.4000015258789,117.61000061035156,118.12999725341797,108.58374786376953,5591400
2024-01-18,117.6500015258789,118.62000274658203,116.62000274658203,118.54000091552734,108.96062469482422,10524700
2024-01-19,118.20999908447266,119.0199966430664,117.72000122070312,118.88999938964844,109.28234100341797,7605600
2024-01-22,119.04000091552734,119.97000122070312,118.86000061035156,119.43000030517578,109.7786865234375,8786200
2024-01-23,118.13999938964844,119.98999786376953,117.2699966430664,119.83999633789062,110.15556335449219,6501400
2024-01-24,119.69999694824219,119.94999694824219,118.44000244140625,118.87999725341797,109.27313995361328,5859900
2024-01-25,118.66000366210938,120.18000030517578,118.66000366210938,120.12999725341797,110.42212677001953,6689800
2024-01-26,120.51000213623047,121.0199966430664,120.08000183105469,120.81999969482422,111.0563735961914,8300300
2024-01-29,121.3499984741211,121.45999908447266,120.48999786376953,121.27999877929688,111.47918701171875,9138200
2024-01-30,121.27999877929688,121.76000213623047,120.18000030517578,121.66000366210938,111.82848358154297,7469500
2024-01-31,122.52999877929688,122.8499984741211,120.5,120.77999877929688,111.01959991455078,10779000
2024-02-01,123.6500015258789,126.43000030517578,122.7699966430664,126.37999725341797,116.16706085205078,11650700
2024-02-02,126.70999908447266,127.55999755859375,126.11000061035156,126.41000366210938,116.19464111328125,10175600
2024-02-05,126.9800033569336,127.80000305175781,125.69999694824219,126.18000030517578,115.98322296142578,8027700
2024-02-06,126.61000061035156,127.5199966430664,126.06999969482422,126.87999725341797,116.62664794921875,6153000
2024-02-07,126.9000015258789,128.05999755859375,126.5,127.47000122070312,117.1689682006836,6742800
2024-02-08,127.31999969482422,127.4800033569336,125.94999694824219,126.61000061035156,116.37846374511719,6308300
2024-02-09,126.22000122070312,126.69000244140625,125.04000091552734,125.44999694824219,115.31219482421875,7891200
2024-02-12,125.0,125.4800033569336,124.4000015258789,125.33999633789062,115.21110534667969,5257400
2024-02-13,125.9800033569336,126.86000061035156,124.4800033569336,125.43000030517578,115.2938232421875,7273400
2024-02-14,125.61000061035156,126.02999877929688,124.81999969482422,125.81999969482422,115.65231323242188,6622400
2024-02-15,125.97000122070312,127.2300033569336,125.94999694824219,126.54000091552734,116.31412506103516,5756700
2024-02-16,126.5,128.08999633789062,126.16999816894531,127.79000091552734,117.46312713623047,6266800
2024-02-20,128.1300048828125,129.2899932861328,127.20999908447266,127.37000274658203,117.07706451416016,6952800
2024-02-21,127.44000244140625,128.16000366210938,126.80000305175781,128.1199951171875,117.76644134521484,4849200
2024-02-22,128.14999389648438,129.72000122070312,127.6500015258789,129.25999450683594,118.8143310546875,6517400
2024-02-23,129.7899932861328,130.24000549316406,128.86000061035156,129.4499969482422,118.98896789550781,5177400
2024-02-26,129.3800048828125,129.6999969482422,128.47000122070312,128.83999633789062,118.42826843261719,5158400
2024-02-27,128.25999450683594,129.16000366210938,127.80000305175781,129.02999877929688,118.60291290283203,4780200
2024-02-28,129.33999633789062,129.39999389648438,127.69999694824219,128.19000244140625,117.83079528808594,5697200
2024-02-29,128.10000610351562,128.85000610351562,127.05999755859375,127.1500015258789,116.87483978271484,11246100
2024-03-01,126.87000274658203,127.8499984741211,126.41999816894531,126.95999908447266,116.70018768310547,6023400
2024-03-04,124.45999908447266,126.54000091552734,123.29000091552734,124.05000305175781,114.02533721923828,12706200
2024-03-05,124.68000030517578,125.04000091552734,122.38999938964844,122.83000183105469,112.9039306640625,8277800
2024-03-06,122.83999633789062,124.76000213623047,122.51000213623047,123.75,113.74959564208984,8251400
2024-03-07,123.36000061035156,124.52999877929688,122.81999969482422,123.98999786376953,113.97019958496094,8982200
2024-03-08,123.2300033569336,124.04000091552734,122.05999755859375,123.5,113.51979064941406,9822700
2024-03-11,124.6500015258789,124.6500015258789,121.83999633789062,122.7699966430664,112.84878540039062,7769300
2024-03-12,123.0,123.20999908447266,121.43000030517578,122.66000366210938,112.74767303466797,11621800
2024-03-13,123.16000366210938,123.20999908447266,120.80000305175781,122.16000366210938,112.2880859375,9186000
2024-03-14,121.31999969482422,121.31999969482422,119.66000366210938,120.51000213623047,111.47406005859375,10132500
2024-03-15,119.83999633789062,121.94000244140625,119.2300033569336,121.5199966430664,112.40833282470703,46477400
2024-03-18,121.8499984741211,122.51000213623047,121.12999725341797,121.44000244140625,112.3343276977539,8311900
2024-03-19,121.44000244140625,122.26000213623047,120.43000030517578,122.19999694824219,113.03734588623047,11696600
2024-03-20,121.27999877929688,123.91000366210938,120.37999725341797,123.8499984741211,114.5636215209961,9793200
2024-03-21,123.69000244140625,124.19000244140625,123.05999755859375,123.62000274658203,114.35087585449219,8156300
2024-03-22,123.79000091552734,124.48999786376953,123.22000122070312,123.8499984741211,114.5636215209961,7022500
2024-03-25,124.08000183105469,125.58000183105469,123.7699966430664,125.30999755859375,115.91415405273438,7605800
2024-03-26,125.77999877929688,126.08000183105469,124.8499984741211,125.5199966430664,116.10840606689453,8864400
2024-03-27,132.8699951171875,133.10000610351562,130.11000061035156,131.75,121.87126922607422,16061600
2024-03-28,132.0,132.4199981689453,131.0800018310547,131.9499969482422,122.05628204345703,10189700
2024-04-01,131.67999267578125,131.92999267578125,130.11000061035156,130.99000549316406,121.16826629638672,5377600
2024-04-02,130.10000610351562,130.75999450683594,129.27999877929688,130.35000610351562,120.57625579833984,6584200
2024-04-03,130.35000610351562,132.3000030517578,129.42999267578125,129.89999389648438,120.15998840332031,7741400
2024-04-04,130.8300018310547,130.94000244140625,127.33999633789062,127.66000366210938,118.08795928955078,6753200
2024-04-05,127.6500015258789,128.60000610351562,127.0,127.98999786376953,118.39320373535156,5692900
2024-04-08,127.63999938964844,127.91999816894531,125.87999725341797,126.55999755859375,117.07041931152344,6282500
2024-04-09,126.58000183105469,127.0,125.51000213623047,126.70999908447266,117.20918273925781,4696600
2024-04-10,125.86000061035156,127.0,125.05000305175781,126.75,117.24616241455078,5787700
2024-04-11,126.55000305175781,127.13999938964844,125.45999908447266,126.1500015258789,116.69116973876953,6187200
2024-04-12,127.04000091552734,127.11000061035156,125.0999984741211,125.73999786376953,116.3119125366211,7370000
2024-04-15,126.69000244140625,127.81999969482422,125.87000274658203,126.19000244140625,116.7281723022461,6241000
2024-04-16,126.55999755859375,126.80000305175781,125.02999877929688,125.05999755859375,115.68289947509766,5587300
2024-04-17,125.66999816894531,126.19000244140625,124.70999908447266,125.37000274658203,115.96966552734375,6122800
2024-04-18,125.5199966430664,125.5199966430664,124.5,125.2300033569336,115.84015655517578,5992700
2024-04-19,125.6500015258789,126.12000274658203,124.88999938964844,125.77999877929688,116.3488998413086,8404300
2024-04-22,126.70999908447266,128.0800018310547,126.22000122070312,126.94000244140625,117.42193603515625,7805800
2024-04-23,128.10000610351562,128.10000610351562,126.73999786376953,126.87999725341797,117.3664321899414,7744000
2024-04-24,126.81999969482422,127.58999633789062,125.3499984741211,127.0,117.4774398803711,7128300
2024-04-25,129.69000244140625,132.8000030517578,128.75999450683594,130.72000122070312,120.91850280761719,12750100
2024-04-26,130.1300048828125,131.91000366210938,130.1300048828125,131.1999969482422,121.36251068115234,7758200
2024-04-29,131.72000122070312,132.1999969482422,129.3300018310547,130.1199951171875,120.36348724365234,6788000
2024-04-30,130.9199981689453,130.9199981689453,128.97999572753906,129.22000122070312,119.53099060058594,6945000
2024-05-01,128.61000061035156,129.92999267578125,127.80000305175781,128.8000030517578,119.1424789428711,5895700
2024-05-02,129.05999755859375,129.69000244140625,127.98999786376953,128.25999450683594,118.6429443359375,7422500
2024-05-03,128.00999450683594,128.47999572753906,127.18000030517578,127.51000213623047,117.9491958618164,6221900
2024-05-06,127.18000030517578,127.7300033569336,126.76000213623047,127.56999969482422,118.00469207763672,6552000
2024-05-07,127.0999984741211,130.42999267578125,127.06999969482422,130.3800048828125,120.60398864746094,6682300
2024-05-08,130.5800018310547,131.50999450683594,129.3300018310547,129.5500030517578,119.83624267578125,6659100
2024-05-09,128.94000244140625,130.5,128.94000244140625,130.22999572753906,120.46524047851562,9216700
2024-05-10,130.82000732421875,130.8800048828125,129.9499969482422,130.05999755859375,120.30799102783203,5722600
2024-05-13,129.50999450683594,129.7100067138672,128.02000427246094,129.2899932861328,119.59571838378906,7109700
2024-05-14,129.1999969482422,129.1999969482422,128.02999877929688,128.66000366210938,119.01297760009766,6154300
2024-05-15,128.8800048828125,131.97000122070312,128.72000122070312,131.72999572753906,121.85276794433594,7237100
2024-05-16,131.3699951171875,131.77999877929688,130.7899932861328,130.8800048828125,121.0665283203125,5518100
2024-05-17,130.69000244140625,131.32000732421875,129.80999755859375,131.19000244140625,121.35327911376953,8281600
2024-05-20,130.80999755859375,131.74000549316406,130.64999389648438,130.99000549316406,121.16826629638672,4860400
2024-05-21,131.67999267578125,132.7899932861328,130.47999572753906,130.75999450683594,120.95549011230469,6254700
2024-05-22,130.1699981689453,131.60000610351562,130.14999389648438,131.10000610351562,121.27001190185547,4407500
2024-05-23,130.89999389648438,131.9199981689453,130.30999755859375,131.08999633789062,121.26074981689453,6830900
2024-05-24,131.4499969482422,131.4499969482422,129.16000366210938,129.49000549316406,119.78072357177734,5983800
2024-05-28,128.83999633789062,129.0800018310547,125.73999786376953,126.08999633789062,116.63567352294922,10263400
2024-05-29,126.13999938964844,126.44999694824219,125.27999877929688,125.9000015258789,116.45992279052734,8527800
2024-05-30,125.9800033569336,127.8499984741211,122.69999694824219,124.52999877929688,115.19264221191406,13000300
2024-05-31,125.12999725341797,126.61000061035156,124.55000305175781,125.54000091552734,116.12689971923828,18150500
2024-06-03,125.7699966430664,128.9499969482422,125.7699966430664,128.4199981689453,118.79095458984375,7702500
2024-06-04,127.1500015258789,129.36000061035156,126.87999725341797,128.7100067138672,119.05921936035156,6440100
2024-06-05,128.47999572753906,129.94000244140625,128.07000732421875,129.4499969482422,119.74372863769531,5009400
2024-06-06,129.16000366210938,130.92999267578125,128.89999389648438,130.52000427246094,120.73351287841797,8088500
2024-06-07,130.35000610351562,131.3699951171875,130.2100067138672,130.6699981689453,120.87224578857422,4945600
2024-06-10,130.6300048828125,131.67999267578125,129.64999389648438,131.49000549316406,121.63079071044922,6033700
2024-06-11,131.0,132.1699981689453,129.74000549316406,131.83999633789062,121.95450592041016,11453200
2024-06-12,132.6999969482422,132.7100067138672,130.16000366210938,130.1999969482422,120.43750762939453,5822000
2024-06-13,130.02000427246094,130.1199951171875,128.58999633789062,129.3699951171875,119.66972351074219,5004200
2024-06-14,129.16000366210938,129.8699951171875,128.64999389648438,129.47999572753906,119.77147674560547,7338500
2024-06-17,128.2100067138672,128.94000244140625,127.37000274658203,127.5,118.64551544189453,8524000
2024-06-18,128.27000427246094,128.72999572753906,127.08999633789062,127.98999786376953,119.10148620605469,6532400
2024-06-20,127.38999938964844,130.42999267578125,126.75,129.6699981689453,120.6648178100586,10348400
2024-06-21,130.1699981689453,131.1999969482422,129.08999633789062,130.72000122070312,121.64190673828125,17170800
2024-06-24,131.27000427246094,133.30999755859375,130.92999267578125,132.9600067138672,123.72634887695312,8553800
2024-06-25,133.1199951171875,134.6300048828125,132.60000610351562,132.9199981689453,123.68910217285156,6750600
2024-06-26,133.3800048828125,133.42999267578125,131.49000549316406,131.5,122.36772155761719,8492100
2024-06-27,131.99000549316406,132.2899932861328,126.77999877929688,129.82000732421875,120.8044204711914,11927600
2024-06-28,129.5399932861328,130.97000122070312,120.87000274658203,123.80000305175781,115.20247650146484,57055500
2024-07-01,125.37999725341797,129.19000244140625,125.0999984741211,127.9000015258789,119.01773834228516,11533000
2024-07-02,128.2100067138672,128.24000549316406,126.66000366210938,127.72000122070312,118.8502426147461,5645400
2024-07-03,127.69000244140625,127.94000244140625,125.30000305175781,125.8499984741211,117.11009979248047,4002100
2024-07-05,126.52999877929688,126.5999984741211,124.91000366210938,126.44999694824219,117.6684341430664,6786700
2024-07-08,126.80000305175781,127.45999908447266,125.33000183105469,125.77999877929688,117.04496002197266,5743400
2024-07-09,125.23999786376953,126.0999984741211,123.69999694824219,126.04000091552734,117.28691101074219,6339000
2024-07-10,125.87999725341797,127.4800033569336,125.83000183105469,127.30000305175781,118.45940399169922,4588500
2024-07-11,127.61000061035156,129.1199951171875,127.58999633789062,128.97000122070312,120.01343536376953,7048800
2024-07-12,129.39999389648438,129.92999267578125,127.31999969482422,127.76000213623047,118.88745880126953,7022300
2024-07-15,128.0,128.33999633789062,127.19999694824219,128.1199951171875,119.22245025634766,6918500
2024-07-16,127.87000274658203,129.02999877929688,125.19999694824219,125.44000244140625,116.72857666015625,8194400
2024-07-17,125.47000122070312,126.69000244140625,124.55999755859375,125.88999938964844,117.14732360839844,7628000
2024-07-18,125.30000305175781,125.5999984741211,122.37000274658203,124.25,115.62120819091797,9501400
2024-07-19,125.30000305175781,126.98999786376953,125.18000030517578,125.7699966430664,117.03565979003906,6848800
2024-07-22,125.94999694824219,126.48999786376953,125.02999877929688,125.69000244140625,116.96121215820312,4341800
2024-07-23,124.98999786376953,125.62000274658203,124.18000030517578,124.37999725341797,115.7421875,4285400
2024-07-24,124.97000122070312,126.16999816894531,124.68000030517578,125.91999816894531,117.17524719238281,6338500
2024-07-25,126.02999877929688,127.8499984741211,125.70999908447266,125.8499984741211,117.11009979248047,7357100
2024-07-26,127.23999786376953,128.72999572753906,125.05000305175781,125.26000213623047,116.56106567382812,6467000
2024-07-29,125.77999877929688,127.98999786376953,124.91999816894531,127.77999877929688,118.90606689453125,9139500
2024-07-30,123.4800033569336,123.94000244140625,113.91000366210938,115.25,107.2462387084961,35509400
2024-07-31,116.0,117.83999633789062,112.22000122070312,113.12999725341797,105.2734603881836,22733000
2024-08-01,113.12999725341797,114.47000122070312,111.41000366210938,113.81999969482422,105.9155502319336,14117500
2024-08-02,115.16000366210938,117.30000305175781,114.36000061035156,115.19999694824219,107.19970703125,16562300
2024-08-05,114.94999694824219,115.12000274658203,111.33999633789062,112.30999755859375,104.51041412353516,13334000
2024-08-06,112.30000305175781,113.08000183105469,110.91999816894531,111.1500015258789,103.43098449707031,9761900
2024-08-07,111.68000030517578,112.55000305175781,110.72000122070312,112.48999786376953,104.67790222167969,9756500
2024-08-08,112.91999816894531,114.2300033569336,112.56999969482422,113.91999816894531,106.00861358642578,8278200
2024-08-09,113.77999877929688,114.72000122070312,112.87000274658203,114.55000305175781,106.5948486328125,5914100
2024-08-12,114.70999908447266,114.70999908447266,113.11000061035156,113.4800033569336,105.59916687011719,6536000
2024-08-13,113.56999969482422,114.87000274658203,112.83999633789062,114.38999938964844,106.44596862792969,9040300
2024-08-14,113.66000366210938,113.93000030517578,111.51000213623047,113.58000183105469,105.69221496582031,11029400
2024-08-15,114.16999816894531,114.5,112.56999969482422,113.30999755859375,105.44097137451172,9685100
2024-08-16,113.61000061035156,113.72000122070312,112.62000274658203,113.66999816894531,105.77596282958984,10102300
2024-08-19,113.66000366210938,114.5999984741211,113.30999755859375,114.41999816894531,106.47388458251953,6177500
2024-08-20,114.76000213623047,115.30000305175781,114.55000305175781,115.13999938964844,107.14388275146484,5392300
2024-08-21,114.77999877929688,116.5999984741211,114.55000305175781,116.02999877929688,107.97207641601562,8144100
2024-08-22,116.30000305175781,116.72000122070312,115.22000122070312,116.55000305175781,108.45596313476562,8201200
2024-08-23,116.80000305175781,116.80999755859375,115.91999816894531,116.5999984741211,108.50248718261719,8368200
2024-08-26,116.7300033569336,117.9000015258789,116.16000366210938,116.2699966430664,108.1954116821289,6518700
2024-08-27,116.2699966430664,116.62000274658203,115.25,116.5,108.40943145751953,5502600
2024-08-28,116.5999984741211,118.0199966430664,116.23999786376953,117.4000015258789,109.24694061279297,5403200
2024-08-29,117.93000030517578,118.4000015258789,116.79000091552734,117.45999908447266,109.3027572631836,7202500
2024-08-30,117.2699966430664,118.75,117.1500015258789,118.44999694824219,110.22400665283203,8876500
2024-09-03,118.26000213623047,118.83999633789062,116.41999816894531,116.58000183105469,108.48387908935547,7640300
2024-09-04,116.66000366210938,116.7300033569336,114.47000122070312,115.80000305175781,107.75804901123047,7693400
2024-09-05,116.61000061035156,120.06999969482422,116.3499984741211,118.58999633789062,110.35429382324219,12009700
2024-09-06,119.0999984741211,120.30000305175781,117.6500015258789,117.83999633789062,109.6563720703125,8577300
2024-09-09,113.1500015258789,116.9000015258789,112.41000366210938,115.41000366210938,107.39513397216797,14880200
2024-09-10,115.20999908447266,116.08999633789062,113.33000183105469,115.33000183105469,107.32068634033203,12734500
2024-09-11,114.94000244140625,115.88999938964844,114.2699966430664,114.70999908447266,106.74372863769531,7836600
2024-09-12,114.47000122070312,115.51000213623047,114.04000091552734,115.25,107.2462387084961,8330900
2024-09-13,116.08999633789062,116.7699966430664,115.0,115.86000061035156,107.81387329101562,6709600
2024-09-16,115.80000305175781,118.37000274658203,115.80000305175781,117.95999908447266,110.50243377685547,7846100
2024-09-17,118.97000122070312,119.13999938964844,117.7300033569336,118.29000091552734,110.81156921386719,7914900
2024-09-18,118.19999694824219,119.37999725341797,117.87000274658203,118.63999938964844,111.13944244384766,11135600
2024-09-19,118.9000015258789,119.19999694824219,116.29000091552734,117.2300033569336,109.81859588623047,9963000
2024-09-20,117.2699966430664,117.5,116.41000366210938,117.16999816894531,109.76238250732422,21200900
2024-09-23,117.19999694824219,118.16000366210938,115.5199966430664,115.62999725341797,108.31973266601562,6665300
2024-09-24,115.8499984741211,116.26000213623047,114.31999969482422,114.95999908447266,107.69210052490234,9840400
2024-09-25,115.30000305175781,116.0199966430664,114.62000274658203,114.7300033569336,107.47663879394531,7902300
2024-09-26,113.87999725341797,114.0,112.93000030517578,113.08999633789062,105.94032287597656,11132100
2024-09-27,113.16999816894531,114.33999633789062,113.0,113.69000244140625,106.50238800048828,11920100
2024-09-30,113.61000061035156,114.01000213623047,112.69999694824219,113.55999755859375,106.38060760498047,10936900
2024-10-01,113.95999908447266,114.79000091552734,113.11000061035156,114.73999786376953,107.48600769042969,7715500
2024-10-02,114.55000305175781,114.5999984741211,111.9800033569336,112.08000183105469,104.99417114257812,9041800
2024-10-03,111.81999969482422,112.08000183105469,109.83000183105469,110.18000030517578,103.21429443359375,10280600
2024-10-04,109.48999786376953,110.30000305175781,109.38999938964844,109.7699966430664,102.83020782470703,9704700
2024-10-07,109.69999694824219,110.9800033569336,108.18000030517578,108.58999633789062,101.72482299804688,8654800
2024-10-08,107.97000122070312,108.75,107.80999755859375,108.5199966430664,101.65923309326172,8832400
2024-10-09,108.41000366210938,110.30000305175781,108.19999694824219,110.2699966430664,103.2986068725586,8627800
2024-10-10,110.69999694824219,110.83000183105469,109.16999816894531,109.4000015258789,102.48361206054688,6006700
2024-10-11,109.0999984741211,109.91999816894531,107.9000015258789,109.7300033569336,102.7927474975586,8578400
2024-10-14,109.43000030517578,110.06999969482422,108.68000030517578,109.69000244140625,102.75526428222656,8130700
2024-10-15,109.95999908447266,111.58000183105469,109.88999938964844,111.52999877929688,104.47895050048828,9109500
2024-10-16,111.0,111.19999694824219,109.0199966430664,110.41999816894531,103.43911743164062,8729200
2024-10-17,110.13999938964844,110.19000244140625,109.5,109.75,102.8115005493164,8541700
2024-10-18,109.9000015258789,109.91999816894531,108.55999755859375,108.69999694824219,101.8278579711914,9523000
2024-10-21,109.08000183105469,109.16999816894531,106.18000030517578,106.33999633789062,99.6170654296875,11444900
2024-10-22,105.91000366210938,106.9000015258789,105.70999908447266,106.63999938964844,99.8980941772461,11576100
2024-10-23,106.73999786376953,107.36000061035156,106.19999694824219,106.37999725341797,99.654541015625,8271700
2024-10-24,106.05000305175781,106.62000274658203,105.26000213623047,105.87999725341797,99.18614196777344,8295900
2024-10-25,106.48999786376953,106.48999786376953,103.86000061035156,103.9800033569336,97.40628051757812,9625500
2024-10-28,104.5999984741211,105.0,103.93000030517578,104.2300033569336,97.64047241210938,6968900
2024-10-29,104.31999969482422,105.11000061035156,103.69999694824219,103.7300033569336,97.17207336425781,9296200
2024-10-30,103.45999908447266,105.0,102.9000015258789,104.83000183105469,98.20252227783203,13897200
2024-10-31,100.93000030517578,103.2300033569336,98.5999984741211,102.31999969482422,95.85121154785156,17413100
2024-11-01,101.77999877929688,102.72000122070312,101.20999908447266,101.87999725341797,95.43903350830078,10180600
2024-11-04,102.0,102.52999877929688,100.94999694824219,101.87000274658203,95.42967224121094,9182600
2024-11-05,101.36000061035156,101.7300033569336,100.5199966430664,101.6500015258789,95.22357177734375,6741400
2024-11-06,103.18000030517578,103.2300033569336,100.5999984741211,100.7300033569336,94.36174774169922,9551300
2024-11-07,101.44000244140625,101.69000244140625,100.8499984741211,101.16999816894531,94.77391815185547,8676100
2024-11-08,101.4800033569336,103.2300033569336,101.0,102.91999816894531,96.41327667236328,9208000
2024-11-11,102.52999877929688,103.4000015258789,100.45999908447266,100.7300033569336,94.36174774169922,10075300
2024-11-12,100.76000213623047,100.7699966430664,98.5,98.58000183105469,92.34765625,12282900
2024-11-13,98.51000213623047,99.44999694824219,97.9000015258789,98.5,92.27272033691406,8869700
2024-11-14,99.18000030517578,99.4000015258789,97.94999694824219,98.36000061035156,92.14157104492188,8704500
2024-11-15,97.91999816894531,97.91999816894531,94.4800033569336,96.30999755859375,90.2211685180664,16464500
2024-11-18,96.55999755859375,97.29000091552734,95.41999816894531,96.55999755859375,90.45536041259766,14139900
2024-11-19,96.7300033569336,97.55000305175781,95.26000213623047,96.54000091552734,90.43663024902344,13093100
2024-11-20,96.9800033569336,98.83999633789062,96.66000366210938,97.44000244140625,91.27973175048828,12136800
2024-11-21,97.72000122070312,100.4800033569336,96.94999694824219,99.86000061035156,93.54673767089844,15670300
2024-11-22,100.33000183105469,101.79000091552734,98.93000030517578,99.18000030517578,92.90972900390625,14031200
2024-11-25,100.08999633789062,101.73999786376953,99.51000213623047,101.16000366210938,94.76455688476562,34659100
2024-11-26,101.4800033569336,101.80000305175781,99.69999694824219,101.62000274658203,95.19547271728516,9324100
2024-11-27,101.6500015258789,103.44999694824219,101.63999938964844,103.12000274658203,96.60063934326172,9802200
2024-11-29,102.87999725341797,103.04000091552734,101.52999877929688,101.63999938964844,95.21421813964844,6081200
2024-12-02,101.7300033569336,101.8499984741211,100.45999908447266,100.61000061035156,94.24931335449219,13703100
2024-12-03,100.75,102.44999694824219,100.62000274658203,101.8499984741211,95.41092681884766,11395600
2024-12-04,102.02999877929688,102.08999633789062,101.05000305175781,101.37000274658203,94.96128845214844,11315000
2024-12-05,101.48999786376953,104.13999938964844,101.3499984741211,103.55000305175781,97.00344848632812,11062700
2024-12-06,103.61000061035156,103.94999694824219,102.69000244140625,103.08999633789062,96.57251739501953,11470700
2024-12-09,102.86000061035156,105.06999969482422,102.33000183105469,103.79000091552734,97.22828674316406,19162500
2024-12-10,103.7699966430664,103.7699966430664,100.73999786376953,101.0,94.61466979980469,11359400
2024-12-11,100.69999694824219,101.44999694824219,99.26000213623047,99.75,93.44368743896484,21613000
2024-12-12,101.69000244140625,103.0,100.12000274658203,101.25,94.84884643554688,9554400
2024-12-13,101.12999725341797,102.56999969482422,100.52999877929688,102.0,95.55145263671875,10118200
2024-12-16,101.25,102.27999877929688,100.05000305175781,100.05999755859375,94.48442077636719,11701100
2024-12-17,99.9000015258789,100.80000305175781,99.36000061035156,100.05999755859375,94.48442077636719,13975100
2024-12-18,100.19000244140625,101.5,98.2699966430664,98.33999633789062,92.8602523803711,11993400
2024-12-19,98.55999755859375,99.94000244140625,97.81999969482422,99.5199966430664,93.97450256347656,12110800
2024-12-20,98.83000183105469,99.68000030517578,97.9000015258789,98.05000305175781,92.58641052246094,29289700
2024-12-23,99.08999633789062,99.58999633789062,98.19999694824219,99.37000274658203,93.8328628540039,8460500
2024-12-24,99.22000122070312,99.63999938964844,98.80000305175781,99.44999694824219,93.90840148925781,3713500
2024-12-26,99.08999633789062,99.94000244140625,98.91999816894531,99.87000274658203,94.30500793457031,4760300
2024-12-27,99.5,100.3499984741211,99.23999786376953,99.69999694824219,94.14447021484375,6173600
2024-12-30,99.56999969482422,99.56999969482422,98.2699966430664,98.37000274658203,92.88858795166016,6848700
2024-12-31,98.5,99.52999877929688,98.43000030517578,99.4800033569336,93.93672943115234,6598200
2025-01-02,100.27999877929688,100.3499984741211,98.83000183105469,99.16999816894531,93.64400482177734,6153300
2025-01-03,99.33999633789062,99.75,98.69000244140625,99.13999938964844,93.61567687988281,6070300
2025-01-06,98.7699966430664,100.33000183105469,98.41999816894531,99.72000122070312,94.1633529663086,10111100
2025-01-07,100.12999725341797,102.97000122070312,100.05000305175781,101.0199966430664,95.39091491699219,10890900
2025-01-08,100.69999694824219,100.7699966430664,98.05000305175781,99.8499984741211,94.2861099243164,8654700
2025-01-10,99.20999908447266,100.41000366210938,98.80999755859375,99.25,93.71954345703125,11328500
2025-01-13,99.45999908447266,101.16000366210938,98.98999786376953,100.9800033569336,95.3531494140625,8168100
2025-01-14,101.26000213623047,101.48999786376953,99.01000213623047,99.6500015258789,94.09725952148438,10927400
2025-01-15,100.0999984741211,100.81999969482422,99.61000061035156,100.08999633789062,94.51273345947266,9170300
2025-01-16,100.44000244140625,100.9000015258789,99.94999694824219,100.69999694824219,95.0887451171875,7749600
2025-01-17,100.47000122070312,100.47000122070312,97.91999816894531,97.91999816894531,92.46365356445312,16182000
2025-01-21,98.08000183105469,98.2699966430664,95.76000213623047,96.23999786376953,90.87725830078125,17756100
2025-01-22,95.95999908447266,97.0,95.1500015258789,95.68000030517578,90.34847259521484,13070900
2025-01-23,96.11000061035156,97.16000366210938,95.22000122070312,96.62999725341797,91.24554443359375,11522800
2025-01-24,96.79000091552734,97.0999984741211,95.41000366210938,95.55000305175781,90.22571563720703,12244800
2025-01-27,96.62999725341797,98.62000274658203,95.9800033569336,97.94000244140625,92.4825439453125,15093400
2025-01-28,97.3499984741211,98.87999725341797,96.58999633789062,97.44999694824219,92.01984405517578,12840900
2025-01-29,97.41999816894531,99.1500015258789,97.38999938964844,98.27999877929688,92.80359649658203,10225500
2025-01-30,99.41000366210938,99.41000366210938,98.2300033569336,98.94999694824219,93.43626403808594,10164700
2025-01-31,99.0999984741211,100.05999755859375,98.58000183105469,98.81999969482422,93.31351470947266,11420200
2025-02-03,98.12999725341797,100.1500015258789,98.0,99.79000091552734,94.22945404052734,13363900
2025-02-04,89.0,91.2300033569336,87.33000183105469,90.73999786376953,85.68375396728516,50837600
2025-02-05,90.38999938964844,90.73999786376953,88.0,89.66999816894531,84.67337036132812,21670600
2025-02-06,89.41000366210938,89.56999969482422,87.83999633789062,88.05000305175781,83.14363098144531,19509700
2025-02-07,87.5199966430664,88.5999984741211,87.12000274658203,87.27999877929688,82.41654205322266,15815000
2025-02-10,87.19999694824219,87.9800033569336,86.2699966430664,86.4000015258789,81.58558654785156,21212100
2025-02-11,86.05999755859375,86.98999786376953,85.7300033569336,86.54000091552734,81.71778106689453,20922300
2025-02-12,86.06999969482422,86.66999816894531,85.61000061035156,85.66999816894531,80.8962631225586,14785300
2025-02-13,85.58999633789062,85.69999694824219,84.30999755859375,84.41999816894531,79.7159194946289,20415100
2025-02-14,84.41999816894531,84.77999877929688,82.08999633789062,83.01000213623047,78.38449096679688,26779000
2025-02-18,81.12999725341797,83.58999633789062,81.04000091552734,83.29000091552734,78.64887237548828,25897800
2025-02-19,83.23999786376953,85.62999725341797,82.8499984741211,85.5999984741211,80.83016204833984,17435100
2025-02-20,85.9000015258789,87.69999694824219,85.9000015258789,87.68000030517578,82.79426574707031,14851500
2025-02-21,88.0,89.52999877929688,87.01000213623047,89.5,84.51284790039062,15678900
2025-02-24,89.70999908447266,91.8499984741211,88.93000030517578,91.2699966430664,86.18421173095703,19452300
2025-02-25,91.75,93.05999755859375,90.44000244140625,91.43000030517578,86.3353042602539,18417300
2025-02-26,91.30000305175781,91.37000274658203,88.86000061035156,89.37999725341797,84.39952087402344,13534200
2025-02-27,89.3499984741211,90.97000122070312,89.25,90.58000183105469,85.53266143798828,10717500
2025-02-28,90.70999908447266,92.3499984741211,90.70999908447266,92.25,87.10961151123047,15482100
2025-03-03,91.77999877929688,93.20999908447266,91.77999877929688,93.1500015258789,87.95945739746094,13636100
2025-03-04,93.56999969482422,95.36000061035156,92.31999969482422,92.55999755859375,87.40233612060547,15073000
2025-03-05,91.08000183105469,93.44999694824219,90.5,93.19000244140625,87.99723052978516,13117100
2025-03-06,93.12999725341797,94.05000305175781,91.77999877929688,94.0,88.7620849609375,11300200
2025-03-07,94.26000213623047,97.37000274658203,93.8499984741211,94.6500015258789,89.37586975097656,24100900
2025-03-10,94.69000244140625,97.0,94.69000244140625,95.2300033569336,89.9235610961914,20897600
2025-03-11,94.9800033569336,95.37999725341797,93.58000183105469,94.7300033569336,89.45143127441406,21734800
2025-03-12,94.06999969482422,94.4000015258789,92.86000061035156,93.3499984741211,88.1483154296875,11896000
2025-03-13,93.4000015258789,96.33999633789062,93.4000015258789,94.70999908447266,89.43252563476562,16570100
2025-03-14,94.27999877929688,94.87999725341797,93.44999694824219,94.56999969482422,89.30032348632812,12681100
2025-03-17,93.6500015258789,95.30000305175781,93.08000183105469,94.79000091552734,90.28132629394531,12237900
2025-03-18,95.2300033569336,95.41000366210938,93.83999633789062,94.72000122070312,90.21466827392578,8670100
2025-03-19,95.25,95.43000030517578,93.63999938964844,94.0199966430664,89.5479507446289,11355900
2025-03-20,94.0,95.16000366210938,93.68000030517578,94.7300033569336,90.22418975830078,12970200
2025-03-21,94.58000183105469,94.68000030517578,93.06999969482422,93.11000061035156,88.6812515258789,68435800
2025-03-24,92.9000015258789,93.11000061035156,91.55999755859375,92.30999755859375,87.9192886352539,16950100
2025-03-25,92.30999755859375,92.30999755859375,87.08000183105469,87.87000274658203,83.69049072265625,20640200
2025-03-26,88.23999786376953,89.31999969482422,87.30999755859375,88.11000061035156,83.9190673828125,13808800
2025-03-27,88.5,88.55999755859375,87.37999725341797,87.5999984741211,83.43331909179688,12931900
2025-03-28,88.19999694824219,90.13999938964844,87.66999816894531,89.2300033569336,84.98579406738281,12393500
2025-03-31,89.25,90.2699966430664,88.37000274658203,89.76000213623047,85.49058532714844,15003000
2025-04-01,89.75,89.75,86.61000061035156,87.12000274658203,82.97615051269531,13922100
2025-04-02,86.87999725341797,87.06999969482422,85.31999969482422,86.5999984741211,82.48088836669922,10590800
2025-04-03,88.7300033569336,88.9000015258789,86.26000213623047,86.38999938964844,82.28087615966797,12684100
2025-04-04,86.12000274658203,86.2699966430664,81.08000183105469,81.47000122070312,77.59489440917969,22965700
2025-04-07,81.01000213623047,83.20999908447266,79.30000305175781,81.18000030517578,77.31869506835938,26582000
2025-04-08,83.20999908447266,83.2699966430664,77.54000091552734,78.94999694824219,75.19474792480469,20571600
2025-04-09,76.76000213623047,81.98999786376953,76.0,81.91000366210938,78.01396942138672,22928300
2025-04-10,80.61000061035156,81.12000274658203,75.95999908447266,77.55000305175781,73.86135864257812,19466900
2025-04-11,77.87000274658203,79.44000244140625,76.3499984741211,79.18000030517578,75.41382598876953,16194400
2025-04-14,80.0199966430664,80.0199966430664,78.36000061035156,79.16999816894531,75.40428924560547,15796700
2025-04-15,79.55000305175781,79.95999908447266,77.72000122070312,78.38999938964844,74.6613998413086,16042500
2025-04-16,78.47000122070312,78.69000244140625,75.93000030517578,76.45999908447266,72.82318878173828,16551300
2025-04-17,76.88999938964844,78.75,76.87999725341797,78.0,74.28995513916016,21416500
2025-04-21,78.08000183105469,78.19000244140625,76.98999786376953,77.8499984741211,74.14707946777344,11010000
2025-04-22,78.02999877929688,79.04000091552734,77.66000366210938,78.97000122070312,75.21381378173828,12918200
2025-04-23,78.5,80.19999694824219,78.0,78.73999786376953,74.99475860595703,17935700
2025-04-24,78.27999877929688,79.97000122070312,76.02999877929688,79.83999633789062,76.04242706298828,18471500
2025-04-25,80.16999816894531,83.27999877929688,78.05999755859375,82.73999786376953,78.80449676513672,28378000
2025-04-28,83.0,83.68000030517578,82.4000015258789,83.19000244140625,79.23308563232422,14241000
2025-04-29,83.77999877929688,85.69000244140625,82.75,84.70999908447266,80.68079376220703,18802900
2025-04-30,85.2699966430664,85.83000183105469,83.79000091552734,85.19999694824219,81.14746856689453,13825100
2025-05-01,84.51000213623047,84.58000183105469,83.16999816894531,83.26000213623047,79.29976654052734,10036400
2025-05-02,84.19000244140625,84.70999908447266,82.94999694824219,83.18000030517578,79.22357177734375,11755600
2025-05-05,83.2300033569336,83.58000183105469,81.91000366210938,82.83999633789062,78.89973449707031,8688000
2025-05-06,82.47000122070312,82.4800033569336,78.29000091552734,79.04000091552734,75.28047943115234,16991100
2025-05-07,79.62000274658203,79.9000015258789,78.76000213623047,79.12000274658203,75.35667419433594,12216900
2025-05-08,78.5,78.80000305175781,76.93000030517578,77.6500015258789,73.95659637451172,15059100
2025-05-09,77.95999908447266,78.44999694824219,75.81999969482422,75.97000122070312,72.35650634765625,15614500
2025-05-12,75.91999816894531,81.2699966430664,75.83000183105469,80.43000030517578,76.6043701171875,21761100
2025-05-13,76.94999694824219,78.55000305175781,76.55999755859375,76.62999725341797,72.98511505126953,23353200
2025-05-14,77.45999908447266,77.45999908447266,73.31999969482422,73.47000122070312,69.97541046142578,23721800
2025-05-15,73.7699966430664,74.80999755859375,73.30999755859375,74.80000305175781,71.2421646118164,15274800
2025-05-16,74.98999786376953,76.16999816894531,74.37000274658203,76.05999755859375,72.44222259521484,15021800
2025-05-19,75.95999908447266,77.25,75.69000244140625,77.2300033569336,73.55657196044922,11682600
2025-05-20,77.55000305175781,79.18000030517578,77.41999816894531,77.97000122070312,74.2613754272461,13262400
2025-05-21,77.7699966430664,78.0999984741211,76.87000274658203,76.9800033569336,73.31846618652344,11879500
2025-05-22,76.72000122070312,78.36000061035156,76.68000030517578,77.83999633789062,74.1375503540039,11800000
2025-05-23,77.55000305175781,77.9000015258789,77.08000183105469,77.58000183105469,73.88992309570312,10902200
2025-05-27,78.0199966430664,78.19999694824219,77.05000305175781,77.58999633789062,73.89944458007812,11884500
2025-05-28,77.43000030517578,77.72000122070312,75.58999633789062,76.16999816894531,72.5469970703125,12293200
2025-05-29,75.69000244140625,77.0,75.69000244140625,76.4000015258789,72.76605224609375,10785200
2025-05-30,76.94000244140625,77.55999755859375,75.58999633789062,76.83999633789062,73.18511962890625,20641500
2025-06-02,77.0199966430664,77.0199966430664,75.4000015258789,76.25,72.6231918334961,11271800
2025-06-03,76.0,77.19000244140625,75.44000244140625,77.13999938964844,73.4708480834961,18139200
2025-06-04,77.47000122070312,79.13999938964844,77.33000183105469,78.2699966430664,74.5470962524414,13009300
2025-06-05,78.41000366210938,78.55000305175781,77.25,77.62000274658203,73.92802429199219,13983700
2025-06-06,78.30000305175781,79.48999786376953,78.20999908447266,78.97000122070312,75.21381378173828,9863100
2025-06-09,79.61000061035156,80.41000366210938,78.66999816894531,79.33000183105469,75.55668640136719,18305800
2025-06-10,79.33999633789062,81.87999725341797,79.33000183105469,81.3499984741211,77.48060607910156,13254100
2025-06-11,81.3499984741211,81.68000030517578,79.9800033569336,80.31999969482422,76.49959564208984,11803300
2025-06-12,80.19000244140625,82.11000061035156,80.06999969482422,81.81999969482422,77.92825317382812,13169200
2025-06-13,81.6500015258789,82.44000244140625,81.44999694824219,81.70999908447266,77.82347869873047,14550500
2025-06-16,80.87999725341797,81.3499984741211,79.70999908447266,80.95999908447266,77.8812026977539,12569400
2025-06-17,80.27999877929688,80.69999694824219,78.19000244140625,78.27999877929688,75.30310821533203,14040600
2025-06-18,78.05000305175781,80.30999755859375,77.0999984741211,79.29000091552734,76.27470397949219,23803400
2025-06-20,79.25,79.91999816894531,78.5999984741211,79.05999755859375,76.05345153808594,34052300
2025-06-23,79.23999786376953,80.22000122070312,78.98999786376953,80.16000366210938,77.11161804199219,18553800
2025-06-24,80.37000274658203,81.45999908447266,79.08999633789062,80.31999969482422,77.26553344726562,15906400
2025-06-25,79.63999938964844,80.12000274658203,79.16000366210938,79.66999816894531,76.64025115966797,12753200
2025-06-26,79.83999633789062,80.25,78.37000274658203,78.83000183105469,75.83219909667969,13760100
2025-06-27,79.05999755859375,79.54000091552734,78.13999938964844,79.0999984741211,76.09193420410156,60202500
2025-06-30,79.25,79.38999938964844,78.37999725341797,79.16000366210938,76.14965057373047,13895200
2025-07-01,78.95999908447266,83.06999969482422,78.5999984741211,81.80999755859375,78.6988754272461,21800800
2025-07-02,82.05999755859375,82.80999755859375,81.88999938964844,82.38999938964844,79.25680541992188,16052700
2025-07-03,82.55000305175781,82.5999984741211,80.69999694824219,80.93000030517578,77.85233306884766,7734500
2025-07-07,80.94999694824219,81.54000091552734,80.1500015258789,80.9000015258789,77.82347869873047,15777400
2025-07-08,80.94000244140625,82.37999725341797,80.33999633789062,81.37000274658203,78.2756118774414,12752900
2025-07-09,82.37999725341797,84.4800033569336,81.88999938964844,83.70999908447266,80.526611328125,18394600
2025-07-10,83.63999938964844,85.0,83.16999816894531,84.0199966430664,80.8248291015625,14725600
2025-07-11,84.0199966430664,84.12999725341797,82.26000213623047,83.36000061035156,80.18993377685547,9717400
2025-07-14,83.43000030517578,84.30000305175781,83.11000061035156,83.66999816894531,80.4881362915039,10368700
2025-07-15,83.77999877929688,84.36000061035156,81.30000305175781,81.5199966430664,78.4198989868164,10827000
2025-07-16,81.45999908447266,82.63999938964844,81.45999908447266,82.43000030517578,79.29530334472656,11517800
2025-07-17,81.9800033569336,82.66000366210938,81.33999633789062,81.5199966430664,78.4198989868164,8984800
2025-07-18,81.69999694824219,81.91999816894531,79.86000061035156,79.95999908447266,76.91922760009766,11823600
2025-07-21,80.16000366210938,80.30999755859375,78.94999694824219,79.30999755859375,76.29395294189453,11620800
2025-07-22,79.87000274658203,81.7699966430664,79.87000274658203,81.61000061035156,78.50647735595703,10571000
2025-07-23,82.62000274658203,84.13999938964844,82.41000366210938,83.9800033569336,80.7863540649414,11542100
2025-07-24,84.19999694824219,84.51000213623047,83.5199966430664,84.11000061035156,80.91141510009766,8016700
2025-07-25,84.16000366210938,85.22000122070312,83.83999633789062,84.70999908447266,81.48859405517578,10058800
2025-07-28,84.47000122070312,84.97000122070312,83.87000274658203,84.05999755859375,80.8633041381836,12882000
2025-07-29,79.8499984741211,82.88999938964844,76.66000366210938,82.62999725341797,79.4876937866211,27826400
2025-07-30,82.91000366210938,83.58000183105469,81.5199966430664,81.75,78.64115905761719,13055200
2025-07-31,80.80000305175781,81.48999786376953,77.8499984741211,78.12000274658203,75.14920806884766,19813300
2025-08-01,78.0199966430664,79.87000274658203,77.52999877929688,79.29000091552734,76.27470397949219,11900300
2025-08-04,79.05999755859375,79.98999786376953,78.43000030517578,79.86000061035156,76.82303619384766,13380700
2025-08-05,79.9000015258789,81.12999725341797,79.56999969482422,80.79000091552734,77.71765899658203,9984300
2025-08-06,80.29000091552734,81.31999969482422,79.2699966430664,79.44000244140625,76.41900634765625,13028700
2025-08-07,79.6500015258789,80.81999969482422,78.6500015258789,80.37000274658203,77.31363677978516,10830100
2025-08-08,80.11000061035156,81.16999816894531,80.11000061035156,80.69000244140625,77.62147521972656,6882900
2025-08-11,80.95999908447266,81.63999938964844,79.62999725341797,80.02999877929688,76.986572265625,8210700
2025-08-12,80.47000122070312,80.94000244140625,79.66999816894531,80.30000305175781,77.24630737304688,7852700
2025-08-13,80.75,82.83999633789062,80.19999694824219,82.70999908447266,79.56464385986328,11043800
2025-08-14,82.01000213623047,83.4000015258789,81.5999984741211,82.76000213623047,79.61275482177734,10217600
2025-08-15,83.72000122070312,84.73999786376953,83.36000061035156,84.20999908447266,81.00761413574219,10481400
2025-08-18,84.26000213623047,85.1500015258789,84.08000183105469,84.22000122070312,81.01722717285156,8273600
2025-08-19,84.37999725341797,85.80000305175781,84.37999725341797,84.93000030517578,81.70023345947266,14307700
2025-08-20,85.30999755859375,86.25,84.55000305175781,84.66000366210938,81.44049835205078,8904700
2025-08-21,84.87999725341797,87.31999969482422,84.5999984741211,86.08000183105469,82.8064956665039,13889000
2025-08-22,87.5,87.83999633789062,86.76000213623047,87.37000274658203,84.04743957519531,11977400
2025-08-25,87.20999908447266,87.38999938964844,84.94999694824219,85.30999755859375,82.0657730102539,9417700
2025-08-26,85.55999755859375,85.58999633789062,84.66999816894531,84.98999786376953,81.75794219970703,14062700
2025-08-27,85.06999969482422,85.4800033569336,83.87999725341797,84.06999969482422,80.8729248046875,10588100
2025-08-28,84.25,84.25,82.6500015258789,83.20999908447266,80.0456314086914,14485300
2025-08-29,83.41999816894531,84.23999786376953,83.27999877929688,84.12000274658203,80.92103576660156,10872900
2025-09-02,84.5,85.5,84.33999633789062,85.4800033569336,82.22932434082031,11642700
2025-09-03,85.37000274658203,85.80999755859375,84.06999969482422,84.18000030517578,80.9787368774414,12714400
2025-09-04,84.19999694824219,84.41000366210938,83.0,84.05000305175781,80.85369110107422,12554800
2025-09-05,83.79000091552734,85.2699966430664,83.25,84.70999908447266,81.48859405517578,13231100
2025-09-08,84.16000366210938,84.31999969482422,82.81999969482422,84.08999633789062,80.89216613769531,13111200
2025-09-09,84.18000030517578,84.80000305175781,84.12999725341797,84.61000061035156,81.39238739013672,9767500
2025-09-10,84.2699966430664,84.56999969482422,83.54000091552734,84.02999877929688,80.83445739746094,13073300
2025-09-11,84.33999633789062,85.55000305175781,84.0,85.1500015258789,81.91187286376953,9667200
2025-09-12,84.62000274658203,85.18000030517578,82.80000305175781,82.80999755859375,79.66084289550781,9939500
2025-09-15,82.11000061035156,82.75,80.91999816894531,81.0199966430664,78.70880126953125,10229800
2025-09-16,81.01000213623047,81.4800033569336,80.54000091552734,81.08999633789062,78.77679443359375,10065900
2025-09-17,80.9800033569336,82.25,80.80000305175781,81.13999938964844,78.82537841796875,12642100
2025-09-18,81.22000122070312,81.69000244140625,80.81999969482422,81.52999877929688,79.2042465209961,10458900
2025-09-19,81.80999755859375,82.4000015258789,81.0,81.51000213623047,79.18482208251953,25627800
2025-09-22,81.76000213623047,81.94000244140625,80.26000213623047,80.4000015258789,78.10648345947266,11986400
2025-09-23,80.08999633789062,81.11000061035156,79.66999816894531,79.95999908447266,77.67903900146484,13145300
2025-09-24,79.9000015258789,80.11000061035156,79.33000183105469,79.66999816894531,77.39730834960938,11804200
2025-09-25,79.77999877929688,79.87999725341797,77.58000183105469,77.5999984741211,75.38636016845703,14923800
2025-09-26,78.76000213623047,78.95999908447266,77.69000244140625,78.55999755859375,76.31897735595703,12205400
2025-09-29,78.5999984741211,78.80000305175781,78.02999877929688,78.58000183105469,76.33840942382812,12739000
2025-09-30,78.41999816894531,84.0,78.4000015258789,83.93000030517578,81.53578186035156,21636600
2025-10-01,85.19000244140625,90.75,85.19000244140625,90.12999725341797,87.55892944335938,33460900
2025-10-02,89.94999694824219,91.0,88.22000122070312,89.51000213623047,86.95661926269531,14575400
2025-10-03,89.62999725341797,90.69999694824219,88.0999984741211,89.19000244140625,86.64574432373047,12970600
2025-10-06,88.83000183105469,90.30999755859375,88.55000305175781,88.80000305175781,86.2668685913086,11648300
2025-10-07,88.66999816894531,88.94000244140625,87.13999938964844,87.61000061035156,85.11080932617188,9449100
2025-10-08,87.93000030517578,87.93000030517578,86.19999694824219,86.4000015258789,83.9353256225586,9696200
2025-10-09,86.95999908447266,87.80000305175781,86.63999938964844,87.5,85.00394439697266,10938200
2025-10-10,87.94000244140625,88.23999786376953,85.91999816894531,85.98999786376953,83.53702545166016,11230700
2025-10-13,85.66000366210938,86.45999908447266,85.23999786376953,85.69999694824219,83.25530242919922,6553900
2025-10-14,85.37999725341797,85.68000030517578,84.1500015258789,84.69999694824219,82.2838134765625,9675000
2025-10-15,84.19000244140625,84.69000244140625,83.61000061035156,84.11000061035156,81.71066284179688,9168700
2025-10-16,84.41000366210938,85.5,83.5999984741211,83.91999816894531,81.52607727050781,11709100
2025-10-17,83.27999877929688,84.88999938964844,83.16000366210938,84.79000091552734,82.37126159667969,10758900
2025-10-20,85.25,87.0,85.02999877929688,86.31999969482422,83.85760498046875,8611800
2025-10-21,86.95999908447266,87.66999816894531,86.2300033569336,87.62000274658203,85.12053680419922,9852400
2025-10-22,87.68000030517578,88.79000091552734,87.01000213623047,87.61000061035156,85.11080932617188,10926300
2025-10-23,87.55999755859375,88.11000061035156,86.91000366210938,87.18000030517578,84.69307708740234,7687500
2025-10-24,87.33000183105469,88.05999755859375,87.11000061035156,87.48999786376953,84.9942398071289,7902100
2025-10-27,87.51000213623047,88.30000305175781,87.02999877929688,88.0,85.48969268798828,7226600
2025-10-28,88.11000061035156,88.11000061035156,86.93000030517578,87.02999877929688,84.54735565185547,8345900
2025-10-29,86.94999694824219,87.83999633789062,86.06999969482422,86.58000183105469,84.11019897460938,10921900
2025-10-30,84.62000274658203,87.30000305175781,83.30000305175781,86.27999877929688,83.81875610351562,16678800
2025-10-31,85.41999816894531,86.45999908447266,84.55999755859375,85.9800033569336,83.52731323242188,12385000
2025-11-03,85.7699966430664,86.0999984741211,82.33999633789062,82.48999786376953,80.1368637084961,13875800
2025-11-04,82.69999694824219,84.95999908447266,82.01000213623047,83.86000061035156,81.46778869628906,12846100
2025-11-05,84.02999877929688,85.37999725341797,82.91000366210938,84.38999938964844,81.982666015625,9440200
2025-11-06,84.4800033569336,86.16999816894531,84.3499984741211,85.77999877929688,83.33302307128906,10601400
2025-11-07,85.94999694824219,86.58999633789062,85.23999786376953,86.27999877929688,83.81875610351562,9214300
2025-11-10,86.69000244140625,87.37000274658203,85.80000305175781,86.75,84.27534484863281,8319600
2025-11-11,87.3499984741211,91.06999969482422,87.26000213623047,90.94999694824219,88.35552978515625,15436000
2025-11-12,91.41000366210938,92.91000366210938,91.16000366210938,91.44999694824219,88.84127044677734,13218900
2025-11-13,91.30999755859375,94.26000213623047,90.9000015258789,92.93000030517578,90.27906036376953,16086100
2025-11-14,92.19999694824219,95.08000183105469,91.48999786376953,92.91999816894531,90.26934051513672,19632000
2025-11-17,93.2300033569336,94.75,92.68000030517578,92.86000061035156,90.21105194091797,14345800
2025-11-18,94.11000061035156,97.66000366210938,92.11000061035156,96.43000030517578,93.67920684814453,28153500
2025-11-19,96.0,97.13999938964844,94.08999633789062,95.05000305175781,92.33857727050781,14641300
2025-11-20,94.97000122070312,96.0,93.9000015258789,94.97000122070312,92.26085662841797,12554200
2025-11-21,95.4800033569336,100.2699966430664,95.36000061035156,97.76000213623047,94.97127532958984,23183300
2025-11-24,99.12000274658203,102.36000061035156,99.12000274658203,100.4000015258789,97.53596496582031,28320900
2025-11-25,100.7300033569336,105.83999633789062,100.70999908447266,105.66000366210938,102.64591979980469,22225500
2025-11-26,104.5999984741211,105.75,104.19999694824219,104.62999725341797,101.64529418945312,12624000
2025-11-28,104.83999633789062,105.41000366210938,104.12000274658203,104.83000183105469,101.83959197998047,6154500
2025-12-01,104.72000122070312,105.68000030517578,101.70999908447266,101.83000183105469,98.9251708984375,14178300
2025-12-02,101.52999877929688,101.80000305175781,100.30999755859375,101.02999877929688,98.14797973632812,11795000
2025-12-03,101.9000015258789,103.08999633789062,101.5199966430664,102.2699966430664,99.35261535644531,12541600
2025-12-04,102.0999984741211,102.5999984741211,100.54000091552734,100.88999938964844,98.0119857788086,12770700
2025-12-05,101.4000015258789,102.08999633789062,99.19000244140625,99.72000122070312,96.87535858154297,16430400
2025-12-08,99.37999725341797,99.66999816894531,97.80999755859375,98.93000030517578,96.10790252685547,12902600
2025-12-09,99.31999969482422,99.8499984741211,96.05999755859375,96.88999938964844,94.12609100341797,16283900
2025-12-10,98.05000305175781,98.16999816894531,96.47000122070312,97.62000274658203,94.83527374267578,18077700
2025-12-11,98.44000244140625,99.13999938964844,97.58000183105469,99.01000213623047,96.18562316894531,11808200
2025-12-12,98.95999908447266,100.66000366210938,98.31999969482422,100.30000305175781,97.43882751464844,11810800
2025-12-15,99.98999786376953,100.94000244140625,98.0,100.26000213623047,98.23242950439453,16735900
2025-12-16,100.30000305175781,100.33999633789062,96.79000091552734,98.2699966430664,96.28267669677734,16663600
2025-12-17,98.18000030517578,100.13999938964844,98.05999755859375,99.18000030517578,97.17427825927734,13180600
2025-12-18,99.2699966430664,101.37000274658203,98.86000061035156,100.69000244140625,98.65373992919922,14312800
2025-12-19,100.5999984741211,102.19999694824219,100.11000061035156,101.08999633789062,99.04564666748047,44980200
2025-12-22,100.62999725341797,104.94999694824219,100.4000015258789,104.72000122070312,102.60224151611328,17136200
2025-12-23,104.55999755859375,105.38999938964844,104.33000183105469,105.04000091552734,102.915771484375,13587500
2025-12-24,105.37000274658203,106.94999694824219,105.27999877929688,106.44999694824219,104.29724884033203,5335000
2025-12-26,106.44999694824219,107.05000305175781,106.02999877929688,106.77999877929688,104.62057495117188,6280700
2025-12-29,106.8499984741211,107.58999633789062,106.43000030517578,106.62000274658203,104.46381378173828,8086900
2025-12-30,106.7300033569336,106.87999725341797,105.63999938964844,106.05999755859375,103.9151382446289,6497900
2025-12-31,105.94000244140625,106.0999984741211,104.98999786376953,105.26000213623047,103.1313247680664,7557300
2026-01-02,105.52999877929688,106.62000274658203,104.43000030517578,106.44999694824219,104.29724884033203,9992400
2026-01-05,107.01000213623047,108.44000244140625,105.80000305175781,107.44000244140625,105.2672348022461,15863300
2026-01-06,107.68000030517578,110.16999816894531,107.68000030517578,108.87000274658203,106.6683120727539,14479000
2026-01-07,109.51000213623047,111.45999908447266,107.94999694824219,108.5999984741211,106.40377044677734,16322300
2026-01-08,110.61000061035156,112.9000015258789,109.25,110.98999786376953,108.74543762207031,20278800
2026-01-09,110.87000274658203,112.4800033569336,110.22000122070312,110.52999877929688,108.29473876953125,11040800
2026-01-12,110.97000122070312,111.45999908447266,108.77999877929688,109.19000244140625,106.98184967041016,10671900
2026-01-13,109.05000305175781,109.30999755859375,107.22000122070312,108.26000213623047,106.07064819335938,9338600
2026-01-14,108.97000122070312,111.2300033569336,107.94999694824219,111.01000213623047,108.76504516601562,11964600
2026-01-15,110.62000274658203,111.58000183105469,108.44999694824219,110.97000122070312,108.72584533691406,11775800
2026-01-16,110.72000122070312,110.7300033569336,108.43000030517578,108.83000183105469,106.6291275024414,14852100
2026-01-20,108.11000061035156,109.63999938964844,106.93000030517578,109.44999694824219,107.23657989501953,15241100
2026-01-21,109.19000244140625,111.97000122070312,108.7300033569336,111.11000061035156,108.8630142211914,12844400
2026-01-22,110.77999877929688,111.31999969482422,108.58999633789062,109.18000030517578,106.9720458984375,9362600
2026-01-23,109.08999633789062,109.08999633789062,107.20999908447266,108.18000030517578,105.99226379394531,10489500
2026-01-26,107.80000305175781,108.41999816894531,107.05999755859375,107.4000015258789,105.2280502319336,9903200
2026-01-27,107.5,108.3499984741211,106.83999633789062,107.91999816894531,105.7375259399414,7907100
2026-01-28,106.8499984741211,107.93000030517578,106.02999877929688,106.9000015258789,104.7381591796875,7491700
2026-01-29,107.33000183105469,109.93000030517578,107.0999984741211,108.33999633789062,106.14903259277344,13572800
2026-01-30,108.58999633789062,110.54000091552734,107.94999694824219,110.2699966430664,108.04000091552734,19060600
2026-02-02,110.12000274658203,113.88999938964844,109.94999694824219,113.37000274658203,111.07731628417969,18000100
2026-02-03,111.66999816894531,118.45999908447266,111.44000244140625,115.83999633789062,113.49735260009766,25793600
2026-02-04,116.9000015258789,120.38999938964844,116.5,118.33000183105469,115.93701171875,21954600
2026-02-05,118.30999755859375,122.43000030517578,118.30999755859375,119.75,117.32828521728516,24010600
2026-02-06,120.76000213623047,122.66000366210938,120.44000244140625,121.93000030517578,119.46420288085938,13083300
2026-02-09,121.41000366210938,121.87999725341797,116.9800033569336,117.6500015258789,115.27075958251953,16158700
2026-02-10,117.69000244140625,118.18000030517578,116.0999984741211,117.1500015258789,114.78086853027344,11849500
2026-02-11,117.04000091552734,119.36000061035156,116.30999755859375,119.30999755859375,116.89718627929688,10885300
2026-02-12,119.01000213623047,121.61000061035156,118.12000274658203,119.23999786376953,116.82859802246094,13453300
2026-02-13,121.5,123.33000183105469,121.02999877929688,121.41000366210938,118.95471954345703,10102300
2026-02-17,122.36000061035156,123.08000183105469,120.80000305175781,121.56999969482422,119.11148071289062,9899800
2026-02-18,121.25,121.80999755859375,120.38999938964844,121.66000366210938,119.19966125488281,7803400
2026-02-19,121.4000015258789,122.5999984741211,120.5,121.86000061035156,119.39562225341797,8933300
2026-02-20,122.63999938964844,122.69999694824219,120.5999984741211,122.26000213623047,119.78752899169922,9442500
2026-02-23,122.30999755859375,124.19000244140625,121.5,123.81999969482422,121.31597900390625,9661100
2026-02-24,123.41000366210938,124.83999633789062,122.62999725341797,123.93000030517578,121.42375183105469,8460300
2026-02-25,124.01000213623047,125.13999938964844,122.26000213623047,122.45999908447266,119.98348999023438,11082500
2026-02-26,122.4000015258789,122.5,119.0,119.30000305175781,116.88739013671875,10327300
2026-02-27,119.68000030517578,124.0,119.68000030517578,123.81999969482422,121.31597900390625,17636400
2026-03-02,123.51000213623047,123.69999694824219,121.04000091552734,121.41000366210938,118.95471954345703,11564500
2026-03-03,119.66999816894531,120.97000122070312,118.61000061035156,119.83000183105469,117.40666961669922,9334100
2026-03-04,119.43000030517578,120.87000274658203,117.86000061035156,120.27999877929688,117.84757232666016,6700900
2026-03-05,119.11000061035156,119.52999877929688,114.44999694824219,116.06999969482422,113.72270965576172,14516000
2026-03-06,115.16000366210938,116.36000061035156,113.81999969482422,115.79000091552734,113.44837188720703,12809300
2026-03-09,114.9800033569336,117.26000213623047,114.11000061035156,117.11000061035156,114.74166870117188,8321600
2026-03-10,117.23999786376953,119.0,116.66999816894531,117.08999633789062,114.72208404541016,9739300
2026-03-11,116.76000213623047,116.94999694824219,115.29000091552734,116.20999908447266,113.85987854003906,6760700
2026-03-12,115.47000122070312,116.5999984741211,114.30000305175781,115.91000366210938,113.56594848632812,8349200
2026-03-13,116.91999816894531,117.88999938964844,115.52999877929688,115.61000061035156,113.27201843261719,7111000
2026-03-16,115.33999633789062,116.05999755859375,114.22000122070312,115.43000030517578,113.93331909179688,8785300
2026-03-17,115.77999877929688,116.80000305175781,114.37999725341797,115.87000274658203,114.36762237548828,7952200
2026-03-18,115.05999755859375,115.55999755859375,113.3499984741211,114.5,113.01538848876953,6736300
2026-03-19,114.66000366210938,115.76000213623047,113.75,114.19999694824219,112.71926879882812,8383800
2026-03-20,114.25,115.18000030517578,112.72000122070312,114.18000030517578,112.69953155517578,36355400
2026-03-23,116.16999816894531,116.47000122070312,114.7699966430664,115.68000030517578,114.18008422851562,9096400
2026-03-24,114.69999694824219,116.54000091552734,114.0199966430664,116.37000274658203,114.86113739013672,7411900
2026-03-25,117.30000305175781,120.12000274658203,116.80000305175781,119.37000274658203,117.8222427368164,10220300
2026-03-26,118.95999908447266,120.05999755859375,118.6500015258789,118.93000030517578,117.387939453125,6497200
2026-03-27,119.29000091552734,121.06999969482422,118.5999984741211,119.62999725341797,118.07886505126953,8345800
2026-03-30,120.56999969482422,121.63999938964844,117.22000122070312,118.0999984741211,116.5687026977539,11084000
2026-03-31,119.02999877929688,121.2699966430664,118.7699966430664,120.29000091552734,118.73030853271484,10713300
2026-04-01,120.87999725341797,122.19000244140625,120.2699966430664,120.83999633789062,119.2731704711914,6351700
2026-04-02,120.37000274658203,121.6500015258789,119.22000122070312,120.87000274658203,119.30278778076172,6387900
2026-04-06,120.41000366210938,121.4800033569336,120.04000091552734,120.8499984741211,119.28304290771484,4890200
2026-04-07,119.55999755859375,119.55999755859375,116.5,119.27999877929688,117.73340606689453,11376400
2026-04-08,119.5999984741211,123.62999725341797,117.94000244140625,123.18000030517578,121.58283233642578,9256900
2026-04-09,122.9000015258789,124.0,121.3499984741211,122.68000030517578,121.08931732177734,8666300
2026-04-10,122.95999908447266,123.01000213623047,120.94999694824219,121.41999816894531,119.84565734863281,9707000
2026-04-13,121.02999877929688,121.30000305175781,119.05999755859375,120.1500015258789,118.59212493896484,6357300
2026-04-14,119.02999877929688,120.36000061035156,118.1500015258789,119.95999908447266,118.40458679199219,12449400
2026-04-15,119.80000305175781,120.25,116.63999938964844,117.9000015258789,116.37129211425781,7689400
2026-04-16,117.12999725341797,117.8499984741211,114.70999908447266,115.45999908447266,113.96292877197266,11399900
2026-04-17,115.55999755859375,119.19999694824219,115.55999755859375,119.06999969482422,117.526123046875,16194900
2026-04-20,119.1500015258789,119.36000061035156,116.75,117.0999984741211,115.58167266845703,7392000
2026-04-21,116.48999786376953,116.52999877929688,111.91000366210938,112.55999755859375,111.10053253173828,12769500
2026-04-22,112.61000061035156,113.51000213623047,111.54000091552734,112.88999938964844,111.42625427246094,8037500
2026-04-23,113.37000274658203,115.0199966430664,113.0999984741211,114.62000274658203,113.13382720947266,6826300
2026-04-24,113.73999786376953,114.02999877929688,111.5,111.9000015258789,110.44908905029297,7060000
2026-04-27,111.22000122070312,112.75,110.13999938964844,110.2300033569336,108.80075073242188,9133600
2026-04-28,111.5199966430664,111.91000366210938,109.70999908447266,110.02999877929688,108.60334014892578,7157600
2026-04-29,108.55000305175781,111.2300033569336,107.9000015258789,110.94999694824219,109.51140594482422,9769900
2026-04-30,109.33999633789062,112.23999786376953,108.62999725341797,109.18000030517578,107.76435852050781,17131200
2026-05-01,112.33000183105469,114.54000091552734,111.87999725341797,112.16000366210938,110.70572662353516,11953700
2026-05-04,111.41000366210938,114.62000274658203,110.75,113.11000061035156,111.6434097290039,7659100
2026-05-05,113.66999816894531,114.06999969482422,112.83000183105469,113.1500015258789,111.68289184570312,7910400
2026-05-06,113.1500015258789,114.48999786376953,112.73999786376953,113.55999755859375,112.08757019042969,7256100
2026-05-07,113.51000213623047,113.75,111.0999984741211,112.30000305175781,110.84391021728516,7329000
2026-05-08,112.37999725341797,113.01000213623047,111.18000030517578,111.37999725341797,109.93582916259766,5725100
2026-05-11,112.1500015258789,113.68000030517578,111.01000213623047,111.27999877929688,109.83712768554688,7750600
2026-05-12,111.5,113.69000244140625,111.38999938964844,112.37000274658203,110.91300201416016,9117400
2026-05-13,112.25,114.06999969482422,112.04000091552734,113.44999694824219,111.97898864746094,8110500
2026-05-14,113.62999725341797,113.9000015258789,112.56999969482422,113.41000366210938,111.93952178955078,5284200
2026-05-15,113.9000015258789,113.93000030517578,110.94000244140625,111.37999725341797,109.93582916259766,10028900
2026-05-18,111.43000030517578,112.88999938964844,110.97000122070312,112.55999755859375,111.10053253173828,8047200
2026-05-19,112.55999755859375,115.0999984741211,112.12999725341797,114.23999786376953,112.75874328613281,7555400
2026-05-20,114.62999725341797,114.94999694824219,112.9000015258789,113.0,111.53482818603516,9130600
2026-05-21,112.79000091552734,115.9800033569336,112.08999633789062,115.87999725341797,114.37748718261719,7402700
2026-05-22,120.55000305175781,122.66000366210938,120.08000183105469,122.41000366210938,120.82283020019531,14749200
2026-05-26,122.9000015258789,123.12999725341797,119.41000366210938,119.72000122070312,118.1677017211914,10008700
2026-05-27,119.81999969482422,122.4000015258789,119.77999877929688,120.23999786376953,118.68095397949219,7162300
2026-05-28,120.26000213623047,121.5,119.36000061035156,119.88999938964844,118.33549499511719,9258900
2026-05-29,119.6500015258789,120.66999816894531,118.19000244140625,118.72000122070312,117.18067169189453,16596000
2026-06-01,117.55000305175781,117.95999908447266,114.36000061035156,115.16999816894531,113.67668914794922,9406700
2026-06-02,114.5,116.77999877929688,114.5,115.6500015258789,114.15047454833984,8311500
2026-06-03,115.44999694824219,117.33000183105469,114.69999694824219,114.69999694824219,113.2127914428711,8225100
2026-06-04,117.16000366210938,120.55000305175781,117.08999633789062,120.26000213623047,118.70069885253906,15933900
2026-06-05,120.94000244140625,123.45999908447266,120.36000061035156,120.79000091552734,119.22383117675781,15967200
2026-06-08,120.8499984741211,122.5999984741211,118.69000244140625,119.5199966430664,117.97028350830078,12312200
2026-06-09,120.02999877929688,120.5,118.0,119.5999984741211,118.04925537109375,9669100
2026-06-10,119.77999877929688,120.04000091552734,117.26000213623047,119.08999633789062,117.54586029052734,10302100
2026-06-11,120.04000091552734,122.70999908447266,119.94999694824219,120.76000213623047,119.19422149658203,13180300
2026-06-12,121.5,121.9000015258789,118.83000183105469,119.05000305175781,117.50639343261719,10926900
2026-06-15,118.70999908447266,118.94999694824219,114.87000274658203,114.9000015258789,114.22575378417969,15395700
2026-06-16,115.87999725341797,115.9000015258789,113.56999969482422,115.16999816894531,114.4941635131836,10665400
2026-06-17,114.86000061035156,115.98999786376953,114.0199966430664,115.44000244140625,114.76258850097656,10459900
2026-06-18,114.63999938964844,114.94000244140625,111.56999969482422,113.87000274658203,113.20179748535156,29521600
2026-06-22,113.97000122070312,115.62999725341797,113.0,115.4800033569336,114.80235290527344,10521200
2026-06-23,116.52999877929688,119.80000305175781,116.52999877929688,119.5999984741211,118.8981704711914,10469300
2026-06-24,120.9000015258789,121.80999755859375,119.51000213623047,120.5999984741211,119.89230346679688,10478100
2026-06-25,121.62999725341797,125.95999908447266,121.0,125.44999694824219,124.71383666992188,14043800
2026-06-26,125.83000183105469,128.77999877929688,125.83000183105469,128.66000366210938,127.9050064086914,18891500
2026-06-29,127.6500015258789,129.97000122070312,126.73999786376953,129.3800048828125,128.62078857421875,9584600
2026-06-30,129.22000122070312,130.2899932861328,126.68000030517578,128.5,127.74594116210938,11837200
2026-07-01,128.00999450683594,128.4199981689453,124.70999908447266,125.37000274658203,124.63431549072266,10761500
2026-07-02,126.18000030517578,129.61000061035156,125.98999786376953,129.55999755859375,128.7997283935547,7832200
2026-07-06,129.30999755859375,130.0,125.62000274658203,126.77999877929688,126.0360336303711,9499300
2026-07-07,128.77000427246094,129.69000244140625,127.88999938964844,128.86000061035156,128.1038360595703,10174300
2026-07-08,128.33999633789062,128.99000549316406,125.13999938964844,125.98999786376953,125.25067138671875,7910200
2026-07-09,125.4800033569336,128.07000732421875,124.44999694824219,125.06999969482422,124.33607482910156,6975500
2026-07-10,125.12000274658203,125.55999755859375,122.9000015258789,123.54000091552734,122.81504821777344,8388400
2026-07-13,123.58000183105469,124.73999786376953,122.44000244140625,124.02999877929688,123.30217742919922,5225800
2026-07-14,123.30000305175781,123.66000366210938,120.16000366210938,120.77999877929688,120.07124328613281,9932900
2026-07-15,124.25,124.9000015258789,122.75,123.61000061035156,122.8846435546875,9053800
2026-07-16,124.33000183105469,128.92999267578125,124.0,127.62999725341797,126.88105010986328,13038800
2026-07-17,128.4499969482422,131.74000549316406,127.02999877929688,127.5,126.75181579589844,13472700
2026-07-20,127.29000091552734,127.88999938964844,124.22000122070312,124.4000015258789,123.67000579833984,7729000
2026-07-21,124.80000305175781,126.7699966430664,124.0999984741211,126.26000213623047,125.51908874511719,7344800
2026-07-22,127.31999969482422,128.8300018310547,126.62000274658203,127.47000122070312,126.72199249267578,7792400
2026-07-23,127.81999969482422,131.0399932861328,127.81999969482422,130.47999572753906,129.71432495117188,8531300
2026-07-24,131.44000244140625,131.7100067138672,130.24000549316406,131.07000732421875,130.30087280273438,6154400
2026-07-27,131.00999450683594,132.52999877929688,130.4499969482422,130.75999450683594,129.99267578125,6909800
2026-07-28,132.8800048828125,135.0500030517578,131.13999938964844,131.82000732421875,131.0464630126953,10260200
2026-07-29,132.3699951171875,132.69000244140625,129.64999389648438,130.36000061035156,129.59503173828125,7537700
2026-07-30,128.1999969482422,130.2100067138672,127.25,129.7899932861328,129.0283660888672,7832900
2026-07-31,128.9199981689453,131.0399932861328,128.13999938964844,130.1999969482422,129.4359588623047,7738800
2026-08-03,129.8699951171875,131.47000122070312,126.72000122070312,127.7699966430664,127.02022552490234,11153800
2026-08-04,128.4600067138672,129.99000549316406,126.22000122070312,128.0,127.2488784790039,11816900
2026-08-05,129.41000366210938,131.08999633789062,127.55999755859375,128.3300018310547,127.57694244384766,10501900
2026-08-06,130.9600067138672,131.0800018310547,127.80000305175781,128.3699951171875,127.61669921875,7051700
2026-08-07,127.83999633789062,128.75,126.68000030517578,128.5800018310547,127.82547760009766,7347500
2026-08-10,128.2899932861328,130.97999572753906,128.24000549316406,130.9199981689453,130.15174865722656,6007600
2026-08-11,129.92999267578125,132.83999633789062,129.6999969482422,130.4199981689453,129.65467834472656,6342200
2026-08-12,130.25,134.05999755859375,128.91000366210938,132.9199981689453,132.13999938964844,10447100
2026-08-13,133.86000061035156,135.67999267578125,133.05999755859375,135.5500030517578,134.75457763671875,8895200
2026-08-14,134.42999267578125,135.97000122070312,133.39999389648438,135.83999633789062,135.04286193847656,6869000
2026-08-17,134.9499969482422,137.1699981689453,134.5500030517578,135.97000122070312,135.17210388183594,8477300
2026-08-18,137.24000549316406,137.97999572753906,134.8800048828125,135.1699981689453,134.37680053710938,10284200
2026-08-19,146.94000244140625,153.5,144.89999389648438,152.1999969482422,151.30686950683594,32776300
2026-08-20,150.77999877929688,152.52000427246094,148.52000427246094,148.99000549316406,148.11570739746094,16204700
2026-08-21,149.1199951171875,154.49000549316406,148.58999633789062,152.5500030517578,151.65481567382812,15976200
2026-08-24,150.72000122070312,151.52000427246094,149.13999938964844,150.66000366210938,149.77590942382812,15032000
2026-08-25,151.0,156.9199981689453,150.66000366210938,156.4499969482422,155.53192138671875,14005100
2026-08-26,154.35000610351562,155.19000244140625,152.61000061035156,153.10000610351562,152.20159912109375,8627600
2026-08-27,149.52999877929688,152.0800018310547,149.02000427246094,149.5399932861328,148.6624755859375,8522600
2026-08-28,146.72000122070312,149.00999450683594,145.75,148.35000610351562,147.47946166992188,8067000
2026-08-31,147.0,148.69000244140625,145.9499969482422,147.75999450683594,146.89291381835938,11124700
2026-09-01,150.22999572753906,151.67999267578125,148.5500030517578,149.86000061035156,148.98060607910156,9865600
2026-09-02,151.5,152.69000244140625,149.97000122070312,151.63999938964844,150.75015258789062,8969200
2026-09-03,152.8000030517578,152.8000030517578,148.89999389648438,152.33999633789062,151.446044921875,6498300
2026-09-04,150.8300018310547,152.22000122070312,150.08999633789062,150.3300018310547,149.44784545898438,4395400
2026-09-08,148.41000366210938,149.60000610351562,146.27999877929688,148.4600067138672,147.5888214111328,11187000
2026-09-09,148.9600067138672,149.41000366210938,147.17999267578125,147.52999877929688,146.66427612304688,8546000
2026-09-10,147.94000244140625,148.0,144.10000610351562,144.7100067138672,143.86082458496094,7542000
2026-09-11,145.52000427246094,145.89999389648438,143.67999267578125,143.92999267578125,143.08538818359375,8678200
2026-09-14,146.4199981689453,147.08999633789062,144.10000610351562,144.85000610351562,144.0,7412500
2026-09-15,143.85000610351562,144.14999389648438,142.32000732421875,143.7899932861328,143.7899932861328,8291600
2026-09-16,143.9600067138672,144.97000122070312,143.5,144.91000366210938,144.91000366210938,7226900
