Price,Open,High,Low,Close,Adj Close,Volume
Ticker,MS,MS,MS,MS,MS,MS
Date,,,,,,
2021-08-11,102.27999877929688,103.93000030517578,101.8499984741211,103.87999725341797,88.58885192871094,8793200
2021-08-12,103.52999877929688,104.72000122070312,103.51000213623047,104.66999816894531,89.26258087158203,6302100
2021-08-13,104.5,104.7699966430664,102.69000244140625,103.94000244140625,88.6400375366211,8312200
2021-08-16,103.20999908447266,103.81999969482422,102.19000244140625,103.72000122070312,88.45243072509766,6540300
2021-08-17,102.80999755859375,103.8499984741211,101.5999984741211,102.87000274658203,87.7275390625,6492900
2021-08-18,102.37999725341797,103.05999755859375,101.12000274658203,101.26000213623047,86.35453796386719,7839800
2021-08-19,99.55000305175781,100.75,98.70999908447266,99.7300033569336,85.04975128173828,10644700
2021-08-20,99.79000091552734,101.0199966430664,99.51000213623047,100.66000366210938,85.8428726196289,6496900
2021-08-23,101.98999786376953,102.87999725341797,101.72000122070312,102.16000366210938,87.1220703125,5430700
2021-08-24,102.69000244140625,103.44000244140625,102.52999877929688,103.08999633789062,87.91515350341797,5339700
2021-08-25,103.2699966430664,104.97000122070312,103.04000091552734,104.08999633789062,88.76795196533203,5612100
2021-08-26,104.63999938964844,105.6500015258789,103.66999816894531,103.83999633789062,88.55477142333984,6882800
2021-08-27,103.88999938964844,105.47000122070312,103.68000030517578,105.44999694824219,89.92777252197266,5900600
2021-08-30,105.62999725341797,105.80999755859375,103.87999725341797,104.08999633789062,88.76795196533203,6459700
2021-08-31,104.2699966430664,104.70999908447266,103.37000274658203,104.43000030517578,89.05792999267578,7215100
2021-09-01,104.54000091552734,105.08000183105469,103.56999969482422,104.30999755859375,88.95558166503906,5762400
2021-09-02,105.01000213623047,105.51000213623047,104.36000061035156,104.83000183105469,89.39904022216797,5708400
2021-09-03,104.73999786376953,105.33000183105469,103.7699966430664,104.25,88.9043960571289,7195400
2021-09-07,104.08000183105469,105.37000274658203,104.06999969482422,104.18000030517578,88.84471893310547,6792100
2021-09-08,103.8499984741211,104.56999969482422,103.06999969482422,103.56999969482422,88.32450866699219,5601000
2021-09-09,103.3499984741211,105.2300033569336,103.30000305175781,103.83999633789062,88.55477142333984,6145700
2021-09-10,104.43000030517578,104.79000091552734,103.20999908447266,103.62000274658203,88.36714172363281,5958600
2021-09-13,103.83999633789062,104.5199966430664,103.22000122070312,104.4000015258789,89.03233337402344,6112200
2021-09-14,104.3499984741211,105.4000015258789,101.66000366210938,101.91000366210938,86.90886688232422,8400600
2021-09-15,102.16000366210938,103.33999633789062,101.80999755859375,103.04000091552734,87.87252807617188,6691900
2021-09-16,103.51000213623047,104.16999816894531,101.75,102.47000122070312,87.38641357421875,5881600
2021-09-17,102.12999725341797,103.88999938964844,101.41000366210938,101.75,86.77241516113281,17485600
2021-09-20,98.75,99.25,96.87000274658203,98.62999725341797,84.11167907714844,15443800
2021-09-21,99.43000030517578,99.7300033569336,97.94999694824219,98.30000305175781,83.83024597167969,8985600
2021-09-22,99.43000030517578,101.81999969482422,99.43000030517578,100.80000305175781,85.96227264404297,9497700
2021-09-23,101.76000213623047,103.98999786376953,101.5999984741211,103.55000305175781,88.30744934082031,6087900
2021-09-24,103.38999938964844,104.12999725341797,102.80999755859375,102.91000366210938,87.76166534423828,5529300
2021-09-27,103.8499984741211,105.76000213623047,103.83000183105469,105.0999984741211,89.6292724609375,8195200
2021-09-28,104.2699966430664,105.94999694824219,101.72000122070312,102.04000091552734,87.01971435546875,14183500
2021-09-29,101.08000183105469,101.61000061035156,99.11000061035156,99.55000305175781,84.89627075195312,11543000
2021-09-30,100.2300033569336,100.37999725341797,96.25,97.30999755859375,82.98596954345703,12258400
2021-10-01,97.93000030517578,99.91000366210938,97.05999755859375,99.05000305175781,84.4698486328125,7912700
2021-10-04,99.05000305175781,100.51000213623047,96.97000122070312,97.1500015258789,82.84954833984375,9482100
2021-10-05,98.22000122070312,99.7300033569336,97.47000122070312,99.19999694824219,84.59778594970703,8850300
2021-10-06,98.22000122070312,99.45999908447266,97.22000122070312,99.0999984741211,84.51248931884766,6912700
2021-10-07,100.55999755859375,100.91999816894531,98.69000244140625,98.80000305175781,84.25666046142578,7959600
2021-10-08,99.0199966430664,100.69000244140625,98.38999938964844,100.04000091552734,85.31411743164062,5301100
2021-10-11,100.08000183105469,100.68000030517578,97.20999908447266,97.29000091552734,82.96892547607422,7003900
2021-10-12,97.29000091552734,98.72000122070312,96.69000244140625,97.77999877929688,83.38679504394531,7913300
2021-10-13,98.12000274658203,99.18000030517578,96.68000030517578,98.56999969482422,84.06050872802734,10170900
2021-10-14,101.22000122070312,101.58000183105469,97.80999755859375,101.01000213623047,86.1413345336914,14766800
2021-10-15,102.45999908447266,103.22000122070312,101.8499984741211,102.13999938964844,87.10502624511719,11678100
2021-10-18,101.76000213623047,103.94000244140625,100.55000305175781,101.41000366210938,86.48246765136719,8924300
2021-10-19,101.55000305175781,102.44999694824219,101.30000305175781,101.75,86.77241516113281,6189500
2021-10-20,101.08000183105469,101.91999816894531,99.93000030517578,100.66000366210938,85.8428726196289,7426900
2021-10-21,100.36000061035156,101.75,99.56999969482422,100.27999877929688,85.51880645751953,5931400
2021-10-22,100.73999786376953,102.23999786376953,100.56999969482422,101.80000305175781,86.81504821777344,6761500
2021-10-25,102.30000305175781,102.73999786376953,101.66000366210938,101.91000366210938,86.90886688232422,3836000
2021-10-26,102.12000274658203,103.9800033569336,101.69000244140625,103.47000122070312,88.23922729492188,7649500
2021-10-27,102.97000122070312,103.83999633789062,101.83000183105469,101.87000274658203,86.87474822998047,7542400
2021-10-28,101.88999938964844,102.62999725341797,100.80000305175781,102.5,88.01681518554688,6663000
2021-10-29,102.11000061035156,103.30999755859375,101.93000030517578,102.77999877929688,88.25724029541016,8056900
2021-11-01,103.88999938964844,104.33000183105469,102.69000244140625,104.0,89.30487060546875,5432400
2021-11-02,103.93000030517578,105.33999633789062,103.37000274658203,104.66000366210938,89.87162017822266,7191700
2021-11-03,104.38999938964844,104.7300033569336,101.87999725341797,102.61000061035156,88.11128234863281,9009000
2021-11-04,102.2300033569336,102.30999755859375,98.16999816894531,99.79000091552734,85.68973541259766,14823800
2021-11-05,101.33000183105469,101.9800033569336,99.7300033569336,99.87000274658203,85.75843811035156,8449600
2021-11-08,100.45999908447266,101.80000305175781,99.97000122070312,100.06999969482422,85.93018341064453,7332000
2021-11-09,99.45999908447266,100.30999755859375,98.27999877929688,99.70999908447266,85.62104034423828,8756900
2021-11-10,98.73999786376953,99.62000274658203,97.72000122070312,97.7699966430664,83.95516204833984,9191500
2021-11-11,98.04000091552734,99.30999755859375,97.47000122070312,98.87999725341797,84.90831756591797,6249600
2021-11-12,99.20999908447266,99.88999938964844,98.05000305175781,99.8499984741211,85.74124908447266,7270300
2021-11-15,100.02999877929688,100.80000305175781,99.95999908447266,100.20999908447266,86.05040740966797,5652200
2021-11-16,100.0,101.55999755859375,99.51000213623047,100.69000244140625,86.46257781982422,6448500
2021-11-17,100.51000213623047,100.62999725341797,97.3499984741211,97.68000030517578,83.87788391113281,9670700
2021-11-18,97.93000030517578,98.26000213623047,96.48999786376953,97.68000030517578,83.87788391113281,6850200
2021-11-19,96.22000122070312,97.87999725341797,94.94999694824219,96.91000366210938,83.21669006347656,9923400
2021-11-22,98.29000091552734,100.52999877929688,97.81999969482422,99.31999969482422,85.28618621826172,10430400
2021-11-23,100.30999755859375,102.12999725341797,100.18000030517578,101.86000061035156,87.4672622680664,8559200
2021-11-24,101.83999633789062,102.2300033569336,100.11000061035156,101.12000274658203,86.83182525634766,7146400
2021-11-26,98.05000305175781,98.16000366210938,95.87000274658203,97.93000030517578,84.0925521850586,11738200
2021-11-29,99.04000091552734,99.5999984741211,95.95999908447266,97.2300033569336,83.4914779663086,13793400
2021-11-30,96.43000030517578,96.5,93.87999725341797,94.81999969482422,81.42198944091797,20586200
2021-12-01,96.9800033569336,98.61000061035156,95.26000213623047,95.26000213623047,81.79981994628906,11708200
2021-12-02,96.0,99.75,95.30000305175781,98.86000061035156,84.89115142822266,10685800
2021-12-03,100.04000091552734,100.87000274658203,96.8499984741211,98.20999908447266,84.33300018310547,9811800
2021-12-06,100.0,100.70999908447266,98.80000305175781,99.2699966430664,85.24320220947266,9624500
2021-12-07,100.37000274658203,103.11000061035156,100.33999633789062,102.5,88.01681518554688,10674400
2021-12-08,102.66000366210938,103.16000366210938,101.2300033569336,101.25,86.94344329833984,9089700
2021-12-09,100.7699966430664,101.81999969482422,100.25,100.58000183105469,86.36811065673828,7749600
2021-12-10,100.94000244140625,101.26000213623047,98.37999725341797,98.43000030517578,84.52192687988281,10429000
2021-12-13,98.1500015258789,98.19999694824219,96.80000305175781,97.16999816894531,83.43993377685547,10057100
2021-12-14,96.75,99.44000244140625,96.56999969482422,98.81999969482422,84.8567886352539,11105900
2021-12-15,99.12000274658203,99.83000183105469,97.12999725341797,99.43000030517578,85.38060760498047,7055000
2021-12-16,101.29000091552734,101.41999816894531,99.66000366210938,100.30000305175781,86.12767028808594,7889900
2021-12-17,99.47000122070312,99.5199966430664,96.80999755859375,97.12999725341797,83.40558624267578,20851400
2021-12-20,95.61000061035156,95.88999938964844,94.20999908447266,95.37000274658203,81.894287109375,11931400
2021-12-21,96.18000030517578,98.51000213623047,96.06999969482422,97.7699966430664,83.95516204833984,8235100
2021-12-22,97.69000244140625,98.68000030517578,97.45999908447266,98.30000305175781,84.41028594970703,4798400
2021-12-23,99.01000213623047,99.97000122070312,98.7699966430664,99.33999633789062,85.30331420898438,4482200
2021-12-27,99.72000122070312,100.52999877929688,99.11000061035156,100.4000015258789,86.21354675292969,4196000
2021-12-28,100.5999984741211,101.0,99.58000183105469,99.97000122070312,85.84431457519531,4269700
2021-12-29,100.05000305175781,100.51000213623047,98.69000244140625,98.7300033569336,84.7795181274414,6923100
2021-12-30,98.86000061035156,99.97000122070312,98.72000122070312,98.80000305175781,84.83964538574219,3564900
2021-12-31,98.7300033569336,99.20999908447266,97.4800033569336,98.16000366210938,84.2900619506836,5124800
2022-01-03,99.33000183105469,101.4000015258789,99.30000305175781,100.19000244140625,86.03323364257812,8481900
2022-01-04,102.0,104.68000030517578,101.9800033569336,104.26000213623047,89.52813720703125,8967000
2022-01-05,103.69999694824219,105.02999877929688,101.56999969482422,101.68000030517578,87.31266784667969,10288800
2022-01-06,104.12000274658203,104.20999908447266,100.62000274658203,103.41999816894531,88.80681610107422,10059200
2022-01-07,103.51000213623047,104.52999877929688,102.93000030517578,104.05000305175781,89.34780883789062,6128400
2022-01-10,104.72000122070312,105.0999984741211,102.83000183105469,104.12999725341797,89.4164810180664,8904900
2022-01-11,104.16000366210938,106.08999633789062,103.58000183105469,105.91999816894531,90.95357513427734,7320200
2022-01-12,106.05000305175781,106.47000122070312,102.3499984741211,103.05000305175781,88.4891128540039,10855200
2022-01-13,103.43000030517578,104.3499984741211,102.13999938964844,102.55000305175781,88.05974578857422,6267700
2022-01-14,99.75,100.47000122070312,97.38999938964844,98.87999725341797,84.90831756591797,16724900
2022-01-18,95.93000030517578,96.44000244140625,92.94000244140625,94.01000213623047,80.7264633178711,21803100
2022-01-19,98.01000213623047,98.25,94.95999908447266,95.7300033569336,82.20340728759766,19716100
2022-01-20,96.5999984741211,101.95999908447266,96.5999984741211,99.83000183105469,85.7240982055664,22637600
2022-01-21,98.13999938964844,99.55999755859375,96.3499984741211,98.86000061035156,84.89115142822266,22568300
2022-01-24,96.0199966430664,98.31999969482422,93.68000030517578,98.08000183105469,84.22135162353516,19527300
2022-01-25,96.58000183105469,99.83000183105469,95.01000213623047,99.04000091552734,85.04570007324219,16060700
2022-01-26,100.1500015258789,101.75,98.9000015258789,100.16999816894531,86.01604461669922,13344400
2022-01-27,101.30999755859375,102.2300033569336,99.66000366210938,101.1500015258789,86.8575668334961,17843100
2022-01-28,99.0999984741211,101.91999816894531,98.1500015258789,101.80000305175781,88.02488708496094,14044800
2022-01-31,100.97000122070312,102.73999786376953,100.27999877929688,102.54000091552734,88.66474914550781,8467000
2022-02-01,102.95999908447266,104.0999984741211,102.23999786376953,103.94999694824219,89.88396453857422,7885700
2022-02-02,103.80000305175781,104.30000305175781,102.30000305175781,103.91999816894531,89.8580322265625,9596300
2022-02-03,103.66999816894531,104.0999984741211,102.12999725341797,102.29000091552734,88.44860076904297,5986500
2022-02-04,102.1500015258789,105.0199966430664,102.06999969482422,104.11000061035156,90.02232360839844,7881800
2022-02-07,104.05000305175781,106.18000030517578,103.63999938964844,105.18000030517578,90.94752502441406,9129000
2022-02-08,105.97000122070312,107.31999969482422,105.31999969482422,106.3499984741211,91.9592056274414,9249000
2022-02-09,106.93000030517578,109.08000183105469,106.8499984741211,108.7300033569336,94.01715850830078,11054300
2022-02-10,108.19000244140625,109.7300033569336,107.1500015258789,107.56999969482422,93.01411437988281,8116200
2022-02-11,107.0,108.38999938964844,103.81999969482422,104.56999969482422,90.4200668334961,9755900
2022-02-14,104.02999877929688,104.5,101.5999984741211,102.56999969482422,88.6906967163086,11110300
2022-02-15,103.5199966430664,104.3499984741211,102.12000274658203,103.43000030517578,89.434326171875,6714100
2022-02-16,102.5,103.04000091552734,100.66999816894531,101.1500015258789,87.46285247802734,10190700
2022-02-17,100.0199966430664,100.20999908447266,95.88999938964844,96.1500015258789,83.1394271850586,15620300
2022-02-18,95.26000213623047,96.04000091552734,93.11000061035156,95.41999816894531,82.50819396972656,16321800
2022-02-22,94.68000030517578,96.7699966430664,93.9000015258789,94.75,81.9288558959961,9143700
2022-02-23,95.69999694824219,95.72000122070312,93.08000183105469,93.55000305175781,80.8912582397461,8722200
2022-02-24,89.8499984741211,92.18000030517578,88.52999877929688,91.80999755859375,79.38668823242188,18518000
2022-02-25,92.06999969482422,94.69999694824219,91.62999725341797,94.55000305175781,81.75593566894531,9717400
2022-02-28,91.58999633789062,92.22000122070312,89.91999816894531,90.73999786376953,78.46147155761719,17955100
2022-03-01,90.0,90.0,86.48999786376953,87.62999725341797,75.77230834960938,18341800
2022-03-02,88.05999755859375,89.27999877929688,87.0199966430664,88.37999725341797,76.42082977294922,18007500
2022-03-03,89.68000030517578,90.25,87.06999969482422,87.77999877929688,75.90202331542969,12197100
2022-03-04,86.19999694824219,86.9000015258789,84.76000213623047,86.36000061035156,74.67416381835938,11950700
2022-03-07,85.02999877929688,86.08000183105469,83.41999816894531,83.44999694824219,72.15792846679688,12680900
2022-03-08,83.62999725341797,85.75,81.97000122070312,83.30999755859375,72.0368881225586,11641200
2022-03-09,86.23999786376953,88.98999786376953,86.0999984741211,87.4000015258789,75.57343292236328,12994600
2022-03-10,85.7699966430664,87.80000305175781,85.01000213623047,85.86000061035156,74.24182891845703,11351600
2022-03-11,87.12000274658203,87.76000213623047,85.08000183105469,85.18000030517578,73.65383911132812,8568100
2022-03-14,85.8499984741211,86.70999908447266,84.47000122070312,84.72000122070312,73.2560806274414,8280700
2022-03-15,85.44999694824219,86.69999694824219,84.58000183105469,86.33000183105469,74.64823150634766,8672400
2022-03-16,88.01000213623047,92.3499984741211,88.0,91.76000213623047,79.34347534179688,17635900
2022-03-17,90.19999694824219,94.19000244140625,89.91999816894531,93.86000061035156,81.15929412841797,15156800
2022-03-18,93.4800033569336,94.9000015258789,92.41999816894531,94.81999969482422,81.98938751220703,16325400
2022-03-21,94.72000122070312,94.91000366210938,92.20999908447266,92.61000061035156,80.07844543457031,8568700
2022-03-22,93.16000366210938,94.5999984741211,92.87000274658203,94.22000122070312,81.47058868408203,7565100
2022-03-23,93.41000366210938,94.0,91.88999938964844,92.37999725341797,79.87954711914062,7465400
2022-03-24,92.55000305175781,93.0999984741211,91.8499984741211,92.12999725341797,79.66338348388672,6488300
2022-03-25,92.4800033569336,93.97000122070312,91.98999786376953,92.37999725341797,79.87954711914062,6592800
2022-03-28,92.27999877929688,92.30000305175781,90.13999938964844,91.2699966430664,78.91976928710938,8680800
2022-03-29,93.38999938964844,93.38999938964844,91.05000305175781,91.83999633789062,79.41263580322266,7431600
2022-03-30,91.86000061035156,91.94000244140625,89.76000213623047,90.2699966430664,78.0550765991211,7289800
2022-03-31,89.72000122070312,90.19000244140625,87.4000015258789,87.4000015258789,75.57343292236328,8422700
2022-04-01,88.13999938964844,88.52999877929688,85.91000366210938,86.98999786376953,75.21892547607422,8192300
2022-04-04,86.54000091552734,87.56999969482422,85.80999755859375,87.27999877929688,75.46966552734375,8098900
2022-04-05,86.55000305175781,86.83000183105469,84.94000244140625,85.27999877929688,73.74031066894531,11587400
2022-04-06,84.72000122070312,84.80999755859375,82.75,83.12999725341797,71.88123321533203,10493200
2022-04-07,82.87999725341797,83.61000061035156,81.4000015258789,83.12999725341797,71.88123321533203,11902900
2022-04-08,83.52999877929688,84.7699966430664,82.95999908447266,84.05999755859375,72.68537139892578,6937500
2022-04-11,83.58000183105469,85.81999969482422,83.0199966430664,84.0199966430664,72.65081024169922,8290400
2022-04-12,83.76000213623047,85.9800033569336,83.54000091552734,83.93000030517578,72.57298278808594,8057300
2022-04-13,82.93000030517578,84.25,82.77999877929688,84.12999725341797,72.74591064453125,8760300
2022-04-14,86.01000213623047,87.9000015258789,84.58999633789062,84.76000213623047,73.29066467285156,16348400
2022-04-18,84.38999938964844,87.18000030517578,84.31999969482422,86.4800033569336,74.77792358398438,7897500
2022-04-19,87.01000213623047,89.11000061035156,86.91999816894531,88.91000366210938,76.87910461425781,12637700
2022-04-20,89.61000061035156,91.58000183105469,89.61000061035156,90.61000061035156,78.34907531738281,11828400
2022-04-21,91.52999877929688,92.93000030517578,88.70999908447266,88.91000366210938,76.87910461425781,9563900
2022-04-22,88.12000274658203,88.20999908447266,84.62999725341797,84.73999786376953,73.27336883544922,11455400
2022-04-25,84.02999877929688,85.30999755859375,82.88999938964844,85.05000305175781,73.54141998291016,11577600
2022-04-26,84.29000091552734,85.22000122070312,82.27999877929688,82.37000274658203,71.22406768798828,10062000
2022-04-27,82.37999725341797,83.66999816894531,81.80999755859375,82.20999908447266,71.08570861816406,9522900
2022-04-28,82.69999694824219,83.8499984741211,81.61000061035156,83.4000015258789,72.73401641845703,6974600
2022-04-29,83.05999755859375,83.73999786376953,80.30999755859375,80.58999633789062,70.28337097167969,8097300
2022-05-02,80.58999633789062,82.13999938964844,80.02999877929688,81.95999908447266,71.4781723022461,8737100
2022-05-03,82.48999786376953,84.80999755859375,82.25,83.75,73.03923797607422,9430500
2022-05-04,84.06999969482422,87.52999877929688,83.94000244140625,87.22000122070312,76.06547546386719,10495000
2022-05-05,85.75,86.16000366210938,83.41000366210938,84.94000244140625,74.07705688476562,8556500
2022-05-06,84.13999938964844,84.56999969482422,82.30999755859375,84.2300033569336,73.4578628540039,7333600
2022-05-09,82.54000091552734,83.23999786376953,80.72000122070312,81.1500015258789,70.77176666259766,11161000
2022-05-10,82.01000213623047,82.66000366210938,78.72000122070312,80.26000213623047,69.9955825805664,9261000
2022-05-11,80.06999969482422,82.05999755859375,78.76000213623047,78.88999938964844,68.80079650878906,8060000
2022-05-12,78.05000305175781,79.5199966430664,76.75,78.58999633789062,68.53914642333984,10315600
2022-05-13,79.5999984741211,81.5,79.47000122070312,80.54000091552734,70.23977661132812,7948000
2022-05-16,80.38999938964844,80.93000030517578,78.8499984741211,79.9000015258789,69.6816177368164,5703600
2022-05-17,81.63999938964844,83.26000213623047,81.33000183105469,82.93000030517578,72.32412719726562,6507100
2022-05-18,81.9000015258789,82.22000122070312,80.31999969482422,80.69000244140625,70.3705825805664,5949400
2022-05-19,79.7300033569336,81.18000030517578,79.5,79.95999908447266,69.73396301269531,7852800
2022-05-20,80.62000274658203,81.20999908447266,77.56999969482422,79.37000274658203,69.21942138671875,8705000
2022-05-23,80.79000091552734,83.33999633789062,80.0999984741211,82.30999755859375,71.78339385986328,7787700
2022-05-24,81.80000305175781,82.22000122070312,80.05000305175781,81.95999908447266,71.4781723022461,6225700
2022-05-25,81.27999877929688,82.81999969482422,81.0,82.2300033569336,71.71363067626953,6747800
2022-05-26,83.3499984741211,85.55000305175781,83.23999786376953,85.0,74.12937927246094,8573400
2022-05-27,85.56999969482422,86.4800033569336,84.91999816894531,86.44999694824219,75.39395141601562,6300000
2022-05-31,85.45999908447266,86.81999969482422,84.93000030517578,86.13999938964844,75.12358856201172,10780700
2022-06-01,86.44000244140625,86.77999877929688,83.70999908447266,85.0,74.12937927246094,6543900
2022-06-02,85.18000030517578,85.37999725341797,83.66999816894531,85.19999694824219,74.30380249023438,7468700
2022-06-03,84.16999816894531,84.98999786376953,83.68000030517578,84.12000274658203,73.36192321777344,5276900
2022-06-06,85.19999694824219,86.27999877929688,84.73999786376953,84.87000274658203,74.01602935791016,4022400
2022-06-07,84.1500015258789,85.4000015258789,83.87999725341797,85.33000183105469,74.41719055175781,4514300
2022-06-08,84.5,85.12999725341797,82.73999786376953,83.19999694824219,72.55957794189453,6787200
2022-06-09,82.69999694824219,82.87999725341797,81.1500015258789,81.16000366210938,70.7804946899414,6951700
2022-06-10,79.54000091552734,79.70999908447266,76.94999694824219,77.4000015258789,67.5013427734375,9671600
2022-06-13,75.0199966430664,76.26000213623047,74.13999938964844,75.18000030517578,65.56526184082031,10446400
2022-06-14,75.41999816894531,76.7699966430664,74.2699966430664,74.95999908447266,65.3733901977539,7400300
2022-06-15,75.80000305175781,77.19999694824219,74.33000183105469,76.0199966430664,66.2978286743164,9273300
2022-06-16,74.08999633789062,74.36000061035156,72.48999786376953,73.94999694824219,64.49256896972656,11068400
2022-06-17,73.80999755859375,74.62000274658203,72.66000366210938,72.9000015258789,63.57685852050781,17285900
2022-06-21,75.06999969482422,75.25,74.16000366210938,74.62999725341797,65.08560180664062,8063800
2022-06-22,73.63999938964844,74.91000366210938,73.08999633789062,74.4000015258789,64.88501739501953,6322600
2022-06-23,74.41000366210938,74.52999877929688,72.2300033569336,73.97000122070312,64.510009765625,7958000
2022-06-24,75.5999984741211,78.55000305175781,75.0199966430664,77.81999969482422,67.86763763427734,10795400
2022-06-27,78.4000015258789,78.4000015258789,76.91000366210938,77.44000244140625,67.53622436523438,5937600
2022-06-28,80.37999725341797,81.22000122070312,78.05000305175781,78.16000366210938,68.16416931152344,10259100
2022-06-29,78.27999877929688,79.29000091552734,77.51000213623047,78.19000244140625,68.19031524658203,8534900
2022-06-30,76.56999969482422,76.83000183105469,74.52999877929688,76.05999755859375,66.33271026611328,10182400
2022-07-01,75.76000213623047,77.05000305175781,74.68000030517578,76.75,66.9344711303711,6017500
2022-07-05,75.05999755859375,76.12999725341797,73.5999984741211,76.11000061035156,66.3763198852539,8706900
2022-07-06,75.76000213623047,76.16999816894531,74.69000244140625,75.44999694824219,65.80073547363281,6895900
2022-07-07,76.29000091552734,77.20999908447266,76.12999725341797,76.98999786376953,67.14379119873047,6258300
2022-07-08,77.38999938964844,77.5199966430664,76.4000015258789,76.7300033569336,66.9170150756836,5890500
2022-07-11,75.86000061035156,76.36000061035156,75.27999877929688,75.81999969482422,66.12342834472656,4918900
2022-07-12,75.19999694824219,77.26000213623047,75.05999755859375,75.94000244140625,66.22806549072266,6558400
2022-07-13,75.23999786376953,75.5,74.01000213623047,74.9800033569336,65.3908462524414,7780100
2022-07-14,74.01000213623047,75.06999969482422,72.05000305175781,74.69000244140625,65.13793182373047,13296200
2022-07-15,75.94000244140625,78.7699966430664,75.66000366210938,78.05000305175781,68.06822204589844,11663900
2022-07-18,79.5,80.4000015258789,78.41999816894531,78.86000061035156,68.77461242675781,11596800
2022-07-19,79.86000061035156,81.98999786376953,79.83000183105469,81.6500015258789,71.20781707763672,9952000
2022-07-20,81.47000122070312,82.2699966430664,80.94000244140625,81.80999755859375,71.34734344482422,7653400
2022-07-21,81.5,83.0999984741211,81.22000122070312,83.0199966430664,72.40259552001953,9053400
2022-07-22,83.0999984741211,83.52999877929688,81.66000366210938,82.43000030517578,71.88805389404297,6564000
2022-07-25,82.88999938964844,83.18000030517578,82.12000274658203,82.55000305175781,71.99271392822266,6208200
2022-07-26,81.80000305175781,82.56999969482422,80.62999725341797,80.79000091552734,70.45780944824219,7121600
2022-07-27,81.38999938964844,82.86000061035156,80.95999908447266,82.51000213623047,71.95782470703125,7751300
2022-07-28,81.76000213623047,83.06999969482422,80.9000015258789,82.94999694824219,73.0274887084961,6324800
2022-07-29,82.97000122070312,84.62999725341797,82.97000122070312,84.30000305175781,74.21601104736328,8597700
2022-08-01,83.66000366210938,84.54000091552734,83.01000213623047,84.08999633789062,74.0311050415039,5439200
2022-08-02,83.33000183105469,84.58999633789062,82.95999908447266,83.52999877929688,73.53811645507812,7684700
2022-08-03,84.68000030517578,85.58999633789062,84.12000274658203,85.05000305175781,74.87628173828125,7043600
2022-08-04,85.19999694824219,85.6500015258789,84.80000305175781,85.36000061035156,75.14920806884766,5722600
2022-08-05,84.98999786376953,86.70999908447266,84.70999908447266,86.12999725341797,75.82708740234375,6219300
2022-08-08,86.76000213623047,87.22000122070312,85.94999694824219,86.02999877929688,75.73905944824219,5719700
2022-08-09,86.44999694824219,86.83999633789062,85.87000274658203,86.36000061035156,76.02959442138672,4920100
2022-08-10,87.52999877929688,89.66000366210938,87.5,88.88999938964844,78.25694274902344,7271700
2022-08-11,89.9800033569336,90.83999633789062,89.80000305175781,90.19999694824219,79.4102554321289,8808100
2022-08-12,90.62000274658203,91.75,90.05999755859375,91.66000366210938,80.69559478759766,6259000
2022-08-15,90.6500015258789,92.29000091552734,90.45999908447266,92.0199966430664,81.01252746582031,7348900
2022-08-16,91.4800033569336,92.2699966430664,91.33999633789062,91.81999969482422,80.83645629882812,5953800
2022-08-17,90.38999938964844,91.83000183105469,90.3499984741211,91.3499984741211,80.42269897460938,5499000
2022-08-18,91.16999816894531,92.0,90.98999786376953,91.7300033569336,80.75723266601562,4664800
2022-08-19,90.6500015258789,90.91999816894531,89.66000366210938,90.01000213623047,79.24298858642578,6264100
2022-08-22,88.43000030517578,88.86000061035156,87.70999908447266,88.45999908447266,77.87837982177734,6452800
2022-08-23,88.45999908447266,89.25,87.95999908447266,88.30000305175781,77.73751831054688,7487700
2022-08-24,87.98999786376953,89.04000091552734,87.80999755859375,88.5999984741211,78.00163269042969,5262400
2022-08-25,89.06999969482422,90.0999984741211,88.80000305175781,89.91000366210938,79.15494537353516,4943300
2022-08-26,90.33999633789062,90.48999786376953,86.72000122070312,86.80999755859375,76.4257583618164,7911500
2022-08-29,86.13999938964844,86.43000030517578,85.05999755859375,85.3499984741211,75.14038848876953,7505300
2022-08-30,86.13999938964844,86.2300033569336,84.20999908447266,84.43000030517578,74.33045959472656,8849400
2022-08-31,84.61000061035156,85.94000244140625,84.05999755859375,85.22000122070312,75.02597045898438,9223100
2022-09-01,84.66999816894531,86.20999908447266,83.38999938964844,86.16999816894531,75.86231994628906,7830800
2022-09-02,87.36000061035156,89.02999877929688,85.72000122070312,86.4000015258789,76.06481170654297,9974400
2022-09-06,86.75,86.83999633789062,83.16000366210938,85.12999725341797,74.94670867919922,10689300
2022-09-07,84.37000274658203,87.26000213623047,84.37000274658203,86.86000061035156,76.46977996826172,7592700
2022-09-08,86.52999877929688,88.48999786376953,86.0,88.44000244140625,77.86077880859375,8446700
2022-09-09,89.22000122070312,89.81999969482422,88.80000305175781,89.45999908447266,78.7587661743164,5976200
2022-09-12,90.0,91.04000091552734,89.8499984741211,90.1500015258789,79.3662338256836,8030800
2022-09-13,88.01000213623047,88.68000030517578,86.80000305175781,87.05000305175781,76.63705444335938,7890700
2022-09-14,87.54000091552734,88.11000061035156,86.12999725341797,87.18000030517578,76.75151062011719,8341100
2022-09-15,87.33999633789062,89.45999908447266,87.25,88.26000213623047,77.70230102539062,8883100
2022-09-16,87.4000015258789,87.69999694824219,85.58000183105469,87.43000030517578,76.97159576416016,20988900
2022-09-19,86.12000274658203,89.0199966430664,86.08000183105469,88.72000122070312,78.10729217529297,6011500
2022-09-20,88.0999984741211,88.44999694824219,86.37000274658203,87.19000244140625,76.76030731201172,8092300
2022-09-21,87.9000015258789,89.1500015258789,86.3499984741211,86.36000061035156,76.02959442138672,9707800
2022-09-22,86.91000366210938,87.25,84.2699966430664,84.7699966430664,74.62979888916016,8376300
2022-09-23,83.27999877929688,83.69000244140625,80.22000122070312,81.51000213623047,71.759765625,9990500
2022-09-26,80.91999816894531,81.66000366210938,79.01000213623047,79.76000213623047,70.21907806396484,8496000
2022-09-27,80.69999694824219,80.8499984741211,78.3499984741211,79.4800033569336,69.97257995605469,6855400
2022-09-28,79.76000213623047,81.88999938964844,79.69000244140625,81.47000122070312,71.72452545166016,6693500
2022-09-29,80.80000305175781,81.02999877929688,79.02999877929688,79.86000061035156,70.30712127685547,5892700
2022-09-30,79.7699966430664,81.16000366210938,78.86000061035156,79.01000213623047,69.55879211425781,8090900
2022-10-03,80.05000305175781,80.9800033569336,78.31999969482422,80.37999725341797,70.7649154663086,8169200
2022-10-04,82.19999694824219,84.73999786376953,81.80000305175781,83.97000122070312,73.92547607421875,7875000
2022-10-05,82.02999877929688,83.58999633789062,81.37999725341797,83.11000061035156,73.16835021972656,5956500
2022-10-06,82.44999694824219,83.19000244140625,81.12999725341797,81.30999755859375,71.58366394042969,6434800
2022-10-07,80.69999694824219,80.79000091552734,78.37999725341797,78.93000030517578,69.48837280273438,7180900
2022-10-10,79.44000244140625,79.72000122070312,77.81999969482422,78.41000366210938,69.03056335449219,5418000
2022-10-11,77.91999816894531,78.41000366210938,76.54000091552734,77.0,67.78923797607422,6271100
2022-10-12,76.98999786376953,77.80000305175781,76.33000183105469,76.5999984741211,67.43709564208984,6411600
2022-10-13,74.9800033569336,79.66000366210938,74.66999816894531,79.31999969482422,69.83171081542969,11811500
2022-10-14,77.2300033569336,79.05999755859375,74.83000183105469,75.30000305175781,66.29258728027344,13658500
2022-10-17,76.80999755859375,78.23999786376953,76.33000183105469,77.13999938964844,67.91248321533203,11412400
2022-10-18,79.80000305175781,80.58999633789062,78.37999725341797,79.44000244140625,69.93737030029297,9767800
2022-10-19,79.1500015258789,79.58999633789062,77.37000274658203,77.63999938964844,68.35267639160156,7429600
2022-10-20,77.62999725341797,78.54000091552734,76.13999938964844,76.5999984741211,67.43709564208984,7638100
2022-10-21,76.61000061035156,79.52999877929688,76.22000122070312,79.22000122070312,69.74368286132812,8149000
2022-10-24,79.52999877929688,81.0999984741211,78.56999969482422,79.43000030517578,69.9285659790039,8143300
2022-10-25,78.61000061035156,80.66999816894531,78.61000061035156,80.51000213623047,70.87936401367188,8173600
2022-10-26,80.5999984741211,82.05000305175781,80.58000183105469,80.91000366210938,71.23152923583984,7733400
2022-10-27,82.0,82.4800033569336,80.5999984741211,80.69000244140625,71.03783416748047,6466400
2022-10-28,80.2699966430664,82.30000305175781,79.51000213623047,82.22000122070312,73.08678436279297,7816100
2022-10-31,81.7699966430664,83.36000061035156,81.69000244140625,82.16999816894531,73.04232025146484,9087400
2022-11-01,83.25,83.97000122070312,82.98999786376953,83.72000122070312,74.420166015625,8195600
2022-11-02,83.44999694824219,86.72000122070312,83.41999816894531,84.37000274658203,74.99795532226562,10907500
2022-11-03,83.05999755859375,84.62999725341797,82.55000305175781,83.62000274658203,74.33126831054688,6447200
2022-11-04,85.1500015258789,85.75,84.0,84.8499984741211,75.42463684082031,6929700
2022-11-07,85.5199966430664,86.12999725341797,85.11000061035156,85.56999969482422,76.06465911865234,4599600
2022-11-08,85.61000061035156,86.2300033569336,84.51000213623047,85.27999877929688,75.80687713623047,4850300
2022-11-09,84.87999725341797,85.33999633789062,83.19000244140625,83.44999694824219,74.1801528930664,5200800
2022-11-10,86.69000244140625,88.9800033569336,86.5199966430664,88.80000305175781,78.93587493896484,10013900
2022-11-11,89.0,91.69000244140625,89.0,90.77999877929688,80.69593048095703,9119100
2022-11-14,90.2699966430664,91.36000061035156,89.79000091552734,89.80999755859375,79.83366394042969,4873400
2022-11-15,91.06999969482422,91.86000061035156,89.36000061035156,90.5,80.447021484375,7336100
2022-11-16,90.47000122070312,90.47000122070312,89.05999755859375,89.81999969482422,79.84254455566406,4368600
2022-11-17,88.69000244140625,89.12000274658203,87.51000213623047,88.94999694824219,79.06920623779297,4967300
2022-11-18,90.2699966430664,90.37000274658203,88.58999633789062,89.19999694824219,79.29141998291016,5450700
2022-11-21,89.05999755859375,89.68000030517578,88.56999969482422,89.08000183105469,79.18475341796875,4667100
2022-11-22,89.58999633789062,90.19000244140625,89.30000305175781,89.66999816894531,79.709228515625,3804100
2022-11-23,89.72000122070312,90.44999694824219,89.66999816894531,89.93000030517578,79.94033813476562,4961400
2022-11-25,89.6500015258789,91.08000183105469,89.47000122070312,90.91000366210938,80.81148529052734,2450100
2022-11-28,90.19999694824219,91.0999984741211,89.69999694824219,89.88999938964844,79.90479278564453,6147700
2022-11-29,89.63999938964844,91.47000122070312,89.5999984741211,91.08000183105469,80.96260070800781,5307100
2022-11-30,91.27999877929688,93.25,89.12999725341797,93.06999969482422,82.73155975341797,10520600
2022-12-01,93.05999755859375,93.48999786376953,92.04000091552734,93.0,82.6693115234375,7310400
2022-12-02,91.86000061035156,92.66000366210938,91.51000213623047,92.0999984741211,81.86929321289062,5197800
2022-12-05,91.4800033569336,91.72000122070312,89.08999633789062,89.80999755859375,79.83366394042969,8272500
2022-12-06,89.62000274658203,89.76000213623047,86.41000366210938,87.51000213623047,77.78915405273438,10424700
2022-12-07,86.81999969482422,88.02999877929688,86.70999908447266,87.27999877929688,77.58470916748047,7066700
2022-12-08,87.68000030517578,88.79000091552734,87.0,88.69000244140625,78.83809661865234,6141400
2022-12-09,88.68000030517578,89.76000213623047,88.37000274658203,89.47000122070312,79.53143310546875,6488300
2022-12-12,89.01000213623047,91.33000183105469,88.27999877929688,91.12000274658203,80.99815368652344,7496200
2022-12-13,93.66000366210938,95.16000366210938,92.06999969482422,92.70999908447266,82.41152954101562,10330500
2022-12-14,92.51000213623047,92.68000030517578,89.87000274658203,90.5,80.447021484375,7704600
2022-12-15,89.1500015258789,89.19000244140625,86.91999816894531,87.79000091552734,78.0380630493164,8795200
2022-12-16,86.52999877929688,86.87000274658203,85.83000183105469,86.86000061035156,77.21135711669922,17262000
2022-12-19,86.73999786376953,87.04000091552734,84.95999908447266,85.55000305175781,76.04689025878906,5129600
2022-12-20,85.91999816894531,86.44999694824219,85.13999938964844,85.16000366210938,75.70020294189453,5206800
2022-12-21,86.41000366210938,87.81999969482422,86.3499984741211,86.87000274658203,77.22026824951172,5422400
2022-12-22,86.58000183105469,86.58000183105469,84.7699966430664,86.37000274658203,76.77579498291016,5635200
2022-12-23,86.33000183105469,86.58000183105469,85.3499984741211,86.11000061035156,76.544677734375,3316100
2022-12-27,86.36000061035156,86.36000061035156,84.94000244140625,85.05999755859375,75.61131286621094,7064700
2022-12-28,84.95999908447266,85.20999908447266,84.05999755859375,84.45999908447266,75.07795715332031,3714900
2022-12-29,84.95999908447266,85.58999633789062,84.55999755859375,85.23999786376953,75.77132415771484,3461700
2022-12-30,84.69999694824219,85.19999694824219,84.18000030517578,85.0199966430664,75.57575225830078,4455600
2023-01-03,85.63999938964844,86.5999984741211,84.9800033569336,85.72000122070312,76.197998046875,5108900
2023-01-04,85.55000305175781,87.3499984741211,85.18000030517578,86.6500015258789,77.02469635009766,7726800
2023-01-05,85.9000015258789,86.16999816894531,84.83000183105469,85.91999816894531,76.37577056884766,5339900
2023-01-06,86.44000244140625,87.95999908447266,85.70999908447266,87.55999755859375,77.83361053466797,5710900
2023-01-09,88.25,88.91000366210938,87.41000366210938,87.63999938964844,77.90471649169922,5039700
2023-01-10,87.55000305175781,88.93000030517578,86.83999633789062,88.91999816894531,79.04252624511719,4536600
2023-01-11,89.37000274658203,89.80999755859375,88.8499984741211,89.43000030517578,79.49588012695312,6122600
2023-01-12,90.0199966430664,91.80999755859375,89.3499984741211,90.52999877929688,80.47368621826172,7895600
2023-01-13,89.02999877929688,91.9800033569336,88.2699966430664,91.66000366210938,81.4781723022461,8414600
2023-01-17,95.9000015258789,99.0999984741211,95.0,97.08000183105469,86.29610443115234,27914300
2023-01-18,96.80000305175781,97.94999694824219,96.33999633789062,96.58000183105469,85.85164642333984,14134800
2023-01-19,94.61000061035156,94.9800033569336,92.94000244140625,94.1500015258789,83.69157409667969,13457100
2023-01-20,94.12999725341797,96.27999877929688,93.87999725341797,96.23999786376953,85.54940795898438,10785000
2023-01-23,95.87000274658203,97.22000122070312,95.48999786376953,97.12999725341797,86.34056091308594,8735300
2023-01-24,96.27999877929688,96.80999755859375,92.91999816894531,95.51000213623047,84.90049743652344,4801600
2023-01-25,94.87999725341797,95.93000030517578,94.44000244140625,95.63999938964844,85.01605987548828,5891000
2023-01-26,96.22000122070312,96.54000091552734,95.30999755859375,96.5,85.78052520751953,6085100
2023-01-27,96.41000366210938,97.43000030517578,95.70999908447266,96.86000061035156,86.10053253173828,7990800
2023-01-30,95.02999877929688,96.61000061035156,94.91999816894531,95.95999908447266,85.98853302001953,5870100
2023-01-31,96.29000091552734,97.37000274658203,95.76000213623047,97.33000183105469,87.21617126464844,7182100
2023-02-01,96.94999694824219,99.05999755859375,96.93000030517578,98.19000244140625,87.98681640625,9815200
2023-02-02,98.87999725341797,100.2699966430664,97.95999908447266,99.20999908447266,88.90081024169922,11118900
2023-02-03,98.23999786376953,100.18000030517578,98.06999969482422,99.43000030517578,89.09795379638672,6948600
2023-02-06,98.44999694824219,99.19999694824219,98.06999969482422,98.9000015258789,88.6230239868164,4737700
2023-02-07,98.7699966430664,99.81999969482422,98.05000305175781,99.22000122070312,88.90977478027344,5060700
2023-02-08,98.31999969482422,99.94000244140625,98.05999755859375,98.95999908447266,88.67678833007812,4705200
2023-02-09,99.22000122070312,99.80000305175781,97.7300033569336,98.05000305175781,87.8613510131836,4983800
2023-02-10,97.58999633789062,98.5999984741211,97.55999755859375,98.44000244140625,88.21083068847656,5224900
2023-02-13,98.45999908447266,99.76000213623047,98.16000366210938,99.43000030517578,89.09795379638672,4910300
2023-02-14,99.05000305175781,100.98999786376953,98.97000122070312,100.55999755859375,90.11054229736328,7679500
2023-02-15,99.51000213623047,100.95999908447266,99.5,100.83000183105469,90.35249328613281,6464200
2023-02-16,99.77999877929688,100.23999786376953,98.80999755859375,99.56999969482422,89.22341918945312,6051800
2023-02-17,98.9000015258789,100.0199966430664,98.30000305175781,99.51000213623047,89.16964721679688,8133000
2023-02-21,98.45999908447266,99.0,97.18000030517578,97.62000274658203,87.47602844238281,6556000
2023-02-22,97.37000274658203,98.06999969482422,96.62000274658203,97.2699966430664,87.16239929199219,5072400
2023-02-23,97.87999725341797,98.41999816894531,96.69999694824219,97.94000244140625,87.76278686523438,5916100
2023-02-24,97.1500015258789,97.9800033569336,96.61000061035156,97.69999694824219,87.54771423339844,5414200
2023-02-27,98.41000366210938,98.4800033569336,96.58000183105469,96.69999694824219,86.65164184570312,5645000
2023-02-28,97.12000274658203,97.29000091552734,96.26000213623047,96.5,86.472412109375,6745300
2023-03-01,95.95999908447266,96.76000213623047,95.26000213623047,96.19000244140625,86.19463348388672,5429600
2023-03-02,95.44999694824219,96.37000274658203,94.4800033569336,96.08000183105469,86.09606170654297,4632400
2023-03-03,96.55000305175781,98.44000244140625,96.44999694824219,98.33000183105469,88.11226654052734,6504000
2023-03-06,98.44000244140625,99.19999694824219,98.0999984741211,98.37999725341797,88.15705108642578,5215200
2023-03-07,98.0,98.26000213623047,95.97000122070312,96.05999755859375,86.07813262939453,5461400
2023-03-08,95.63999938964844,96.5,95.36000061035156,95.9000015258789,85.93476867675781,4121300
2023-03-09,95.36000061035156,95.94999694824219,91.7699966430664,92.19999694824219,82.61922454833984,9162400
2023-03-10,91.7699966430664,93.01000213623047,89.2300033569336,90.05000305175781,80.6926498413086,16206500
2023-03-13,88.54000091552734,90.18000030517578,86.6500015258789,87.98999786376953,78.84671783447266,15175400
2023-03-14,92.41000366210938,92.41000366210938,89.12000274658203,89.97000122070312,80.62095642089844,11089300
2023-03-15,86.93000030517578,87.0199966430664,83.68000030517578,85.38999938964844,76.51687622070312,14814000
2023-03-16,84.55000305175781,88.27999877929688,83.27999877929688,87.01000213623047,77.96854400634766,15342400
2023-03-17,86.48999786376953,86.5,83.69999694824219,84.18000030517578,75.43263244628906,19935800
2023-03-20,84.5999984741211,86.30999755859375,84.37000274658203,85.63999938964844,76.74090576171875,8649800
2023-03-21,88.2300033569336,89.18000030517578,88.0,88.76000213623047,79.53670501708984,8905600
2023-03-22,88.75,90.08000183105469,87.45999908447266,87.55000305175781,78.45243835449219,7299300
2023-03-23,87.94999694824219,88.80000305175781,85.23999786376953,85.83999633789062,76.92012786865234,9373000
2023-03-24,84.51000213623047,84.51000213623047,81.72000122070312,83.94999694824219,75.22652435302734,10978700
2023-03-27,86.05999755859375,86.31999969482422,84.36000061035156,84.63999938964844,75.8448257446289,6626900
2023-03-28,84.55999755859375,85.16999816894531,83.93000030517578,84.87999725341797,76.05988311767578,5209900
2023-03-29,85.93000030517578,86.3499984741211,85.3499984741211,86.23999786376953,77.27857208251953,4873500
2023-03-30,87.26000213623047,87.61000061035156,85.45999908447266,86.11000061035156,77.16207885742188,4113700
2023-03-31,86.80000305175781,87.87000274658203,86.16999816894531,87.80000305175781,78.67646026611328,6142400
2023-04-03,87.94999694824219,88.31999969482422,86.66999816894531,87.16000366210938,78.10296630859375,7728400
2023-04-04,87.0,87.19999694824219,84.26000213623047,84.81999969482422,76.00611877441406,6222800
2023-04-05,83.83000183105469,84.52999877929688,83.19999694824219,83.81999969482422,75.11003875732422,6045400
2023-04-06,83.9000015258789,84.4000015258789,83.20999908447266,84.19000244140625,75.44157409667969,3877800
2023-04-10,83.94999694824219,84.36000061035156,83.43000030517578,84.0,75.27133178710938,6185800
2023-04-11,84.29000091552734,85.76000213623047,84.12999725341797,85.08999633789062,76.24806213378906,5582100
2023-04-12,85.51000213623047,86.0199966430664,84.79000091552734,85.47000122070312,76.58858489990234,4641800
2023-04-13,85.38999938964844,85.77999877929688,84.44000244140625,85.69000244140625,76.78571319580078,5086000
2023-04-14,86.43000030517578,87.4000015258789,86.0,86.70999908447266,77.69972229003906,7865900
2023-04-17,86.66000366210938,89.30999755859375,86.2699966430664,89.29000091552734,80.01162719726562,8876900
2023-04-18,89.12999725341797,90.54000091552734,88.73999786376953,89.8499984741211,80.5134506225586,10227600
2023-04-19,87.13999938964844,90.69999694824219,86.5,90.44999694824219,81.05107116699219,13886200
2023-04-20,89.8499984741211,91.81999969482422,89.72000122070312,90.43000030517578,81.03316497802734,6776000
2023-04-21,90.4800033569336,91.33999633789062,89.16999816894531,91.12000274658203,81.6514663696289,6531000
2023-04-24,91.2300033569336,91.4800033569336,89.55000305175781,90.19999694824219,80.82705688476562,5004400
2023-04-25,89.63999938964844,89.83000183105469,87.88999938964844,88.05999755859375,78.90943908691406,5806700
2023-04-26,88.1500015258789,89.79000091552734,87.91000366210938,88.44000244140625,79.24996185302734,6429100
2023-04-27,89.41000366210938,90.95999908447266,88.88999938964844,90.26000213623047,80.8808364868164,6375800
2023-04-28,89.44999694824219,90.33000183105469,89.16000366210938,89.97000122070312,81.31920623779297,6374500
2023-05-01,90.19000244140625,90.5199966430664,87.83000183105469,87.93000030517578,79.47534942626953,7745400
2023-05-02,87.56999969482422,87.56999969482422,85.33000183105469,86.29000091552734,77.99304962158203,6319100
2023-05-03,86.4000015258789,87.18000030517578,84.56999969482422,84.75,76.60111999511719,6546500
2023-05-04,84.16999816894531,84.44999694824219,81.61000061035156,82.61000061035156,74.66688537597656,10359200
2023-05-05,83.79000091552734,85.0199966430664,83.62000274658203,84.87999725341797,76.71861267089844,8288000
2023-05-08,85.4800033569336,85.56999969482422,84.31999969482422,84.43000030517578,76.31187438964844,5825300
2023-05-09,84.0,84.91000366210938,83.69999694824219,84.37000274658203,76.25765991210938,4381400
2023-05-10,85.06999969482422,85.22000122070312,82.80000305175781,83.72000122070312,75.67015075683594,4884900
2023-05-11,82.77999877929688,82.81999969482422,81.62000274658203,82.62999725341797,74.68494415283203,6717800
2023-05-12,83.0,83.2699966430664,81.66999816894531,82.38999938964844,74.46802520751953,5208900
2023-05-15,82.66999816894531,83.37999725341797,82.25,82.94999694824219,74.97418212890625,5032100
2023-05-16,82.72000122070312,83.06999969482422,81.80999755859375,81.86000061035156,73.98900604248047,6862900
2023-05-17,82.54000091552734,83.91999816894531,82.5,83.91000366210938,75.84188079833984,8216700
2023-05-18,83.69999694824219,84.55000305175781,83.0199966430664,84.48999786376953,76.36610412597656,5367700
2023-05-19,83.79000091552734,84.41999816894531,82.2300033569336,82.23999786376953,74.33245086669922,11183600
2023-05-22,82.25,83.16000366210938,81.91000366210938,82.2699966430664,74.35957336425781,5520000
2023-05-23,82.0,83.56999969482422,81.88999938964844,82.63999938964844,74.6939926147461,5521200
2023-05-24,82.01000213623047,82.2300033569336,80.73999786376953,81.22000122070312,73.41053009033203,6827800
2023-05-25,81.20999908447266,83.12999725341797,80.9800033569336,83.0,75.01937103271484,6962700
2023-05-26,82.97000122070312,84.63999938964844,82.83000183105469,83.9000015258789,75.83283996582031,7411600
2023-05-30,84.16000366210938,84.56999969482422,83.11000061035156,83.41999816894531,75.39900207519531,5876800
2023-05-31,83.05999755859375,83.27999877929688,81.12999725341797,81.76000213623047,73.89862060546875,9559200
2023-06-01,82.58000183105469,82.83999633789062,81.47000122070312,82.06999969482422,74.17879486083984,6857500
2023-06-02,82.94000244140625,84.68000030517578,82.94000244140625,84.3499984741211,76.23956298828125,6218500
2023-06-05,84.4000015258789,84.7300033569336,83.22000122070312,83.73999786376953,75.68822479248047,6631900
2023-06-06,83.5999984741211,86.2300033569336,83.2699966430664,85.86000061035156,77.60438537597656,6903900
2023-06-07,86.05000305175781,87.01000213623047,85.77999877929688,86.5,78.1828384399414,7410800
2023-06-08,86.4000015258789,86.91000366210938,85.18000030517578,86.30999755859375,78.01111602783203,6795900
2023-06-09,86.73999786376953,86.95999908447266,85.66000366210938,86.20999908447266,77.92073059082031,6282600
2023-06-12,86.19999694824219,87.63999938964844,86.01000213623047,87.44000244140625,79.03246307373047,7053500
2023-06-13,87.83999633789062,88.9800033569336,87.58999633789062,88.27999877929688,79.79169464111328,6089200
2023-06-14,88.5999984741211,89.48999786376953,87.63999938964844,87.9800033569336,79.52053833007812,5772500
2023-06-15,87.62999725341797,89.33000183105469,87.4000015258789,89.05000305175781,80.48766326904297,8603200
2023-06-16,89.62000274658203,89.6500015258789,87.94000244140625,88.08999633789062,79.61996459960938,13153100
2023-06-20,87.0999984741211,87.20999908447266,86.25,86.7300033569336,78.3907470703125,7382000
2023-06-21,86.55999755859375,87.27999877929688,86.30000305175781,86.33999633789062,78.0382308959961,6343100
2023-06-22,85.5199966430664,85.62999725341797,84.36000061035156,84.5,76.3751449584961,6214600
2023-06-23,83.26000213623047,83.91999816894531,82.5999984741211,83.58000183105469,75.54360961914062,10026600
2023-06-26,83.55999755859375,84.23999786376953,83.25,83.58999633789062,75.5526351928711,6377400
2023-06-27,83.91000366210938,84.87000274658203,83.37999725341797,84.43000030517578,76.31187438964844,6639900
2023-06-28,84.54000091552734,84.55999755859375,83.63999938964844,83.98999786376953,75.91419219970703,4781600
2023-06-29,85.33999633789062,86.05999755859375,84.62999725341797,85.23999786376953,77.04400634765625,9066500
2023-06-30,86.0199966430664,86.48999786376953,85.4000015258789,85.4000015258789,77.18861389160156,6191700
2023-07-03,86.33999633789062,87.66000366210938,85.83999633789062,86.41000366210938,78.10150146484375,5839300
2023-07-05,85.94999694824219,86.27999877929688,85.3499984741211,85.91999816894531,77.65861511230469,6734300
2023-07-06,84.8499984741211,84.91999816894531,83.0199966430664,83.33000183105469,75.31766510009766,8546800
2023-07-07,83.01000213623047,84.04000091552734,82.9000015258789,83.36000061035156,75.3447494506836,8217700
2023-07-10,83.41999816894531,84.38999938964844,83.18000030517578,83.4000015258789,75.38091278076172,6141200
2023-07-11,83.9000015258789,85.43000030517578,83.62000274658203,84.95999908447266,76.79093170166016,11053100
2023-07-12,86.68000030517578,87.70999908447266,85.5999984741211,85.7699966430664,77.52303314208984,8602300
2023-07-13,86.2300033569336,86.63999938964844,85.73999786376953,86.20999908447266,77.92073059082031,6026500
2023-07-14,87.41000366210938,87.41999816894531,85.55999755859375,85.77999877929688,77.53207397460938,7732700
2023-07-17,85.68000030517578,86.9000015258789,85.68000030517578,86.37000274658203,78.06533813476562,7911800
2023-07-18,87.54000091552734,92.55999755859375,87.0999984741211,91.94000244140625,83.09977722167969,21630800
2023-07-19,91.43000030517578,93.86000061035156,91.33000183105469,93.16000366210938,84.20247650146484,12004300
2023-07-20,93.11000061035156,94.13999938964844,92.86000061035156,93.80000305175781,84.78095245361328,9541800
2023-07-21,94.2699966430664,94.4000015258789,93.05999755859375,94.01000213623047,84.97076416015625,6298600
2023-07-24,94.01000213623047,95.4000015258789,93.69999694824219,94.66999816894531,85.5672836303711,7259800
2023-07-25,94.69999694824219,95.56999969482422,94.41000366210938,94.41999816894531,85.34130859375,7760100
2023-07-26,94.4000015258789,95.1500015258789,93.29000091552734,93.54000091552734,84.54592895507812,7201100
2023-07-27,93.6500015258789,94.70999908447266,92.55000305175781,92.75,83.83189392089844,8427800
2023-07-28,92.45999908447266,92.5999984741211,91.08999633789062,91.56999969482422,83.5308609008789,5798400
2023-07-31,91.9000015258789,92.19999694824219,91.04000091552734,91.55999755859375,83.52173614501953,5242900
2023-08-01,91.19999694824219,91.43000030517578,90.62999725341797,90.94000244140625,82.95616912841797,4468500
2023-08-02,89.5199966430664,90.13999938964844,88.79000091552734,89.31999969482422,81.47840881347656,6407400
2023-08-03,88.83999633789062,89.5199966430664,88.51000213623047,89.13999938964844,81.31420135498047,5137700
2023-08-04,89.3499984741211,90.05000305175781,88.5199966430664,88.79000091552734,80.99491882324219,6191700
2023-08-07,89.44999694824219,89.70999908447266,88.9800033569336,89.08000183105469,81.25946807861328,4663300
2023-08-08,87.8499984741211,88.5199966430664,86.26000213623047,88.47000122070312,80.70301818847656,6921200
2023-08-09,88.47000122070312,89.01000213623047,87.47000122070312,87.55999755859375,79.87291717529297,5200500
2023-08-10,87.91000366210938,88.93000030517578,87.31999969482422,87.63999938964844,79.94586944580078,4250100
2023-08-11,87.05999755859375,88.19999694824219,87.0199966430664,87.69999694824219,80.00061798095703,3922300
2023-08-14,86.95999908447266,87.4000015258789,86.5199966430664,87.33000183105469,79.66310119628906,3637500
2023-08-15,86.41000366210938,86.47000122070312,85.72000122070312,86.16000366210938,78.59581756591797,9308700
2023-08-16,85.73999786376953,86.79000091552734,85.58999633789062,85.98999786376953,78.44075012207031,5746300
2023-08-17,86.5999984741211,86.9000015258789,85.19999694824219,85.79000091552734,78.25830841064453,7611200
2023-08-18,84.95999908447266,86.30000305175781,84.70999908447266,84.88999938964844,77.43731689453125,6650000
2023-08-21,85.0199966430664,85.30999755859375,83.66000366210938,84.25,76.853515625,5385300
2023-08-22,84.70999908447266,84.7699966430664,82.83999633789062,82.9800033569336,75.69502258300781,6002300
2023-08-23,83.0,83.72000122070312,82.87999725341797,83.38999938964844,76.06900024414062,5878600
2023-08-24,83.16999816894531,84.75,83.0999984741211,83.44000244140625,76.11461639404297,5023000
2023-08-25,83.69000244140625,84.1500015258789,82.73999786376953,83.22000122070312,75.9139404296875,5461400
2023-08-28,83.80000305175781,84.87000274658203,83.7699966430664,84.37999725341797,76.97209930419922,6439700
2023-08-29,84.41000366210938,85.58999633789062,84.31999969482422,85.55000305175781,78.03937530517578,6212300
2023-08-30,85.62000274658203,86.0,85.02999877929688,85.26000213623047,77.77483367919922,5051800
2023-08-31,85.66999816894531,85.66999816894531,84.76000213623047,85.1500015258789,77.67448425292969,5581200
2023-09-01,86.0,86.44999694824219,85.29000091552734,85.75,78.22180938720703,4981800
2023-09-05,85.83999633789062,86.2699966430664,84.80999755859375,84.83999633789062,77.3917007446289,4919400
2023-09-06,84.27999877929688,84.75,83.3499984741211,84.16000366210938,76.77140808105469,5384000
2023-09-07,83.98999786376953,84.87000274658203,83.77999877929688,83.83999633789062,76.4794921875,5504200
2023-09-08,84.1500015258789,84.94999694824219,83.66000366210938,84.91999816894531,77.46469116210938,6127600
2023-09-11,85.37999725341797,85.66999816894531,83.3499984741211,83.51000213623047,76.178466796875,7780900
2023-09-12,83.33999633789062,86.52999877929688,83.2300033569336,85.55000305175781,78.03937530517578,8942600
2023-09-13,86.1500015258789,87.80000305175781,86.1500015258789,87.25,79.5901107788086,10617400
2023-09-14,88.08000183105469,89.11000061035156,87.91999816894531,89.06999969482422,81.25032043457031,8109600
2023-09-15,88.19000244140625,88.7300033569336,87.94000244140625,88.41000366210938,80.64828491210938,17629500
2023-09-18,88.56999969482422,89.05000305175781,87.55000305175781,88.70999908447266,80.92194366455078,5501900
2023-09-19,88.77999877929688,89.47000122070312,87.94000244140625,88.51000213623047,80.739501953125,5769000
2023-09-20,88.83000183105469,89.1500015258789,87.05999755859375,87.13999938964844,79.48979187011719,5268200
2023-09-21,86.33999633789062,86.51000213623047,84.83000183105469,84.87999725341797,77.42819213867188,6933900
2023-09-22,85.2300033569336,85.2300033569336,83.01000213623047,83.29000091552734,75.97779083251953,7420600
2023-09-25,82.62999725341797,83.27999877929688,82.30000305175781,83.02999877929688,75.7406005859375,4748800
2023-09-26,82.08000183105469,82.7699966430664,81.72000122070312,82.16999816894531,74.95610046386719,5557000
2023-09-27,82.41000366210938,82.61000061035156,81.08999633789062,81.6500015258789,74.48175811767578,5708200
2023-09-28,81.4800033569336,82.55000305175781,81.44999694824219,82.19000244140625,74.97435760498047,5665400
2023-09-29,83.01000213623047,83.08999633789062,81.02999877929688,81.66999816894531,74.50000762939453,6830500
2023-10-02,81.0999984741211,81.47000122070312,79.9000015258789,80.41000366210938,73.35063171386719,6722200
2023-10-03,79.58000183105469,79.83999633789062,77.83000183105469,78.0199966430664,71.17044067382812,7526800
2023-10-04,78.0999984741211,79.29000091552734,77.61000061035156,79.08999633789062,72.14649963378906,6848700
2023-10-05,78.4800033569336,79.54000091552734,78.0199966430664,79.1500015258789,72.20124053955078,5589300
2023-10-06,78.72000122070312,80.79000091552734,78.4000015258789,80.33000183105469,73.27764129638672,6306400
2023-10-09,79.5999984741211,80.08000183105469,78.93000030517578,79.91000366210938,72.89451599121094,5125000
2023-10-10,80.25,81.11000061035156,80.0199966430664,80.12999725341797,73.09520721435547,6245400
2023-10-11,79.91000366210938,80.20999908447266,78.70999908447266,78.9000015258789,71.97319793701172,8928700
2023-10-12,78.87000274658203,78.87000274658203,77.29000091552734,77.80999755859375,70.97888946533203,11654600
2023-10-13,78.19999694824219,79.2300033569336,77.33999633789062,77.79000091552734,70.96065521240234,6442800
2023-10-16,78.79000091552734,79.18000030517578,77.87000274658203,78.7300033569336,71.81812286376953,7901500
2023-10-17,77.98999786376953,80.62999725341797,77.9800033569336,80.33000183105469,73.27764129638672,12324800
2023-10-18,76.43000030517578,77.06999969482422,73.4000015258789,74.87999725341797,68.30610656738281,34732300
2023-10-19,74.87000274658203,76.45999908447266,72.88999938964844,72.91999816894531,66.51819610595703,17486100
2023-10-20,73.12000274658203,74.0,72.3499984741211,73.12999725341797,66.70974731445312,11270600
2023-10-23,72.7300033569336,72.87000274658203,71.23999786376953,71.69999694824219,65.40530395507812,12847100
2023-10-24,71.75,72.0999984741211,71.08000183105469,71.55999755859375,65.27758026123047,9265500
2023-10-25,71.25,71.9000015258789,71.12999725341797,71.4000015258789,65.13162994384766,8461700
2023-10-26,71.47000122070312,72.69000244140625,71.4000015258789,72.06999969482422,65.74281311035156,10903200
2023-10-27,71.91000366210938,72.01000213623047,70.19000244140625,70.4000015258789,64.21943664550781,11099100
2023-10-30,70.05000305175781,70.88999938964844,69.41999816894531,70.58999633789062,65.17971801757812,9769600
2023-10-31,70.7699966430664,71.0199966430664,70.2699966430664,70.81999969482422,65.39208984375,8949000
2023-11-01,71.16999816894531,71.91000366210938,70.69999694824219,70.94999694824219,65.51211547851562,9429000
2023-11-02,71.68000030517578,73.52999877929688,71.6500015258789,73.45999908447266,67.82975769042969,11638000
2023-11-03,74.58999633789062,76.68000030517578,74.54000091552734,76.26000213623047,70.41514587402344,14951100
2023-11-06,76.68000030517578,76.76000213623047,75.36000061035156,75.91999816894531,70.10121154785156,8140300
2023-11-07,75.86000061035156,76.16999816894531,74.93000030517578,75.51000213623047,69.72264099121094,7657700
2023-11-08,75.44999694824219,76.19000244140625,75.05999755859375,75.97000122070312,70.14736938476562,8075200
2023-11-09,75.68000030517578,76.06999969482422,73.95999908447266,74.19000244140625,68.50379943847656,9497200
2023-11-10,74.66000366210938,75.38999938964844,74.05000305175781,75.33000183105469,69.5564193725586,8924000
2023-11-13,74.75,75.5199966430664,74.55000305175781,75.04000091552734,69.28864288330078,4868400
2023-11-14,76.68000030517578,78.95999908447266,76.66999816894531,78.30999755859375,72.30803680419922,12287700
2023-11-15,78.56999969482422,80.04000091552734,78.5,79.68000030517578,73.57302856445312,9841600
2023-11-16,79.9800033569336,80.27999877929688,79.04000091552734,79.66000366210938,73.55455780029297,6757600
2023-11-17,80.33000183105469,80.44000244140625,79.94000244140625,80.27999877929688,74.12704467773438,6080700
2023-11-20,80.02999877929688,80.19999694824219,79.33999633789062,79.69999694824219,73.59148406982422,7644600
2023-11-21,79.06999969482422,79.33999633789062,78.22000122070312,78.47000122070312,72.45577239990234,7394800
2023-11-22,78.79000091552734,78.87000274658203,78.20999908447266,78.48999786376953,72.47422790527344,4265400
2023-11-24,78.26000213623047,78.91000366210938,78.05000305175781,78.6500015258789,72.62196350097656,2398000
2023-11-27,78.2699966430664,78.3499984741211,77.58999633789062,77.94999694824219,71.97560119628906,5237800
2023-11-28,77.36000061035156,77.44999694824219,76.33000183105469,76.87999725341797,70.98763275146484,9197900
2023-11-29,77.4800033569336,79.52999877929688,77.33999633789062,78.55000305175781,72.52963256835938,7420700
2023-11-30,78.7699966430664,79.4800033569336,78.20999908447266,79.33999633789062,73.25908660888672,8480500
2023-12-01,79.08000183105469,80.9800033569336,78.73999786376953,80.88999938964844,74.6902847290039,9617100
2023-12-04,80.1500015258789,81.4800033569336,80.05999755859375,81.20999908447266,74.98575592041016,6713800
2023-12-05,80.68000030517578,80.83999633789062,79.58999633789062,80.16999816894531,74.02546691894531,6103200
2023-12-06,80.77999877929688,81.76000213623047,79.33000183105469,79.41000366210938,73.32372283935547,7321800
2023-12-07,79.76000213623047,80.56999969482422,79.62000274658203,80.3499984741211,74.19168090820312,5430400
2023-12-08,80.27999877929688,82.66000366210938,80.1500015258789,82.27999877929688,75.97374725341797,10343400
2023-12-11,82.37000274658203,82.83999633789062,81.95999908447266,82.81999969482422,76.47237396240234,6378100
2023-12-12,82.94000244140625,83.66000366210938,82.56999969482422,83.5999984741211,77.19258117675781,7395300
2023-12-13,83.47000122070312,86.11000061035156,83.30000305175781,85.62999725341797,79.06700897216797,10144600
2023-12-14,87.2300033569336,92.0,87.20999908447266,91.04000091552734,84.0623550415039,19849500
2023-12-15,91.0,91.83999633789062,90.26000213623047,91.58000183105469,84.56096649169922,16905700
2023-12-18,91.66000366210938,91.66999816894531,90.61000061035156,90.76000213623047,83.8038101196289,9145500
2023-12-19,90.91999816894531,92.36000061035156,90.69999694824219,91.91999816894531,84.87490844726562,8114900
2023-12-20,91.45999908447266,92.30999755859375,90.93000030517578,91.13999938964844,84.1546859741211,10467000
2023-12-21,92.13999938964844,92.66000366210938,91.63999938964844,92.62999725341797,85.53048706054688,7748000
2023-12-22,92.9000015258789,93.66000366210938,92.2300033569336,92.41000366210938,85.32736206054688,5800800
2023-12-26,92.61000061035156,93.0199966430664,92.37000274658203,92.83999633789062,85.7243881225586,2726200
2023-12-27,92.69000244140625,93.69000244140625,92.4000015258789,93.66000366210938,86.48155975341797,4073200
2023-12-28,93.30999755859375,93.94999694824219,93.23999786376953,93.63999938964844,86.46308135986328,4089500
2023-12-29,93.48999786376953,93.7699966430664,93.05999755859375,93.25,86.10297393798828,4772100
2024-01-02,92.66000366210938,94.1500015258789,92.2699966430664,93.9000015258789,86.70315551757812,6132200
2024-01-03,93.19999694824219,93.19999694824219,91.2699966430664,91.91000366210938,84.86567687988281,7487900
2024-01-04,92.1500015258789,93.13999938964844,91.66000366210938,92.1500015258789,85.08728790283203,8735600
2024-01-05,92.20999908447266,93.93000030517578,92.05999755859375,93.23999786376953,86.09373474121094,6027800
2024-01-08,93.20999908447266,93.83000183105469,92.27999877929688,93.51000213623047,86.34304809570312,6738400
2024-01-09,92.75,92.83999633789062,91.66000366210938,92.05999755859375,85.00418090820312,7594100
2024-01-10,91.52999877929688,91.97000122070312,91.29000091552734,91.4800033569336,84.46864318847656,6929200
2024-01-11,90.94999694824219,90.94999694824219,89.54000091552734,90.51000213623047,83.5729751586914,9400700
2024-01-12,91.27999877929688,91.9000015258789,89.43000030517578,89.69999694824219,82.8250503540039,8303100
2024-01-16,86.73999786376953,88.16000366210938,84.80000305175781,85.97000122070312,79.38093566894531,20369000
2024-01-17,84.8499984741211,85.13999938964844,83.9000015258789,84.41000366210938,77.94049835205078,17198500
2024-01-18,84.83000183105469,84.9800033569336,83.27999877929688,83.9000015258789,77.46958923339844,15016400
2024-01-19,83.91000366210938,85.58999633789062,83.19999694824219,85.33999633789062,78.7992172241211,14787400
2024-01-22,85.45999908447266,86.7699966430664,85.44000244140625,85.7300033569336,79.15933227539062,11626500
2024-01-23,85.66999816894531,86.8499984741211,85.19000244140625,86.73999786376953,80.09192657470703,8555700
2024-01-24,87.31999969482422,88.30000305175781,87.19999694824219,87.56999969482422,80.85831451416016,12480900
2024-01-25,88.13999938964844,88.41999816894531,87.33000183105469,88.0199966430664,81.27381896972656,8792400
2024-01-26,87.87999725341797,88.5,87.6500015258789,87.7300033569336,81.00605010986328,6384400
2024-01-29,87.4000015258789,87.94999694824219,85.72000122070312,87.62000274658203,80.90448760986328,7440300
2024-01-30,86.9800033569336,88.06999969482422,86.7699966430664,87.62000274658203,81.69702911376953,6569300
2024-01-31,87.70999908447266,88.75,87.2300033569336,87.23999786376953,81.34269714355469,8414700
2024-02-01,87.19000244140625,88.16999816894531,85.63999938964844,86.81999969482422,80.95109558105469,8365000
2024-02-02,86.47000122070312,87.66999816894531,86.0,87.2699966430664,81.37066650390625,7728600
2024-02-05,86.58000183105469,86.58000183105469,85.08999633789062,85.88999938964844,80.08395385742188,7788700
2024-02-06,85.62000274658203,86.55000305175781,85.62000274658203,86.0999984741211,80.27974700927734,7335500
2024-02-07,86.26000213623047,86.38999938964844,85.2699966430664,86.0,80.1865234375,4952200
2024-02-08,85.68000030517578,86.2300033569336,85.16000366210938,85.6500015258789,79.86018371582031,6218200
2024-02-09,85.69000244140625,86.02999877929688,85.31999969482422,85.88999938964844,80.08395385742188,5664500
2024-02-12,85.86000061035156,87.63999938964844,85.63999938964844,86.87000274658203,80.99772644042969,7888000
2024-02-13,85.86000061035156,85.86000061035156,83.08999633789062,83.97000122070312,78.29376220703125,11339400
2024-02-14,84.54000091552734,84.95999908447266,83.69000244140625,84.0,78.32172393798828,5973700
2024-02-15,84.44999694824219,86.2300033569336,84.41000366210938,85.66999816894531,79.87882232666016,7993500
2024-02-16,85.5199966430664,86.79000091552734,85.06999969482422,86.5,80.6527328491211,9673900
2024-02-20,85.94000244140625,86.48999786376953,85.0999984741211,85.3499984741211,79.5804672241211,6626400
2024-02-21,85.01000213623047,85.4800033569336,84.52999877929688,85.45999908447266,79.68303680419922,6444000
2024-02-22,85.94999694824219,86.73999786376953,85.5999984741211,85.8499984741211,80.0466537475586,6782100
2024-02-23,86.06999969482422,87.25,85.95999908447266,86.55000305175781,80.69934844970703,5810100
2024-02-26,86.5,87.33999633789062,85.55999755859375,85.66999816894531,79.87882232666016,5608100
2024-02-27,85.97000122070312,86.44999694824219,85.12000274658203,85.48999786376953,79.71099853515625,8066700
2024-02-28,85.43000030517578,86.08999633789062,85.27999877929688,86.05000305175781,80.23314666748047,5624100
2024-02-29,86.48999786376953,86.63999938964844,85.3499984741211,86.04000091552734,80.22382354736328,7657100
2024-03-01,86.22000122070312,86.79000091552734,85.11000061035156,86.4800033569336,80.63407897949219,5523700
2024-03-04,87.87999725341797,91.23999786376953,87.55000305175781,90.04000091552734,83.95342254638672,19876000
2024-03-05,89.19000244140625,91.13999938964844,88.62000274658203,89.12999725341797,83.10494232177734,13883600
2024-03-06,86.7699966430664,87.94999694824219,84.43000030517578,85.66000366210938,79.86951446533203,25614600
2024-03-07,86.08000183105469,87.12000274658203,85.63999938964844,86.13999938964844,80.31707000732422,9145700
2024-03-08,86.62000274658203,88.31999969482422,86.41999816894531,87.04000091552734,81.1562271118164,9689300
2024-03-11,86.81999969482422,87.25,85.83999633789062,86.94000244140625,81.06298828125,4737200
2024-03-12,87.23999786376953,87.76000213623047,86.5999984741211,87.05000305175781,81.16554260253906,5110900
2024-03-13,87.44999694824219,90.23999786376953,87.25,89.3499984741211,83.31006622314453,10345800
2024-03-14,89.0,89.4000015258789,88.26000213623047,89.0999984741211,83.07696533203125,9235300
2024-03-15,88.4800033569336,89.3499984741211,88.16999816894531,88.37999725341797,82.4056396484375,20363000
2024-03-18,88.36000061035156,88.69999694824219,87.69999694824219,87.95999908447266,82.01403045654297,5960000
2024-03-19,88.0,89.08999633789062,87.86000061035156,88.41999816894531,82.44292449951172,8546400
2024-03-20,88.05000305175781,91.4800033569336,87.91000366210938,91.3499984741211,85.17488098144531,10811700
2024-03-21,91.95999908447266,94.36000061035156,91.95999908447266,93.4000015258789,87.08628845214844,13659900
2024-03-22,93.5199966430664,93.86000061035156,91.73999786376953,91.94999694824219,85.73432159423828,5909300
2024-03-25,91.7699966430664,92.55000305175781,90.98999786376953,91.13999938964844,84.97906494140625,3670400
2024-03-26,91.41999816894531,91.91000366210938,90.94000244140625,91.27999877929688,85.109619140625,4211900
2024-03-27,92.02999877929688,93.54000091552734,91.91000366210938,93.5,87.17953491210938,6394500
2024-03-28,93.75,94.7300033569336,93.44999694824219,94.16000366210938,87.79491424560547,6707700
2024-04-01,94.16000366210938,94.44000244140625,93.16999816894531,93.52999877929688,87.20750427246094,3416000
2024-04-02,92.9000015258789,93.7699966430664,92.54000091552734,92.70999908447266,86.44293975830078,5245400
2024-04-03,92.94999694824219,94.30000305175781,92.75,93.0,86.71333312988281,4821100
2024-04-04,94.19999694824219,94.73999786376953,91.86000061035156,92.27999877929688,86.04199981689453,5466100
2024-04-05,92.25,93.29000091552734,91.61000061035156,92.47000122070312,86.21916961669922,4654800
2024-04-08,93.0,93.4000015258789,92.19999694824219,93.20999908447266,86.90912628173828,4601900
2024-04-09,93.61000061035156,94.13999938964844,92.83000183105469,94.08000183105469,87.72032165527344,4951600
2024-04-10,92.2699966430664,92.88999938964844,91.18000030517578,91.6500015258789,85.45460510253906,5994200
2024-04-11,91.72000122070312,91.80000305175781,85.01000213623047,86.83999633789062,80.96973419189453,24631800
2024-04-12,85.80000305175781,86.80999755859375,85.12000274658203,86.19000244140625,80.36367797851562,12789800
2024-04-15,87.80000305175781,89.12999725341797,85.48999786376953,86.98999786376953,81.1095962524414,9553900
2024-04-16,90.70999908447266,91.0999984741211,88.0,89.13999938964844,83.1142578125,18291600
2024-04-17,90.12999725341797,91.44000244140625,89.66999816894531,90.08000183105469,83.99072265625,9544600
2024-04-18,90.66000366210938,91.11000061035156,89.73999786376953,90.26000213623047,84.15856170654297,6752000
2024-04-19,90.36000061035156,91.62000274658203,90.36000061035156,90.66000366210938,84.53152465820312,8143000
2024-04-22,91.11000061035156,92.66000366210938,90.70999908447266,92.08999633789062,85.8648452758789,7294400
2024-04-23,92.16000366210938,94.05000305175781,92.16000366210938,93.76000213623047,87.42195892333984,6393900
2024-04-24,93.11000061035156,94.06999969482422,93.02999877929688,93.8499984741211,87.50587463378906,5100900
2024-04-25,93.0,93.6500015258789,91.6500015258789,92.55999755859375,86.3030776977539,6770600
2024-04-26,92.5,93.30999755859375,92.4000015258789,92.83000183105469,86.55484008789062,4606100
2024-04-29,91.33000183105469,92.80999755859375,91.33000183105469,92.11000061035156,86.67716217041016,4416100
2024-04-30,91.5999984741211,91.83000183105469,90.55000305175781,90.83999633789062,85.48206329345703,5860000
2024-05-01,91.27999877929688,92.4800033569336,90.7300033569336,91.54000091552734,86.1407699584961,4713600
2024-05-02,92.54000091552734,92.91999816894531,91.5999984741211,92.6500015258789,87.18531799316406,4449200
2024-05-03,93.33999633789062,94.41999816894531,93.27999877929688,93.63999938964844,88.11691284179688,5043500
2024-05-06,94.55999755859375,94.91000366210938,93.69999694824219,94.79000091552734,89.1990966796875,5105100
2024-05-07,94.91999816894531,95.93000030517578,94.70999908447266,95.79000091552734,90.14009094238281,7418000
2024-05-08,95.43000030517578,96.05000305175781,95.0999984741211,95.63999938964844,89.99896240234375,4662600
2024-05-09,95.58999633789062,98.26000213623047,95.58999633789062,98.11000061035156,92.3232650756836,6766700
2024-05-10,98.73999786376953,98.98999786376953,97.62999725341797,98.27999877929688,92.48323822021484,6118400
2024-05-13,98.75,98.97000122070312,98.41999816894531,98.55999755859375,92.74671173095703,5379000
2024-05-14,99.0,100.18000030517578,98.7699966430664,99.37999725341797,93.51836395263672,6216600
2024-05-15,100.04000091552734,100.9800033569336,99.98999786376953,100.5199966430664,94.59111022949219,6938500
2024-05-16,100.1500015258789,100.41000366210938,99.44999694824219,99.58000183105469,93.70657348632812,4339300
2024-05-17,99.9000015258789,100.30000305175781,99.30000305175781,100.22000122070312,94.3088150024414,4690800
2024-05-20,100.05000305175781,100.88999938964844,99.37999725341797,100.33000183105469,94.4123306274414,5690200
2024-05-21,100.30999755859375,103.25,100.1500015258789,101.52999877929688,95.54154968261719,8337100
2024-05-22,101.27999877929688,102.5199966430664,100.16999816894531,100.73999786376953,94.79814910888672,5194300
2024-05-23,100.37999725341797,100.55999755859375,98.4800033569336,98.91999816894531,93.08548736572266,5594500
2024-05-24,99.44999694824219,99.91000366210938,98.80999755859375,98.97000122070312,93.13253784179688,3550500
2024-05-28,98.43000030517578,99.45999908447266,98.4000015258789,98.66999816894531,92.85023498535156,5541600
2024-05-29,97.37000274658203,97.69999694824219,96.47000122070312,97.2699966430664,91.53280639648438,4679600
2024-05-30,97.69000244140625,97.80999755859375,96.58999633789062,97.2300033569336,91.49517822265625,4548800
2024-05-31,97.33000183105469,97.95999908447266,96.4000015258789,97.83999633789062,92.0691909790039,7155500
2024-06-03,98.16000366210938,98.16000366210938,96.52999877929688,97.41000366210938,91.66455841064453,5671200
2024-06-04,96.25,97.55000305175781,95.66999816894531,96.58000183105469,90.88349914550781,5409600
2024-06-05,96.83999633789062,97.61000061035156,96.5,96.66000366210938,90.95877838134766,4499700
2024-06-06,96.4800033569336,97.44999694824219,96.26000213623047,96.8499984741211,91.1375961303711,4741200
2024-06-07,96.12000274658203,97.68000030517578,95.93000030517578,97.13999938964844,91.41046905517578,4018400
2024-06-10,96.62000274658203,96.83000183105469,95.41000366210938,96.38999938964844,90.7047119140625,4566000
2024-06-11,96.45999908447266,96.45999908447266,94.7300033569336,95.43000030517578,89.80133056640625,5330000
2024-06-12,97.31999969482422,97.88999938964844,95.5999984741211,95.6500015258789,90.00835418701172,5435700
2024-06-13,95.5,95.55000305175781,94.61000061035156,95.20999908447266,89.59432220458984,3955900
2024-06-14,94.38999938964844,95.5199966430664,93.98999786376953,95.5,89.86721801757812,3406600
2024-06-17,95.01000213623047,97.19000244140625,94.68000030517578,97.04000091552734,91.3163833618164,4874100
2024-06-18,97.0199966430664,97.69000244140625,96.80999755859375,97.56999969482422,91.81510925292969,4558400
2024-06-20,97.63999938964844,98.02999877929688,97.11000061035156,97.44000244140625,91.69278717041016,3956800
2024-06-21,97.31999969482422,97.36000061035156,95.88999938964844,96.16000366210938,90.48828887939453,10785300
2024-06-24,96.7300033569336,97.66000366210938,96.18000030517578,97.0999984741211,91.37283325195312,8418200
2024-06-25,96.79000091552734,98.33999633789062,96.68000030517578,97.80000305175781,92.03155517578125,7439700
2024-06-26,97.37999725341797,97.68000030517578,96.08000183105469,96.88999938964844,91.17522430419922,6514200
2024-06-27,96.08000183105469,96.33999633789062,95.16999816894531,95.7699966430664,90.12128448486328,5437800
2024-06-28,96.73999786376953,97.31999969482422,96.16000366210938,97.19000244140625,91.45753479003906,9058800
2024-07-01,97.5199966430664,99.37999725341797,97.44000244140625,99.16000366210938,93.31132507324219,7420600
2024-07-02,98.97000122070312,99.80000305175781,98.62000274658203,99.6500015258789,93.77244567871094,5570900
2024-07-03,99.93000030517578,100.5999984741211,99.5,100.19999694824219,94.28997802734375,3112000
2024-07-05,100.0999984741211,100.11000061035156,98.91000366210938,99.58999633789062,93.71595764160156,3633200
2024-07-08,99.83000183105469,101.2699966430664,99.83000183105469,100.58999633789062,94.656982421875,3884400
2024-07-09,100.5999984741211,102.9000015258789,99.9800033569336,102.61000061035156,96.5578384399414,7113600
2024-07-10,102.51000213623047,103.51000213623047,102.05999755859375,103.45999908447266,97.35771179199219,5619000
2024-07-11,104.25,105.29000091552734,103.94000244140625,104.63999938964844,98.4681167602539,7761000
2024-07-12,105.0,105.81999969482422,103.97000122070312,104.08999633789062,97.95054626464844,7060600
2024-07-15,103.94000244140625,106.52999877929688,103.23999786376953,105.26000213623047,99.05154418945312,10093900
2024-07-16,104.12999725341797,109.11000061035156,102.80999755859375,106.22000122070312,99.95491790771484,16716400
2024-07-17,105.08999633789062,107.70999908447266,104.52999877929688,106.95999908447266,100.65128326416016,11412000
2024-07-18,106.52999877929688,107.62999725341797,104.33000183105469,104.80999755859375,98.6280746459961,9130700
2024-07-19,104.70999908447266,104.72000122070312,101.7300033569336,102.08999633789062,96.06851196289062,12555900
2024-07-22,102.47000122070312,103.2300033569336,101.94999694824219,102.44000244140625,96.39788055419922,8931200
2024-07-23,102.44999694824219,104.16999816894531,102.18000030517578,103.5,97.39535522460938,7400600
2024-07-24,102.86000061035156,104.0,101.75,101.97000122070312,95.95560455322266,7967400
2024-07-25,102.08000183105469,104.19000244140625,101.8499984741211,103.55999755859375,97.4518051147461,5582300
2024-07-26,104.86000061035156,105.88999938964844,104.04000091552734,104.19000244140625,98.0446548461914,6599600
2024-07-29,104.47000122070312,104.56999969482422,102.33000183105469,102.4800033569336,96.43551635742188,5183400
2024-07-30,103.55999755859375,104.12000274658203,102.77999877929688,103.76000213623047,97.64002227783203,6225500
2024-07-31,103.08000183105469,104.31999969482422,102.25,103.20999908447266,97.99607849121094,5444600
2024-08-01,103.75,103.98999786376953,101.19000244140625,101.76000213623047,96.61932373046875,5678100
2024-08-02,99.0,99.0199966430664,95.04000091552734,95.8499984741211,91.00787353515625,11120700
2024-08-05,92.6500015258789,93.37000274658203,90.94000244140625,92.06999969482422,87.41883850097656,9659500
2024-08-06,92.19999694824219,93.83999633789062,91.5199966430664,92.97000122070312,88.27337646484375,6068300
2024-08-07,94.61000061035156,95.33000183105469,92.01000213623047,92.11000061035156,87.45682525634766,7215700
2024-08-08,93.48999786376953,95.04000091552734,92.77999877929688,94.62999725341797,89.84951782226562,6592300
2024-08-09,94.29000091552734,95.12000274658203,94.0199966430664,94.72000122070312,89.93496704101562,3542600
2024-08-12,94.9000015258789,95.22000122070312,93.54000091552734,94.83999633789062,90.04889678955078,4196300
2024-08-13,95.7699966430664,96.80000305175781,94.94999694824219,96.70999908447266,91.8244400024414,5941500
2024-08-14,97.76000213623047,100.58999633789062,97.51000213623047,99.44000244140625,94.41653442382812,10161700
2024-08-15,100.80000305175781,101.20999908447266,100.1500015258789,100.63999938964844,95.555908203125,5885100
2024-08-16,100.62999725341797,101.5,100.45999908447266,101.44000244140625,96.31549835205078,4159700
2024-08-19,101.5199966430664,102.04000091552734,101.30000305175781,101.75,96.60983276367188,4070500
2024-08-20,101.25,101.62999725341797,100.5999984741211,100.77999877929688,95.68882751464844,3396900
2024-08-21,101.0999984741211,101.2300033569336,99.95999908447266,100.69000244140625,95.60337829589844,3576000
2024-08-22,100.76000213623047,100.9800033569336,99.9000015258789,100.55999755859375,95.4799575805664,2777300
2024-08-23,100.94000244140625,102.58000183105469,100.81999969482422,101.88999938964844,96.74275970458984,3814800
2024-08-26,103.04000091552734,103.05000305175781,101.9800033569336,102.33000183105469,97.16053009033203,2679000
2024-08-27,102.45999908447266,102.8499984741211,102.04000091552734,102.08000183105469,96.92315673828125,2537200
2024-08-28,101.88999938964844,102.69999694824219,101.41999816894531,102.19999694824219,97.03710174560547,2836800
2024-08-29,102.91999816894531,102.91999816894531,101.27999877929688,102.5999984741211,97.41688537597656,3325600
2024-08-30,102.91000366210938,103.80999755859375,102.0999984741211,103.61000061035156,98.37586975097656,4951400
2024-09-03,102.8499984741211,103.26000213623047,98.45999908447266,99.2699966430664,94.25511932373047,6634000
2024-09-04,99.73999786376953,101.31999969482422,99.68000030517578,100.1500015258789,95.09066009521484,4212500
2024-09-05,101.0,101.30000305175781,99.12000274658203,99.55999755859375,94.53045654296875,4462400
2024-09-06,99.69999694824219,100.80000305175781,96.13999938964844,96.58999633789062,91.71048736572266,9246800
2024-09-09,97.76000213623047,99.0199966430664,97.5999984741211,98.18000030517578,93.22017669677734,5281500
2024-09-10,98.4000015258789,98.43000030517578,94.88999938964844,96.62000274658203,91.73899841308594,7798600
2024-09-11,95.48999786376953,97.13999938964844,94.08999633789062,97.02999877929688,92.12828826904297,6764100
2024-09-12,97.37000274658203,97.69000244140625,95.68000030517578,96.63999938964844,91.75797271728516,4751200
2024-09-13,96.87000274658203,98.73999786376953,96.8499984741211,98.25,93.2866439819336,5354800
2024-09-16,99.1500015258789,100.19000244140625,98.76000213623047,100.08999633789062,95.03368377685547,4467200
2024-09-17,100.68000030517578,100.81999969482422,99.44000244140625,99.83999633789062,94.79631042480469,4748600
2024-09-18,100.12000274658203,101.01000213623047,99.23999786376953,99.30000305175781,94.28359985351562,5195900
2024-09-19,101.22000122070312,101.43000030517578,99.5199966430664,100.7300033569336,95.641357421875,9091900
2024-09-20,100.87000274658203,102.52999877929688,100.19000244140625,102.47000122070312,97.29346466064453,14513400
2024-09-23,101.69000244140625,102.52999877929688,101.30999755859375,102.47000122070312,97.29346466064453,3962400
2024-09-24,102.7699966430664,102.87999725341797,101.94999694824219,102.58000183105469,97.39789581298828,4749700
2024-09-25,102.75,102.80999755859375,101.72000122070312,102.33999633789062,97.1700210571289,3825100
2024-09-26,103.06999969482422,104.79000091552734,102.97000122070312,104.5999984741211,99.31584930419922,5183000
2024-09-27,104.93000030517578,105.13999938964844,104.0199966430664,104.11000061035156,98.8506088256836,3113300
2024-09-30,103.73999786376953,104.4000015258789,103.12000274658203,104.23999786376953,98.97403717041016,3378600
2024-10-01,104.18000030517578,105.19000244140625,103.05999755859375,104.41999816894531,99.14494323730469,5437400
2024-10-02,104.83000183105469,105.4000015258789,103.91000366210938,104.5199966430664,99.23989868164062,3293600
2024-10-03,103.58000183105469,104.69999694824219,103.16000366210938,104.56999969482422,99.28736114501953,4587200
2024-10-04,107.61000061035156,108.08000183105469,106.62000274658203,107.87999725341797,102.4301528930664,5608900
2024-10-07,107.69000244140625,108.91999816894531,107.2699966430664,107.63999938964844,102.20228576660156,4439900
2024-10-08,107.6500015258789,108.20999908447266,107.38999938964844,107.48999786376953,102.05986022949219,3679400
2024-10-09,107.22000122070312,109.37000274658203,107.22000122070312,109.04000091552734,103.53155517578125,4445800
2024-10-10,108.44000244140625,109.02999877929688,107.6500015258789,108.08000183105469,102.62005615234375,4065500
2024-10-11,109.0,111.4800033569336,109.0,110.45999908447266,104.87981414794922,5826200
2024-10-14,111.05000305175781,112.44000244140625,110.55000305175781,112.27999877929688,106.6078872680664,7179300
2024-10-15,115.43000030517578,116.05999755859375,112.02999877929688,112.22000122070312,106.55091094970703,8925200
2024-10-16,116.87999725341797,121.44999694824219,116.5,119.51000213623047,113.4726333618164,21458500
2024-10-17,119.7699966430664,120.36000061035156,118.7300033569336,119.44000244140625,113.40616607666016,9357200
2024-10-18,119.52999877929688,121.12000274658203,119.11000061035156,121.05999755859375,114.9443359375,6852900
2024-10-21,120.37000274658203,120.69000244140625,117.87999725341797,118.27999877929688,112.30476379394531,7469100
2024-10-22,117.6500015258789,118.61000061035156,117.25,118.31999969482422,112.3427505493164,4429600
2024-10-23,117.88999938964844,118.73999786376953,117.19999694824219,118.27999877929688,112.30476379394531,5661600
2024-10-24,118.4000015258789,119.33999633789062,117.94000244140625,119.16999816894531,113.1498031616211,5611800
2024-10-25,120.0,120.0,116.33000183105469,116.87999725341797,110.9754867553711,7271700
2024-10-28,118.12000274658203,119.68000030517578,117.51000213623047,119.12999725341797,113.1118392944336,5994000
2024-10-29,118.88999938964844,120.08999633789062,118.81999969482422,119.30000305175781,113.27325439453125,4622200
2024-10-30,118.61000061035156,119.31999969482422,117.79000091552734,117.91999816894531,111.96295166015625,5673000
2024-10-31,117.12999725341797,117.91000366210938,115.69999694824219,116.25,111.25,5374600
2024-11-01,116.66999816894531,118.0199966430664,116.30000305175781,116.8499984741211,111.82420349121094,4372100
2024-11-04,117.01000213623047,117.44999694824219,115.94000244140625,116.13999938964844,111.14473724365234,4366300
2024-11-05,116.08999633789062,117.9000015258789,116.08999633789062,117.80999755859375,112.74291229248047,4798400
2024-11-06,129.50999450683594,133.52000427246094,127.66000366210938,131.49000549316406,125.83453369140625,22798700
2024-11-07,130.74000549316406,131.5500030517578,128.0800018310547,128.44000244140625,122.91571044921875,7780000
2024-11-08,128.97999572753906,130.52000427246094,127.76000213623047,129.52999877929688,123.95883178710938,6979300
2024-11-11,130.5500030517578,133.99000549316406,130.5500030517578,133.52000427246094,127.7772216796875,6861300
2024-11-12,133.19000244140625,133.82000732421875,131.7100067138672,132.30999755859375,126.61925506591797,5683300
2024-11-13,133.4600067138672,134.64999389648438,132.47000122070312,132.75999450683594,127.04989624023438,6134800
2024-11-14,133.10000610351562,134.91000366210938,131.97999572753906,132.42999267578125,126.73408508300781,7344200
2024-11-15,133.3699951171875,134.39999389648438,132.5399932861328,134.05999755859375,128.29396057128906,7281900
2024-11-18,134.69000244140625,135.50999450683594,133.4199981689453,133.77999877929688,128.0260467529297,6434100
2024-11-19,133.25999450683594,134.08999633789062,131.92999267578125,132.24000549316406,126.5522689819336,7244800
2024-11-20,133.16000366210938,133.64999389648438,131.0500030517578,131.69000244140625,126.02592468261719,5125600
2024-11-21,133.1999969482422,135.57000732421875,133.13999938964844,134.99000549316406,129.18397521972656,5547400
2024-11-22,134.67999267578125,135.6699981689453,133.9600067138672,134.69000244140625,128.89688110351562,6334100
2024-11-25,135.44000244140625,136.24000549316406,133.5800018310547,133.66000366210938,127.91119384765625,8012300
2024-11-26,130.75,131.7899932861328,128.52999877929688,131.27999877929688,125.63355255126953,8817300
2024-11-27,131.49000549316406,132.42999267578125,130.57000732421875,131.2100067138672,125.56657409667969,5507800
2024-11-29,132.27999877929688,132.72999572753906,131.4199981689453,131.61000061035156,125.94935607910156,4068200
2024-12-02,132.3000030517578,133.0,130.8300018310547,131.02999877929688,125.3943099975586,5512100
2024-12-03,133.19000244140625,133.19000244140625,130.00999450683594,130.44000244140625,124.8296890258789,4791300
2024-12-04,130.19000244140625,131.1999969482422,129.63999938964844,129.99000549316406,124.39904022216797,6203700
2024-12-05,129.94000244140625,131.86000061035156,129.4199981689453,130.32000732421875,124.71485900878906,4991900
2024-12-06,130.52000427246094,130.57000732421875,129.17999267578125,129.9600067138672,124.37032318115234,5013200
2024-12-09,130.52000427246094,130.77000427246094,128.3300018310547,128.5800018310547,123.0496826171875,7753900
2024-12-10,127.62999725341797,128.61000061035156,126.52999877929688,126.79000091552734,121.336669921875,6551300
2024-12-11,127.75,127.94999694824219,126.27999877929688,127.58999633789062,122.10225677490234,8835400
2024-12-12,127.88999938964844,128.8300018310547,127.36000061035156,127.91000366210938,122.40849304199219,3610500
2024-12-13,128.0,128.80999755859375,126.70999908447266,127.4000015258789,121.92044067382812,6091500
2024-12-16,127.73999786376953,129.30999755859375,127.38999938964844,129.02999877929688,123.48031616210938,5659700
2024-12-17,128.10000610351562,128.6999969482422,127.18000030517578,127.73999786376953,122.24580383300781,7141400
2024-12-18,128.16000366210938,128.38999938964844,120.29000091552734,121.04000091552734,115.833984375,7858800
2024-12-19,124.77999877929688,124.94000244140625,120.30000305175781,120.5,115.31720733642578,8632400
2024-12-20,121.19999694824219,124.54000091552734,120.52999877929688,123.44000244140625,118.13076782226562,14884000
2024-12-23,123.0999984741211,124.66999816894531,122.79000091552734,124.44999694824219,119.09732055664062,5074100
2024-12-24,125.06999969482422,127.22000122070312,124.58999633789062,127.05999755859375,121.59505462646484,2902800
2024-12-26,126.52999877929688,128.1699981689453,126.48999786376953,128.02999877929688,122.5233383178711,3013500
2024-12-27,127.05000305175781,127.86000061035156,125.81999969482422,126.76000213623047,121.30797576904297,3088100
2024-12-30,124.55000305175781,126.16000366210938,124.0199966430664,125.75,120.3414077758789,2637900
2024-12-31,126.33000183105469,126.83000183105469,125.19999694824219,125.72000122070312,120.31269073486328,2970000
2025-01-02,126.51000213623047,127.27999877929688,124.20999908447266,124.77999877929688,119.41311645507812,5014300
2025-01-03,125.6500015258789,126.0,124.08000183105469,125.94000244140625,120.52323913574219,3988400
2025-01-06,127.62999725341797,129.9499969482422,127.62999725341797,128.63999938964844,123.10710144042969,6665200
2025-01-07,129.64999389648438,129.66000366210938,125.45999908447266,126.87999725341797,121.42279052734375,7268800
2025-01-08,126.91000366210938,128.0,125.76000213623047,127.86000061035156,122.36064910888672,5744500
2025-01-10,126.30999755859375,126.5,123.29000091552734,123.44999694824219,118.14032745361328,6873800
2025-01-13,122.44999694824219,124.30000305175781,122.44999694824219,123.98999786376953,118.65709686279297,5433000
2025-01-14,125.4000015258789,125.4000015258789,123.69000244140625,124.62000274658203,119.26000213623047,8999900
2025-01-15,129.7100067138672,131.44000244140625,128.4600067138672,130.5500030517578,124.93496704101562,11349500
2025-01-16,132.35000610351562,136.14999389648438,131.89999389648438,135.80999755859375,129.96871948242188,16235700
2025-01-17,136.16000366210938,138.0800018310547,134.52999877929688,137.8699951171875,131.9401092529297,12481500
2025-01-21,136.44000244140625,137.6199951171875,135.2899932861328,137.3000030517578,131.3946533203125,11213300
2025-01-22,137.25999450683594,138.3800048828125,135.82000732421875,136.0,130.15054321289062,7177500
2025-01-23,135.97000122070312,138.1999969482422,135.97000122070312,137.8000030517578,131.8731231689453,6911000
2025-01-24,136.47000122070312,139.0399932861328,136.47000122070312,137.82000732421875,131.89227294921875,6475500
2025-01-27,135.25999450683594,136.75999450683594,134.1199951171875,136.64999389648438,130.7725830078125,6460700
2025-01-28,136.07000732421875,138.83999633789062,135.63999938964844,138.5399932861328,132.581298828125,5885100
2025-01-29,138.47000122070312,141.47999572753906,138.17999267578125,138.7100067138672,132.74398803710938,5719800
2025-01-30,139.80999755859375,140.49000549316406,138.88999938964844,139.94000244140625,133.9210968017578,4545700
2025-01-31,139.13999938964844,139.75999450683594,137.77000427246094,138.42999267578125,133.35751342773438,5502700
2025-02-03,135.80999755859375,138.0,133.91000366210938,137.16000366210938,132.13406372070312,5307000
2025-02-04,137.72999572753906,137.8800048828125,136.2899932861328,136.77000427246094,131.7583465576172,5997300
2025-02-05,137.47000122070312,139.22000122070312,136.50999450683594,138.92999267578125,133.83920288085938,5871200
2025-02-06,140.00999450683594,141.39999389648438,140.0,141.0800018310547,135.91041564941406,4576600
2025-02-07,142.02000427246094,142.02999877929688,139.82000732421875,139.97999572753906,134.8507080078125,3529000
2025-02-10,140.25,140.30999755859375,135.61000061035156,137.30999755859375,132.278564453125,5517700
2025-02-11,136.80999755859375,138.2100067138672,135.44000244140625,137.7899932861328,132.74098205566406,5096800
2025-02-12,136.0800018310547,137.27999877929688,135.60000610351562,137.11000061035156,132.0858917236328,4688900
2025-02-13,137.97000122070312,138.10000610351562,136.35000610351562,136.83999633789062,131.82577514648438,4699800
2025-02-14,136.4499969482422,139.5800018310547,136.4499969482422,138.9499969482422,133.8584747314453,5044500
2025-02-18,139.41000366210938,140.77999877929688,138.88999938964844,140.7100067138672,135.55398559570312,3797000
2025-02-19,140.00999450683594,140.92999267578125,139.25999450683594,140.69000244140625,135.5347137451172,3623100
2025-02-20,140.25,141.07000732421875,132.42999267578125,134.33999633789062,129.41738891601562,8860800
2025-02-21,135.17999267578125,135.60000610351562,130.91000366210938,131.69000244140625,126.864501953125,6704100
2025-02-24,132.75999450683594,132.97000122070312,128.89999389648438,129.97000122070312,125.20753479003906,7784500
2025-02-25,131.02999877929688,131.2899932861328,126.37999725341797,129.60000610351562,124.85107421875,7458500
2025-02-26,130.41000366210938,132.24000549316406,130.14999389648438,131.0500030517578,126.2479476928711,5493600
2025-02-27,131.8000030517578,132.8699951171875,128.80999755859375,129.24000549316406,124.5042724609375,5538700
2025-02-28,129.89999389648438,133.41000366210938,128.99000549316406,133.11000061035156,128.2324676513672,7424200
2025-03-03,133.3300018310547,133.99000549316406,127.7300033569336,129.1300048828125,124.3983154296875,5969400
2025-03-04,126.47000122070312,126.56999969482422,119.25,121.72000122070312,117.25982666015625,12996500
2025-03-05,122.0,124.37999725341797,121.44000244140625,123.75,119.2154312133789,7291900
2025-03-06,120.80000305175781,123.12999725341797,118.5999984741211,119.37000274658203,114.99593353271484,8611500
2025-03-07,118.7300033569336,119.48999786376953,115.44999694824219,119.29000091552734,114.91886901855469,8513500
2025-03-10,116.0,116.27999877929688,109.22000122070312,111.69000244140625,107.59735870361328,16765700
2025-03-11,111.70999908447266,113.51000213623047,110.33999633789062,112.04000091552734,107.93452453613281,13490400
2025-03-12,115.0,115.5999984741211,112.55000305175781,114.0,109.82270812988281,7925500
2025-03-13,114.0,114.8499984741211,111.2300033569336,111.68000030517578,107.58772277832031,7435500
2025-03-14,113.98999786376953,115.7699966430664,112.54000091552734,115.33999633789062,111.11360168457031,6879400
2025-03-17,114.97000122070312,119.30000305175781,114.83999633789062,117.95999908447266,113.6375961303711,8374900
2025-03-18,118.27999877929688,119.20999908447266,117.27999877929688,118.11000061035156,113.78211212158203,7234900
2025-03-19,117.2300033569336,121.25,116.2300033569336,119.8499984741211,115.45833587646484,8430800
2025-03-20,118.81999969482422,121.80999755859375,118.81999969482422,120.47000122070312,116.05562591552734,7026000
2025-03-21,119.3499984741211,120.87999725341797,118.30000305175781,120.13999938964844,115.73772430419922,10989900
2025-03-24,122.30999755859375,124.81999969482422,122.0,124.2699966430664,119.71637725830078,6184400
2025-03-25,124.9000015258789,126.05000305175781,124.1500015258789,125.19999694824219,120.61229705810547,4326300
2025-03-26,125.7699966430664,126.33999633789062,121.61000061035156,122.19999694824219,117.72223663330078,5084600
2025-03-27,118.93000030517578,119.83999633789062,117.54000091552734,119.0,114.63949584960938,8239400
2025-03-28,118.70999908447266,119.43000030517578,114.62999725341797,115.33000183105469,111.10397338867188,7349400
2025-03-31,113.70999908447266,117.02999877929688,112.18000030517578,116.66999816894531,112.39485931396484,7616600
2025-04-01,115.98999786376953,116.87999725341797,113.54000091552734,115.73999786376953,111.49894714355469,6651000
2025-04-02,113.97000122070312,120.3499984741211,113.87999725341797,119.2699966430664,114.89959716796875,8415300
2025-04-03,110.11000061035156,111.38999938964844,106.87999725341797,107.93000030517578,103.97512817382812,15186100
2025-04-04,101.54000091552734,103.69999694824219,97.30999755859375,99.83000183105469,96.17194366455078,18876900
2025-04-07,96.2699966430664,104.33999633789062,94.33000183105469,100.91999816894531,97.22199249267578,20721400
2025-04-08,105.22000122070312,106.94000244140625,98.2699966430664,100.30999755859375,96.63433837890625,10710100
2025-04-09,98.19999694824219,113.9000015258789,97.88999938964844,111.69999694824219,107.60698699951172,16919500
2025-04-10,108.7699966430664,108.87000274658203,103.41000366210938,106.58000183105469,102.67459869384766,10956700
2025-04-11,102.88999938964844,109.19999694824219,102.88999938964844,108.12000274658203,104.15816497802734,10573200
2025-04-14,110.4800033569336,111.5,108.55000305175781,109.11000061035156,105.11189270019531,8224500
2025-04-15,110.08999633789062,112.1500015258789,110.05999755859375,110.44000244140625,106.39315795898438,6003800
2025-04-16,109.58000183105469,110.31999969482422,106.6500015258789,107.86000061035156,103.90769958496094,6520100
2025-04-17,108.5199966430664,110.75,108.1500015258789,109.18000030517578,105.17932891845703,5233100
2025-04-21,108.13999938964844,108.33000183105469,104.77999877929688,106.30000305175781,102.40486145019531,7784500
2025-04-22,108.0199966430664,110.69999694824219,107.97000122070312,110.37999725341797,106.33535766601562,6571300
2025-04-23,113.25,116.61000061035156,111.93000030517578,112.30999755859375,108.19462585449219,9243800
2025-04-24,111.87000274658203,115.9000015258789,111.23999786376953,115.5999984741211,111.36408233642578,6640700
2025-04-25,115.70999908447266,117.0999984741211,114.97000122070312,116.01000213623047,111.7590560913086,5013200
2025-04-28,115.87999725341797,117.9000015258789,113.83000183105469,115.83000183105469,111.58564758300781,4171200
2025-04-29,115.37999725341797,116.47000122070312,114.2300033569336,116.20999908447266,111.95171356201172,4689800
2025-04-30,113.11000061035156,115.81999969482422,112.02999877929688,115.41999816894531,112.08281707763672,6502400
2025-05-01,115.54000091552734,117.81999969482422,114.66999816894531,116.76000213623047,113.38407897949219,7743600
2025-05-02,119.30000305175781,120.51000213623047,118.45999908447266,120.22000122070312,116.7440414428711,6894400
2025-05-05,118.73999786376953,120.87000274658203,118.38999938964844,119.5999984741211,116.14196014404297,6540300
2025-05-06,117.80999755859375,119.1500015258789,117.20999908447266,118.33000183105469,114.90869140625,5739600
2025-05-07,118.33000183105469,120.0,118.19999694824219,119.0999984741211,115.65641784667969,4680600
2025-05-08,119.98999786376953,123.26000213623047,119.98999786376953,121.87999725341797,118.35603332519531,6449300
2025-05-09,122.48999786376953,123.2300033569336,121.47000122070312,121.69999694824219,118.18124389648438,4240100
2025-05-12,127.41999816894531,129.1999969482422,126.44000244140625,127.05999755859375,123.38626861572266,9162100
2025-05-13,127.76000213623047,130.11000061035156,127.2300033569336,129.35000610351562,125.61006927490234,6086700
2025-05-14,129.36000061035156,131.57000732421875,129.1300048828125,131.0399932861328,127.25118255615234,6273400
2025-05-15,130.25999450683594,133.02999877929688,130.02000427246094,132.50999450683594,128.67868041992188,7209300
2025-05-16,132.27999877929688,132.97999572753906,131.7899932861328,132.17999267578125,128.35821533203125,6303800
2025-05-19,130.3000030517578,132.1300048828125,129.07000732421875,130.83999633789062,127.0569839477539,7703500
2025-05-20,129.8699951171875,130.38999938964844,128.1199951171875,129.1300048828125,125.39642333984375,5220100
2025-05-21,128.08999633789062,128.63999938964844,125.06999969482422,125.30000305175781,121.67715454101562,6371600
2025-05-22,124.61000061035156,127.06999969482422,124.61000061035156,126.26000213623047,122.6093978881836,5689200
2025-05-23,124.0999984741211,126.56999969482422,123.87999725341797,126.06999969482422,122.42489624023438,3361400
2025-05-27,127.54000091552734,129.52999877929688,126.81999969482422,129.2100067138672,125.47411346435547,5472400
2025-05-28,129.2100067138672,129.4199981689453,127.2699966430664,127.51000213623047,123.82325744628906,4050900
2025-05-29,128.10000610351562,128.39999389648438,126.93000030517578,128.16000366210938,124.4544677734375,4337500
2025-05-30,127.61000061035156,128.3300018310547,126.3499984741211,128.02999877929688,124.32821655273438,6436100
2025-06-02,127.4800033569336,128.47000122070312,126.36000061035156,128.39999389648438,124.68751525878906,3607900
2025-06-03,128.1199951171875,129.17999267578125,127.12999725341797,128.67999267578125,124.95942687988281,4145600
2025-06-04,128.83999633789062,129.4199981689453,128.16000366210938,128.16000366210938,124.4544677734375,3123200
2025-06-05,128.3699951171875,131.0500030517578,127.33999633789062,130.6199951171875,126.84333801269531,6193300
2025-06-06,132.0800018310547,133.57000732421875,130.82000732421875,131.82000732421875,128.00865173339844,5004400
2025-06-09,132.22999572753906,132.89999389648438,131.11000061035156,131.9499969482422,128.1348876953125,4838600
2025-06-10,131.60000610351562,132.4600067138672,131.14999389648438,131.82000732421875,128.00865173339844,3816900
2025-06-11,132.02999877929688,133.4499969482422,131.4199981689453,131.80999755859375,127.99891662597656,5810200
2025-06-12,130.66000366210938,132.0,129.8000030517578,131.9199981689453,128.10572814941406,4258700
2025-06-13,130.19000244140625,131.07000732421875,128.80999755859375,129.49000549316406,125.74600982666016,4367500
2025-06-16,130.2899932861328,132.8000030517578,130.2899932861328,130.89999389648438,127.11524200439453,6240500
2025-06-17,129.83999633789062,131.1699981689453,129.66000366210938,130.08999633789062,126.32865142822266,4767700
2025-06-18,130.02000427246094,132.9600067138672,129.92999267578125,132.52000427246094,128.68841552734375,6170400
2025-06-20,133.35000610351562,133.3699951171875,131.91000366210938,132.7100067138672,128.8729248046875,8904400
2025-06-23,132.05999755859375,134.10000610351562,130.89999389648438,134.0,130.12562561035156,5232400
2025-06-24,135.67999267578125,136.67999267578125,135.00999450683594,135.89999389648438,131.9706573486328,5599900
2025-06-25,136.1199951171875,137.88999938964844,135.41000366210938,137.72000122070312,133.738037109375,5736400
2025-06-26,138.00999450683594,140.1999969482422,137.83999633789062,139.75,135.7093505859375,6013200
2025-06-27,140.25,141.89999389648438,139.10000610351562,140.69000244140625,136.6221923828125,7249300
2025-06-30,141.50999450683594,141.85000610351562,139.5500030517578,140.86000061035156,136.7872772216797,8034400
2025-07-01,140.5500030517578,141.61000061035156,139.47000122070312,141.07000732421875,136.9912109375,6166700
2025-07-02,141.6199951171875,142.8800048828125,140.97999572753906,142.86000061035156,138.72943115234375,5494500
2025-07-03,143.36000061035156,144.55999755859375,142.6699981689453,144.13999938964844,139.972412109375,3974700
2025-07-07,144.11000061035156,145.16000366210938,142.5,143.74000549316406,139.58399963378906,5991600
2025-07-08,143.61000061035156,144.05999755859375,141.02000427246094,141.1300048828125,137.04946899414062,6620400
2025-07-09,142.89999389648438,142.94000244140625,140.89999389648438,141.5500030517578,137.45730590820312,4837000
2025-07-10,141.75999450683594,143.16000366210938,141.32000732421875,143.08999633789062,138.95278930664062,5622800
2025-07-11,141.86000061035156,142.4499969482422,141.1199951171875,142.27999877929688,138.1662139892578,3647500
2025-07-14,142.4499969482422,144.0500030517578,142.0,143.97000122070312,139.80735778808594,5376100
2025-07-15,143.2899932861328,144.0,141.5500030517578,141.58999633789062,137.49615478515625,7392200
2025-07-16,139.5,140.0,135.25999450683594,139.7899932861328,135.7482147216797,10610800
2025-07-17,139.25999450683594,141.69000244140625,139.1300048828125,140.89999389648438,136.8260955810547,7695800
2025-07-18,141.4499969482422,141.75,140.1999969482422,140.8300018310547,136.7581329345703,5572300
2025-07-21,141.24000549316406,142.52000427246094,140.17999267578125,140.47000122070312,136.40853881835938,5853400
2025-07-22,140.8000030517578,140.88999938964844,138.92999267578125,140.0399932861328,135.990966796875,5257200
2025-07-23,140.77999877929688,142.6300048828125,139.92999267578125,142.2100067138672,138.09825134277344,6612900
2025-07-24,142.47000122070312,143.72000122070312,141.85000610351562,142.5,138.3798370361328,3817900
2025-07-25,142.9199981689453,143.3800048828125,142.0500030517578,143.00999450683594,138.87510681152344,3463000
2025-07-28,143.0399932861328,143.13999938964844,142.02000427246094,142.55999755859375,138.4381103515625,3729300
2025-07-29,143.5,144.0500030517578,142.10000610351562,143.55999755859375,139.40919494628906,5158700
2025-07-30,143.8300018310547,145.47999572753906,143.27999877929688,144.94000244140625,140.74929809570312,5236800
2025-07-31,143.1999969482422,144.6999969482422,142.0,142.4600067138672,139.30210876464844,5523700
2025-08-01,139.27000427246094,139.57000732421875,136.1699981689453,139.08999633789062,136.0067901611328,6678500
2025-08-04,140.17999267578125,141.77999877929688,139.7100067138672,141.36000061035156,138.2264862060547,3851500
2025-08-05,141.66000366210938,142.7100067138672,139.41000366210938,140.4600067138672,137.34645080566406,5331100
2025-08-06,141.14999389648438,141.85000610351562,140.50999450683594,141.3000030517578,138.16783142089844,3765800
2025-08-07,142.22999572753906,142.7100067138672,140.60000610351562,140.9199981689453,137.79623413085938,3728600
2025-08-08,141.6199951171875,143.92999267578125,141.27999877929688,143.17999267578125,140.00611877441406,3943500
2025-08-11,143.57000732421875,144.19000244140625,142.66000366210938,143.8800048828125,140.69064331054688,4024700
2025-08-12,145.07000732421875,148.22999572753906,144.82000732421875,147.2899932861328,144.02503967285156,7111600
2025-08-13,148.14999389648438,149.0800018310547,145.38999938964844,147.75999450683594,144.48463439941406,5542000
2025-08-14,147.0,148.66000366210938,146.1699981689453,148.50999450683594,145.21798706054688,4188600
2025-08-15,148.6300048828125,148.80999755859375,144.4600067138672,144.6300048828125,141.4239959716797,4986000
2025-08-18,144.11000061035156,145.05999755859375,143.82000732421875,144.77999877929688,141.5706787109375,3548700
2025-08-19,144.49000549316406,144.97000122070312,143.4199981689453,144.07000732421875,140.87640380859375,4257700
2025-08-20,143.82000732421875,144.7100067138672,141.02999877929688,144.1199951171875,140.92530822753906,4619300
2025-08-21,143.41000366210938,144.4499969482422,142.89999389648438,144.0399932861328,140.84707641601562,3269400
2025-08-22,144.82000732421875,148.89999389648438,144.6699981689453,148.02000427246094,144.73886108398438,6759600
2025-08-25,147.97999572753906,148.61000061035156,147.57000732421875,147.64999389648438,144.3770751953125,2596500
2025-08-26,147.32000732421875,149.02999877929688,146.3000030517578,148.97000122070312,145.6678009033203,4453800
2025-08-27,148.3699951171875,150.1199951171875,148.02999877929688,149.3800048828125,146.06871032714844,3329200
2025-08-28,149.83999633789062,150.38999938964844,149.17999267578125,150.17999267578125,146.85096740722656,3898100
2025-08-29,149.88999938964844,150.75,149.1300048828125,150.47999572753906,147.14431762695312,3629400
2025-09-02,148.55999755859375,149.07000732421875,145.66000366210938,148.85000610351562,145.5504608154297,5330200
2025-09-03,148.80999755859375,149.5500030517578,146.94000244140625,148.52999877929688,145.23756408691406,4338900
2025-09-04,149.02999877929688,150.75,148.67999267578125,150.52999877929688,147.19322204589844,3955000
2025-09-05,151.1199951171875,151.86000061035156,146.2899932861328,148.08999633789062,144.8072967529297,5697300
2025-09-08,148.32000732421875,149.1999969482422,147.25,148.7899932861328,145.4917755126953,3820800
2025-09-09,148.4199981689453,152.82000732421875,148.35000610351562,152.22000122070312,148.8457489013672,6673200
2025-09-10,152.89999389648438,154.52999877929688,151.4199981689453,154.1199951171875,150.70362854003906,4945600
2025-09-11,154.38999938964844,157.75999450683594,154.0800018310547,156.47999572753906,153.01132202148438,7399500
2025-09-12,156.0399932861328,156.8699951171875,155.6199951171875,156.38999938964844,152.92332458496094,4341600
2025-09-15,157.35000610351562,158.47999572753906,155.8800048828125,156.63999938964844,153.1677703857422,4829900
2025-09-16,157.0800018310547,157.5,155.22000122070312,155.80999755859375,152.35618591308594,7539500
2025-09-17,156.63999938964844,157.97000122070312,155.64999389648438,157.41000366210938,153.9207305908203,4604200
2025-09-18,157.89999389648438,160.13999938964844,157.49000549316406,159.24000549316406,155.71014404296875,4323700
2025-09-19,159.5500030517578,161.08999633789062,158.1199951171875,159.91000366210938,156.3653106689453,14902000
2025-09-22,159.3300018310547,161.02999877929688,157.8300018310547,160.7100067138672,157.14756774902344,4421200
2025-09-23,160.5800018310547,163.97999572753906,159.60000610351562,160.75999450683594,157.1964569091797,5335900
2025-09-24,161.10000610351562,161.47000122070312,157.83999633789062,157.8800048828125,154.38031005859375,5195200
2025-09-25,157.38999938964844,159.25,156.6300048828125,158.9499969482422,155.4265594482422,5351100
2025-09-26,159.55999755859375,161.80999755859375,159.32000732421875,160.11000061035156,156.56085205078125,5326800
2025-09-29,160.69000244140625,161.32000732421875,159.72000122070312,161.16000366210938,157.5876007080078,4186000
2025-09-30,161.38999938964844,162.22999572753906,156.83999633789062,158.9600067138672,155.4363555908203,5547100
2025-10-01,157.8800048828125,158.44000244140625,155.5500030517578,156.88999938964844,153.41224670410156,5467400
2025-10-02,156.69000244140625,157.00999450683594,153.7100067138672,155.3000030517578,151.85748291015625,5087400
2025-10-03,156.92999267578125,157.8000030517578,156.16000366210938,157.58999633789062,154.0967254638672,5182100
2025-10-06,158.0,158.72999572753906,155.00999450683594,158.08999633789062,154.58563232421875,4696300
2025-10-07,158.77999877929688,159.2899932861328,155.39999389648438,155.97000122070312,152.51263427734375,4589700
2025-10-08,156.47999572753906,156.5500030517578,154.02000427246094,155.64999389648438,152.19970703125,4038600
2025-10-09,155.5800018310547,156.42999267578125,153.8300018310547,156.27000427246094,152.80599975585938,6092600
2025-10-10,156.85000610351562,157.9499969482422,151.83999633789062,151.86000061035156,148.4937286376953,5531700
2025-10-13,154.27999877929688,155.6199951171875,153.35000610351562,155.1300048828125,151.69125366210938,4735800
2025-10-14,154.5,157.1199951171875,151.8800048828125,155.33999633789062,151.89659118652344,8023800
2025-10-15,162.92999267578125,166.77000427246094,161.63999938964844,162.64999389648438,159.04454040527344,13673700
2025-10-16,163.08999633789062,164.75,158.97000122070312,160.02000427246094,156.47286987304688,10477500
2025-10-17,160.6999969482422,160.97999572753906,157.85000610351562,158.6699981689453,155.15277099609375,7965000
2025-10-20,160.1999969482422,163.13999938964844,159.5,161.97000122070312,158.379638671875,5741000
2025-10-21,161.4499969482422,162.05999755859375,159.19000244140625,159.22999572753906,155.7003631591797,4220600
2025-10-22,159.57000732421875,159.74000549316406,157.22000122070312,158.1199951171875,154.61497497558594,4360200
2025-10-23,158.89999389648438,160.08999633789062,157.89999389648438,159.30999755859375,155.77859497070312,3735600
2025-10-24,160.52000427246094,164.89999389648438,160.52000427246094,163.86000061035156,160.2277374267578,5547500
2025-10-27,164.9600067138672,166.69000244140625,164.89999389648438,166.02000427246094,162.33985900878906,5056000
2025-10-28,166.1199951171875,167.1300048828125,164.3800048828125,165.2100067138672,161.54782104492188,3601000
2025-10-29,164.30999755859375,166.02000427246094,163.1199951171875,164.02999877929688,160.3939666748047,4963500
2025-10-30,163.82000732421875,167.0,163.39999389648438,165.25999450683594,161.5966796875,4960500
2025-10-31,163.35000610351562,164.89999389648438,162.91000366210938,164.0,161.34091186523438,5323500
2025-11-03,164.3000030517578,164.66000366210938,161.57000732421875,163.64999389648438,160.99658203125,4719200
2025-11-04,162.3300018310547,166.92999267578125,160.86000061035156,164.00999450683594,161.3507537841797,5739200
2025-11-05,163.8699951171875,165.9600067138672,161.6300048828125,165.17999267578125,162.5017852783203,4133000
2025-11-06,164.57000732421875,165.6699981689453,162.64999389648438,163.4199981689453,160.77032470703125,4292900
2025-11-07,162.2100067138672,162.60000610351562,158.05999755859375,162.36000061035156,159.72750854492188,6323300
2025-11-10,163.80999755859375,166.05999755859375,163.80999755859375,165.0500030517578,162.3739013671875,5015400
2025-11-11,165.3000030517578,166.72000122070312,164.77999877929688,166.5,163.80038452148438,3237600
2025-11-12,167.52000427246094,171.77000427246094,167.52000427246094,169.9199981689453,167.16494750976562,6892900
2025-11-13,169.30999755859375,170.35000610351562,165.1699981689453,165.61000061035156,162.9248046875,6090900
2025-11-14,164.1999969482422,164.8000030517578,159.94000244140625,163.86000061035156,161.2031707763672,6691200
2025-11-17,163.25,164.08999633789062,158.75999450683594,159.4499969482422,156.8646697998047,5727200
2025-11-18,158.63999938964844,161.6699981689453,157.7899932861328,159.8300018310547,157.23854064941406,4864900
2025-11-19,160.35000610351562,162.91000366210938,160.0500030517578,162.2899932861328,159.65863037109375,6413600
2025-11-20,164.1999969482422,166.94000244140625,158.50999450683594,158.6999969482422,156.12684631347656,5258600
2025-11-21,159.77999877929688,160.11000061035156,155.22999572753906,158.1699981689453,155.60545349121094,9021300
2025-11-24,161.3300018310547,164.4600067138672,159.0,162.8300018310547,160.18988037109375,10125700
2025-11-25,163.50999450683594,165.8699951171875,160.6199951171875,165.42999267578125,162.74771118164062,5561000
2025-11-26,166.97999572753906,168.9600067138672,165.8699951171875,167.94000244140625,165.21702575683594,4844200
2025-11-28,168.0,170.27000427246094,167.75999450683594,169.66000366210938,166.90916442871094,2133700
2025-12-01,169.00999450683594,169.77000427246094,167.72999572753906,168.47000122070312,165.7384490966797,4393500
2025-12-02,168.88999938964844,170.1199951171875,168.69000244140625,169.08999633789062,166.34837341308594,4338700
2025-12-03,168.5500030517578,174.0,168.10000610351562,173.72000122070312,170.9033203125,6223300
2025-12-04,174.32000732421875,176.0,173.72000122070312,174.88999938964844,172.05435180664062,4813200
2025-12-05,174.47000122070312,177.32000732421875,174.3000030517578,176.50999450683594,173.64808654785156,4641600
2025-12-08,176.99000549316406,178.9600067138672,176.05999755859375,176.8300018310547,173.962890625,7271700
2025-12-09,176.77999877929688,180.64999389648438,176.77999877929688,178.8300018310547,175.93045043945312,4191200
2025-12-10,178.5,181.30999755859375,177.75,179.7100067138672,176.79620361328125,6591200
2025-12-11,180.1300048828125,181.97999572753906,179.5,180.2899932861328,177.36679077148438,7598700
2025-12-12,181.14999389648438,181.14999389648438,177.75,178.41000366210938,175.5172576904297,4961500
2025-12-15,179.91000366210938,180.89999389648438,177.72999572753906,177.7899932861328,174.90731811523438,5219000
2025-12-16,178.1300048828125,178.64999389648438,175.67999267578125,176.50999450683594,173.64808654785156,6840500
2025-12-17,178.0500030517578,179.4499969482422,174.4600067138672,174.8000030517578,171.9658203125,5796100
2025-12-18,176.5500030517578,177.07000732421875,172.5800018310547,172.9600067138672,170.15565490722656,7993400
2025-12-19,173.4600067138672,177.6999969482422,173.4600067138672,176.97999572753906,174.11045837402344,10639400
2025-12-22,177.58999633789062,180.25999450683594,177.41000366210938,179.75999450683594,176.8453826904297,4574600
2025-12-23,179.8300018310547,180.5800018310547,179.1300048828125,179.5,176.58961486816406,3514800
2025-12-24,180.16000366210938,182.0,179.52999877929688,181.64999389648438,178.70472717285156,2648000
2025-12-26,181.85000610351562,182.33999633789062,181.10000610351562,181.8699951171875,178.92115783691406,2564700
2025-12-29,181.19000244140625,181.6999969482422,179.75,179.94000244140625,177.0224609375,2464300
2025-12-30,180.27999877929688,180.3800048828125,178.25999450683594,179.0800018310547,176.17642211914062,2365500
2025-12-31,179.50999450683594,179.7100067138672,177.39999389648438,177.52999877929688,174.65155029296875,3098100
2026-01-02,178.52000427246094,181.9600067138672,177.13999938964844,181.89999389648438,178.95068359375,4509900
2026-01-05,182.1999969482422,188.50999450683594,182.05999755859375,186.5399932861328,183.51544189453125,6787400
2026-01-06,186.6999969482422,188.82000732421875,185.75,187.75,184.70584106445312,3795600
2026-01-07,187.3000030517578,187.75,184.33999633789062,184.7899932861328,181.79380798339844,3532400
2026-01-08,183.91000366210938,186.13999938964844,183.66000366210938,184.67999267578125,181.68560791015625,3745900
2026-01-09,185.6999969482422,186.9199981689453,185.0399932861328,186.32000732421875,183.29904174804688,4630900
2026-01-12,184.6300048828125,187.27000427246094,183.9199981689453,186.57000732421875,183.5449676513672,5635400
2026-01-13,186.9600067138672,187.02000427246094,182.14999389648438,182.75999450683594,179.79673767089844,6594800
2026-01-14,182.19000244140625,182.35000610351562,178.92999267578125,180.77999877929688,177.84884643554688,8434000
2026-01-15,181.0,192.16000366210938,181.0,191.22999572753906,188.12939453125,12957100
2026-01-16,190.55999755859375,192.67999267578125,189.0,189.08999633789062,186.02410888671875,8398100
2026-01-20,185.25,186.6999969482422,181.27999877929688,182.10000610351562,179.1474609375,11302600
2026-01-21,182.47000122070312,186.4199981689453,182.02000427246094,183.32000732421875,180.34767150878906,11715800
2026-01-22,184.52999877929688,186.0399932861328,182.25999450683594,183.0500030517578,180.08204650878906,8966900
2026-01-23,181.8699951171875,181.8699951171875,177.9499969482422,179.0,176.09771728515625,8532800
2026-01-26,179.36000061035156,182.44000244140625,178.86000061035156,181.8800048828125,178.93101501464844,6389800
2026-01-27,182.24000549316406,183.97000122070312,181.14999389648438,182.66000366210938,179.69837951660156,5138100
2026-01-28,182.44000244140625,183.00999450683594,180.3800048828125,182.33999633789062,179.38356018066406,5538800
2026-01-29,183.17999267578125,185.02999877929688,179.4600067138672,182.39999389648438,179.4425811767578,7473400
2026-01-30,180.2100067138672,183.14999389648438,179.97000122070312,182.8000030517578,180.82748413085938,7434900
2026-02-02,182.61000061035156,185.44000244140625,180.5500030517578,185.10000610351562,183.1026611328125,6827200
2026-02-03,185.27999877929688,188.67999267578125,178.4499969482422,182.91000366210938,180.936279296875,7751300
2026-02-04,182.72999572753906,183.64999389648438,178.5,180.0800018310547,178.13681030273438,7571900
2026-02-05,178.0,179.4499969482422,173.25,175.83999633789062,173.94256591796875,9571800
2026-02-06,178.88999938964844,181.19000244140625,177.5,179.9600067138672,178.0181121826172,9139700
2026-02-09,179.99000549316406,183.82000732421875,179.4600067138672,182.35000610351562,180.38232421875,6625900
2026-02-10,181.9199981689453,184.5800018310547,173.5500030517578,177.88999938964844,175.970458984375,12854500
2026-02-11,179.77000427246094,181.0399932861328,174.3000030517578,176.67999267578125,174.77349853515625,7777800
2026-02-12,177.42999267578125,178.7899932861328,165.41000366210938,168.05999755859375,166.24652099609375,14436700
2026-02-13,167.1199951171875,171.49000549316406,163.58999633789062,171.14999389648438,169.3031768798828,9162400
2026-02-17,172.5500030517578,174.1999969482422,170.86000061035156,171.5399932861328,169.68896484375,6376900
2026-02-18,173.49000549316406,177.30999755859375,173.4499969482422,176.58999633789062,174.68447875976562,6343300
2026-02-19,175.16000366210938,176.27999877929688,172.52999877929688,174.3699951171875,172.48843383789062,7259500
2026-02-20,173.4499969482422,175.42999267578125,171.55999755859375,175.41000366210938,173.5172119140625,4272600
2026-02-23,173.9600067138672,175.6199951171875,166.61000061035156,166.8000030517578,165.00013732910156,7795500
2026-02-24,165.47000122070312,170.32000732421875,164.11000061035156,168.7899932861328,166.9686279296875,7413800
2026-02-25,170.6999969482422,174.0399932861328,169.64999389648438,173.72999572753906,171.85533142089844,7098500
2026-02-26,174.8800048828125,177.8300018310547,174.4499969482422,177.49000549316406,175.5747833251953,6901600
2026-02-27,174.0,174.1300048828125,164.39999389648438,166.50999450683594,164.71324157714844,12400400
2026-03-02,162.63999938964844,169.60000610351562,162.14999389648438,167.0,165.1979522705078,9212600
2026-03-03,162.4600067138672,167.32000732421875,159.9499969482422,165.9499969482422,164.15928649902344,7495500
2026-03-04,167.5800018310547,169.1999969482422,166.52000427246094,167.5800018310547,165.77169799804688,5307800
2026-03-05,165.3800048828125,167.97000122070312,160.50999450683594,162.5500030517578,160.7959747314453,7274900
2026-03-06,159.50999450683594,160.35000610351562,155.35000610351562,160.27000427246094,158.54058837890625,8046000
2026-03-09,157.9199981689453,161.85000610351562,154.07000732421875,160.4499969482422,158.71864318847656,7480800
2026-03-10,161.83999633789062,163.47999572753906,159.86000061035156,160.75,159.01541137695312,4314600
2026-03-11,160.0,161.75999450683594,157.85000610351562,160.88999938964844,159.15390014648438,5463200
2026-03-12,154.3699951171875,156.25,152.8000030517578,154.3699951171875,152.70423889160156,11195700
2026-03-13,154.88999938964844,157.24000549316406,153.86000061035156,154.8699951171875,153.1988525390625,6001900
2026-03-16,156.4600067138672,159.08999633789062,154.7899932861328,155.6999969482422,154.0198974609375,5498100
2026-03-17,157.3000030517578,160.63999938964844,157.3000030517578,157.8300018310547,156.12692260742188,6528600
2026-03-18,157.02000427246094,160.63999938964844,156.52000427246094,158.92999267578125,157.21502685546875,9140900
2026-03-19,156.99000549316406,159.6199951171875,156.52999877929688,158.5500030517578,156.8391571044922,6418300
2026-03-20,158.36000061035156,163.13999938964844,157.25,161.47000122070312,159.72764587402344,14621300
2026-03-23,166.25999450683594,168.13999938964844,164.16000366210938,164.32000732421875,162.54689025878906,10128400
2026-03-24,162.44000244140625,167.1199951171875,162.22999572753906,165.8699951171875,164.08013916015625,6016200
2026-03-25,166.8000030517578,168.80999755859375,164.0,165.64999389648438,163.86251831054688,6444600
2026-03-26,164.64999389648438,166.3300018310547,162.47999572753906,163.22999572753906,161.46864318847656,6175700
2026-03-27,161.0,161.22999572753906,157.3300018310547,158.38999938964844,156.68087768554688,6368400
2026-03-30,160.14999389648438,161.24000549316406,157.22000122070312,158.3699951171875,156.6610870361328,6261600
2026-03-31,161.5,165.2899932861328,159.64999389648438,164.57000732421875,162.794189453125,8081700
2026-04-01,168.91000366210938,169.2899932861328,163.1999969482422,166.1699981689453,164.3769073486328,7117000
2026-04-02,161.99000549316406,167.0,160.57000732421875,165.80999755859375,164.0207977294922,5107500
2026-04-06,165.8800048828125,167.6300048828125,165.44000244140625,166.5500030517578,164.75282287597656,3674800
2026-04-07,165.69000244140625,168.89999389648438,165.2899932861328,168.42999267578125,166.61253356933594,6036400
2026-04-08,176.89999389648438,181.25999450683594,174.49000549316406,176.02000427246094,174.12063598632812,7662600
2026-04-09,175.1699981689453,179.0,174.8000030517578,178.16000366210938,176.237548828125,5298900
2026-04-10,178.66000366210938,178.66000366210938,174.6999969482422,177.63999938964844,175.72314453125,4240100
2026-04-13,175.75999450683594,181.17999267578125,175.00999450683594,181.13999938964844,179.1853790283203,6282900
2026-04-14,182.8699951171875,184.58999633789062,181.75,183.33999633789062,181.36163330078125,8803600
2026-04-15,188.49000549316406,194.58999633789062,187.9199981689453,191.6199951171875,189.5522918701172,9853800
2026-04-16,190.92999267578125,192.50999450683594,186.6699981689453,187.32000732421875,185.2987060546875,9138100
2026-04-17,189.5,191.22000122070312,188.22999572753906,188.82000732421875,186.7825164794922,6846100
2026-04-20,188.9199981689453,192.1999969482422,188.02000427246094,190.6999969482422,188.6422119140625,4905200
2026-04-21,190.7899932861328,193.13999938964844,188.7100067138672,189.30999755859375,187.2672119140625,5154900
2026-04-22,191.67999267578125,192.22999572753906,189.82000732421875,191.0500030517578,188.9884490966797,4492100
2026-04-23,190.66000366210938,191.75999450683594,186.89999389648438,188.64999389648438,186.6143341064453,3814400
2026-04-24,188.7899932861328,189.0500030517578,187.1199951171875,188.07000732421875,186.0406036376953,4530600
2026-04-27,187.8699951171875,190.58999633789062,187.75,190.17999267578125,188.12782287597656,4163600
2026-04-28,191.30999755859375,192.64999389648438,188.66000366210938,190.36000061035156,188.30589294433594,4107100
2026-04-29,190.00999450683594,190.50999450683594,185.25,187.0800018310547,185.061279296875,5107600
2026-04-30,185.60000610351562,190.72999572753906,184.89999389648438,190.58999633789062,189.5465850830078,5664900
2026-05-01,190.49000549316406,193.5,188.77000427246094,190.1699981689453,189.12889099121094,4742700
2026-05-04,189.92999267578125,190.35000610351562,187.1199951171875,188.00999450683594,186.980712890625,3833000
2026-05-05,189.33999633789062,190.4499969482422,187.9499969482422,189.25,188.21392822265625,4807900
2026-05-06,192.1699981689453,194.8300018310547,192.1699981689453,193.35000610351562,192.29148864746094,6319500
2026-05-07,193.16000366210938,194.25,189.6699981689453,190.1699981689453,189.12889099121094,5761900
2026-05-08,190.8800048828125,193.5,190.47000122070312,193.08999633789062,192.03289794921875,5873400
2026-05-11,192.36000061035156,193.6699981689453,190.0399932861328,191.10000610351562,190.05380249023438,5272500
2026-05-12,190.1999969482422,192.3800048828125,186.4499969482422,191.8800048828125,190.82952880859375,5333300
2026-05-13,190.7100067138672,194.9499969482422,189.60000610351562,193.8300018310547,192.76885986328125,4463700
2026-05-14,195.6199951171875,197.5,193.41000366210938,194.52999877929688,193.46502685546875,4785000
2026-05-15,193.8800048828125,194.42999267578125,191.11000061035156,192.50999450683594,191.45606994628906,5937700
2026-05-18,192.6199951171875,194.80999755859375,191.13999938964844,192.69000244140625,191.63510131835938,3770200
2026-05-19,191.5500030517578,192.83999633789062,188.94000244140625,189.5800018310547,188.54212951660156,6357900
2026-05-20,191.9600067138672,198.07000732421875,190.08999633789062,197.77000427246094,196.68728637695312,7201100
2026-05-21,197.80999755859375,200.75,196.89999389648438,200.50999450683594,199.4122772216797,5817400
2026-05-22,201.1300048828125,203.08999633789062,200.6300048828125,201.02999877929688,199.92942810058594,3734200
2026-05-26,202.85000610351562,203.9199981689453,199.8699951171875,201.75999450683594,200.6554412841797,5567400
2026-05-27,202.0500030517578,202.52999877929688,197.00999450683594,201.61000061035156,200.50625610351562,6731500
2026-05-28,199.9199981689453,204.3800048828125,199.67999267578125,203.7899932861328,202.67431640625,6174800
2026-05-29,204.0,208.0800018310547,203.72000122070312,208.0,206.8612823486328,8255500
2026-06-01,207.61000061035156,212.11000061035156,206.60000610351562,211.00999450683594,209.85479736328125,6431200
2026-06-02,210.25999450683594,217.02999877929688,210.25999450683594,214.97999572753906,213.8030548095703,7664400
2026-06-03,212.85000610351562,213.49000549316406,208.7899932861328,210.13999938964844,208.98956298828125,5957300
2026-06-04,212.00999450683594,219.16000366210938,211.14999389648438,218.27000427246094,217.07505798339844,5565300
2026-06-05,218.32000732421875,218.32000732421875,211.16000366210938,211.92999267578125,210.76976013183594,6171000
2026-06-08,213.27000427246094,215.89999389648438,211.74000549316406,212.24000549316406,211.07806396484375,4732000
2026-06-09,214.4199981689453,215.24000549316406,206.05999755859375,210.25,209.0989532470703,7841100
2026-06-10,208.94000244140625,210.24000549316406,205.8300018310547,206.66000366210938,205.5286102294922,5362800
2026-06-11,208.7899932861328,212.8300018310547,207.0,212.66000366210938,211.4957733154297,4631500
2026-06-12,215.0500030517578,217.6199951171875,212.66000366210938,214.0399932861328,212.8682098388672,4694300
2026-06-15,218.75999450683594,220.60000610351562,216.85000610351562,217.97999572753906,216.78663635253906,5862500
2026-06-16,220.50999450683594,222.3000030517578,218.58999633789062,220.8300018310547,219.62103271484375,5091700
2026-06-17,222.11000061035156,228.07000732421875,221.36000061035156,224.9600067138672,223.7284393310547,8689700
2026-06-18,229.08999633789062,230.47000122070312,222.88999938964844,223.1699981689453,221.94822692871094,11933200
2026-06-22,226.7100067138672,228.22999572753906,224.99000549316406,227.08999633789062,225.8467559814453,6870800
2026-06-23,222.50999450683594,227.9499969482422,222.1199951171875,226.02999877929688,224.79257202148438,6052800
2026-06-24,224.60000610351562,226.5,219.80999755859375,219.86000061035156,218.65634155273438,6971000
2026-06-25,222.99000549316406,227.47999572753906,220.85000610351562,221.0399932861328,219.8298797607422,5257200
2026-06-26,219.6999969482422,219.75,211.36000061035156,212.02999877929688,210.8692169189453,9919100
2026-06-29,214.3300018310547,217.0,211.69000244140625,211.72000122070312,210.5609130859375,5426400
2026-06-30,210.1699981689453,211.7100067138672,208.17999267578125,209.0399932861328,207.8955841064453,5599400
2026-07-01,208.9600067138672,213.19000244140625,206.72000122070312,211.86000061035156,210.7001495361328,4690000
2026-07-02,214.7100067138672,215.86000061035156,211.5500030517578,213.92999267578125,212.75880432128906,3745300
2026-07-06,217.0,222.13999938964844,216.3699951171875,222.10000610351562,220.88409423828125,4567700
2026-07-07,221.5399932861328,223.25999450683594,219.82000732421875,222.0399932861328,220.82440185546875,5413300
2026-07-08,220.0,220.91000366210938,216.10000610351562,218.07000732421875,216.87615966796875,4108300
2026-07-09,221.0,224.44000244140625,220.00999450683594,222.1300048828125,220.91392517089844,4073100
2026-07-10,223.91000366210938,224.75,220.85000610351562,222.27999877929688,221.06309509277344,3617600
2026-07-13,222.4600067138672,223.4499969482422,218.75,221.08999633789062,219.87960815429688,4550300
2026-07-14,224.32000732421875,232.11000061035156,224.10000610351562,227.6699981689453,226.423583984375,9306200
2026-07-15,222.6999969482422,232.25,221.22000122070312,228.5500030517578,227.2987823486328,10865600
2026-07-16,228.22999572753906,228.22999572753906,215.7899932861328,218.3699951171875,217.17449951171875,8313700
2026-07-17,214.39999389648438,218.3800048828125,207.39999389648438,215.5,214.32022094726562,7852200
2026-07-20,215.52000427246094,219.74000549316406,210.35000610351562,210.94000244140625,209.78518676757812,6816500
2026-07-21,213.66000366210938,217.39999389648438,212.25,216.39999389648438,215.2152862548828,6999500
2026-07-22,215.52000427246094,219.6300048828125,215.52000427246094,218.5,217.3037872314453,3683200
2026-07-23,214.88999938964844,217.25999450683594,213.72000122070312,215.17999267578125,214.00196838378906,4962100
2026-07-24,216.39999389648438,216.39999389648438,211.2100067138672,214.47999572753906,213.30580139160156,4091300
2026-07-27,218.02000427246094,219.39999389648438,210.88999938964844,214.55999755859375,213.38536071777344,4958100
2026-07-28,213.75,213.75,207.2899932861328,211.5800018310547,210.4216766357422,6021000
2026-07-29,212.08999633789062,212.35000610351562,202.94000244140625,203.1300048828125,202.0179443359375,6722300
2026-07-30,207.5,211.14999389648438,205.3000030517578,210.05999755859375,208.91000366210938,6832900
2026-07-31,210.6999969482422,213.4600067138672,208.69000244140625,210.4199981689453,210.4199981689453,4723000
2026-08-03,211.4600067138672,211.69000244140625,208.00999450683594,211.22999572753906,211.22999572753906,4982600
2026-08-04,213.6699981689453,218.75999450683594,211.50999450683594,217.0399932861328,217.0399932861328,8932800
2026-08-05,218.13999938964844,220.1199951171875,217.1199951171875,218.27000427246094,218.27000427246094,4344100
2026-08-06,219.00999450683594,219.77999877929688,213.5399932861328,213.75,213.75,3588000
2026-08-07,213.74000549316406,216.47000122070312,211.80999755859375,216.3300018310547,216.3300018310547,5225800
