Price,Open,High,Low,Close,Adj Close,Volume
Ticker,TSM,TSM,TSM,TSM,TSM,TSM
Date,,,,,,
2021-09-23,116.97000122070312,116.97000122070312,115.58999633789062,116.19000244140625,107.25603485107422,5484700
2021-09-24,116.0,116.55999755859375,115.52999877929688,115.63999938964844,106.74833679199219,4455900
2021-09-27,115.69999694824219,116.56999969482422,115.01000213623047,116.1500015258789,107.2190933227539,5198800
2021-09-28,114.33000183105469,115.04000091552734,111.8499984741211,111.9000015258789,103.29590606689453,9792300
2021-09-29,112.30000305175781,112.8499984741211,111.0199966430664,111.62000274658203,103.03742980957031,6522400
2021-09-30,112.43000030517578,113.3499984741211,111.6500015258789,111.6500015258789,103.06510925292969,6433400
2021-10-01,112.0,112.30000305175781,110.30000305175781,111.55999755859375,102.9820327758789,5315200
2021-10-04,111.0,111.43000030517578,108.5199966430664,109.0199966430664,100.63731384277344,8514500
2021-10-05,109.80000305175781,110.3499984741211,109.22000122070312,109.26000213623047,100.85888671875,8039600
2021-10-06,108.44000244140625,109.5199966430664,107.58000183105469,109.33999633789062,100.93272399902344,7553600
2021-10-07,111.0,111.70999908447266,110.48999786376953,110.83000183105469,102.30817413330078,7821900
2021-10-08,110.9800033569336,111.06999969482422,109.51000213623047,110.04000091552734,101.57890319824219,5143400
2021-10-11,110.08000183105469,111.70999908447266,109.9000015258789,110.26000213623047,101.78199005126953,5318500
2021-10-12,110.47000122070312,111.02999877929688,108.55999755859375,109.19999694824219,100.80349731445312,9294600
2021-10-13,109.31999969482422,110.05000305175781,108.94999694824219,109.9800033569336,101.52352142333984,7845100
2021-10-14,114.13999938964844,114.73999786376953,111.16000366210938,112.55999755859375,103.90514373779297,16930500
2021-10-15,114.77999877929688,114.94999694824219,112.95999908447266,114.86000061035156,106.02828979492188,11558800
2021-10-18,113.41999816894531,115.3499984741211,113.41999816894531,115.33999633789062,106.47137451171875,6773800
2021-10-19,115.80000305175781,116.9800033569336,115.62999725341797,116.95999908447266,107.96683502197266,5406100
2021-10-20,116.87999725341797,117.02999877929688,115.55000305175781,115.58999633789062,106.70215606689453,8205800
2021-10-21,115.01000213623047,116.3499984741211,114.61000061035156,116.29000091552734,107.34834289550781,4640300
2021-10-22,116.23999786376953,117.1500015258789,114.2300033569336,114.2300033569336,105.44673919677734,6283000
2021-10-25,114.4000015258789,114.55000305175781,113.11000061035156,113.63999938964844,104.902099609375,6667700
2021-10-26,114.94000244140625,115.30000305175781,113.72000122070312,114.18000030517578,105.40058898925781,4852300
2021-10-27,114.02999877929688,115.05999755859375,113.70999908447266,113.75,105.00364685058594,5394500
2021-10-28,113.66000366210938,116.0199966430664,113.54000091552734,116.01000213623047,107.08988952636719,5714300
2021-10-29,114.06999969482422,114.19000244140625,113.22000122070312,113.69999694824219,104.95746612548828,7118900
2021-11-01,113.58000183105469,114.33999633789062,113.3499984741211,114.12000274658203,105.3451919555664,4955700
2021-11-02,113.58999633789062,114.80000305175781,113.54000091552734,114.11000061035156,105.33595275878906,4479700
2021-11-03,113.44000244140625,114.0999984741211,112.7300033569336,114.01000213623047,105.24366760253906,6073000
2021-11-04,113.37000274658203,117.8499984741211,112.41000366210938,117.79000091552734,108.73299407958984,14682800
2021-11-05,118.16999816894531,119.52999877929688,116.25,117.80000305175781,108.74223327636719,8668100
2021-11-08,118.38999938964844,122.25,117.05000305175781,120.91000366210938,111.61310577392578,15776300
2021-11-09,121.25,123.2699966430664,120.16999816894531,121.77999877929688,112.41619873046875,10874100
2021-11-10,119.5999984741211,120.80000305175781,117.68000030517578,118.19999694824219,109.11148071289062,9046100
2021-11-11,119.26000213623047,120.47000122070312,117.80000305175781,118.19000244140625,109.10224151611328,6994000
2021-11-12,118.38999938964844,118.81999969482422,117.2699966430664,118.69000244140625,109.5638198852539,6947200
2021-11-15,119.31999969482422,119.63999938964844,117.51000213623047,118.12000274658203,109.03762817382812,5157000
2021-11-16,117.69000244140625,118.37999725341797,117.16000366210938,118.08000183105469,109.0007095336914,5555100
2021-11-17,118.0,119.55000305175781,117.51000213623047,119.05999755859375,109.90534210205078,6391400
2021-11-18,119.97000122070312,123.55999755859375,119.80000305175781,123.38999938964844,113.90242004394531,13229700
2021-11-19,122.02999877929688,124.80000305175781,122.0199966430664,124.26000213623047,114.70552062988281,9071800
2021-11-22,123.5,128.08999633789062,123.20999908447266,124.75,115.15782928466797,16076100
2021-11-23,122.72000122070312,123.19999694824219,119.5199966430664,121.36000061035156,112.02851104736328,10984000
2021-11-24,120.0,120.87000274658203,118.4000015258789,120.70999908447266,111.4284896850586,6992600
2021-11-26,117.5,119.04000091552734,116.5199966430664,117.08999633789062,108.08682250976562,6766900
2021-11-29,118.36000061035156,119.87999725341797,117.9000015258789,119.27999877929688,110.1084213256836,7634000
2021-11-30,118.0999984741211,120.16999816894531,115.76000213623047,117.1500015258789,108.1422119140625,10561800
2021-12-01,119.22000122070312,123.51000213623047,119.22000122070312,120.62999725341797,111.35462951660156,12924400
2021-12-02,120.3499984741211,123.4000015258789,120.0199966430664,121.69999694824219,112.34234619140625,8425500
2021-12-03,121.0,121.8499984741211,117.9800033569336,119.33000183105469,110.15460205078125,7809000
2021-12-06,118.88999938964844,119.5,116.58000183105469,119.13999938964844,109.97920227050781,5681200
2021-12-07,120.54000091552734,122.58000183105469,120.26000213623047,122.31999969482422,112.91470336914062,7459200
2021-12-08,121.62999725341797,122.22000122070312,120.11000061035156,121.80000305175781,112.4346694946289,5795700
2021-12-09,121.18000030517578,122.08999633789062,119.48999786376953,119.5,110.3115005493164,6103900
2021-12-10,120.0,120.79000091552734,118.23999786376953,119.12999725341797,109.969970703125,5973900
2021-12-13,118.86000061035156,119.02999877929688,116.38999938964844,116.41999816894531,107.46834564208984,5854300
2021-12-14,115.44000244140625,116.9800033569336,115.25,116.29000091552734,107.34834289550781,6267300
2021-12-15,116.79000091552734,120.51000213623047,116.4800033569336,120.4000015258789,111.14232635498047,6700700
2021-12-16,120.33999633789062,120.75,116.13999938964844,116.56999969482422,108.05193328857422,9116100
2021-12-17,116.29000091552734,117.48999786376953,115.93000030517578,116.31999969482422,107.82020568847656,11725600
2021-12-20,115.91999816894531,116.62000274658203,113.91000366210938,114.94000244140625,106.54105377197266,6980800
2021-12-21,116.06999969482422,117.5,115.08000183105469,117.44000244140625,108.85838317871094,6122900
2021-12-22,116.91999816894531,121.44000244140625,116.83000183105469,121.30000305175781,112.4363021850586,9300100
2021-12-23,120.95999908447266,121.79000091552734,119.83999633789062,120.68000030517578,111.86162567138672,6512500
2021-12-27,121.22000122070312,123.26000213623047,121.19999694824219,122.69999694824219,113.73401641845703,6309900
2021-12-28,123.37999725341797,123.66000366210938,121.87000274658203,122.05999755859375,113.14077758789062,6321000
2021-12-29,121.80000305175781,123.1500015258789,120.97000122070312,121.41000366210938,112.53828430175781,5847700
2021-12-30,121.0,121.55000305175781,120.19000244140625,120.41999816894531,111.62060546875,4187800
2021-12-31,121.3499984741211,121.75,120.22000122070312,120.30999755859375,111.51864624023438,3888200
2022-01-03,124.12999725341797,129.58999633789062,124.0,128.8000030517578,119.38826751708984,18592000
2022-01-04,130.8699951171875,135.5,130.3000030517578,133.39999389648438,123.65210723876953,25554900
2022-01-05,130.7100067138672,130.8800048828125,126.87999725341797,127.05999755859375,117.77539825439453,17891200
2022-01-06,127.0,129.0,124.80999755859375,128.47000122070312,119.0823745727539,16249000
2022-01-07,126.55000305175781,127.13999938964844,123.30999755859375,123.5,114.47554016113281,21248100
2022-01-10,125.11000061035156,125.87000274658203,123.26000213623047,125.01000213623047,115.87521362304688,11857700
2022-01-11,126.54000091552734,129.5500030517578,125.5,129.1699981689453,119.73121643066406,12113100
2022-01-12,130.5,132.9199981689453,130.22000122070312,132.22999572753906,122.56763458251953,16389200
2022-01-13,140.75,145.0,138.9199981689453,139.19000244140625,129.01904296875,52020000
2022-01-14,136.08999633789062,143.8800048828125,136.08999633789062,140.66000366210938,130.38162231445312,28255300
2022-01-18,136.75,137.17999267578125,133.2899932861328,133.8300018310547,124.05072021484375,15191400
2022-01-19,134.6199951171875,135.89999389648438,130.94000244140625,131.00999450683594,121.436767578125,11155100
2022-01-20,131.9199981689453,132.75,128.1999969482422,128.3300018310547,118.95262145996094,11421900
2022-01-21,127.08000183105469,127.9800033569336,124.2699966430664,124.52999877929688,115.43025970458984,15573700
2022-01-24,123.7699966430664,126.06999969482422,120.12999725341797,125.95999908447266,116.75578308105469,17083400
2022-01-25,125.48999786376953,125.81999969482422,121.69999694824219,122.4800033569336,113.53008270263672,11370500
2022-01-26,125.37999725341797,126.66999816894531,121.88999938964844,123.08000183105469,114.08625030517578,13592100
2022-01-27,124.0,124.13999938964844,116.02999877929688,116.37999725341797,107.87581634521484,18599800
2022-01-28,118.70999908447266,119.5999984741211,114.19000244140625,117.61000061035156,109.01595306396484,14005900
2022-01-31,119.5199966430664,122.7699966430664,118.80999755859375,122.62999725341797,113.66912078857422,10189100
2022-02-01,122.9000015258789,123.23999786376953,120.0999984741211,123.05000305175781,114.05843353271484,6956300
2022-02-02,126.2300033569336,126.47000122070312,122.55000305175781,124.1500015258789,115.07804107666016,8562900
2022-02-03,121.44999694824219,123.87999725341797,119.25,119.83999633789062,111.08299255371094,9926800
2022-02-04,120.44000244140625,121.83000183105469,119.38999938964844,121.0199966430664,112.17677307128906,5743200
2022-02-07,122.55999755859375,124.0999984741211,121.87999725341797,122.30999755859375,113.37248992919922,6562900
2022-02-08,122.0,123.86000061035156,121.61000061035156,123.70999908447266,114.67019653320312,7036200
2022-02-09,124.87999725341797,125.55000305175781,122.76000213623047,125.5199966430664,116.34793090820312,10979700
2022-02-10,124.80000305175781,128.66000366210938,124.36000061035156,124.70999908447266,115.59711456298828,10474900
2022-02-11,125.5,126.58000183105469,120.44999694824219,121.01000213623047,112.16749572753906,9845700
2022-02-14,119.94999694824219,121.55000305175781,118.0,119.7699966430664,111.01809692382812,8081800
2022-02-15,122.0199966430664,124.61000061035156,121.45999908447266,124.5199966430664,115.42101287841797,9248700
2022-02-16,123.13999938964844,124.29000091552734,121.56999969482422,123.5999984741211,114.56824493408203,5749500
2022-02-17,122.48999786376953,122.75,119.6500015258789,119.76000213623047,111.00881958007812,7976700
2022-02-18,120.5199966430664,120.69000244140625,118.44999694824219,119.30999755859375,110.59172058105469,8389000
2022-02-22,117.5,119.36000061035156,115.72000122070312,116.91000366210938,108.36711120605469,9793500
2022-02-23,118.55000305175781,119.43000030517578,115.76000213623047,115.9000015258789,107.430908203125,8114700
2022-02-24,108.0,111.9800033569336,104.37999725341797,111.87999725341797,103.70466613769531,27539100
2022-02-25,112.29000091552734,113.0,109.36000061035156,111.2300033569336,103.10213470458984,14258900
2022-02-28,109.37000274658203,109.7699966430664,105.0,107.01000213623047,99.19050598144531,26390800
2022-03-01,110.0,111.11000061035156,107.05000305175781,108.05000305175781,100.15452575683594,20377900
2022-03-02,108.4000015258789,109.97000122070312,107.86000061035156,109.61000061035156,101.60053253173828,13342400
2022-03-03,109.91000366210938,110.0,107.5999984741211,108.79000091552734,100.84044647216797,10841700
2022-03-04,107.0,108.12000274658203,103.80999755859375,105.05999755859375,97.38301086425781,22372100
2022-03-07,103.29000091552734,104.08999633789062,99.05999755859375,99.29000091552734,92.03462982177734,29422900
2022-03-08,100.20999908447266,103.11000061035156,98.62000274658203,100.0,92.6927719116211,25650000
2022-03-09,104.51000213623047,105.72000122070312,102.76000213623047,104.94999694824219,97.28103637695312,14348400
2022-03-10,104.19000244140625,105.52999877929688,102.5199966430664,103.95999908447266,96.36339569091797,11811000
2022-03-11,105.36000061035156,105.36000061035156,101.30000305175781,101.41000366210938,93.99972534179688,18116400
2022-03-14,101.5199966430664,101.86000061035156,99.06999969482422,99.30000305175781,92.04390716552734,17959400
2022-03-15,98.02999877929688,102.13999938964844,97.62000274658203,102.08999633789062,94.6300048828125,13415600
2022-03-16,102.98999786376953,105.79000091552734,102.80999755859375,105.69000244140625,98.439453125,20347100
2022-03-17,105.75,106.52999877929688,104.75,106.48999786376953,99.18457794189453,8042000
2022-03-18,105.70999908447266,107.04000091552734,104.88999938964844,106.72000122070312,99.39878845214844,10218200
2022-03-21,106.72000122070312,107.22000122070312,105.12999725341797,106.91999816894531,99.58506774902344,10366100
2022-03-22,106.38999938964844,107.95999908447266,106.2300033569336,107.04000091552734,99.69683074951172,10401200
2022-03-23,106.5,108.19000244140625,105.3499984741211,105.3499984741211,98.12277221679688,12905300
2022-03-24,106.77999877929688,107.9800033569336,105.83000183105469,107.91999816894531,100.51644134521484,10834000
2022-03-25,107.69000244140625,107.9800033569336,105.83999633789062,106.7300033569336,99.40808868408203,7432100
2022-03-28,105.62000274658203,106.72000122070312,104.61000061035156,106.33000183105469,99.03553009033203,8151200
2022-03-29,107.91999816894531,109.76000213623047,106.79000091552734,109.25,101.75521850585938,14076200
2022-03-30,107.79000091552734,109.33999633789062,106.51000213623047,106.7300033569336,99.40808868408203,15456300
2022-03-31,106.95999908447266,107.1500015258789,104.19000244140625,104.26000213623047,97.1075439453125,13021600
2022-04-01,105.7699966430664,105.94999694824219,102.20999908447266,102.79000091552734,95.73839569091797,12085100
2022-04-04,104.0199966430664,105.56999969482422,103.27999877929688,104.79000091552734,97.60118865966797,9077200
2022-04-05,104.4800033569336,104.5999984741211,102.11000061035156,102.5,95.46829986572266,12291000
2022-04-06,100.41999816894531,102.13999938964844,99.72000122070312,101.18000030517578,94.23883819580078,14902600
2022-04-07,100.41999816894531,101.2300033569336,99.6500015258789,100.5199966430664,93.62410736083984,12431000
2022-04-08,100.62000274658203,100.69999694824219,99.12000274658203,99.29000091552734,92.47850036621094,11796200
2022-04-11,98.22000122070312,98.37999725341797,96.91000366210938,97.56999969482422,90.8764877319336,12480500
2022-04-12,100.0,100.1500015258789,97.44000244140625,97.44000244140625,90.75541687011719,13291500
2022-04-13,99.80000305175781,102.22000122070312,99.5,101.5,94.53688049316406,15776800
2022-04-14,104.0,104.5,98.33000183105469,98.36000061035156,91.61228942871094,17828500
2022-04-18,97.94999694824219,99.83999633789062,97.47000122070312,98.7699966430664,91.99417114257812,10277400
2022-04-19,98.44000244140625,99.44999694824219,97.70999908447266,99.44999694824219,92.62751770019531,10103000
2022-04-20,100.4000015258789,101.0,98.9000015258789,99.01000213623047,92.21772003173828,8596900
2022-04-21,99.75,100.6500015258789,97.41000366210938,97.66000366210938,90.96033477783203,13038500
2022-04-22,97.02999877929688,97.79000091552734,95.36000061035156,95.68000030517578,89.11613464355469,11650100
2022-04-25,95.05000305175781,96.27999877929688,94.44999694824219,96.23999786376953,89.63772583007812,10654400
2022-04-26,94.94000244140625,95.0199966430664,92.7699966430664,92.7699966430664,86.40577697753906,14176000
2022-04-27,91.83999633789062,92.69000244140625,90.22000122070312,90.26000213623047,84.0679702758789,15846300
2022-04-28,92.16000366210938,96.19999694824219,91.77999877929688,95.22000122070312,88.68771362304688,15176200
2022-04-29,93.18000030517578,95.58999633789062,92.7699966430664,92.93000030517578,86.55479431152344,10629300
2022-05-02,92.5,94.2699966430664,91.23999786376953,93.76000213623047,87.32787322998047,8251900
2022-05-03,92.77999877929688,94.05000305175781,92.51000213623047,93.62999725341797,87.20680236816406,9511900
2022-05-04,93.91000366210938,96.06999969482422,91.91999816894531,95.98999786376953,89.40486907958984,9082500
2022-05-05,94.04000091552734,94.37999725341797,91.22000122070312,92.1500015258789,85.82831573486328,11517200
2022-05-06,91.4000015258789,92.87999725341797,90.2699966430664,91.62999725341797,85.34400177001953,7944900
2022-05-09,89.94000244140625,90.19000244140625,87.01000213623047,87.30000305175781,81.31104278564453,11428600
2022-05-10,90.0199966430664,90.29000091552734,88.08999633789062,88.81999969482422,82.72676849365234,11690400
2022-05-11,88.87000274658203,90.56999969482422,87.80000305175781,87.83000183105469,81.8046875,11531300
2022-05-12,86.22000122070312,88.20999908447266,85.38999938964844,87.69000244140625,81.67427825927734,11592900
2022-05-13,88.87000274658203,91.36000061035156,88.16000366210938,90.95999908447266,84.71995544433594,11180600
2022-05-16,89.87000274658203,91.37000274658203,89.5,90.41000366210938,84.20769500732422,6729100
2022-05-17,93.30000305175781,93.48999786376953,92.37000274658203,93.31999969482422,86.91805267333984,7668800
2022-05-18,92.06999969482422,93.2300033569336,90.37000274658203,90.52999877929688,84.3194580078125,9610900
2022-05-19,89.83999633789062,92.0999984741211,89.55999755859375,90.20999908447266,84.0213851928711,7739000
2022-05-20,93.04000091552734,93.04000091552734,88.83000183105469,90.77999877929688,84.55229949951172,10469900
2022-05-23,91.0199966430664,91.91000366210938,90.6500015258789,91.5,85.22291564941406,6920500
2022-05-24,89.5199966430664,89.80000305175781,88.5199966430664,88.72000122070312,82.63362884521484,8788600
2022-05-25,89.33000183105469,90.91999816894531,89.04000091552734,90.41000366210938,84.20769500732422,9113500
2022-05-26,89.41000366210938,91.37000274658203,89.04000091552734,91.0,84.7571792602539,9762700
2022-05-27,92.62000274658203,93.81999969482422,92.52999877929688,93.7699966430664,87.3371810913086,6279000
2022-05-31,95.54000091552734,96.29000091552734,94.51000213623047,95.30000305175781,88.76222229003906,9621700
2022-06-01,95.5999984741211,96.36000061035156,93.83000183105469,94.75,88.24994659423828,6152400
2022-06-02,93.98999786376953,96.37000274658203,93.62000274658203,96.33999633789062,89.73087310791016,6335000
2022-06-03,94.36000061035156,94.58000183105469,92.9000015258789,93.7699966430664,87.3371810913086,9137100
2022-06-06,95.0,95.54000091552734,92.87000274658203,93.11000061035156,86.72247314453125,9440200
2022-06-07,92.66999816894531,93.86000061035156,91.7699966430664,93.83999633789062,87.40237426757812,7360200
2022-06-08,94.0,94.93000030517578,93.13999938964844,93.47000122070312,87.05778503417969,6446300
2022-06-09,93.0,93.5,90.80000305175781,90.8499984741211,84.61750793457031,8086700
2022-06-10,90.54000091552734,90.72000122070312,88.62999725341797,88.68000030517578,82.59637451171875,10460400
2022-06-13,86.05999755859375,86.83000183105469,85.0199966430664,85.55000305175781,79.68109130859375,14603700
2022-06-14,86.73999786376953,87.87999725341797,86.29000091552734,87.19000244140625,81.2085952758789,10449600
2022-06-15,87.51000213623047,89.80999755859375,87.37000274658203,89.12999725341797,83.0154800415039,11742500
2022-06-16,85.22000122070312,85.93000030517578,83.98999786376953,84.5199966430664,79.13639831542969,10505200
2022-06-17,85.0,85.5999984741211,83.94999694824219,85.0,79.58583068847656,9735500
2022-06-21,86.0,87.75,86.0,86.94999694824219,81.41160583496094,9604000
2022-06-22,84.63999938964844,86.18000030517578,84.55000305175781,84.91000366210938,79.50155639648438,7868700
2022-06-23,84.12999725341797,84.2300033569336,82.76000213623047,84.12000274658203,78.76187133789062,10370300
2022-06-24,84.1500015258789,86.55000305175781,84.1500015258789,85.91999816894531,80.44721984863281,10670100
2022-06-27,86.91999816894531,87.0,85.58000183105469,85.86000061035156,80.39102935791016,7358000
2022-06-28,86.1500015258789,86.80999755859375,84.33999633789062,84.33999633789062,78.96784973144531,8289200
2022-06-29,84.43000030517578,84.61000061035156,83.33000183105469,83.6500015258789,78.32179260253906,7981300
2022-06-30,81.45999908447266,82.22000122070312,80.12000274658203,81.75,76.54283142089844,14201600
2022-07-01,79.04000091552734,79.22000122070312,76.18000030517578,77.0,72.09538269042969,19531700
2022-07-05,74.55000305175781,76.1500015258789,73.73999786376953,76.11000061035156,71.26207733154297,22253100
2022-07-06,74.29000091552734,76.30000305175781,73.77999877929688,75.55999755859375,70.7470932006836,11530500
2022-07-07,78.5999984741211,80.95999908447266,78.33999633789062,80.6500015258789,75.51290893554688,15847800
2022-07-08,79.91999816894531,82.16000366210938,79.76000213623047,81.51000213623047,76.31812286376953,10004200
2022-07-11,79.7699966430664,80.2699966430664,78.81999969482422,79.11000061035156,74.07098388671875,9519600
2022-07-12,81.16000366210938,81.4800033569336,78.93000030517578,79.0999984741211,74.06161499023438,10363700
2022-07-13,79.27999877929688,81.72000122070312,78.9000015258789,81.29000091552734,76.11212921142578,14706500
2022-07-14,82.94999694824219,84.04000091552734,80.51000213623047,83.66999816894531,78.34053802490234,23377000
2022-07-15,85.58000183105469,86.04000091552734,83.97000122070312,85.62999725341797,80.1756820678711,14061000
2022-07-18,86.05999755859375,86.08000183105469,83.37000274658203,83.58000183105469,78.25628662109375,11352500
2022-07-19,85.0,86.47000122070312,84.55999755859375,86.1500015258789,80.66256713867188,10673100
2022-07-20,85.18000030517578,86.75,85.11000061035156,86.55999755859375,81.04644012451172,11664800
2022-07-21,86.68000030517578,87.80000305175781,86.4000015258789,87.79000091552734,82.19810485839844,7135000
2022-07-22,87.41000366210938,87.7300033569336,85.80000305175781,86.31999969482422,80.82174682617188,8612100
2022-07-25,86.30000305175781,86.69999694824219,85.62999725341797,86.30000305175781,80.80303955078125,5960900
2022-07-26,84.76000213623047,85.19999694824219,83.8499984741211,84.41999816894531,79.04276275634766,6977700
2022-07-27,85.30999755859375,87.9000015258789,85.30999755859375,87.62999725341797,82.04828643798828,9399500
2022-07-28,87.12999725341797,88.62000274658203,86.44999694824219,88.61000061035156,82.96588897705078,10668200
2022-07-29,87.81999969482422,89.20999908447266,87.79000091552734,88.4800033569336,82.84414672851562,10366200
2022-08-01,85.30000305175781,86.88999938964844,84.30000305175781,86.30999755859375,80.81239318847656,20102600
2022-08-02,84.5199966430664,87.51000213623047,84.16999816894531,86.05000305175781,80.56893920898438,15541600
2022-08-03,85.95999908447266,86.7699966430664,84.55999755859375,86.51000213623047,80.9996337890625,20779400
2022-08-04,87.0,88.41999816894531,86.62000274658203,88.41999816894531,82.7879638671875,13472500
2022-08-05,88.02999877929688,90.9800033569336,88.01000213623047,89.7699966430664,84.05197143554688,13293500
2022-08-08,88.9800033569336,89.0999984741211,86.91000366210938,87.94000244140625,82.33854675292969,12120300
2022-08-09,86.94000244140625,87.13999938964844,84.44000244140625,85.20999908447266,79.78243255615234,13075000
2022-08-10,86.80999755859375,88.66999816894531,86.30999755859375,88.66999816894531,83.02204895019531,10704600
2022-08-11,89.95999908447266,91.0,89.30999755859375,89.5199966430664,83.81790924072266,11158800
2022-08-12,89.68000030517578,91.3499984741211,89.63999938964844,90.86000061035156,85.07255554199219,12098800
2022-08-15,90.01000213623047,91.94000244140625,90.0,91.56999969482422,85.73731994628906,15949500
2022-08-16,91.13999938964844,91.3499984741211,88.56999969482422,89.94999694824219,84.22051239013672,10566100
2022-08-17,89.0,89.7699966430664,88.4800033569336,89.19999694824219,83.51828002929688,9093100
2022-08-18,88.70999908447266,89.66999816894531,88.41999816894531,89.2699966430664,83.5838394165039,10947700
2022-08-19,88.5,88.58999633789062,87.0199966430664,87.19999694824219,81.64570617675781,9602800
2022-08-22,85.41000366210938,86.02999877929688,84.94000244140625,85.23999786376953,79.81053161621094,8054000
2022-08-23,85.16000366210938,86.5999984741211,84.98999786376953,86.02999877929688,80.55020141601562,8462500
2022-08-24,85.80000305175781,86.12999725341797,85.19999694824219,85.55999755859375,80.11012268066406,7085800
2022-08-25,86.33000183105469,87.58999633789062,86.01000213623047,87.56999969482422,81.99211883544922,6602100
2022-08-26,87.5,87.79000091552734,84.6500015258789,84.73999786376953,79.34236145019531,9381500
2022-08-29,83.91000366210938,84.31999969482422,82.77999877929688,82.8499984741211,77.57275390625,9639700
2022-08-30,83.77999877929688,83.9800033569336,81.7300033569336,82.79000091552734,77.51657104492188,8392300
2022-08-31,84.11000061035156,84.87000274658203,83.05999755859375,83.3499984741211,78.04092407226562,8887100
2022-09-01,81.44999694824219,81.83000183105469,80.12000274658203,81.63999938964844,76.43983459472656,11566000
2022-09-02,81.55000305175781,82.9800033569336,80.61000061035156,80.9000015258789,75.7469711303711,8850100
2022-09-06,81.02999877929688,81.02999877929688,79.5199966430664,80.02999877929688,74.93238067626953,12704400
2022-09-07,78.38999938964844,80.18000030517578,78.2300033569336,79.94999694824219,74.85747528076172,9843500
2022-09-08,79.01000213623047,80.73999786376953,78.7699966430664,80.23999786376953,75.12901306152344,8181700
2022-09-09,80.83000183105469,81.66000366210938,80.73999786376953,81.52999877929688,76.33684539794922,7084700
2022-09-12,81.97000122070312,82.5,81.76000213623047,82.1500015258789,76.91734313964844,7903000
2022-09-13,80.41999816894531,81.13999938964844,78.5199966430664,78.80999755859375,73.79009246826172,12835100
2022-09-14,79.73999786376953,80.16000366210938,78.9800033569336,79.66000366210938,74.58595275878906,8849600
2022-09-15,78.58000183105469,79.25,77.66999816894531,77.9800033569336,73.4259033203125,10533100
2022-09-16,77.11000061035156,78.0,76.91999816894531,77.88999938964844,73.34117126464844,10604500
2022-09-19,76.55000305175781,78.2300033569336,76.55000305175781,78.2300033569336,73.66130065917969,10378600
2022-09-20,77.54000091552734,78.44000244140625,77.51000213623047,78.1500015258789,73.58596801757812,8202800
2022-09-21,77.58000183105469,79.30999755859375,77.13999938964844,77.13999938964844,72.63494873046875,10869000
2022-09-22,76.44999694824219,76.75,75.36000061035156,75.62999725341797,71.21312713623047,10817900
2022-09-23,74.30000305175781,74.38999938964844,73.08999633789062,73.87000274658203,69.5559310913086,12685500
2022-09-26,73.47000122070312,74.19000244140625,72.91999816894531,73.01000213623047,68.74616241455078,13441500
2022-09-27,73.51000213623047,74.04000091552734,72.3499984741211,73.02999877929688,68.76498413085938,12430600
2022-09-28,71.11000061035156,72.29000091552734,70.69999694824219,72.12999725341797,67.91754913330078,12943600
2022-09-29,70.5199966430664,70.68000030517578,68.4800033569336,69.27999877929688,65.23397827148438,16120300
2022-09-30,67.80999755859375,69.6500015258789,67.73999786376953,68.55999755859375,64.55603790283203,10472400
2022-10-03,68.08000183105469,69.56999969482422,67.6500015258789,69.25,65.20574951171875,11945100
2022-10-04,70.80000305175781,72.93000030517578,70.72000122070312,72.80999755859375,68.5578384399414,14900700
2022-10-05,72.91999816894531,74.91000366210938,72.58000183105469,74.4800033569336,70.13031005859375,14037100
2022-10-06,73.97000122070312,74.91999816894531,73.86000061035156,74.3499984741211,70.00788879394531,11796800
2022-10-07,71.80999755859375,72.02999877929688,69.75,69.75,65.6765365600586,14758600
2022-10-10,69.8499984741211,69.87999725341797,67.01000213623047,67.44000244140625,63.5014533996582,16042200
2022-10-11,64.19999694824219,64.91000366210938,62.619998931884766,63.45000076293945,59.744468688964844,28699300
2022-10-12,63.599998474121094,64.2300033569336,63.369998931884766,64.11000061035156,60.36592102050781,16468700
2022-10-13,63.060001373291016,70.19999694824219,62.31999969482422,66.62000274658203,62.729339599609375,36639300
2022-10-14,67.26000213623047,67.44999694824219,63.779998779296875,63.91999816894531,60.187015533447266,19440900
2022-10-17,64.9800033569336,65.3499984741211,64.04000091552734,64.88999938964844,61.10035705566406,11280100
2022-10-18,65.9000015258789,66.11000061035156,62.779998779296875,63.709999084472656,59.989280700683594,16656100
2022-10-19,62.7400016784668,64.11000061035156,62.16999816894531,63.65999984741211,59.942203521728516,12385200
2022-10-20,63.75,65.27999877929688,63.380001068115234,63.58000183105469,59.866878509521484,11300900
2022-10-21,62.02000045776367,63.779998779296875,62.02000045776367,63.75,60.026947021484375,13699000
2022-10-24,60.58000183105469,61.619998931884766,59.68000030517578,61.290000915527344,57.710609436035156,25010800
2022-10-25,59.959999084472656,61.36000061035156,59.5099983215332,61.13999938964844,57.569374084472656,21700600
2022-10-26,60.86000061035156,61.97999954223633,60.43000030517578,60.84000015258789,57.286895751953125,14006000
2022-10-27,61.849998474121094,62.45000076293945,60.90999984741211,60.95000076293945,57.390472412109375,12937600
2022-10-28,60.77000045776367,62.029998779296875,60.06999969482422,62.0099983215332,58.38856506347656,11972300
2022-10-31,61.59000015258789,62.27000045776367,61.06999969482422,61.54999923706055,57.955421447753906,10802800
2022-11-01,63.2599983215332,63.43000030517578,61.58000183105469,61.58000183105469,57.98367691040039,11561900
2022-11-02,62.5,62.88999938964844,60.52000045776367,60.52000045776367,56.9855842590332,16547200
2022-11-03,60.0,60.88999938964844,59.43000030517578,60.279998779296875,56.75959777832031,11040900
2022-11-04,61.5099983215332,62.5,61.02000045776367,62.47999954223633,58.831111907958984,14662800
2022-11-07,62.619998931884766,62.93000030517578,61.970001220703125,62.7599983215332,59.094757080078125,8507100
2022-11-08,64.37000274658203,65.75,64.22000122070312,65.0199966430664,61.222774505615234,14102800
2022-11-09,66.52999877929688,66.5999984741211,64.94999694824219,65.0,61.203941345214844,15086800
2022-11-10,67.73999786376953,70.87000274658203,67.31999969482422,70.83999633789062,66.70288848876953,21367900
2022-11-11,72.73999786376953,74.5999984741211,72.37999725341797,73.83000183105469,69.51825714111328,15524700
2022-11-14,73.23999786376953,73.68000030517578,72.23999786376953,72.80000305175781,68.54842376708984,11575300
2022-11-15,81.91999816894531,82.93000030517578,80.01000213623047,80.45999908447266,75.76107788085938,48742400
2022-11-16,80.55999755859375,80.56999969482422,78.9000015258789,79.44999694824219,74.8100357055664,24006600
2022-11-17,79.30000305175781,82.94000244140625,78.69000244140625,81.4800033569336,76.72151184082031,24278400
2022-11-18,82.77999877929688,82.83999633789062,81.0,82.2699966430664,77.46534729003906,18578400
2022-11-21,80.80999755859375,81.02999877929688,79.47000122070312,79.93000030517578,75.26200103759766,18659700
2022-11-22,81.3499984741211,83.19000244140625,81.2300033569336,82.54000091552734,77.7195816040039,16504700
2022-11-23,82.44000244140625,82.94999694824219,81.7300033569336,81.97000122070312,77.18287658691406,14683800
2022-11-25,82.13999938964844,82.37000274658203,81.4000015258789,81.4000015258789,76.64617919921875,5908300
2022-11-28,80.2699966430664,81.08000183105469,78.88999938964844,79.22000122070312,74.59349060058594,13214200
2022-11-29,79.91000366210938,80.20999908447266,78.95999908447266,79.33000183105469,74.69706726074219,11502300
2022-11-30,80.62999725341797,83.43000030517578,80.47000122070312,82.9800033569336,78.13390350341797,21667300
2022-12-01,83.04000091552734,83.62999725341797,81.13999938964844,82.68000030517578,77.85140991210938,15975100
2022-12-02,81.80999755859375,82.16000366210938,81.1500015258789,81.5,76.7403335571289,10519800
2022-12-05,81.94000244140625,82.18000030517578,80.94999694824219,81.62000274658203,76.85333251953125,11523300
2022-12-06,81.4000015258789,81.44000244140625,79.16000366210938,79.55999755859375,74.91360473632812,13992100
2022-12-07,79.0,79.70999908447266,78.58999633789062,79.23999786376953,74.61231994628906,14925300
2022-12-08,79.44999694824219,80.97000122070312,79.0999984741211,80.80000305175781,76.08122253417969,11197500
2022-12-09,80.8499984741211,82.19000244140625,80.69000244140625,80.69000244140625,75.97763061523438,13787900
2022-12-12,79.79000091552734,80.43000030517578,78.80000305175781,80.43000030517578,75.73280334472656,11516600
2022-12-13,82.08999633789062,82.08999633789062,79.62999725341797,80.51000213623047,75.80814361572266,16938000
2022-12-14,80.81999969482422,81.51000213623047,79.5199966430664,80.0199966430664,75.34674835205078,17910000
2022-12-15,79.20999908447266,79.20999908447266,77.38999938964844,77.61000061035156,73.49170684814453,17080200
2022-12-16,77.61000061035156,78.05999755859375,76.2300033569336,76.30000305175781,72.2512435913086,11929100
2022-12-19,76.91999816894531,77.12000274658203,75.76000213623047,76.0999984741211,72.06184387207031,12561300
2022-12-20,75.11000061035156,76.19999694824219,74.9000015258789,75.62000274658203,71.60731506347656,12080600
2022-12-21,75.86000061035156,77.41999816894531,75.7699966430664,77.13999938964844,73.04664611816406,10806100
2022-12-22,76.27999877929688,76.43000030517578,74.0199966430664,75.27999877929688,71.28535461425781,13019700
2022-12-23,74.88999938964844,75.3499984741211,74.16999816894531,74.88999938964844,70.91605377197266,7452600
2022-12-27,74.33000183105469,74.73999786376953,74.16000366210938,74.31999969482422,70.37628936767578,8974800
2022-12-28,74.19000244140625,74.55000305175781,72.83999633789062,73.05999755859375,69.18315887451172,10275700
2022-12-29,74.3499984741211,76.04000091552734,74.1500015258789,76.0,71.96714782714844,11142500
2022-12-30,74.29000091552734,74.56999969482422,73.6500015258789,74.48999786376953,70.53726959228516,7784100
2023-01-03,75.8499984741211,75.97000122070312,73.7699966430664,74.02999877929688,70.10169219970703,9276200
2023-01-04,74.98999786376953,76.61000061035156,74.47000122070312,76.31999969482422,72.27017211914062,12316400
2023-01-05,76.0,76.44000244140625,75.33999633789062,75.7300033569336,71.71147918701172,10039200
2023-01-06,76.5,78.73999786376953,76.1500015258789,78.06999969482422,73.92729949951172,13744100
2023-01-09,80.55999755859375,81.22000122070312,80.05999755859375,80.30999755859375,76.0484390258789,22247600
2023-01-10,80.51000213623047,81.58000183105469,80.45999908447266,81.2699966430664,76.95748901367188,10269000
2023-01-11,81.56999969482422,81.88999938964844,80.62999725341797,81.77999877929688,77.44043731689453,11771400
2023-01-12,84.95999908447266,88.83000183105469,84.41999816894531,87.0,82.38343811035156,36086800
2023-01-13,85.41000366210938,87.0999984741211,84.9000015258789,86.80000305175781,82.19408416748047,18719900
2023-01-17,86.22000122070312,89.7300033569336,86.16000366210938,88.98999786376953,84.26786041259766,21850000
2023-01-18,90.4800033569336,91.22000122070312,89.36000061035156,89.47000122070312,84.72239685058594,19209800
2023-01-19,89.02999877929688,90.01000213623047,88.26000213623047,88.4000015258789,83.70915222167969,13651100
2023-01-20,90.0,91.02999877929688,89.19999694824219,91.02999877929688,86.19959259033203,14287200
2023-01-23,91.76000213623047,95.7300033569336,91.72000122070312,95.66000366210938,90.58393096923828,22875100
2023-01-24,95.79000091552734,98.0,91.55000305175781,94.55999755859375,89.54228210449219,11370500
2023-01-25,92.68000030517578,93.0,91.12000274658203,92.41000366210938,87.5063705444336,14147300
2023-01-26,93.88999938964844,94.27999877929688,92.63999938964844,93.44999694824219,88.49119567871094,15759400
2023-01-27,92.81999969482422,94.12000274658203,92.23999786376953,93.30000305175781,88.34915161132812,13646600
2023-01-30,92.8499984741211,94.25,92.58000183105469,93.12999725341797,88.18814849853516,14079800
2023-01-31,91.0,92.76000213623047,90.0,92.7300033569336,87.80940246582031,13342100
2023-02-01,93.0,95.7699966430664,92.56999969482422,94.73999786376953,89.71273803710938,16788500
2023-02-02,96.5999984741211,97.5,95.83999633789062,96.6500015258789,91.5213851928711,14925300
2023-02-03,95.04000091552734,96.94999694824219,94.30999755859375,94.66000366210938,89.63699340820312,12242200
2023-02-06,91.80000305175781,92.05000305175781,90.73999786376953,91.83000183105469,86.95716094970703,12425200
2023-02-07,91.77999877929688,94.69999694824219,91.68000030517578,94.55000305175781,89.53280639648438,15258900
2023-02-08,95.0199966430664,95.94000244140625,94.2300033569336,94.27999877929688,89.27714538574219,12899700
2023-02-09,96.0,98.56999969482422,95.62000274658203,96.69000244140625,91.55924987792969,16997400
2023-02-10,95.94999694824219,96.5,94.25,95.37000274658203,90.30931091308594,11511400
2023-02-13,95.47000122070312,96.38999938964844,94.91000366210938,96.11000061035156,91.01004791259766,7803500
2023-02-14,95.81999969482422,98.98999786376953,95.22000122070312,97.95999908447266,92.7618637084961,15345100
2023-02-15,92.33000183105469,93.68000030517578,90.7699966430664,92.76000213623047,87.83779907226562,30208300
2023-02-16,90.9800033569336,91.79000091552734,89.87999725341797,90.81999969482422,86.000732421875,15568400
2023-02-17,89.97000122070312,90.30000305175781,88.94000244140625,90.0999984741211,85.3189468383789,11235300
2023-02-21,88.37999725341797,89.41999816894531,87.4800033569336,87.63999938964844,82.98948669433594,14007600
2023-02-22,87.75,88.08999633789062,86.66000366210938,86.83000183105469,82.22246551513672,10106400
2023-02-23,90.30000305175781,91.98999786376953,89.45999908447266,90.08000183105469,85.30001831054688,15468300
2023-02-24,88.08999633789062,88.1500015258789,87.23999786376953,88.11000061035156,83.43455505371094,8817600
2023-02-27,88.69999694824219,88.8499984741211,87.23999786376953,87.30000305175781,82.66752624511719,10609400
2023-02-28,87.13999938964844,88.1500015258789,86.9000015258789,87.06999969482422,82.44972229003906,7520400
2023-03-01,89.04000091552734,90.04000091552734,88.2699966430664,88.41999816894531,83.72808837890625,8176700
2023-03-02,87.63999938964844,89.33999633789062,87.12000274658203,89.02999877929688,84.30573272705078,9761600
2023-03-03,88.66999816894531,89.8499984741211,87.87999725341797,89.79000091552734,85.02539825439453,10844000
2023-03-06,90.08000183105469,91.33000183105469,89.51000213623047,89.58000183105469,84.82653045654297,9960000
2023-03-07,89.94999694824219,90.23999786376953,88.30000305175781,88.8499984741211,84.13526153564453,8761100
2023-03-08,88.3499984741211,90.83999633789062,88.13999938964844,90.83000183105469,86.01020050048828,8813000
2023-03-09,89.70999908447266,90.69000244140625,88.56999969482422,88.87999725341797,84.16366577148438,10354700
2023-03-10,88.02999877929688,89.16999816894531,87.19999694824219,87.25,82.62019348144531,11928800
2023-03-13,86.37999725341797,89.0,86.30999755859375,87.73999786376953,83.08418273925781,11847600
2023-03-14,88.02999877929688,89.62999725341797,87.70999908447266,89.29000091552734,84.55193328857422,11100100
2023-03-15,87.19999694824219,87.23999786376953,85.44000244140625,86.69999694824219,82.09935760498047,12171500
2023-03-16,85.94999694824219,89.47000122070312,85.81999969482422,89.30000305175781,85.00159454345703,13184600
2023-03-17,89.05999755859375,90.02999877929688,89.0,89.47000122070312,85.16342163085938,13287700
2023-03-20,89.20999908447266,90.37000274658203,88.66000366210938,90.04000091552734,85.70598602294922,8217500
2023-03-21,91.0,93.0,90.80000305175781,92.5,88.04756927490234,12299700
2023-03-22,93.5,95.02999877929688,92.54000091552734,92.62000274658203,88.16179656982422,12812400
2023-03-23,94.48999786376953,95.81999969482422,93.43000030517578,94.58999633789062,90.03697204589844,11169700
2023-03-24,93.94999694824219,94.18000030517578,92.08999633789062,92.79000091552734,88.32361602783203,7653700
2023-03-27,92.04000091552734,92.18000030517578,90.55000305175781,90.66000366210938,86.296142578125,9349800
2023-03-28,90.66000366210938,90.87000274658203,89.91999816894531,90.80999755859375,86.43891906738281,7521300
2023-03-29,91.76000213623047,93.22000122070312,91.44999694824219,92.76000213623047,88.29505157470703,9264000
2023-03-30,93.3499984741211,93.5199966430664,92.02999877929688,92.47000122070312,88.01902770996094,10232800
2023-03-31,91.23999786376953,93.26000213623047,91.12999725341797,93.0199966430664,88.54252624511719,8701800
2023-04-03,93.01000213623047,93.5999984741211,91.70999908447266,92.83999633789062,88.37120819091797,6863600
2023-04-04,93.04000091552734,93.27999877929688,91.72000122070312,92.16999816894531,87.73344421386719,6338400
2023-04-05,91.5999984741211,92.18000030517578,89.05000305175781,90.19999694824219,85.85826873779297,9171800
2023-04-06,89.66000366210938,90.91000366210938,89.4000015258789,90.23999786376953,85.89635467529297,5874500
2023-04-10,88.41999816894531,89.02999877929688,86.47000122070312,89.0199966430664,84.73509216308594,12232900
2023-04-11,88.63999938964844,89.83999633789062,88.47000122070312,89.23999786376953,84.94448852539062,11079200
2023-04-12,88.91000366210938,89.5,86.86000061035156,86.87000274658203,82.68856811523438,11299100
2023-04-13,86.55999755859375,87.62999725341797,85.97000122070312,87.05000305175781,82.85990142822266,7910500
2023-04-14,87.94999694824219,88.37000274658203,86.54000091552734,87.19999694824219,83.002685546875,7656400
2023-04-17,87.75,88.05000305175781,87.16000366210938,87.98999786376953,83.7546615600586,8163600
2023-04-18,88.19999694824219,88.4000015258789,87.5,88.13999938964844,83.89745330810547,8468200
2023-04-19,86.2300033569336,87.37999725341797,86.04000091552734,87.2300033569336,83.03125,11191300
2023-04-20,88.31999969482422,91.87999725341797,88.0999984741211,89.29000091552734,84.9920883178711,19206300
2023-04-21,87.77999877929688,87.91000366210938,85.27999877929688,85.37000274658203,81.26078033447266,13175400
2023-04-24,85.4000015258789,85.95999908447266,83.98999786376953,84.63999938964844,80.56591033935547,10567600
2023-04-25,83.2699966430664,83.4000015258789,82.26000213623047,82.29000091552734,78.32903289794922,13423700
2023-04-26,82.23999786376953,82.37999725341797,81.20999908447266,82.25,78.29094696044922,11583500
2023-04-27,82.9000015258789,83.86000061035156,82.16000366210938,83.66999816894531,79.64259338378906,10013700
2023-04-28,84.4800033569336,84.51000213623047,83.72000122070312,84.30000305175781,80.24227905273438,8262600
2023-05-01,84.30000305175781,84.69000244140625,83.9000015258789,83.9800033569336,79.93766784667969,4931100
2023-05-02,83.5,84.05000305175781,82.55000305175781,82.95999908447266,78.9667739868164,6875000
2023-05-03,82.62000274658203,83.76000213623047,82.44000244140625,82.69999694824219,78.71927642822266,7151600
2023-05-04,83.0,83.76000213623047,82.63999938964844,83.48999786376953,79.47126007080078,7290600
2023-05-05,84.30000305175781,85.56999969482422,83.75,84.97000122070312,80.88001251220703,6865000
2023-05-08,84.5,85.54000091552734,84.41000366210938,85.54000091552734,81.4225845336914,6746600
2023-05-09,85.25,85.4800033569336,84.30000305175781,85.05999755859375,80.96568298339844,7287800
2023-05-10,84.51000213623047,85.1500015258789,84.16999816894531,84.9000015258789,80.81339263916016,7442300
2023-05-11,84.13999938964844,84.13999938964844,82.52999877929688,83.43000030517578,79.41415405273438,8730900
2023-05-12,83.37999725341797,83.93000030517578,82.94999694824219,83.43000030517578,79.41415405273438,5069800
2023-05-15,83.33000183105469,85.66999816894531,83.2300033569336,85.66000366210938,81.53681945800781,8707300
2023-05-16,85.69000244140625,86.75,85.58999633789062,85.87999725341797,81.7462158203125,11283200
2023-05-17,88.30000305175781,91.80000305175781,88.05999755859375,90.87999725341797,86.50554656982422,23215600
2023-05-18,91.25,93.4000015258789,91.06999969482422,92.6500015258789,88.19034576416016,14879000
2023-05-19,92.12999725341797,92.79000091552734,91.55999755859375,92.58000183105469,88.12371826171875,9295200
2023-05-22,92.06999969482422,92.44000244140625,91.19999694824219,91.72000122070312,87.30513000488281,9259800
2023-05-23,91.0,91.33999633789062,90.33000183105469,90.44000244140625,86.08672332763672,7656700
2023-05-24,89.27999877929688,90.1500015258789,89.18000030517578,90.12999725341797,85.79164123535156,9443900
2023-05-25,97.05999755859375,102.37000274658203,96.9800033569336,100.94999694824219,96.09083557128906,60793200
2023-05-26,100.8499984741211,104.44000244140625,100.7300033569336,103.20999908447266,98.24205780029297,26135800
2023-05-30,103.79000091552734,105.23999786376953,101.52999877929688,101.9800033569336,97.0712661743164,25248000
2023-05-31,99.7300033569336,99.9800033569336,98.05999755859375,98.58999633789062,93.84442138671875,22206700
2023-06-01,98.68000030517578,100.58999633789062,98.5999984741211,98.83999633789062,94.08240509033203,14998500
2023-06-02,101.25,101.30000305175781,98.62000274658203,98.94000244140625,94.1775894165039,13085100
2023-06-05,98.01000213623047,98.80999755859375,94.25,98.05000305175781,93.3304443359375,10568500
2023-06-06,97.61000061035156,100.5999984741211,97.41999816894531,99.81999969482422,95.01522827148438,13827600
2023-06-07,101.37999725341797,103.0199966430664,99.54000091552734,100.29000091552734,95.46261596679688,14367500
2023-06-08,98.98999786376953,100.69999694824219,98.62999725341797,99.94000244140625,95.12944793701172,9074200
2023-06-09,102.69999694824219,104.68000030517578,102.25,102.80000305175781,97.85179138183594,14902400
2023-06-12,104.33999633789062,107.38999938964844,104.30999755859375,107.05999755859375,101.90674591064453,20568100
2023-06-13,110.0,110.69000244140625,106.73999786376953,106.80000305175781,101.65925598144531,17858600
2023-06-14,106.02999877929688,107.69999694824219,105.22000122070312,107.41000366210938,102.23990631103516,12862600
2023-06-15,106.2699966430664,106.66000366210938,105.06999969482422,105.18000030517578,100.53654479980469,11987900
2023-06-16,105.43000030517578,105.75,104.3499984741211,104.56999969482422,99.95349884033203,11430800
2023-06-20,104.18000030517578,104.87999725341797,103.06999969482422,103.9800033569336,99.38954162597656,9295500
2023-06-21,103.1500015258789,103.7300033569336,101.62000274658203,101.63999938964844,97.15283966064453,9340400
2023-06-22,101.41999816894531,103.43000030517578,101.33000183105469,103.12999725341797,98.57705688476562,8575900
2023-06-23,101.5199966430664,102.19000244140625,101.01000213623047,101.91000366210938,97.41093444824219,8919000
2023-06-26,102.0199966430664,103.04000091552734,100.08999633789062,100.11000061035156,95.69039154052734,8560000
2023-06-27,101.1500015258789,102.79000091552734,100.0199966430664,102.08000183105469,97.57341766357422,9732000
2023-06-28,100.5,101.87999725341797,100.22000122070312,100.91999816894531,96.46463012695312,8160900
2023-06-29,101.33999633789062,101.5199966430664,100.0199966430664,100.63999938964844,96.1969985961914,7383900
2023-06-30,101.4000015258789,101.88999938964844,100.41000366210938,100.91999816894531,96.46463012695312,11704600
2023-07-03,102.25,103.68000030517578,102.06999969482422,103.1500015258789,98.59617614746094,5638400
2023-07-05,101.4000015258789,103.08999633789062,100.95999908447266,100.98999786376953,96.53153991699219,9010800
2023-07-06,99.0999984741211,99.55999755859375,98.5999984741211,99.41000366210938,95.02129364013672,9140800
2023-07-07,99.08000183105469,101.94000244140625,99.0,100.2300033569336,95.80509948730469,8036600
2023-07-10,100.25,100.75,99.4000015258789,99.7699966430664,95.36539459228516,8041600
2023-07-11,102.33000183105469,102.33000183105469,100.13999938964844,101.26000213623047,96.78962707519531,7677800
2023-07-12,102.83000183105469,104.43000030517578,102.76000213623047,103.9000015258789,99.31306457519531,10202000
2023-07-13,105.0,105.6500015258789,102.5199966430664,105.56999969482422,100.90934753417969,9265900
2023-07-14,106.0,107.30000305175781,104.86000061035156,105.13999938964844,100.49833679199219,9518300
2023-07-17,104.68000030517578,105.02999877929688,102.58999633789062,104.79000091552734,100.1637954711914,10722600
2023-07-18,103.69000244140625,103.7300033569336,102.01000213623047,103.1500015258789,98.59617614746094,10343600
2023-07-19,103.9000015258789,104.79000091552734,102.56999969482422,103.05999755859375,98.5101547241211,11204800
2023-07-20,98.55000305175781,100.44999694824219,97.05000305175781,97.86000061035156,93.53971099853516,22810200
2023-07-21,97.87999725341797,97.98999786376953,96.33000183105469,97.25,92.9566421508789,15381200
2023-07-24,97.2699966430664,98.2699966430664,96.77999877929688,98.25,93.91250610351562,9054900
2023-07-25,99.5199966430664,100.88999938964844,99.11000061035156,100.31999969482422,95.89112854003906,9202200
2023-07-26,99.48999786376953,100.12999725341797,98.56999969482422,99.41000366210938,95.02129364013672,8993500
2023-07-27,101.5,101.76000213623047,98.91000366210938,99.3499984741211,94.96393585205078,8049800
2023-07-28,100.11000061035156,100.98999786376953,99.77999877929688,100.86000061035156,96.40727996826172,6758700
2023-07-31,99.18000030517578,99.77999877929688,98.41999816894531,99.1500015258789,94.77275848388672,8647900
2023-08-01,99.13999938964844,99.19000244140625,98.08999633789062,98.4000015258789,94.0558853149414,6428500
2023-08-02,97.5,97.5,95.20999908447266,95.69999694824219,91.47505950927734,9820900
2023-08-03,94.83999633789062,95.80999755859375,94.58000183105469,94.9800033569336,90.786865234375,8571700
2023-08-04,95.27999877929688,97.58000183105469,95.12999725341797,96.16000366210938,91.9147720336914,7562600
2023-08-07,96.7300033569336,96.94000244140625,95.2300033569336,96.3499984741211,92.09639739990234,6601400
2023-08-08,94.87999725341797,94.9000015258789,93.66999816894531,94.48999786376953,90.3185043334961,7659000
2023-08-09,95.83000183105469,95.8499984741211,93.70999908447266,93.9800033569336,89.83100891113281,6426900
2023-08-10,95.44999694824219,95.97000122070312,94.27999877929688,94.80000305175781,90.61482238769531,7459600
2023-08-11,93.5,93.5,91.97000122070312,91.98999786376953,87.92887115478516,10658400
2023-08-14,91.69000244140625,93.29000091552734,91.30000305175781,93.06999969482422,88.96118927001953,7489700
2023-08-15,92.5199966430664,92.70999908447266,91.48999786376953,91.68000030517578,87.63257598876953,6069500
2023-08-16,91.44000244140625,92.72000122070312,91.31999969482422,91.77999877929688,87.7281494140625,7439500
2023-08-17,92.91999816894531,92.91999816894531,91.3499984741211,91.63999938964844,87.59432983398438,7712500
2023-08-18,90.06999969482422,91.33000183105469,89.55999755859375,91.0999984741211,87.07816314697266,9066200
2023-08-21,90.5,92.91000366210938,90.5,92.55999755859375,88.47370147705078,8618300
2023-08-22,93.3499984741211,93.48999786376953,91.80999755859375,92.23999786376953,88.1678237915039,7059000
2023-08-23,93.79000091552734,95.0999984741211,93.23999786376953,94.22000122070312,90.06041717529297,10362600
2023-08-24,96.52999877929688,96.77999877929688,92.47000122070312,92.52999877929688,88.44501495361328,12254400
2023-08-25,92.25,93.41000366210938,91.41000366210938,93.0999984741211,88.9898681640625,10356000
2023-08-28,93.81999969482422,94.1500015258789,93.25,94.0,89.85013580322266,5174800
2023-08-29,93.7699966430664,95.62000274658203,93.51000213623047,95.08000183105469,90.88245391845703,8910300
2023-08-30,95.44999694824219,95.91999816894531,94.62999725341797,94.77999877929688,90.59568786621094,6073400
2023-08-31,93.33999633789062,94.4000015258789,93.2699966430664,93.56999969482422,89.4391098022461,8661200
2023-09-01,94.30000305175781,94.58000183105469,93.08999633789062,93.19000244140625,89.07588958740234,7094600
2023-09-05,93.4000015258789,95.05000305175781,92.87000274658203,94.5999984741211,90.42363739013672,6396500
2023-09-06,93.8499984741211,93.95999908447266,91.58999633789062,92.26000213623047,88.18694305419922,7933700
2023-09-07,90.06999969482422,90.29000091552734,88.43000030517578,90.05000305175781,86.07450866699219,14684400
2023-09-08,90.75,91.06999969482422,89.31999969482422,89.63999938964844,85.68260192871094,5820800
2023-09-11,90.0999984741211,90.38999938964844,89.16000366210938,89.5999984741211,85.64437866210938,7268600
2023-09-12,90.45999908447266,91.56999969482422,90.41999816894531,90.4800033569336,86.48552703857422,8242600
2023-09-13,90.5999984741211,91.88999938964844,90.4800033569336,91.22000122070312,87.19287109375,5757800
2023-09-14,92.77999877929688,92.93000030517578,91.2699966430664,91.47000122070312,87.88560485839844,6506300
2023-09-15,90.51000213623047,91.13999938964844,88.86000061035156,89.25,85.75260925292969,19940500
2023-09-18,88.54000091552734,89.66999816894531,88.43000030517578,88.83000183105469,85.34906768798828,6647400
2023-09-19,88.44999694824219,88.83999633789062,87.79000091552734,88.16999816894531,84.71492004394531,7172100
2023-09-20,88.5199966430664,89.31999969482422,87.29000091552734,87.29000091552734,83.8694076538086,6935300
2023-09-21,86.04000091552734,86.13999938964844,85.3499984741211,85.36000061035156,82.01504516601562,10652500
2023-09-22,86.25,86.7699966430664,85.44999694824219,85.63999938964844,82.28404998779297,7967200
2023-09-25,85.38999938964844,86.23999786376953,85.0199966430664,86.23999786376953,82.86054229736328,8758000
2023-09-26,84.94999694824219,85.2300033569336,84.0199966430664,84.29000091552734,80.98697662353516,8877600
2023-09-27,85.16999816894531,85.55999755859375,84.0999984741211,85.44000244140625,82.09191131591797,7860700
2023-09-28,85.25,87.12999725341797,84.9800033569336,86.41000366210938,83.02388763427734,6647700
2023-09-29,87.75,88.02999877929688,86.69999694824219,86.9000015258789,83.49468231201172,7338300
2023-10-02,87.18000030517578,88.41999816894531,87.0199966430664,87.6500015258789,84.21529388427734,6305000
2023-10-03,87.0,87.31999969482422,85.05999755859375,85.41000366210938,82.06307983398438,8201700
2023-10-04,85.47000122070312,86.76000213623047,85.37999725341797,86.66999816894531,83.2737045288086,7658500
2023-10-05,86.83000183105469,87.94000244140625,86.52999877929688,87.02999877929688,83.61959838867188,6651700
2023-10-06,88.08999633789062,90.0199966430664,87.37999725341797,89.29000091552734,85.7910385131836,9777100
2023-10-09,88.80000305175781,89.33999633789062,88.04000091552734,88.98999786376953,85.5027847290039,4781300
2023-10-10,89.2699966430664,90.66000366210938,89.13999938964844,90.61000061035156,87.0593032836914,7182900
2023-10-11,91.26000213623047,92.01000213623047,90.62999725341797,92.0,88.39485168457031,8051700
2023-10-12,92.51000213623047,93.44000244140625,91.83999633789062,92.41999816894531,88.79837036132812,8897800
2023-10-13,92.75,92.94000244140625,90.19999694824219,90.45999908447266,86.9151840209961,7985100
2023-10-16,90.4800033569336,91.9000015258789,90.43000030517578,91.22000122070312,87.6454086303711,8791800
2023-10-17,89.80999755859375,91.69999694824219,88.5199966430664,91.0,87.43402099609375,7997100
2023-10-18,88.87999725341797,90.01000213623047,88.58000183105469,89.5999984741211,86.08888244628906,9982700
2023-10-19,93.08999633789062,94.76000213623047,92.36000061035156,92.91000366210938,89.2691650390625,22751600
2023-10-20,92.0,94.31999969482422,91.08999633789062,91.30999755859375,87.73188018798828,12197300
2023-10-23,89.9800033569336,92.26000213623047,89.16000366210938,91.11000061035156,87.53971099853516,8227900
2023-10-24,91.19999694824219,92.0,90.86000061035156,91.63999938964844,88.0489501953125,7374800
2023-10-25,90.80000305175781,90.8499984741211,86.68000030517578,87.63999938964844,84.20569610595703,13027100
2023-10-26,87.12000274658203,88.13999938964844,86.54000091552734,87.44999694824219,84.02314758300781,9377300
2023-10-27,87.54000091552734,87.77999877929688,85.88999938964844,85.98999786376953,82.62033081054688,12480700
2023-10-30,87.30999755859375,88.30000305175781,86.0,86.05999755859375,82.6875991821289,9785500
2023-10-31,86.1500015258789,86.43000030517578,84.94999694824219,86.30999755859375,82.92780303955078,9004900
2023-11-01,86.47000122070312,87.87000274658203,86.33999633789062,87.80000305175781,84.35941314697266,9508800
2023-11-02,90.4000015258789,91.05000305175781,89.47000122070312,90.4800033569336,86.93439483642578,11032600
2023-11-03,91.6500015258789,92.44999694824219,90.83999633789062,91.79000091552734,88.19307708740234,9226700
2023-11-06,92.0,92.61000061035156,91.29000091552734,92.5999984741211,88.97132873535156,8402700
2023-11-07,92.25,93.05000305175781,91.75,92.41000366210938,88.78876495361328,6241300
2023-11-08,93.33000183105469,93.44000244140625,91.93000030517578,92.0,88.39485168457031,6537700
2023-11-09,92.62999725341797,93.37000274658203,91.5999984741211,91.62000274658203,88.02973175048828,8166000
2023-11-10,94.04000091552734,97.75,93.61000061035156,97.44000244140625,93.62167358398438,19281700
2023-11-13,97.01000213623047,97.18000030517578,95.72000122070312,96.41999816894531,92.6416244506836,9526300
2023-11-14,98.0,99.69000244140625,97.94999694824219,98.91000366210938,95.0340576171875,13873200
2023-11-15,99.94999694824219,100.69999694824219,98.41999816894531,98.80000305175781,94.9283676147461,10422900
2023-11-16,98.23999786376953,99.0999984741211,97.91000366210938,98.54000091552734,94.67855072021484,8459000
2023-11-17,98.94000244140625,99.72000122070312,98.31999969482422,99.58000183105469,95.67781066894531,7243000
2023-11-20,99.9000015258789,100.58999633789062,99.54000091552734,99.95999908447266,96.04291534423828,6448900
2023-11-21,100.0,100.1500015258789,98.23999786376953,98.41000366210938,94.55365753173828,10112600
2023-11-22,98.72000122070312,99.6500015258789,97.94999694824219,98.6500015258789,94.78423309326172,7413500
2023-11-24,98.4800033569336,98.7300033569336,97.47000122070312,97.83000183105469,93.99638366699219,4297600
2023-11-27,97.41999816894531,97.55000305175781,96.41999816894531,97.20999908447266,93.40067291259766,6856100
2023-11-28,97.87000274658203,98.25,97.23999786376953,97.9800033569336,94.14049530029297,6358100
2023-11-29,99.0,99.7300033569336,98.5999984741211,98.87999725341797,95.00523376464844,7091100
2023-11-30,98.93000030517578,98.9800033569336,96.9000015258789,97.30999755859375,93.49675750732422,9681400
2023-12-01,97.69999694824219,98.77999877929688,97.0199966430664,98.55000305175781,94.68816375732422,7500400
2023-12-04,97.05000305175781,97.19999694824219,95.25,97.01000213623047,93.20851135253906,10619400
2023-12-05,96.45999908447266,97.0199966430664,95.87999725341797,96.69000244140625,92.90105438232422,8009600
2023-12-06,97.80000305175781,98.56999969482422,97.44999694824219,97.8499984741211,94.01558685302734,11262300
2023-12-07,97.95999908447266,99.63999938964844,97.88999938964844,99.29000091552734,95.39917755126953,11373700
2023-12-08,99.12000274658203,100.37000274658203,98.94999694824219,100.3499984741211,96.4176254272461,10572500
2023-12-11,99.56999969482422,101.20999908447266,99.37000274658203,100.94999694824219,96.9941177368164,9482800
2023-12-12,100.1500015258789,101.6500015258789,99.94999694824219,101.5999984741211,97.61863708496094,7378600
2023-12-13,101.4000015258789,102.68000030517578,100.91000366210938,102.12000274658203,98.11827087402344,8988800
2023-12-14,103.3499984741211,103.80999755859375,102.80000305175781,103.44999694824219,99.86457061767578,10074500
2023-12-15,103.5,104.76000213623047,102.38999938964844,102.54000091552734,98.98612213134766,16379200
2023-12-18,102.83999633789062,103.30999755859375,102.08000183105469,102.93000030517578,99.36258697509766,5660600
2023-12-19,103.23999786376953,103.9800033569336,103.08999633789062,103.87000274658203,100.27001953125,8498500
2023-12-20,102.69999694824219,103.08999633789062,99.94000244140625,100.04000091552734,96.5727767944336,10814100
2023-12-21,101.30000305175781,102.72000122070312,101.16000366210938,102.55000305175781,98.99576568603516,9068200
2023-12-22,102.93000030517578,103.58999633789062,102.70999908447266,103.1500015258789,99.57496643066406,5566400
2023-12-26,103.61000061035156,104.95999908447266,103.56999969482422,104.44999694824219,100.82991027832031,6407500
2023-12-27,105.05000305175781,105.37000274658203,104.08000183105469,104.6500015258789,101.02298736572266,5889700
2023-12-28,105.0,105.5199966430664,104.69999694824219,104.69999694824219,101.07125091552734,5335100
2023-12-29,104.72000122070312,104.97000122070312,103.66999816894531,104.0,100.3955078125,4409600
2024-01-02,102.25,102.62000274658203,100.58999633789062,101.52999877929688,98.0111083984375,9020900
2024-01-03,100.33999633789062,101.25,99.66000366210938,100.16999816894531,96.6982650756836,6650600
2024-01-04,99.52999877929688,100.44000244140625,99.12000274658203,99.12999725341797,95.69429779052734,7996700
2024-01-05,99.0,100.63999938964844,98.80000305175781,99.61000061035156,96.15765380859375,7347300
2024-01-08,100.62999725341797,102.79000091552734,100.5,102.23999786376953,98.6965103149414,12455600
2024-01-09,101.05000305175781,101.97000122070312,100.20999908447266,101.88999938964844,98.35863494873047,7764000
2024-01-10,102.5199966430664,102.77999877929688,99.9800033569336,100.80000305175781,97.3064193725586,6975700
2024-01-11,101.69999694824219,102.16000366210938,99.98999786376953,101.22000122070312,97.71186065673828,7862700
2024-01-12,100.88999938964844,102.37999725341797,100.87000274658203,101.23999786376953,97.73117065429688,6519700
2024-01-16,100.52999877929688,102.3499984741211,100.19999694824219,101.66999816894531,98.1462631225586,11185500
2024-01-17,100.87000274658203,103.33000183105469,100.0,102.94999694824219,99.38188934326172,17649500
2024-01-18,111.19999694824219,113.38999938964844,109.4800033569336,113.02999877929688,109.11254119873047,58783700
2024-01-19,113.22000122070312,115.1500015258789,111.0199966430664,114.19999694824219,110.24198150634766,37812600
2024-01-22,114.77999877929688,115.0999984741211,112.5199966430664,113.02999877929688,109.11254119873047,17755500
2024-01-23,113.5199966430664,114.62000274658203,113.16000366210938,114.12999725341797,110.1744155883789,11667900
2024-01-24,115.33000183105469,118.8499984741211,114.61000061035156,116.5199966430664,112.48157501220703,21859200
2024-01-25,118.0199966430664,118.83999633789062,116.4800033569336,116.55999755859375,112.52021026611328,15485300
2024-01-26,116.9000015258789,118.04000091552734,116.30000305175781,117.26000213623047,113.1959457397461,10196400
2024-01-29,117.16999816894531,117.87000274658203,115.76000213623047,116.9800033569336,112.92562866210938,10042200
2024-01-30,116.36000061035156,118.01000213623047,115.55999755859375,116.05999755859375,112.03752899169922,11030800
2024-01-31,113.5,114.73999786376953,112.87999725341797,112.95999908447266,109.04497528076172,12853900
2024-02-01,113.80000305175781,114.02999877929688,112.61000061035156,113.38999938964844,109.46007537841797,8807600
2024-02-02,114.86000061035156,115.95999908447266,113.91999816894531,115.75,111.73828887939453,10044000
2024-02-05,117.12999725341797,119.54000091552734,116.58000183105469,118.79000091552734,114.67290496826172,13267600
2024-02-06,120.12000274658203,120.98999786376953,118.27999877929688,119.37999725341797,115.24244689941406,11503800
2024-02-07,120.01000213623047,125.0,120.0,124.9800033569336,120.64837646484375,18172500
2024-02-08,127.0,134.75,126.11000061035156,133.72999572753906,129.09512329101562,33367000
2024-02-09,134.5,135.1699981689453,130.58999633789062,133.11000061035156,128.49661254882812,16984200
2024-02-12,133.27000427246094,133.50999450683594,130.25999450683594,130.4600067138672,125.9384536743164,14203800
2024-02-13,127.93000030517578,129.9199981689453,126.4800033569336,127.55000305175781,123.12931823730469,14494000
2024-02-14,129.6300048828125,130.7899932861328,127.95999908447266,129.27000427246094,124.78968048095703,13069700
2024-02-15,130.8000030517578,131.1300048828125,128.35000610351562,129.02999877929688,124.5580062866211,12554000
2024-02-16,127.12999725341797,128.63999938964844,125.80999755859375,126.69000244140625,122.29911041259766,13104400
2024-02-20,126.88999938964844,127.05999755859375,124.1500015258789,125.33000183105469,120.98625183105469,12038800
2024-02-21,124.43000030517578,125.37999725341797,122.91000366210938,125.33999633789062,120.99589538574219,11469700
2024-02-22,129.69000244140625,131.47999572753906,129.0,129.07000732421875,124.59662628173828,17014100
2024-02-23,130.5,131.00999450683594,127.7300033569336,129.52999877929688,125.04067993164062,10123300
2024-02-26,130.02000427246094,131.22999572753906,128.55999755859375,130.63999938964844,126.11219787597656,9526700
2024-02-27,130.77000427246094,131.97000122070312,128.58999633789062,128.58999633789062,124.1332778930664,8851800
2024-02-28,128.5,128.5800018310547,126.6500015258789,127.37999725341797,122.96519470214844,6519100
2024-02-29,128.02999877929688,129.19000244140625,127.1500015258789,128.6699981689453,124.21049499511719,9369900
2024-03-01,130.1300048828125,136.64999389648438,130.10000610351562,133.89999389648438,129.2592315673828,24393000
2024-03-04,139.94000244140625,141.99000549316406,137.67999267578125,138.25999450683594,133.46812438964844,26544600
2024-03-05,137.1199951171875,137.42999267578125,133.72999572753906,134.97000122070312,130.2921142578125,13694700
2024-03-06,138.8000030517578,144.0,138.61000061035156,141.57000732421875,136.66339111328125,22292700
2024-03-07,144.89999389648438,151.60000610351562,144.14999389648438,149.1999969482422,144.02894592285156,34675700
2024-03-08,153.89999389648438,158.39999389648438,144.92999267578125,146.3699951171875,141.29701232910156,43856900
2024-03-11,143.6199951171875,144.39999389648438,138.92999267578125,139.02000427246094,134.2017822265625,29227100
2024-03-12,144.52000427246094,146.6999969482422,140.57000732421875,144.39999389648438,139.3953094482422,21218500
2024-03-13,143.0500030517578,143.22999572753906,141.3699951171875,142.13999938964844,137.21363830566406,12923100
2024-03-14,142.61000061035156,143.10000610351562,139.02000427246094,139.6199951171875,134.78097534179688,14961900
2024-03-15,135.44000244140625,137.6999969482422,134.6300048828125,136.97999572753906,132.23245239257812,22751200
2024-03-18,140.17999267578125,141.5399932861328,136.61000061035156,136.63999938964844,132.43991088867188,14732900
2024-03-19,135.3000030517578,136.27000427246094,133.02999877929688,134.8699951171875,130.72430419921875,17341100
2024-03-20,136.52999877929688,137.30999755859375,135.00999450683594,136.75,132.54653930664062,12750200
2024-03-21,142.5500030517578,142.60000610351562,139.0399932861328,139.4499969482422,135.16354370117188,17809400
2024-03-22,139.39999389648438,141.33999633789062,139.11000061035156,140.5399932861328,136.2200164794922,9944100
2024-03-25,140.16000366210938,141.67999267578125,139.25999450683594,140.22999572753906,135.91954040527344,9922200
2024-03-26,140.61000061035156,140.9600067138672,138.63999938964844,138.83999633789062,134.572265625,10786400
2024-03-27,138.86000061035156,139.27999877929688,135.14999389648438,136.69000244140625,132.48838806152344,13842800
2024-03-28,135.67999267578125,136.8000030517578,135.44000244140625,136.0500030517578,131.86802673339844,10019400
2024-04-01,137.2899932861328,142.9600067138672,137.0500030517578,141.49000549316406,137.1408233642578,14222700
2024-04-02,140.3800048828125,141.0399932861328,139.35000610351562,140.22000122070312,135.90985107421875,9869200
2024-04-03,138.5800018310547,142.92999267578125,138.38999938964844,142.0,137.6351318359375,9707500
2024-04-04,144.0,146.75,139.42999267578125,139.66000366210938,135.36708068847656,15759500
2024-04-05,140.0,142.0,138.9199981689453,141.36000061035156,137.01480102539062,8263600
2024-04-08,145.24000549316406,146.0,142.75999450683594,142.7899932861328,138.40086364746094,16307400
2024-04-09,146.25999450683594,148.1699981689453,142.9499969482422,145.39999389648438,140.93060302734375,18443400
2024-04-10,146.6300048828125,148.42999267578125,145.25999450683594,146.22000122070312,141.7254180908203,18861300
2024-04-11,147.1999969482422,147.55999755859375,144.1300048828125,147.1999969482422,142.67530822753906,11818800
2024-04-12,145.0,146.50999450683594,142.14999389648438,142.52000427246094,138.13914489746094,12024000
2024-04-15,145.02000427246094,145.47999572753906,139.8800048828125,140.13999938964844,135.83230590820312,13458800
2024-04-16,137.88999938964844,140.5399932861328,137.05999755859375,139.8000030517578,135.50277709960938,14218200
2024-04-17,141.1300048828125,142.57000732421875,137.36000061035156,139.02999877929688,134.75643920898438,18823200
2024-04-18,132.88999938964844,135.1300048828125,130.3000030517578,132.27000427246094,128.20423889160156,39306100
2024-04-19,129.3699951171875,131.5500030517578,126.63999938964844,127.69999694824219,123.77468872070312,28284000
2024-04-22,126.75,130.66000366210938,125.77999877929688,129.75,125.76168060302734,18556800
2024-04-23,131.36000061035156,133.7100067138672,130.66000366210938,133.42999267578125,129.3285675048828,12573800
2024-04-24,136.08999633789062,136.2899932861328,131.5399932861328,132.97000122070312,128.88270568847656,15558000
2024-04-25,130.0,137.83999633789062,128.86000061035156,136.5800018310547,132.38174438476562,18034300
2024-04-26,136.80999755859375,138.74000549316406,135.9499969482422,138.3000030517578,134.0488739013672,9453400
2024-04-29,138.0,138.64999389648438,135.91000366210938,138.5,134.2427520751953,9997100
2024-04-30,137.94000244140625,139.6999969482422,137.25999450683594,137.33999633789062,133.11837768554688,10980600
2024-05-01,137.4199981689453,139.42999267578125,133.2100067138672,134.94000244140625,130.7921600341797,12561800
2024-05-02,135.60000610351562,136.74000549316406,133.22000122070312,136.22999572753906,132.04248046875,9261900
2024-05-03,138.89999389648438,142.11000061035156,138.75999450683594,141.55999755859375,137.20864868164062,13264300
2024-05-06,140.47000122070312,142.8300018310547,139.80999755859375,142.8300018310547,138.43963623046875,8601600
2024-05-07,141.8699951171875,142.2899932861328,140.50999450683594,141.11000061035156,136.77249145507812,8682900
2024-05-08,141.11000061035156,144.25999450683594,140.8000030517578,143.60000610351562,139.1859893798828,10202300
2024-05-09,142.94000244140625,143.35000610351562,141.1300048828125,142.7899932861328,138.40086364746094,8012700
2024-05-10,147.22000122070312,150.5,146.92999267578125,149.25999450683594,144.6719970703125,23671400
2024-05-13,148.02000427246094,148.44000244140625,146.3000030517578,146.41000366210938,141.9095916748047,8278700
2024-05-14,146.49000549316406,152.00999450683594,146.25,151.9499969482422,147.279296875,12316500
2024-05-15,153.36000061035156,156.0,152.72999572753906,155.5800018310547,150.79771423339844,14027100
2024-05-16,154.10000610351562,155.05999755859375,152.2100067138672,152.22999572753906,147.55067443847656,13394100
2024-05-17,154.0,154.0,150.83999633789062,151.67999267578125,147.01760864257812,7711200
2024-05-20,151.6699981689453,154.24000549316406,150.82000732421875,153.5500030517578,148.8301239013672,9261200
2024-05-21,152.3000030517578,153.99000549316406,151.9499969482422,153.6699981689453,148.94642639160156,7919400
2024-05-22,155.8800048828125,157.22999572753906,154.5399932861328,156.14999389648438,151.3501739501953,13455200
2024-05-23,159.17999267578125,160.77999877929688,155.8699951171875,157.08999633789062,152.26129150390625,20873000
2024-05-24,157.1999969482422,160.66000366210938,156.7100067138672,160.0,155.08187866210938,11908200
2024-05-28,159.67999267578125,160.3800048828125,157.60000610351562,159.41000366210938,154.50999450683594,13964400
2024-05-29,156.75,156.8800048828125,153.2100067138672,154.33999633789062,149.5958251953125,15780000
2024-05-30,153.58999633789062,154.0500030517578,151.88999938964844,152.9600067138672,148.2582550048828,9687800
2024-05-31,151.47999572753906,152.5,147.80999755859375,151.0399932861328,146.39724731445312,13782600
2024-06-03,155.1199951171875,157.14999389648438,152.4600067138672,154.9499969482422,150.18707275390625,12924400
2024-06-04,153.39999389648438,153.7899932861328,150.99000549316406,152.47000122070312,147.7833251953125,10066700
2024-06-05,158.58999633789062,163.72999572753906,157.9499969482422,162.9199981689453,157.91207885742188,23192600
2024-06-06,164.52000427246094,164.6999969482422,160.36000061035156,162.07000732421875,157.08822631835938,14819100
2024-06-07,163.57000732421875,166.1199951171875,161.9600067138672,164.38999938964844,159.3369140625,14023300
2024-06-10,164.0,169.83999633789062,162.4199981689453,168.16000366210938,162.9910430908203,12418900
2024-06-11,168.17999267578125,168.41000366210938,163.7899932861328,165.7100067138672,160.61634826660156,11508600
2024-06-12,173.36000061035156,176.05999755859375,171.5399932861328,172.97999572753906,167.662841796875,20309500
2024-06-13,172.9499969482422,174.07000732421875,170.50999450683594,172.91000366210938,168.1237335205078,15591800
2024-06-14,172.0,173.63999938964844,170.36000061035156,172.50999450683594,167.7348175048828,9192500
2024-06-17,177.83999633789062,178.6699981689453,173.47999572753906,177.24000549316406,172.33389282226562,18593700
2024-06-18,180.02000427246094,184.86000061035156,178.99000549316406,179.69000244140625,174.71607971191406,27155100
2024-06-20,182.5800018310547,183.1699981689453,173.5,175.3800048828125,170.52540588378906,28403200
2024-06-21,172.7100067138672,177.47999572753906,172.2100067138672,173.9600067138672,169.1446990966797,20175600
2024-06-24,170.42999267578125,171.4199981689453,167.1199951171875,167.80999755859375,163.1649169921875,19741700
2024-06-25,169.9499969482422,172.63999938964844,169.00999450683594,172.60000610351562,167.82232666015625,13346800
2024-06-26,172.1199951171875,173.69000244140625,170.1999969482422,172.07000732421875,167.3070068359375,11901500
2024-06-27,173.7899932861328,175.47999572753906,171.14999389648438,171.6300048828125,166.87918090820312,10864600
2024-06-28,172.80999755859375,176.82000732421875,172.80999755859375,173.80999755859375,168.9988250732422,11216100
2024-07-01,174.24000549316406,175.3000030517578,170.4499969482422,172.3300018310547,167.55979919433594,10717000
2024-07-02,171.1300048828125,176.7100067138672,171.02999877929688,175.6999969482422,170.8365020751953,10655500
2024-07-03,177.99000549316406,182.49000549316406,177.8800048828125,182.49000549316406,177.43856811523438,11808700
2024-07-05,184.13999938964844,185.0800018310547,182.3000030517578,183.99000549316406,178.89706420898438,11372900
2024-07-08,190.0,192.8000030517578,185.1300048828125,186.6300048828125,181.46397399902344,22582400
2024-07-09,188.08999633789062,188.44000244140625,182.5,184.52000427246094,179.41236877441406,19935200
2024-07-10,188.27999877929688,191.4199981689453,186.6999969482422,191.0500030517578,185.76162719726562,19293500
2024-07-11,193.08999633789062,193.47000122070312,183.00999450683594,184.5,179.39292907714844,21584200
2024-07-12,183.07000732421875,190.3800048828125,182.75,187.35000610351562,182.16403198242188,19220300
2024-07-15,188.67999267578125,190.05999755859375,184.0800018310547,185.22000122070312,180.09300231933594,15683100
2024-07-16,188.27000427246094,189.58999633789062,185.02000427246094,186.0399932861328,180.8902587890625,16663300
2024-07-17,175.22000122070312,176.5800018310547,170.50999450683594,171.1999969482422,166.46104431152344,45052600
2024-07-18,175.5,178.69000244140625,164.50999450683594,171.8699951171875,167.11253356933594,52903600
2024-07-19,169.1699981689453,170.52000427246094,165.22000122070312,165.77000427246094,161.18138122558594,22585300
2024-07-22,166.61000061035156,170.8800048828125,166.17999267578125,169.35000610351562,164.6622772216797,21037200
2024-07-23,169.4199981689453,171.5399932861328,167.97000122070312,169.82000732421875,165.11929321289062,11690700
2024-07-24,165.08999633789062,165.4499969482422,159.58999633789062,159.8000030517578,155.37661743164062,19536600
2024-07-25,158.16000366210938,163.39999389648438,152.11000061035156,160.27999877929688,155.84332275390625,25731800
2024-07-26,164.3000030517578,164.58999633789062,159.19000244140625,161.94000244140625,157.4573974609375,13089200
2024-07-29,162.67999267578125,163.22999572753906,158.6300048828125,160.00999450683594,155.58079528808594,12663100
2024-07-30,160.44000244140625,161.14999389648438,152.5500030517578,154.5399932861328,150.26220703125,22018000
2024-07-31,163.77000427246094,166.64999389648438,162.07000732421875,165.8000030517578,161.21054077148438,19860400
2024-08-01,163.47999572753906,167.6699981689453,156.83999633789062,158.17999267578125,153.80148315429688,21095600
2024-08-02,151.25,153.86000061035156,146.88999938964844,149.86000061035156,145.7117919921875,31095300
2024-08-05,133.86000061035156,150.0,133.57000732421875,147.9499969482422,143.8546600341797,31193100
2024-08-06,150.44000244140625,157.7100067138672,147.72000122070312,155.38999938964844,151.08872985839844,24528100
2024-08-07,161.5500030517578,162.64999389648438,154.52000427246094,155.0399932861328,150.74838256835938,22379000
2024-08-08,159.27000427246094,164.75,155.5399932861328,164.5500030517578,159.9951629638672,18889600
2024-08-09,166.32000732421875,167.8000030517578,163.24000549316406,167.1199951171875,162.49400329589844,20519400
2024-08-12,166.0,169.52999877929688,165.5399932861328,167.6300048828125,162.98992919921875,14727300
2024-08-13,168.0,172.4499969482422,166.33999633789062,172.33999633789062,167.56951904296875,15243500
2024-08-14,171.8800048828125,172.50999450683594,167.19000244140625,169.97000122070312,165.26510620117188,11510300
2024-08-15,172.42999267578125,175.44000244140625,170.82000732421875,173.9600067138672,169.1446990966797,15393500
2024-08-16,173.38999938964844,175.0,172.25,174.5399932861328,169.7086181640625,10710000
2024-08-19,174.75999450683594,175.4499969482422,171.10000610351562,175.4499969482422,170.59341430664062,11511000
2024-08-20,175.39999389648438,175.39999389648438,169.85000610351562,172.0399932861328,167.27783203125,13555500
2024-08-21,170.36000061035156,173.0800018310547,169.91000366210938,171.44000244140625,166.6944122314453,9434800
2024-08-22,172.0,173.27999877929688,166.05999755859375,166.44000244140625,161.83285522460938,13546100
2024-08-23,169.0,173.2899932861328,167.9199981689453,171.27999877929688,166.53883361816406,12189100
2024-08-26,170.3800048828125,171.0500030517578,167.82000732421875,169.07000732421875,164.39004516601562,9611300
2024-08-27,166.4199981689453,170.5800018310547,165.0399932861328,170.5500030517578,165.82908630371094,9186000
2024-08-28,171.32000732421875,172.47000122070312,166.1999969482422,169.1999969482422,164.51641845703125,10581400
2024-08-29,168.64999389648438,175.4199981689453,167.50999450683594,169.14999389648438,164.46780395507812,13213200
2024-08-30,170.05999755859375,172.22999572753906,168.75,171.6999969482422,166.94720458984375,9481400
2024-09-03,168.0,168.67999267578125,159.8000030517578,160.49000549316406,156.04751586914062,18464400
2024-09-04,159.3000030517578,163.8800048828125,158.9499969482422,160.8699951171875,156.41700744628906,11317400
2024-09-05,161.5399932861328,164.58999633789062,161.0500030517578,163.6999969482422,159.16867065429688,10260600
2024-09-06,164.88999938964844,165.41000366210938,156.00999450683594,156.82000732421875,152.4791259765625,14964400
2024-09-09,160.75999450683594,163.10000610351562,160.25,162.77999877929688,158.27413940429688,10339000
2024-09-10,162.88999938964844,162.88999938964844,157.69000244140625,162.42999267578125,157.93382263183594,11910800
2024-09-11,163.8000030517578,170.3800048828125,161.4199981689453,170.22999572753906,165.5178985595703,15059500
2024-09-12,170.60000610351562,172.14999389648438,169.0,171.42999267578125,167.29991149902344,13399900
2024-09-13,172.24000549316406,174.77000427246094,171.4499969482422,172.5,168.34414672851562,8787800
2024-09-16,169.91000366210938,170.55999755859375,166.77000427246094,169.0800018310547,165.00656127929688,12194300
2024-09-17,169.35000610351562,170.24000549316406,166.36000061035156,167.35000610351562,163.31822204589844,8629100
2024-09-18,168.4600067138672,171.60000610351562,167.0,167.27999877929688,163.24989318847656,9116000
2024-09-19,174.3800048828125,177.77999877929688,172.6300048828125,176.22000122070312,171.97454833984375,15855000
2024-09-20,174.8699951171875,176.02000427246094,173.64999389648438,174.0800018310547,169.8861083984375,18429800
2024-09-23,174.83999633789062,175.39999389648438,173.6999969482422,174.75999450683594,170.5496826171875,5794200
2024-09-24,179.5,182.77999877929688,177.0500030517578,181.97000122070312,177.5860137939453,14576100
2024-09-25,181.52000427246094,183.82000732421875,181.2100067138672,182.35000610351562,177.95684814453125,8280900
2024-09-26,188.5,189.3300018310547,183.8000030517578,186.8300018310547,182.32891845703125,15103400
2024-09-27,185.83999633789062,185.94000244140625,177.39999389648438,177.97000122070312,173.68238830566406,17908400
2024-09-30,174.27000427246094,176.82000732421875,171.92999267578125,173.6699981689453,169.4859619140625,13540200
2024-10-01,175.30999755859375,175.99000549316406,170.77999877929688,172.07000732421875,167.92453002929688,11850200
2024-10-02,172.9600067138672,176.97000122070312,170.7899932861328,175.8000030517578,171.56466674804688,11164400
2024-10-03,175.8000030517578,180.7899932861328,175.1199951171875,179.47999572753906,175.15597534179688,12555000
2024-10-04,179.6999969482422,181.22999572753906,177.5500030517578,181.16000366210938,176.79554748535156,9993800
2024-10-07,181.60000610351562,185.0,180.92999267578125,184.50999450683594,180.06480407714844,12054200
2024-10-08,184.9600067138672,186.5399932861328,182.02999877929688,186.0500030517578,181.5677032470703,10394200
2024-10-09,187.8000030517578,188.0,182.25999450683594,187.13999938964844,182.63145446777344,11925000
2024-10-10,185.86000061035156,187.0800018310547,184.39999389648438,185.77999877929688,181.30421447753906,6443800
2024-10-11,188.1699981689453,191.49000549316406,188.00999450683594,190.80999755859375,186.21304321289062,12163900
2024-10-14,190.61000061035156,194.25,190.5,192.2100067138672,187.57931518554688,11714400
2024-10-15,192.9600067138672,193.6199951171875,184.25,187.1300048828125,182.62168884277344,21812700
2024-10-16,189.77999877929688,190.00999450683594,186.66000366210938,187.47999572753906,182.9632568359375,18689200
2024-10-17,203.35000610351562,212.60000610351562,201.97000122070312,205.83999633789062,200.8809356689453,62274700
2024-10-18,205.9499969482422,205.9499969482422,200.75999450683594,200.77999877929688,195.94284057617188,21030800
2024-10-21,200.80999755859375,203.44000244140625,199.66000366210938,201.9499969482422,197.08462524414062,14820000
2024-10-22,199.07000732421875,200.1699981689453,197.11000061035156,198.47999572753906,193.6982421875,11165100
2024-10-23,196.67999267578125,203.1300048828125,196.22999572753906,200.86000061035156,196.02090454101562,16535700
2024-10-24,198.9600067138672,200.5,197.41000366210938,197.92999267578125,193.16148376464844,9935800
2024-10-25,200.25,205.1999969482422,200.0,203.44000244140625,198.53875732421875,13434900
2024-10-28,199.25999450683594,199.74000549316406,194.52000427246094,194.67999267578125,189.98977661132812,20135300
2024-10-29,194.38999938964844,198.7899932861328,193.60000610351562,196.94000244140625,192.19537353515625,13779100
2024-10-30,194.3800048828125,195.4499969482422,192.61000061035156,194.47999572753906,189.7946014404297,10007800
2024-10-31,192.86000061035156,192.86000061035156,187.66000366210938,190.5399932861328,185.9495391845703,13062700
2024-11-01,194.1999969482422,198.1699981689453,192.5500030517578,192.9499969482422,188.30148315429688,12691200
2024-11-04,193.6999969482422,194.36000061035156,190.60000610351562,191.55999755859375,186.9449462890625,10917300
2024-11-05,193.5800018310547,198.33999633789062,193.49000549316406,195.75999450683594,191.0437774658203,10339200
2024-11-06,192.0399932861328,194.25999450683594,188.5,193.22000122070312,188.56495666503906,19834900
2024-11-07,196.30999755859375,202.00999450683594,196.25,201.19000244140625,196.3429412841797,14865200
2024-11-08,203.88999938964844,206.61000061035156,200.02000427246094,201.1999969482422,196.3527069091797,13112100
2024-11-11,197.9600067138672,198.1999969482422,191.49000549316406,194.0500030517578,189.37498474121094,16610000
2024-11-12,193.8300018310547,194.0,189.72000122070312,191.77000427246094,187.14991760253906,11819000
2024-11-13,192.44000244140625,192.47999572753906,186.5,186.66000366210938,182.1630401611328,13882200
2024-11-14,188.39999389648438,192.66000366210938,187.5399932861328,188.5,183.95867919921875,11453900
2024-11-15,188.17999267578125,188.8000030517578,184.80999755859375,186.00999450683594,181.5286865234375,9834800
2024-11-18,184.35000610351562,188.0,183.49000549316406,187.47999572753906,182.9632568359375,10681500
2024-11-19,189.1300048828125,190.02000427246094,188.02000427246094,189.6699981689453,185.1005096435547,9390100
2024-11-20,188.85000610351562,188.85000610351562,184.05999755859375,188.36000061035156,183.8220672607422,10624500
2024-11-21,189.41000366210938,192.3000030517578,186.74000549316406,191.24000549316406,186.63267517089844,18137300
2024-11-22,192.9499969482422,193.0,189.42999267578125,190.0800018310547,185.50062561035156,8838900
2024-11-25,188.08999633789062,188.25,183.7100067138672,185.0800018310547,180.62107849121094,14380000
2024-11-26,185.39999389648438,185.89999389648438,182.3300018310547,183.83999633789062,179.4109649658203,10186600
2024-11-27,182.0,182.4499969482422,178.0500030517578,181.19000244140625,176.8247833251953,9895200
2024-11-29,181.50999450683594,186.9499969482422,181.17999267578125,184.66000366210938,180.21121215820312,8045300
2024-12-02,189.33999633789062,195.2899932861328,188.94000244140625,194.39999389648438,189.716552734375,16646900
2024-12-03,193.5,199.0,192.60000610351562,198.88999938964844,194.09837341308594,11217700
2024-12-04,199.85000610351562,202.60000610351562,198.27000427246094,200.69000244140625,195.85499572753906,12761100
2024-12-05,201.25,205.6300048828125,200.75,204.3000030517578,199.37802124023438,12483700
2024-12-06,202.0,203.19000244140625,199.92999267578125,203.02000427246094,198.12889099121094,9672900
2024-12-09,200.92999267578125,203.1300048828125,198.97999572753906,199.1699981689453,194.37164306640625,9699700
2024-12-10,199.10000610351562,199.91000366210938,190.3699951171875,191.94000244140625,187.31581115722656,15307900
2024-12-11,194.6699981689453,196.0,193.25999450683594,194.60000610351562,189.9117431640625,9027600
2024-12-12,194.6300048828125,195.4199981689453,191.2899932861328,191.4600067138672,187.44070434570312,7944900
2024-12-13,198.50999450683594,202.5399932861328,197.27000427246094,200.99000549316406,196.77064514160156,19477000
2024-12-16,203.1999969482422,205.5,200.8699951171875,202.22000122070312,197.97482299804688,15139300
2024-12-17,201.0,202.39999389648438,197.47000122070312,200.66000366210938,196.44760131835938,11169400
2024-12-18,203.0,205.24000549316406,193.9600067138672,195.55999755859375,191.4546661376953,14721100
2024-12-19,198.39999389648438,198.57000732421875,193.9499969482422,194.63999938964844,190.55393981933594,10553400
2024-12-20,192.60000610351562,198.0800018310547,191.97999572753906,197.2100067138672,193.07000732421875,16170100
2024-12-23,201.0,208.0500030517578,200.91000366210938,207.36000061035156,203.0069122314453,17847000
2024-12-24,205.9199981689453,207.1999969482422,204.5500030517578,206.3300018310547,201.99853515625,7634500
2024-12-26,205.5,208.16000366210938,202.88999938964844,203.05999755859375,198.7971954345703,8044900
2024-12-27,204.5,204.5,199.0500030517578,201.6300048828125,197.397216796875,10664400
2024-12-30,199.83999633789062,201.97000122070312,198.47999572753906,200.38999938964844,196.18324279785156,11235200
2024-12-31,200.7899932861328,201.77999877929688,197.36000061035156,197.49000549316406,193.3441619873047,6427900
2025-01-02,197.0,203.77000427246094,196.69000244140625,201.5800018310547,197.34825134277344,10951400
2025-01-03,204.10000610351562,208.8000030517578,203.6999969482422,208.61000061035156,204.23068237304688,10261900
2025-01-06,218.77000427246094,222.1999969482422,215.69000244140625,220.00999450683594,215.391357421875,24339900
2025-01-07,221.24000549316406,221.47999572753906,211.32000732421875,211.4199981689453,206.981689453125,17010000
2025-01-08,209.97000122070312,210.3000030517578,205.9199981689453,207.1199951171875,202.77197265625,13262700
2025-01-10,207.60000610351562,209.97999572753906,203.22999572753906,208.3699951171875,203.9957275390625,17265200
2025-01-13,200.52000427246094,203.58999633789062,200.0500030517578,201.36000061035156,197.1328887939453,16612400
2025-01-14,205.19000244140625,206.25999450683594,198.5,201.4499969482422,197.2209930419922,14182900
2025-01-15,202.49000549316406,209.0399932861328,199.35000610351562,206.8000030517578,202.45867919921875,18286500
2025-01-16,218.88999938964844,221.9499969482422,213.1699981689453,214.7899932861328,210.28094482421875,38539600
2025-01-17,215.1699981689453,215.67999267578125,211.05999755859375,211.5,207.06002807617188,21606100
2025-01-21,214.4600067138672,220.14999389648438,212.0500030517578,218.6999969482422,214.10887145996094,19061300
2025-01-22,221.9499969482422,225.42999267578125,219.30999755859375,223.1999969482422,218.51438903808594,17294500
2025-01-23,220.10000610351562,224.6999969482422,219.41000366210938,224.6199951171875,219.90460205078125,8986800
2025-01-24,226.22000122070312,226.39999389648438,220.9600067138672,221.8800048828125,217.22210693359375,13183800
2025-01-27,197.0399932861328,207.0,187.6699981689453,192.30999755859375,188.27284240722656,68667500
2025-01-28,195.64999389648438,202.83999633789062,192.4600067138672,202.39999389648438,198.1510467529297,31738800
2025-01-29,204.49000549316406,206.4499969482422,199.75,202.3300018310547,198.08253479003906,15199500
2025-01-30,206.57000732421875,209.6199951171875,205.4199981689453,208.14999389648438,203.7803497314453,13539000
2025-01-31,209.92999267578125,215.0,208.1999969482422,209.32000732421875,204.92578125,15746900
2025-02-03,199.6300048828125,204.99000549316406,197.97999572753906,199.8000030517578,195.6056365966797,17719800
2025-02-04,204.07000732421875,205.75,202.0800018310547,204.0500030517578,199.76638793945312,12692900
2025-02-05,206.0,210.47999572753906,203.8300018310547,208.57000732421875,204.19151306152344,10997800
2025-02-06,210.05999755859375,211.17999267578125,207.0,210.5,206.08099365234375,8491400
2025-02-07,213.00999450683594,213.17999267578125,205.72000122070312,206.1199951171875,201.79293823242188,11616200
2025-02-10,208.0,209.97999572753906,206.52999877929688,207.9499969482422,203.5845489501953,9296500
2025-02-11,205.1300048828125,209.83999633789062,201.0,208.74000549316406,204.3579864501953,9224500
2025-02-12,204.89999389648438,207.07000732421875,203.00999450683594,206.3800048828125,202.0474853515625,7373700
2025-02-13,201.8800048828125,202.3000030517578,199.22999572753906,201.8300018310547,197.59303283691406,15580900
2025-02-14,199.97999572753906,206.25,197.4600067138672,203.89999389648438,199.61956787109375,23220300
2025-02-18,204.75999450683594,205.85000610351562,200.52000427246094,202.74000549316406,198.48391723632812,14988100
2025-02-19,202.00999450683594,202.60000610351562,200.02000427246094,200.9499969482422,196.73147583007812,13163100
2025-02-20,200.27999877929688,200.33999633789062,197.61000061035156,200.10000610351562,195.8993377685547,10639300
2025-02-21,201.3300018310547,202.69000244140625,196.00999450683594,198.24000549316406,194.07838439941406,13757300
2025-02-24,196.8800048828125,198.7899932861328,191.4600067138672,191.64999389648438,187.626708984375,15114300
2025-02-25,190.64999389648438,193.52999877929688,187.47000122070312,189.3699951171875,185.3945770263672,20581000
2025-02-26,191.08999633789062,196.0800018310547,191.08999633789062,194.6199951171875,190.5343780517578,14112300
2025-02-27,194.69000244140625,194.77000427246094,181.0800018310547,181.08999633789062,177.28842163085938,24219200
2025-02-28,179.30999755859375,182.16000366210938,175.52000427246094,180.52999877929688,176.7401580810547,27929400
2025-03-03,181.14999389648438,181.57000732421875,171.07000732421875,172.97000122070312,169.33888244628906,37403000
2025-03-04,175.05999755859375,183.60000610351562,174.17999267578125,180.0,176.2213134765625,29395200
2025-03-05,183.0,184.74000549316406,180.72000122070312,184.27999877929688,180.4114227294922,17334000
2025-03-06,178.5800018310547,181.5500030517578,175.7899932861328,175.85000610351562,172.1584014892578,17864300
2025-03-07,175.7899932861328,178.47000122070312,171.02000427246094,177.10000610351562,173.38217163085938,21012700
2025-03-10,172.47000122070312,174.88999938964844,167.91000366210938,170.64999389648438,167.06756591796875,18265100
2025-03-11,170.64999389648438,173.3300018310547,168.10000610351562,170.97000122070312,167.38087463378906,16561100
2025-03-12,175.60000610351562,178.1300048828125,174.75999450683594,177.1699981689453,173.45069885253906,14737600
2025-03-13,173.88999938964844,173.88999938964844,170.5,171.58999633789062,167.9878387451172,14381600
2025-03-14,172.64999389648438,174.3699951171875,171.92999267578125,174.08999633789062,170.4353790283203,11449400
2025-03-17,173.9499969482422,177.16000366210938,173.82000732421875,176.24000549316406,172.54022216796875,9678100
2025-03-18,174.3800048828125,174.5800018310547,170.42999267578125,173.1300048828125,170.15591430664062,9986000
2025-03-19,173.0,175.72999572753906,171.74000549316406,173.75999450683594,170.77505493164062,10678500
2025-03-20,174.85000610351562,178.6699981689453,174.5500030517578,177.47000122070312,174.42135620117188,12209700
2025-03-21,174.91000366210938,177.1999969482422,173.7899932861328,176.72999572753906,173.69403076171875,9993200
2025-03-24,179.99000549316406,182.92999267578125,179.67999267578125,181.16000366210938,178.04795837402344,11440000
2025-03-25,182.47000122070312,182.50999450683594,179.8000030517578,180.89999389648438,177.79241943359375,8718800
2025-03-26,179.22999572753906,179.5500030517578,171.47000122070312,173.5,170.5195770263672,14612400
2025-03-27,171.38999938964844,171.61000061035156,167.5500030517578,168.24000549316406,165.3498992919922,17559100
2025-03-28,168.0399932861328,168.6300048828125,164.05999755859375,165.25,162.41127014160156,16332000
2025-03-31,160.36000061035156,166.1300048828125,159.72999572753906,166.0,163.14837646484375,19408300
2025-04-01,166.38999938964844,168.8699951171875,165.05999755859375,168.63999938964844,165.7430419921875,9180000
2025-04-02,166.85000610351562,171.75,166.35000610351562,170.38999938964844,167.4629669189453,10072700
2025-04-03,160.05999755859375,161.8000030517578,157.2100067138672,157.3800048828125,154.67645263671875,28370500
2025-04-04,150.88999938964844,151.30999755859375,144.83999633789062,146.8000030517578,144.2781982421875,36085100
2025-04-07,134.50999450683594,153.75,134.25,146.1699981689453,143.65902709960938,46388300
2025-04-08,151.97999572753906,152.61000061035156,138.97999572753906,141.3699951171875,138.9414825439453,30479700
2025-04-09,140.1999969482422,160.6199951171875,137.89999389648438,158.75,156.02294921875,45612500
2025-04-10,155.5,156.0,146.91000366210938,151.1300048828125,148.53382873535156,24503500
2025-04-11,156.0,158.00999450683594,153.25,157.0800018310547,154.38160705566406,19632200
2025-04-14,158.3000030517578,158.58999633789062,154.02999877929688,155.83999633789062,153.1629180908203,17509400
2025-04-15,156.49000549316406,158.25,156.0500030517578,157.3300018310547,154.62733459472656,14306600
2025-04-16,150.60000610351562,153.5399932861328,148.49000549316406,151.6699981689453,149.0645751953125,23806100
2025-04-17,156.0500030517578,157.5,151.4499969482422,151.74000549316406,149.1333465576172,27239900
2025-04-21,149.99000549316406,150.27999877929688,145.83999633789062,147.86000061035156,145.3199920654297,15170500
2025-04-22,148.0,152.60000610351562,147.44000244140625,151.39999389648438,148.7991943359375,12668600
2025-04-23,159.3699951171875,160.3800048828125,156.0,157.80999755859375,155.0990753173828,17667900
2025-04-24,157.77999877929688,164.5500030517578,157.38999938964844,164.17999267578125,161.35963439941406,18761100
2025-04-25,163.92999267578125,165.91000366210938,161.16000366210938,165.10000610351562,162.2638397216797,14654800
2025-04-28,165.0,165.32000732421875,160.5,163.39999389648438,160.59303283691406,11415600
2025-04-29,164.3800048828125,166.0,163.5,164.47999572753906,161.6544952392578,9830100
2025-04-30,163.5399932861328,166.9199981689453,161.75,166.69000244140625,163.8265380859375,10073000
2025-05-01,172.8000030517578,174.77999877929688,170.9499969482422,172.72000122070312,169.75296020507812,22670600
2025-05-02,179.8000030517578,180.64999389648438,177.13999938964844,179.27999877929688,176.2002410888672,21691200
2025-05-05,179.0,180.0800018310547,176.25,176.39999389648438,173.36972045898438,14618900
2025-05-06,172.60000610351562,174.74000549316406,170.58999633789062,172.27999877929688,169.3205108642578,14565600
2025-05-07,174.10000610351562,175.97999572753906,171.3699951171875,174.5399932861328,171.5416717529297,9682500
2025-05-08,175.33999633789062,177.4499969482422,173.66000366210938,175.22000122070312,172.20999145507812,10343000
2025-05-09,179.8000030517578,180.4600067138672,176.47000122070312,176.52000427246094,173.48765563964844,11582800
2025-05-12,187.27999877929688,189.1699981689453,184.61000061035156,186.97999572753906,183.76797485351562,22064900
2025-05-13,187.72000122070312,194.27999877929688,187.72000122070312,193.99000549316406,190.65756225585938,19996000
2025-05-14,195.27999877929688,196.22000122070312,193.22999572753906,194.75999450683594,191.41433715820312,12359000
2025-05-15,193.10000610351562,194.49000549316406,191.6300048828125,194.22000122070312,190.8835906982422,10241800
2025-05-16,194.52999877929688,195.0800018310547,192.57000732421875,194.22000122070312,190.8835906982422,9146700
2025-05-19,189.0,193.5,188.80999755859375,193.5,190.1759796142578,10144400
2025-05-20,191.8000030517578,193.72999572753906,190.80999755859375,193.4499969482422,190.1268310546875,7054100
2025-05-21,193.10000610351562,195.27000427246094,190.52999877929688,191.75999450683594,188.46588134765625,7375700
2025-05-22,191.33999633789062,196.8300018310547,191.33999633789062,196.19000244140625,192.81976318359375,11825000
2025-05-23,192.02000427246094,192.8000030517578,190.02999877929688,191.97999572753906,188.6820831298828,9403100
2025-05-27,194.10000610351562,198.30999755859375,193.6999969482422,197.67999267578125,194.28414916992188,12228200
2025-05-28,196.08999633789062,198.07000732421875,195.47999572753906,196.13999938964844,192.7706298828125,17787600
2025-05-29,199.4600067138672,199.8000030517578,196.0800018310547,197.14999389648438,193.7632598876953,14609900
2025-05-30,195.77000427246094,195.91000366210938,190.55999755859375,193.32000732421875,189.9990692138672,11998300
2025-06-02,193.0399932861328,195.16000366210938,192.1999969482422,194.83999633789062,191.4929656982422,7447400
2025-06-03,194.35000610351562,198.1699981689453,193.63999938964844,197.61000061035156,194.21539306640625,9548300
2025-06-04,201.3800048828125,204.02999877929688,200.3800048828125,202.39999389648438,198.92306518554688,13531100
2025-06-05,204.8800048828125,205.75999450683594,202.27999877929688,203.33999633789062,199.84693908691406,12214300
2025-06-06,203.5800018310547,206.2899932861328,203.22999572753906,205.17999267578125,201.65533447265625,8532000
2025-06-09,206.39999389648438,209.27000427246094,205.8699951171875,207.0,203.44406127929688,11472300
2025-06-10,211.61000061035156,213.22999572753906,209.9600067138672,212.4600067138672,208.81028747558594,14514000
2025-06-11,215.0,217.42999267578125,212.9499969482422,214.10000610351562,210.42210388183594,13326400
2025-06-12,212.9199981689453,215.8800048828125,211.91000366210938,215.42999267578125,212.50343322753906,9796100
2025-06-13,210.11000061035156,213.25999450683594,209.39999389648438,211.10000610351562,208.2322540283203,10152500
2025-06-16,213.0,217.60000610351562,212.72999572753906,215.67999267578125,212.75003051757812,10932900
2025-06-17,213.88999938964844,215.94000244140625,213.5,213.89999389648438,210.9942169189453,8389700
2025-06-18,214.6999969482422,215.1699981689453,212.88999938964844,213.5,210.5996551513672,6932000
2025-06-20,215.1999969482422,215.5,208.14999389648438,209.50999450683594,206.6638641357422,16992000
2025-06-23,206.6300048828125,210.58999633789062,206.1999969482422,210.32000732421875,207.46287536621094,7535500
2025-06-24,214.38999938964844,220.3699951171875,213.8800048828125,220.08999633789062,217.1001434326172,14814700
2025-06-25,220.8000030517578,223.5,220.8000030517578,222.74000549316406,219.71414184570312,9168400
2025-06-26,224.97999572753906,225.22000122070312,222.6999969482422,224.00999450683594,220.9668731689453,7982200
2025-06-27,224.3000030517578,228.8800048828125,224.02999877929688,228.57000732421875,225.46493530273438,13133000
2025-06-30,227.44000244140625,228.14999389648438,224.8000030517578,226.49000549316406,223.41319274902344,9279800
2025-07-01,227.42999267578125,228.60000610351562,221.17999267578125,224.67999267578125,221.62779235839844,9990200
2025-07-02,224.47999572753906,233.82000732421875,224.0,233.60000610351562,230.42660522460938,12012500
2025-07-03,233.8699951171875,237.5800018310547,233.27000427246094,234.8000030517578,231.61029052734375,7779600
2025-07-07,231.6300048828125,232.5500030517578,227.44000244140625,229.1699981689453,226.05677795410156,13817500
2025-07-08,229.77999877929688,230.3300018310547,227.5399932861328,227.86000061035156,224.7645721435547,8854400
2025-07-09,230.4499969482422,233.27000427246094,230.24000549316406,231.83999633789062,228.6905059814453,9475300
2025-07-10,232.77999877929688,233.0500030517578,227.77000427246094,229.75999450683594,226.63876342773438,13124700
2025-07-11,231.0,232.27000427246094,229.39999389648438,230.39999389648438,227.2700653076172,8817800
2025-07-14,229.3300018310547,229.85000610351562,226.30999755859375,228.6699981689453,225.56358337402344,10673500
2025-07-15,234.4600067138672,237.7100067138672,233.85000610351562,236.9499969482422,233.73109436035156,14270100
2025-07-16,236.39999389648438,238.30999755859375,234.14999389648438,237.55999755859375,234.33279418945312,15092800
2025-07-17,245.7899932861328,248.27999877929688,241.38999938964844,245.60000610351562,242.26361083984375,27395700
2025-07-18,245.30999755859375,245.97000122070312,238.69000244140625,240.39999389648438,237.13421630859375,16252000
2025-07-21,240.1199951171875,242.33999633789062,238.7100067138672,238.85000610351562,235.6052703857422,11971800
2025-07-22,237.8300018310547,238.0,231.75999450683594,234.60000610351562,231.4130401611328,11919500
2025-07-23,238.52000427246094,240.5,236.3800048828125,240.3300018310547,237.065185546875,9885400
2025-07-24,240.2100067138672,241.9499969482422,238.02999877929688,241.60000610351562,238.31793212890625,9081900
2025-07-25,241.32000732421875,246.24000549316406,240.94000244140625,245.60000610351562,242.26361083984375,11593400
2025-07-28,243.0,243.9499969482422,241.0500030517578,242.75,239.45230102539062,11892200
2025-07-29,241.5,243.97000122070312,239.82000732421875,241.3300018310547,238.05160522460938,9411500
2025-07-30,242.1199951171875,244.57000732421875,241.22000122070312,242.91000366210938,239.61013793945312,6823800
2025-07-31,245.97999572753906,247.41000366210938,239.8000030517578,241.6199951171875,238.337646484375,13490700
2025-08-01,235.6199951171875,237.19000244140625,231.83999633789062,235.2100067138672,232.01473999023438,13549800
2025-08-04,237.91000366210938,239.0,236.38999938964844,239.0,235.75326538085938,6450700
2025-08-05,238.3300018310547,238.6300048828125,230.1699981689453,232.47000122070312,229.3119659423828,11868900
2025-08-06,231.02999877929688,232.1999969482422,228.82000732421875,231.3699951171875,228.22689819335938,9457200
2025-08-07,244.47000122070312,247.83999633789062,240.8000030517578,242.6199951171875,239.32406616210938,17691000
2025-08-08,243.16000366210938,243.16000366210938,238.97000122070312,241.8300018310547,238.54481506347656,10552500
2025-08-11,242.0399932861328,245.35000610351562,241.5399932861328,242.08999633789062,238.80126953125,8272900
2025-08-12,243.72000122070312,244.77000427246094,241.6999969482422,244.2899932861328,240.97137451171875,7295800
2025-08-13,246.42999267578125,246.42999267578125,239.94000244140625,241.44000244140625,238.1601104736328,7971900
2025-08-14,237.97000122070312,241.3800048828125,236.82000732421875,241.0,237.72607421875,11040500
2025-08-15,240.3300018310547,240.8000030517578,237.25999450683594,238.8800048828125,235.6348876953125,8155500
2025-08-18,239.99000549316406,242.86000061035156,239.99000549316406,241.41000366210938,238.13050842285156,6919800
2025-08-19,240.02000427246094,240.1699981689453,232.5800018310547,232.6999969482422,229.53883361816406,14594700
2025-08-20,228.13999938964844,229.02999877929688,223.6999969482422,228.60000610351562,225.49453735351562,17165200
2025-08-21,228.14999389648438,230.3300018310547,226.25999450683594,227.3300018310547,224.2417755126953,7449100
2025-08-22,228.0,234.4499969482422,226.1699981689453,232.99000549316406,229.8249053955078,10299500
2025-08-25,234.3000030517578,237.27999877929688,232.25,235.58999633789062,232.38955688476562,7655000
2025-08-26,236.3699951171875,238.8300018310547,235.72999572753906,238.72000122070312,235.47705078125,9793100
2025-08-27,236.8699951171875,239.39999389648438,235.44000244140625,239.2899932861328,236.039306640625,9516400
2025-08-28,236.3000030517578,240.66000366210938,236.0,238.27000427246094,235.03317260742188,8466200
2025-08-29,235.83999633789062,235.9499969482422,230.5800018310547,230.8699951171875,227.7336883544922,15526000
2025-09-02,226.14999389648438,229.33999633789062,225.6300048828125,228.38999938964844,225.28736877441406,13974900
2025-09-03,231.52000427246094,232.4499969482422,228.60000610351562,231.38999938964844,228.2466278076172,7198500
2025-09-04,231.35000610351562,235.30999755859375,230.3000030517578,235.2100067138672,232.01473999023438,6241900
2025-09-05,240.24000549316406,244.5500030517578,237.89999389648438,243.41000366210938,240.1033477783203,14056600
2025-09-08,241.99000549316406,247.8800048828125,241.6199951171875,247.19000244140625,243.8319854736328,12986600
2025-09-09,246.92999267578125,254.72999572753906,246.92999267578125,250.9199981689453,247.51132202148438,13443400
2025-09-10,258.8699951171875,264.5799865722656,257.75,260.44000244140625,256.9019775390625,18822400
2025-09-11,260.3500061035156,261.6400146484375,258.2300109863281,258.9100036621094,255.3927764892578,10005000
2025-09-12,260.8500061035156,260.95001220703125,258.3800048828125,259.3299865722656,255.8070526123047,8496600
2025-09-15,260.0,262.79998779296875,258.75,261.3800048828125,257.8292236328125,8147700
2025-09-16,265.9200134277344,266.44000244140625,260.6099853515625,262.05999755859375,259.31549072265625,10381900
2025-09-17,264.3399963378906,264.80999755859375,259.7300109863281,262.7900085449219,260.0378723144531,10422000
2025-09-18,258.0,270.5400085449219,257.9800109863281,268.6400146484375,265.82659912109375,16917300
2025-09-19,266.3699951171875,266.57000732421875,262.80999755859375,264.8699951171875,262.0960693359375,17640200
2025-09-22,266.5400085449219,276.3599853515625,265.45001220703125,272.6300048828125,269.7748107910156,15630300
2025-09-23,282.3999938964844,286.0,280.0,282.7099914550781,279.74920654296875,17830300
2025-09-24,280.30999755859375,281.2099914550781,276.7200012207031,280.7099914550781,277.7701416015625,10231000
2025-09-25,273.1199951171875,277.1400146484375,270.19000244140625,276.6600036621094,273.7626037597656,11863400
2025-09-26,273.8900146484375,275.5,270.6199951171875,273.3599853515625,270.49713134765625,10451900
2025-09-29,276.489990234375,279.8699951171875,273.2300109863281,273.2300109863281,270.3684997558594,8046200
2025-09-30,275.32000732421875,279.489990234375,273.8299865722656,279.2900085449219,276.36505126953125,8348800
2025-10-01,278.44000244140625,290.4800109863281,277.1700134277344,288.4700012207031,285.44891357421875,14620100
2025-10-02,296.5199890136719,296.7200012207031,287.0299987792969,288.1099853515625,285.0926513671875,10198000
2025-10-03,292.8599853515625,296.05999755859375,290.489990234375,292.19000244140625,289.12994384765625,10572500
2025-10-06,300.010009765625,307.29998779296875,299.94000244140625,302.3999938964844,299.2330322265625,15785000
2025-10-07,306.6199951171875,307.1000061035156,293.2799987792969,294.0299987792969,290.9506530761719,13081000
2025-10-08,295.0,306.3999938964844,293.9800109863281,304.5199890136719,301.3307800292969,12821200
2025-10-09,302.30999755859375,302.8299865722656,297.4200134277344,299.8800048828125,296.73944091796875,10259900
2025-10-10,299.9599914550781,300.20001220703125,280.3299865722656,280.6600036621094,277.720703125,23398000
2025-10-13,298.239990234375,304.6300048828125,292.32000732421875,302.8900146484375,299.7178955078125,20318300
2025-10-14,295.6300048828125,301.75,291.3399963378906,295.94000244140625,292.8406677246094,16567900
2025-10-15,306.2900085449219,306.6099853515625,300.07000732421875,304.7099914550781,301.51885986328125,20788000
2025-10-16,310.92999267578125,311.3699951171875,296.69000244140625,299.8399963378906,296.6998291015625,26341500
2025-10-17,298.3999938964844,303.29998779296875,294.9200134277344,295.0799865722656,291.98968505859375,17633300
2025-10-20,300.0,303.6499938964844,297.05999755859375,297.70001220703125,294.5822448730469,13391600
2025-10-21,299.0,299.3699951171875,293.6600036621094,294.510009765625,291.4256896972656,11190500
2025-10-22,293.0,295.20001220703125,284.3999938964844,288.8800048828125,285.8545837402344,15409100
2025-10-23,289.79998779296875,294.0899963378906,289.6300048828125,290.7300109863281,287.68524169921875,10379900
2025-10-24,295.57000732421875,297.95001220703125,294.3900146484375,294.9599914550781,291.8708801269531,8747000
2025-10-27,298.6499938964844,300.4800109863281,293.69000244140625,298.25,295.1264953613281,13615000
2025-10-28,298.32000732421875,302.1300048828125,296.0799865722656,301.5299987792969,298.3721008300781,11804200
2025-10-29,305.79998779296875,307.9599914550781,302.3800048828125,305.0899963378906,301.89483642578125,16177300
2025-10-30,303.0799865722656,307.30999755859375,300.82000732421875,303.2200012207031,300.04443359375,14507100
2025-10-31,305.989990234375,307.67999267578125,296.67999267578125,300.42999267578125,297.2836608886719,12667900
2025-11-03,302.5899963378906,310.1199951171875,302.1199951171875,304.8599853515625,301.6672058105469,12466600
2025-11-04,296.8800048828125,301.989990234375,293.510009765625,294.04998779296875,290.9704895019531,16224300
2025-11-05,292.6199951171875,298.2200012207031,291.5,293.6400146484375,290.5647888183594,10502500
2025-11-06,294.1000061035156,294.6400146484375,287.3800048828125,289.239990234375,286.2108459472656,11516900
2025-11-07,285.2099914550781,287.8900146484375,277.1300048828125,286.5,283.4995422363281,15715700
2025-11-10,294.3599853515625,297.1300048828125,291.75,295.2699890136719,292.17767333984375,10869200
2025-11-11,292.05999755859375,294.9200134277344,288.9100036621094,291.1700134277344,288.12066650390625,9666300
2025-11-12,293.70001220703125,294.8699951171875,289.5799865722656,290.6199951171875,287.5763854980469,9715900
2025-11-13,289.1700134277344,289.5,280.0,282.20001220703125,279.24456787109375,13827600
2025-11-14,275.9100036621094,286.8599853515625,273.2300109863281,284.82000732421875,281.8371276855469,11486800
2025-11-17,281.44000244140625,286.5299987792969,279.79998779296875,282.010009765625,279.05657958984375,10227100
2025-11-18,277.54998779296875,280.19000244140625,272.7200012207031,277.9100036621094,274.99951171875,11850400
2025-11-19,276.9200134277344,284.54998779296875,276.32000732421875,282.3699951171875,279.41278076171875,11179200
2025-11-20,292.2099914550781,292.8500061035156,276.4100036621094,277.5,274.59381103515625,15747300
2025-11-21,272.80999755859375,278.69000244140625,266.82000732421875,275.05999755859375,272.1793518066406,20872800
2025-11-24,273.19000244140625,285.05999755859375,273.19000244140625,284.6400146484375,281.65899658203125,13570300
2025-11-25,282.7300109863281,285.3999938964844,273.0799865722656,284.67999267578125,281.6986083984375,13726800
2025-11-26,289.1000061035156,292.80999755859375,287.7300109863281,289.9599914550781,286.92327880859375,12220300
2025-11-28,292.4800109863281,292.6700134277344,289.0,291.510009765625,288.45709228515625,5515400
2025-12-01,286.9200134277344,291.1600036621094,283.19000244140625,287.67999267578125,284.6672058105469,7713000
2025-12-02,292.0,294.5,289.17999267578125,292.0899963378906,289.031005859375,10746400
2025-12-03,292.17999267578125,296.6199951171875,286.07000732421875,295.45001220703125,292.3558044433594,9599200
2025-12-04,293.9800109863281,294.0299987792969,290.20001220703125,292.92999267578125,289.8621826171875,6753000
2025-12-05,296.04998779296875,300.79998779296875,293.25,294.7200012207031,291.6334533691406,10275300
2025-12-08,301.20001220703125,302.6199951171875,296.7200012207031,301.8699951171875,298.7085266113281,16643100
2025-12-09,299.989990234375,304.67999267578125,298.5,303.4100036621094,300.232421875,11349100
2025-12-10,305.3699951171875,313.9800109863281,302.5,310.1400146484375,306.8919677734375,12429200
2025-12-11,305.32000732421875,305.8399963378906,299.6400146484375,304.8500061035156,302.47174072265625,15028400
2025-12-12,304.2799987792969,304.2799987792969,290.9800109863281,292.0400085449219,289.76165771484375,19306100
2025-12-15,295.1499938964844,295.79998779296875,287.54998779296875,287.739990234375,285.49517822265625,12082400
2025-12-16,287.260009765625,288.4599914550781,283.32000732421875,286.8699951171875,284.6319885253906,11418400
2025-12-17,288.5299987792969,289.1000061035156,275.0799865722656,276.9599914550781,274.7992858886719,16823000
2025-12-18,285.0,287.1600036621094,281.75,284.67999267578125,282.4591064453125,11260300
2025-12-19,286.3800048828125,292.1700134277344,286.3800048828125,288.95001220703125,286.6957702636719,12735800
2025-12-22,294.6700134277344,295.010009765625,291.2099914550781,293.2799987792969,290.99200439453125,6091100
2025-12-23,293.3999938964844,297.9100036621094,292.20001220703125,296.95001220703125,294.63336181640625,6802300
2025-12-24,297.739990234375,299.1600036621094,296.2300109863281,298.79998779296875,296.4689025878906,2753900
2025-12-26,299.8999938964844,303.3800048828125,298.5199890136719,302.8399963378906,300.4773864746094,5125900
2025-12-29,301.7799987792969,304.5,298.6499938964844,300.9200134277344,298.5724182128906,6205100
2025-12-30,302.3599853515625,304.54998779296875,299.45001220703125,299.5799865722656,297.2427978515625,6190600
2025-12-31,304.0,307.3900146484375,303.42999267578125,303.8900146484375,301.51922607421875,8175100
2026-01-02,311.9800109863281,321.5899963378906,311.70001220703125,319.6099853515625,317.1165466308594,18526900
2026-01-05,330.3999938964844,331.25,321.5,322.25,319.7359924316406,17446300
2026-01-06,330.2200012207031,333.0799865722656,324.5899963378906,327.42999267578125,324.87554931640625,15599600
2026-01-07,324.6700134277344,326.29998779296875,318.5400085449219,318.67999267578125,316.19384765625,11744800
2026-01-08,324.3900146484375,324.5,316.1400146484375,318.010009765625,315.529052734375,10850800
2026-01-09,319.8299865722656,324.7699890136719,318.25,323.6300048828125,321.105224609375,12325100
2026-01-12,322.1000061035156,333.54998779296875,321.05999755859375,331.7699890136719,329.1816711425781,12714800
2026-01-13,332.8699951171875,336.4200134277344,330.7799987792969,331.2099914550781,328.6260681152344,11473600
2026-01-14,329.8599853515625,329.8599853515625,324.82000732421875,327.1099853515625,324.55804443359375,11210800
2026-01-15,342.80999755859375,351.3299865722656,337.9200134277344,341.6400146484375,338.9747314453125,42188500
2026-01-16,346.510009765625,349.8500061035156,341.4599914550781,342.3999938964844,339.728759765625,18246100
2026-01-20,340.7900085449219,342.1499938964844,326.8999938964844,327.1600036621094,324.607666015625,22809900
2026-01-21,333.42999267578125,333.6400146484375,325.67999267578125,326.1199951171875,323.5757751464844,16789800
2026-01-22,333.4200134277344,335.04998779296875,326.8999938964844,327.3699951171875,324.8160400390625,12801000
2026-01-23,332.07000732421875,337.1499938964844,331.3699951171875,334.8699951171875,332.2574768066406,12904400
2026-01-26,332.7900085449219,335.1000061035156,330.2300109863281,332.7099914550781,330.1143493652344,8646400
2026-01-27,336.5,341.25,334.55999755859375,338.3399963378906,335.700439453125,11298100
2026-01-28,343.0299987792969,345.5,338.6600036621094,342.29998779296875,339.6295471191406,12140100
2026-01-29,339.79998779296875,343.739990234375,328.20001220703125,339.54998779296875,336.9010009765625,13844800
2026-01-30,335.4200134277344,339.8999938964844,329.1000061035156,330.55999755859375,327.98114013671875,12028100
2026-02-02,330.760009765625,344.20001220703125,329.1000061035156,341.3599853515625,338.6968688964844,12459100
2026-02-03,345.07000732421875,347.04998779296875,330.0199890136719,335.75,333.1306457519531,12540000
2026-02-04,335.6000061035156,338.79998779296875,319.07000732421875,325.739990234375,323.1987609863281,18176000
2026-02-05,322.82000732421875,334.57000732421875,319.6499938964844,330.7300109863281,328.14984130859375,14812000
2026-02-06,337.5,349.7200012207031,336.6499938964844,348.8500061035156,346.12847900390625,17025500
2026-02-09,348.760009765625,359.6000061035156,347.79998779296875,355.4100036621094,352.6372985839844,14594900
2026-02-10,364.3299865722656,364.760009765625,356.3900146484375,361.9100036621094,359.0865783691406,14622100
2026-02-11,370.0799865722656,379.5799865722656,368.3900146484375,374.0899963378906,371.1715393066406,18651300
2026-02-12,379.0,380.0,322.1000061035156,368.1000061035156,365.228271484375,16835400
2026-02-13,369.1499938964844,371.1099853515625,360.7699890136719,366.3599853515625,363.5018615722656,10468200
2026-02-17,361.8699951171875,366.20001220703125,356.239990234375,364.20001220703125,361.35870361328125,10063800
2026-02-18,363.8599853515625,369.3900146484375,360.7099914550781,362.260009765625,359.433837890625,7310500
2026-02-19,359.7200012207031,362.79998779296875,357.44000244140625,360.3900146484375,357.57843017578125,6346500
2026-02-20,359.7799987792969,372.20001220703125,359.1000061035156,370.5400085449219,367.6492614746094,9009200
2026-02-23,367.010009765625,373.42999267578125,366.4599914550781,370.0400085449219,367.15313720703125,9550200
2026-02-24,379.3999938964844,389.17999267578125,376.04998779296875,385.75,382.7406005859375,13269500
2026-02-25,390.2099914550781,390.2099914550781,384.8299865722656,387.7300109863281,384.70513916015625,10948400
2026-02-26,386.17999267578125,386.4700012207031,369.70001220703125,376.80999755859375,373.87030029296875,14535700
2026-02-27,370.1400146484375,376.67999267578125,368.6199951171875,374.5799865722656,371.6576843261719,9186600
2026-03-02,365.3599853515625,373.1000061035156,364.6499938964844,369.1099853515625,366.2303771972656,12571600
2026-03-03,349.54998779296875,355.9800109863281,344.1400146484375,353.1300048828125,350.37506103515625,18580200
2026-03-04,357.42999267578125,361.0899963378906,354.54998779296875,357.44000244140625,354.6514587402344,12131100
2026-03-05,354.8999938964844,359.4700012207031,343.79998779296875,353.8599853515625,351.0993347167969,16249800
2026-03-06,343.5,348.7200012207031,336.69000244140625,338.8900146484375,336.24615478515625,13803000
2026-03-09,335.6000061035156,349.3999938964844,331.9200134277344,348.70001220703125,345.9796142578125,19182800
2026-03-10,348.4700012207031,353.5,344.30999755859375,347.0899963378906,344.3821716308594,12985600
2026-03-11,353.92999267578125,357.3500061035156,350.3599853515625,354.55999755859375,351.7939147949219,10683300
2026-03-12,345.92999267578125,346.8900146484375,336.3800048828125,336.7099914550781,334.0831604003906,17549400
2026-03-13,343.9200134277344,344.5199890136719,336.2200012207031,338.30999755859375,335.6706848144531,17299900
2026-03-16,341.25,344.6300048828125,339.82000732421875,340.2300109863281,337.57568359375,11123500
2026-03-17,340.6000061035156,346.760009765625,338.3999938964844,345.9800109863281,344.2481384277344,11434600
2026-03-18,345.7799987792969,347.95001220703125,339.3399963378906,339.57000732421875,337.8702392578125,12632600
2026-03-19,329.2200012207031,339.8999938964844,325.19000244140625,338.7900085449219,337.0941467285156,15411600
2026-03-20,336.67999267578125,337.6000061035156,325.8999938964844,329.239990234375,327.5919189453125,17424200
2026-03-23,331.1000061035156,343.4100036621094,331.1000061035156,338.45001220703125,336.7558288574219,15857200
2026-03-24,335.57000732421875,344.8800048828125,334.0199890136719,343.25,341.5318298339844,9725000
2026-03-25,346.0,350.45001220703125,343.5,347.75,346.00927734375,12166900
2026-03-26,339.82000732421875,340.9100036621094,325.3699951171875,326.1099853515625,324.4775695800781,14560200
2026-03-27,324.8299865722656,329.55999755859375,322.30999755859375,326.739990234375,325.10443115234375,14484500
2026-03-30,327.20001220703125,329.6000061035156,313.79998779296875,316.5,314.91571044921875,15740000
2026-03-31,322.30999755859375,338.4100036621094,321.1400146484375,337.95001220703125,336.2583312988281,18488000
2026-04-01,343.8999938964844,348.67999267578125,339.75,341.489990234375,339.7806091308594,15011600
2026-04-02,326.8399963378906,342.07000732421875,326.79998779296875,339.0400085449219,337.3428955078125,8994600
2026-04-06,339.75,344.20001220703125,338.6199951171875,341.760009765625,340.04925537109375,5884800
2026-04-07,339.44000244140625,345.5299987792969,335.6499938964844,345.32000732421875,343.5914611816406,6823500
2026-04-08,370.2900085449219,374.29998779296875,359.239990234375,365.8999938964844,364.06842041015625,16356900
2026-04-09,363.29998779296875,368.1700134277344,360.7200012207031,365.489990234375,363.66046142578125,9246000
2026-04-10,375.5899963378906,378.0,369.75,370.6000061035156,368.7449035644531,13168200
2026-04-13,370.260009765625,371.4599914550781,366.04998779296875,369.57000732421875,367.7200622558594,9596300
2026-04-14,379.0400085449219,382.1600036621094,373.2200012207031,379.8900146484375,377.9884033203125,12859500
2026-04-15,381.4100036621094,381.9800109863281,372.2099914550781,375.1000061035156,373.2223815917969,14955500
2026-04-16,368.8599853515625,370.20001220703125,360.54998779296875,363.3500061035156,361.53118896484375,26405800
2026-04-17,373.20001220703125,375.5799865722656,365.1400146484375,370.5,368.6454162597656,18419400
2026-04-20,369.2200012207031,370.07000732421875,364.25,366.239990234375,364.4067077636719,11638300
2026-04-21,368.0799865722656,370.75,365.1099853515625,368.0799865722656,366.2375183105469,9808200
2026-04-22,371.7799987792969,387.9100036621094,370.6400146484375,387.44000244140625,385.5006103515625,16317200
2026-04-23,384.25,388.760009765625,375.80999755859375,382.6600036621094,380.7445068359375,12224900
2026-04-24,396.1400146484375,409.489990234375,393.8500061035156,402.4599914550781,400.4454345703125,21603600
2026-04-27,413.75,414.5,400.3999938964844,404.9800109863281,402.95281982421875,16561200
2026-04-28,392.1199951171875,397.8699951171875,384.70001220703125,392.3399963378906,390.3760681152344,14715800
2026-04-29,392.9100036621094,395.8500061035156,388.17999267578125,393.8299865722656,391.8586120605469,10313000
2026-04-30,397.80999755859375,398.7900085449219,385.7099914550781,396.05999755859375,394.07745361328125,12788100
2026-05-01,393.44000244140625,403.989990234375,392.1300048828125,397.6700134277344,395.6794128417969,9926400
2026-05-04,404.5199890136719,407.70001220703125,395.20001220703125,401.6099853515625,399.59967041015625,9978500
2026-05-05,404.6000061035156,406.1300048828125,392.6000061035156,394.4100036621094,392.4356994628906,14579000
2026-05-06,402.3999938964844,419.70001220703125,400.6499938964844,419.5,417.400146484375,17736400
2026-05-07,418.0899963378906,420.0,408.1099853515625,414.1499938964844,412.076904296875,13403200
2026-05-08,416.95001220703125,417.0,400.8800048828125,411.67999267578125,409.6192626953125,18531200
2026-05-11,406.739990234375,407.7300109863281,398.19000244140625,404.5400085449219,402.5150146484375,14680000
2026-05-12,397.75,402.239990234375,386.1199951171875,397.2799987792969,395.2913513183594,18121800
2026-05-13,398.2699890136719,404.67999267578125,391.4700012207031,399.79998779296875,397.7987365722656,13127800
2026-05-14,403.2099914550781,421.9700012207031,402.1000061035156,417.7200012207031,415.6290588378906,18577100
2026-05-15,406.5,409.8699951171875,398.8299865722656,404.3500061035156,402.3259582519531,11868600
2026-05-18,406.8800048828125,406.8800048828125,391.04998779296875,395.95001220703125,393.968017578125,12117200
2026-05-19,389.510009765625,398.8800048828125,385.05999755859375,392.6099853515625,390.64471435546875,14083000
2026-05-20,397.0,403.8800048828125,395.95001220703125,401.6199951171875,399.609619140625,10254300
2026-05-21,399.510009765625,411.4599914550781,399.510009765625,407.1499938964844,405.1119384765625,8937900
2026-05-22,409.42999267578125,410.6700134277344,402.8599853515625,404.5199890136719,402.4950866699219,7111900
2026-05-26,413.1199951171875,416.489990234375,410.07000732421875,412.32000732421875,410.2560729980469,10132000
2026-05-27,427.0199890136719,430.54998779296875,415.3800048828125,422.7300109863281,420.61395263671875,14695600
2026-05-28,422.2200012207031,427.6000061035156,414.7099914550781,424.8599853515625,422.7332763671875,8905800
2026-05-29,427.07000732421875,430.44000244140625,417.25,418.45001220703125,416.35540771484375,11232300
2026-06-01,424.8800048828125,449.3900146484375,422.5,435.6300048828125,433.44940185546875,18040400
2026-06-02,440.5799865722656,448.3800048828125,436.010009765625,446.69000244140625,444.45404052734375,10147900
2026-06-03,449.989990234375,450.1600036621094,434.5299987792969,436.69000244140625,434.50408935546875,10245200
2026-06-04,430.6300048828125,448.010009765625,427.29998779296875,444.9200134277344,442.6929016113281,10974100
2026-06-05,429.7699890136719,433.8999938964844,412.7900085449219,415.1700134277344,413.091796875,19644200
2026-06-08,423.7699890136719,433.80999755859375,422.5299987792969,426.79998779296875,424.66357421875,11245400
2026-06-09,430.8800048828125,438.1600036621094,405.510009765625,427.9200134277344,425.7779846191406,21199500
2026-06-10,413.9599914550781,426.32000732421875,407.70001220703125,408.75,406.70391845703125,13139700
2026-06-11,413.260009765625,422.25,408.8599853515625,421.07000732421875,419.94342041015625,13826500
2026-06-12,420.04998779296875,426.94000244140625,417.2099914550781,423.92999267578125,422.7957458496094,10362500
2026-06-15,438.67999267578125,442.5799865722656,431.92999267578125,441.3999938964844,440.2190246582031,11184900
2026-06-16,436.0199890136719,440.3299865722656,425.20001220703125,425.8299865722656,424.690673828125,10943500
2026-06-17,434.75,442.5,431.6400146484375,432.1499938964844,430.9937744140625,10934100
2026-06-18,438.8800048828125,465.2200012207031,438.3900146484375,462.1199951171875,460.8835754394531,25817100
2026-06-22,476.0899963378906,476.7900085449219,465.1700134277344,467.6700134277344,466.4187316894531,13686200
2026-06-23,439.17999267578125,447.3299865722656,434.19000244140625,436.3900146484375,435.2224426269531,20364500
2026-06-24,433.9800109863281,443.8599853515625,432.5799865722656,440.8299865722656,439.6505432128906,9991200
2026-06-25,452.8999938964844,452.8999938964844,432.44000244140625,434.989990234375,433.826171875,14769500
2026-06-26,425.0,436.1300048828125,419.19000244140625,432.3500061035156,431.1932373046875,17974100
2026-06-29,437.0,456.1000061035156,431.0899963378906,455.1000061035156,453.88238525390625,14881400
2026-06-30,455.6099853515625,479.0,453.0,477.57000732421875,476.2922668457031,15074300
2026-07-01,467.6700134277344,468.510009765625,443.4700012207031,444.2300109863281,443.0414733886719,18534800
2026-07-02,450.5400085449219,461.4700012207031,429.5,434.1600036621094,432.9983825683594,18375000
2026-07-06,447.7799987792969,460.0299987792969,445.6000061035156,451.7900085449219,450.58123779296875,12788500
2026-07-07,438.0199890136719,439.79998779296875,428.1099853515625,432.57000732421875,431.41265869140625,14898400
2026-07-08,429.0,440.489990234375,428.75,436.9800109863281,435.81085205078125,11411200
2026-07-09,446.7300109863281,447.69000244140625,436.3900146484375,436.9599914550781,435.7908935546875,11455600
2026-07-10,438.6700134277344,439.6600036621094,428.1000061035156,434.1099853515625,432.9485168457031,9595100
2026-07-13,433.82000732421875,437.989990234375,420.2900085449219,421.5799865722656,420.4520263671875,14329800
2026-07-14,430.8699951171875,431.05999755859375,418.8599853515625,420.3900146484375,419.2652587890625,14279000
2026-07-15,425.75,428.8900146484375,410.75,419.4800109863281,418.357666015625,17012300
2026-07-16,405.2900085449219,415.95001220703125,403.5,409.739990234375,408.6437072753906,24891300
2026-07-17,392.1199951171875,404.70001220703125,386.0199890136719,398.3699951171875,397.30413818359375,20986500
2026-07-20,407.7099914550781,409.8900146484375,400.0799865722656,402.29998779296875,401.2236328125,11653600
2026-07-21,418.739990234375,425.3999938964844,413.55999755859375,424.6099853515625,423.47393798828125,18210100
2026-07-22,414.9100036621094,424.80999755859375,414.2099914550781,421.2099914550781,420.0830383300781,10259500
2026-07-23,415.8399963378906,420.8399963378906,411.79998779296875,415.5799865722656,414.46807861328125,11048800
2026-07-24,411.3500061035156,412.9200134277344,400.79998779296875,403.4100036621094,402.3306579589844,11525100
2026-07-27,406.0799865722656,407.42999267578125,388.79998779296875,399.0899963378906,398.022216796875,17932300
2026-07-28,385.0,395.3599853515625,381.29998779296875,392.30999755859375,391.2603454589844,18276300
2026-07-29,388.0799865722656,391.25,372.7200012207031,374.6700134277344,373.6675720214844,21700200
2026-07-30,392.489990234375,406.7699890136719,387.6000061035156,403.30999755859375,402.2309265136719,17474200
2026-07-31,419.5,420.3500061035156,398.79998779296875,404.25,403.1684265136719,11956100
2026-08-03,400.5899963378906,407.44000244140625,398.20001220703125,406.1099853515625,405.0234375,12676900
2026-08-04,418.0,420.25,412.1099853515625,417.1700134277344,416.0538635253906,13929100
2026-08-05,419.32000732421875,426.29998779296875,413.07000732421875,414.0,412.892333984375,12790400
2026-08-06,409.5400085449219,423.9100036621094,407.989990234375,418.20001220703125,417.08111572265625,10628900
2026-08-07,424.7900085449219,424.7900085449219,413.1000061035156,420.0400085449219,418.9161682128906,9159600
2026-08-10,420.3399963378906,425.8800048828125,416.0,418.4700012207031,417.3503723144531,11776100
2026-08-11,424.20001220703125,424.8999938964844,418.8699951171875,422.05999755859375,420.9307556152344,9703600
2026-08-12,432.6499938964844,433.2799987792969,427.0199890136719,429.1499938964844,428.0018005371094,9534200
2026-08-13,429.1499938964844,436.0400085449219,428.3900146484375,430.489990234375,429.33819580078125,8194000
2026-08-14,429.20001220703125,429.2699890136719,424.1000061035156,426.3500061035156,425.20928955078125,6324700
2026-08-17,429.9700012207031,435.7099914550781,426.79998779296875,430.9700012207031,429.8169250488281,9479400
2026-08-18,417.0,419.6300048828125,410.7699890136719,413.4100036621094,412.3039245605469,14030100
2026-08-19,418.1300048828125,419.6000061035156,407.8800048828125,412.0899963378906,410.9874267578125,8424700
2026-08-20,408.6000061035156,417.9599914550781,407.7200012207031,416.0,414.886962890625,10447900
2026-08-21,423.0199890136719,425.67999267578125,416.70001220703125,418.95001220703125,417.8291015625,8947200
2026-08-24,413.8699951171875,414.3399963378906,405.1499938964844,410.1199951171875,409.022705078125,10645600
2026-08-25,414.5899963378906,419.7699890136719,414.0299987792969,417.4100036621094,416.293212890625,7049800
2026-08-26,418.45001220703125,420.75,414.4100036621094,417.69000244140625,416.57244873046875,7449300
2026-08-27,423.0199890136719,429.6400146484375,420.5299987792969,427.29998779296875,426.15673828125,12749800
2026-08-28,427.489990234375,429.1199951171875,417.32000732421875,417.5199890136719,416.40289306640625,8896900
2026-08-31,417.2300109863281,423.79998779296875,414.6000061035156,415.32000732421875,414.20880126953125,6748000
2026-09-01,417.79998779296875,418.6199951171875,412.07000732421875,414.0,412.892333984375,7920800
2026-09-02,413.20001220703125,416.5,411.2699890136719,415.5,414.3883056640625,6301000
2026-09-03,413.2900085449219,417.29998779296875,407.82000732421875,417.010009765625,415.894287109375,7827800
2026-09-04,421.8800048828125,429.82000732421875,419.4200134277344,428.9100036621094,427.762451171875,12276300
2026-09-08,438.0199890136719,444.2900085449219,433.7200012207031,439.0,437.825439453125,13079900
2026-09-09,434.4599914550781,439.3999938964844,431.8699951171875,435.3599853515625,434.1951599121094,7499300
2026-09-10,426.44000244140625,432.5299987792969,424.04998779296875,428.0299987792969,426.8847961425781,8368100
2026-09-11,431.54998779296875,435.3699951171875,428.8999938964844,433.239990234375,432.0808410644531,10629200
2026-09-14,416.010009765625,424.45001220703125,416.010009765625,418.010009765625,416.8916015625,14305900
2026-09-15,421.94000244140625,421.94000244140625,412.54998779296875,413.75,412.64300537109375,9452600
2026-09-16,418.20001220703125,419.8500061035156,413.8800048828125,417.7200012207031,417.7200012207031,10490900
2026-09-17,424.3999938964844,430.5299987792969,423.3900146484375,430.260009765625,430.260009765625,12447700
2026-09-18,429.0400085449219,434.82000732421875,428.9800109863281,434.6700134277344,434.6700134277344,12884300
2026-09-21,440.79998779296875,445.7200012207031,437.07000732421875,,,9903605
