Price,Open,High,Low,Close,Adj Close,Volume
Ticker,KO,KO,KO,KO,KO,KO
Date,,,,,,
2021-09-23,54.2599983215332,54.619998931884766,54.0,54.040000915527344,46.68315124511719,13836200
2021-09-24,54.0,54.2400016784668,53.86000061035156,53.88999938964844,46.55357360839844,9682200
2021-09-27,53.849998474121094,54.25,53.56999969482422,53.61000061035156,46.31168746948242,12429500
2021-09-28,53.459999084472656,53.459999084472656,52.43000030517578,52.63999938964844,45.4737434387207,19926100
2021-09-29,52.63999938964844,53.15999984741211,52.560001373291016,52.959999084472656,45.750179290771484,13941500
2021-09-30,53.16999816894531,53.33000183105469,52.43000030517578,52.470001220703125,45.32688903808594,17672000
2021-10-01,52.779998779296875,53.20000076293945,52.56999969482422,53.02000045776367,45.80200958251953,16277400
2021-10-04,53.060001373291016,53.529998779296875,52.400001525878906,52.9900016784668,45.776092529296875,18973400
2021-10-05,53.02000045776367,53.470001220703125,52.93000030517578,53.08000183105469,45.853843688964844,17173100
2021-10-06,52.77000045776367,53.77000045776367,52.5099983215332,53.709999084472656,46.398075103759766,21284500
2021-10-07,53.9900016784668,54.279998779296875,53.810001373291016,53.880001068115234,46.54493713378906,13774400
2021-10-08,54.0,54.38999938964844,53.900001525878906,54.119998931884766,46.75225830078125,13786800
2021-10-11,54.209999084472656,54.38999938964844,54.0099983215332,54.22999954223633,46.8472785949707,12378500
2021-10-12,54.41999816894531,54.83000183105469,54.220001220703125,54.22999954223633,46.8472785949707,19474400
2021-10-13,54.16999816894531,54.43000030517578,53.790000915527344,54.2400016784668,46.855926513671875,12143300
2021-10-14,54.38999938964844,54.810001373291016,54.310001373291016,54.61000061035156,47.17555236816406,13704000
2021-10-15,54.63999938964844,54.880001068115234,54.290000915527344,54.47999954223633,47.06325149536133,17867000
2021-10-18,54.349998474121094,54.38999938964844,53.86000061035156,53.939998626708984,46.596763610839844,15861800
2021-10-19,54.040000915527344,54.20000076293945,53.77000045776367,54.150001525878906,46.77817153930664,11068500
2021-10-20,54.18000030517578,54.7599983215332,54.11000061035156,54.630001068115234,47.19282531738281,12474800
2021-10-21,54.599998474121094,54.66999816894531,54.209999084472656,54.349998474121094,46.95093536376953,14388300
2021-10-22,54.38999938964844,54.529998779296875,54.06999969482422,54.45000076293945,47.03733444213867,12828600
2021-10-25,54.380001068115234,54.470001220703125,54.02000045776367,54.22999954223633,46.8472785949707,11855000
2021-10-26,54.31999969482422,54.58000183105469,54.22999954223633,54.470001220703125,47.054622650146484,12086700
2021-10-27,55.970001220703125,56.08000183105469,55.27000045776367,55.52000045776367,47.961666107177734,24019800
2021-10-28,55.75,56.11000061035156,55.619998931884766,56.040000915527344,48.410884857177734,15928000
2021-10-29,55.869998931884766,56.470001220703125,55.779998779296875,56.369998931884766,48.69594955444336,24463700
2021-11-01,56.38999938964844,56.400001525878906,55.900001525878906,56.16999816894531,48.52317810058594,11651100
2021-11-02,56.470001220703125,56.5,55.970001220703125,56.099998474121094,48.46270751953125,11498900
2021-11-03,56.0,56.33000183105469,55.779998779296875,56.290000915527344,48.62683868408203,10788300
2021-11-04,56.11000061035156,56.630001068115234,56.029998779296875,56.599998474121094,48.89464569091797,10820200
2021-11-05,56.84000015258789,57.15999984741211,56.59000015258789,56.84000015258789,49.101959228515625,12886700
2021-11-08,56.75,56.88999938964844,56.130001068115234,56.33000183105469,48.66140365600586,12828000
2021-11-09,56.40999984741211,56.52000045776367,56.09000015258789,56.4900016784668,48.799617767333984,10155800
2021-11-10,56.540000915527344,56.91999816894531,56.290000915527344,56.720001220703125,48.99829864501953,8813600
2021-11-11,56.83000183105469,56.880001068115234,56.56999969482422,56.7400016784668,49.01557922363281,7257700
2021-11-12,56.75,56.9900016784668,56.54999923706055,56.61000061035156,48.903282165527344,10162500
2021-11-15,56.529998779296875,56.68000030517578,56.27000045776367,56.619998931884766,48.91191101074219,10289200
2021-11-16,56.619998931884766,56.939998626708984,56.189998626708984,56.220001220703125,48.56637954711914,13756500
2021-11-17,56.040000915527344,56.04999923706055,55.650001525878906,55.90999984741211,48.29856872558594,13288700
2021-11-18,55.83000183105469,55.93000030517578,55.13999938964844,55.40999984741211,47.866641998291016,15380100
2021-11-19,55.439998626708984,55.4900016784668,54.900001525878906,55.130001068115234,47.62476348876953,15813700
2021-11-22,55.099998474121094,56.02000045776367,55.08000183105469,55.470001220703125,47.91847610473633,16905600
2021-11-23,55.65999984741211,56.11000061035156,55.5,55.880001068115234,48.27266311645508,13835900
2021-11-24,55.709999084472656,55.84000015258789,55.029998779296875,55.43000030517578,47.8839225769043,12598900
2021-11-26,54.59000015258789,54.75,53.58000183105469,53.72999954223633,46.41535186767578,14754300
2021-11-29,54.04999923706055,54.72999954223633,53.93000030517578,54.58000183105469,47.149635314941406,22712500
2021-11-30,53.599998474121094,53.630001068115234,52.439998626708984,52.45000076293945,45.66098403930664,30485200
2021-12-01,52.97999954223633,53.52000045776367,52.279998779296875,52.29999923706055,45.53038787841797,18719600
2021-12-02,52.599998474121094,53.34000015258789,52.5099983215332,53.06999969482422,46.20072555541992,17074200
2021-12-03,53.33000183105469,53.61000061035156,52.97999954223633,53.540000915527344,46.609886169433594,21064400
2021-12-06,54.310001373291016,55.25,54.13999938964844,54.90999984741211,47.80255889892578,26624100
2021-12-07,55.02000045776367,55.41999816894531,54.849998474121094,55.209999084472656,48.063716888427734,23832700
2021-12-08,55.119998931884766,55.349998474121094,54.36000061035156,55.0,47.88090896606445,18026300
2021-12-09,54.75,55.130001068115234,54.59000015258789,54.86000061035156,47.759033203125,13846400
2021-12-10,55.25,56.31999969482422,55.06999969482422,56.279998779296875,48.9952278137207,23153600
2021-12-13,56.97999954223633,57.93000030517578,56.959999084472656,57.7599983215332,50.28365707397461,31362800
2021-12-14,57.400001525878906,58.16999816894531,57.400001525878906,57.79999923706055,50.318485260009766,24806600
2021-12-15,57.93000030517578,58.25,57.650001525878906,58.060001373291016,50.54483413696289,24923800
2021-12-16,57.97999954223633,58.880001068115234,57.900001525878906,58.650001525878906,51.058467864990234,24696900
2021-12-17,58.4900016784668,58.91999816894531,57.70000076293945,57.72999954223633,50.25753402709961,51874400
2021-12-20,57.20000076293945,57.779998779296875,57.0,57.540000915527344,50.09213638305664,20879500
2021-12-21,57.61000061035156,57.970001220703125,57.529998779296875,57.77000045776367,50.2923698425293,15864900
2021-12-22,57.709999084472656,58.189998626708984,57.4900016784668,58.18000030517578,50.6492919921875,12447400
2021-12-23,58.52000045776367,58.61000061035156,57.939998626708984,58.220001220703125,50.68412399291992,11027300
2021-12-27,58.0,58.689998626708984,58.0,58.650001525878906,51.058467864990234,9860000
2021-12-28,58.400001525878906,58.939998626708984,58.29999923706055,58.880001068115234,51.25869369506836,8979900
2021-12-29,58.95000076293945,59.099998474121094,58.65999984741211,58.95000076293945,51.31962966918945,9996000
2021-12-30,59.060001373291016,59.22999954223633,58.7599983215332,58.779998779296875,51.171630859375,7703900
2021-12-31,58.75,59.349998474121094,58.70000076293945,59.209999084472656,51.54597091674805,10021300
2022-01-03,58.81999969482422,59.310001373291016,58.380001068115234,59.29999923706055,51.624332427978516,20187300
2022-01-04,59.72999954223633,60.540000915527344,59.59000015258789,60.290000915527344,52.48618698120117,26141600
2022-01-05,60.09000015258789,61.20000076293945,60.04999923706055,60.790000915527344,52.92145919799805,22507300
2022-01-06,60.470001220703125,61.119998931884766,60.439998626708984,60.470001220703125,52.642879486083984,17902300
2022-01-07,60.279998779296875,60.720001220703125,60.060001373291016,60.33000183105469,52.52100372314453,12307900
2022-01-10,60.54999923706055,60.81999969482422,60.18000030517578,60.43000030517578,52.608055114746094,20954300
2022-01-11,60.43000030517578,60.4900016784668,59.84000015258789,60.45000076293945,52.62546920776367,19369600
2022-01-12,60.529998779296875,60.689998626708984,60.189998626708984,60.540000915527344,52.703819274902344,15753800
2022-01-13,60.540000915527344,61.040000915527344,60.38999938964844,60.900001525878906,53.01723098754883,14318000
2022-01-14,60.939998626708984,61.45000076293945,60.36000061035156,61.38999938964844,53.44380569458008,19729600
2022-01-18,61.060001373291016,61.189998626708984,60.45000076293945,60.900001525878906,53.01723098754883,21976700
2022-01-19,60.65999984741211,61.18000030517578,60.560001373291016,61.0,53.104286193847656,18654700
2022-01-20,61.0,61.439998626708984,60.720001220703125,60.75,52.88664245605469,23002400
2022-01-21,61.08000183105469,61.29999923706055,60.400001525878906,60.45000076293945,52.62546920776367,26643200
2022-01-24,59.900001525878906,60.349998474121094,58.56999969482422,59.959999084472656,52.19889831542969,30185100
2022-01-25,59.36000061035156,60.04999923706055,58.689998626708984,59.81999969482422,52.077022552490234,19027100
2022-01-26,59.790000915527344,60.349998474121094,59.209999084472656,59.599998474121094,51.885501861572266,19190200
2022-01-27,59.880001068115234,60.93000030517578,59.5,59.650001525878906,51.92902755737305,18893800
2022-01-28,59.38999938964844,60.88999938964844,58.939998626708984,60.84000015258789,52.964988708496094,19101500
2022-01-31,60.29999923706055,61.13999938964844,60.150001525878906,61.0099983215332,53.11298370361328,22045300
2022-02-01,60.90999984741211,61.13999938964844,60.15999984741211,60.560001373291016,52.72123336791992,20841700
2022-02-02,60.619998931884766,61.27000045776367,60.560001373291016,61.18000030517578,53.260986328125,20225600
2022-02-03,60.939998626708984,61.779998779296875,60.59000015258789,61.61000061035156,53.63532638549805,19440500
2022-02-04,61.4900016784668,61.68000030517578,60.56999969482422,60.959999084472656,53.06945037841797,17403700
2022-02-07,61.380001068115234,61.720001220703125,60.86000061035156,61.599998474121094,53.62661361694336,17846400
2022-02-08,61.83000183105469,62.33000183105469,61.7400016784668,62.0,53.97484588623047,18771700
2022-02-09,62.16999816894531,62.31999969482422,60.900001525878906,61.040000915527344,53.139102935791016,23595600
2022-02-10,60.36000061035156,62.29999923706055,60.20000076293945,61.380001068115234,53.43509292602539,23561500
2022-02-11,61.77000045776367,61.97999954223633,60.150001525878906,60.290000915527344,52.48618698120117,22781400
2022-02-14,60.15999984741211,60.790000915527344,59.279998779296875,60.68000030517578,52.82569885253906,23641300
2022-02-15,60.959999084472656,61.779998779296875,60.630001068115234,60.90999984741211,53.025936126708984,13408700
2022-02-16,60.86000061035156,61.400001525878906,60.560001373291016,60.900001525878906,53.01723098754883,15484700
2022-02-17,60.54999923706055,62.279998779296875,60.40999984741211,62.119998931884766,54.07931137084961,21468700
2022-02-18,62.119998931884766,62.81999969482422,61.9900016784668,62.540000915527344,54.44493865966797,21975000
2022-02-22,62.43000030517578,62.63999938964844,61.720001220703125,62.279998779296875,54.21859359741211,21731400
2022-02-23,62.2400016784668,62.33000183105469,61.34000015258789,61.59000015258789,53.6179084777832,19248500
2022-02-24,59.970001220703125,60.619998931884766,59.220001220703125,60.5099983215332,52.67770004272461,27207400
2022-02-25,60.939998626708984,62.900001525878906,60.91999816894531,62.849998474121094,54.71482467651367,21487800
2022-02-28,61.650001525878906,62.34000015258789,61.40999984741211,62.2400016784668,54.183780670166016,25879100
2022-03-01,62.13999938964844,62.75,61.5099983215332,61.970001220703125,53.948726654052734,15871100
2022-03-02,62.22999954223633,62.880001068115234,61.779998779296875,62.43000030517578,54.349178314208984,17319100
2022-03-03,62.61000061035156,63.02000045776367,62.290000915527344,62.470001220703125,54.38400650024414,21262800
2022-03-04,61.459999084472656,62.59000015258789,61.20000076293945,62.56999969482422,54.471065521240234,17163000
2022-03-07,62.0099983215332,62.06999969482422,60.720001220703125,61.08000183105469,53.173927307128906,29151400
2022-03-08,61.45000076293945,61.540000915527344,58.59000015258789,58.65999984741211,51.06717300415039,30242100
2022-03-09,59.81999969482422,59.84000015258789,58.65999984741211,58.959999084472656,51.32833480834961,23022700
2022-03-10,58.47999954223633,58.65999984741211,57.5,57.880001068115234,50.38812255859375,20887300
2022-03-11,57.959999084472656,58.849998474121094,57.86000061035156,57.91999816894531,50.422943115234375,19855600
2022-03-14,57.970001220703125,59.040000915527344,57.970001220703125,58.540000915527344,51.352806091308594,17799400
2022-03-15,59.08000183105469,59.88999938964844,58.97999954223633,59.619998931884766,52.30022048950195,18607200
2022-03-16,59.779998779296875,59.939998626708984,58.61000061035156,59.459999084472656,52.159854888916016,17347300
2022-03-17,59.459999084472656,60.13999938964844,59.22999954223633,60.09000015258789,52.7125129699707,15586200
2022-03-18,60.29999923706055,60.29999923706055,59.709999084472656,60.099998474121094,52.721275329589844,30197800
2022-03-21,60.5,61.099998474121094,60.25,60.58000183105469,53.14235305786133,17440100
2022-03-22,60.93000030517578,60.95000076293945,60.060001373291016,60.79999923706055,53.33534240722656,17559500
2022-03-23,60.75,60.97999954223633,60.0,60.400001525878906,52.98445129394531,15529200
2022-03-24,60.63999938964844,61.02000045776367,60.459999084472656,60.97999954223633,53.49323654174805,13151300
2022-03-25,61.119998931884766,61.61000061035156,61.04999923706055,61.529998779296875,53.9757080078125,12259800
2022-03-28,61.529998779296875,61.939998626708984,61.209999084472656,61.91999816894531,54.31782913208008,11485200
2022-03-29,62.209999084472656,62.529998779296875,61.7400016784668,62.15999984741211,54.52836227416992,14720600
2022-03-30,62.0099983215332,62.209999084472656,61.560001373291016,62.209999084472656,54.57223129272461,13641000
2022-03-31,62.220001220703125,62.63999938964844,62.0,62.0,54.38801193237305,16822900
2022-04-01,62.33000183105469,62.95000076293945,62.09000015258789,62.869998931884766,55.15119171142578,12644900
2022-04-04,62.599998474121094,62.790000915527344,61.720001220703125,62.540000915527344,54.8617057800293,11505800
2022-04-05,62.400001525878906,63.2400016784668,62.369998931884766,62.470001220703125,54.80030822753906,15721200
2022-04-06,62.77000045776367,63.2599983215332,62.29999923706055,63.099998474121094,55.35295867919922,19267400
2022-04-07,63.130001068115234,63.66999816894531,62.709999084472656,63.439998626708984,55.651214599609375,13960800
2022-04-08,63.47999954223633,64.04000091552734,63.15999984741211,63.83000183105469,55.993343353271484,12703500
2022-04-11,63.90999984741211,64.30000305175781,63.63999938964844,63.810001373291016,55.975791931152344,12720100
2022-04-12,64.37999725341797,64.80999755859375,63.88999938964844,64.55999755859375,56.633705139160156,18089900
2022-04-13,64.44000244140625,64.87000274658203,64.2300033569336,64.7300033569336,56.782833099365234,11883000
2022-04-14,64.95999908447266,65.56999969482422,64.81999969482422,65.0199966430664,57.03722381591797,16388400
2022-04-18,64.7699966430664,65.18000030517578,64.18000030517578,64.44000244140625,56.5284423828125,11679400
2022-04-19,64.5,65.25,64.44000244140625,65.06999969482422,57.08109664916992,11993800
2022-04-20,65.44000244140625,66.23999786376953,65.4000015258789,65.95999908447266,57.86182403564453,14827100
2022-04-21,65.9800033569336,67.0,65.72000122070312,66.20999908447266,58.08113479614258,15120400
2022-04-22,66.08000183105469,66.33999633789062,65.18000030517578,65.25,57.23899841308594,14902200
2022-04-25,67.0,67.19999694824219,64.77999877929688,65.94000244140625,57.84428024291992,25082000
2022-04-26,65.5199966430664,66.37000274658203,65.04000091552734,65.05000305175781,57.06355285644531,21982600
2022-04-27,65.0,66.27999877929688,65.0,65.55999755859375,57.510929107666016,16971000
2022-04-28,64.66000366210938,66.27999877929688,64.5,66.19000244140625,58.06359100341797,22010600
2022-04-29,65.87000274658203,66.02999877929688,64.48999786376953,64.61000061035156,56.67757034301758,20137100
2022-05-02,65.27999877929688,65.30999755859375,62.58000183105469,63.439998626708984,55.651214599609375,24970300
2022-05-03,63.720001220703125,63.939998626708984,62.66999816894531,63.08000183105469,55.33542251586914,21686300
2022-05-04,63.0,65.12000274658203,62.939998626708984,65.02999877929688,57.04600524902344,19780200
2022-05-05,64.69000244140625,65.02999877929688,64.01000213623047,64.51000213623047,56.5898551940918,20155200
2022-05-06,64.19999694824219,65.30999755859375,64.06999969482422,64.73999786376953,56.791603088378906,18984000
2022-05-09,64.47000122070312,65.36000061035156,64.04000091552734,64.61000061035156,56.67757034301758,20055300
2022-05-10,64.5,65.31999969482422,63.849998474121094,64.01000213623047,56.1512336730957,21322200
2022-05-11,64.33000183105469,65.19999694824219,63.959999084472656,64.30999755859375,56.41440200805664,19648400
2022-05-12,64.16000366210938,64.52999877929688,63.209999084472656,64.51000213623047,56.5898551940918,22574700
2022-05-13,64.80999755859375,65.80000305175781,64.12000274658203,65.72000122070312,57.65129089355469,16167000
2022-05-16,65.44000244140625,66.37999725341797,65.44000244140625,65.95999908447266,57.86182403564453,13223200
2022-05-17,66.0999984741211,66.0999984741211,65.01000213623047,65.77999877929688,57.70391845703125,21300600
2022-05-18,65.41999816894531,65.5199966430664,60.959999084472656,61.20000076293945,53.68622970581055,31437300
2022-05-19,60.959999084472656,60.959999084472656,59.65999984741211,60.0,52.63355255126953,31493900
2022-05-20,60.4900016784668,61.2400016784668,59.65999984741211,60.97999954223633,53.49323654174805,29133800
2022-05-23,61.650001525878906,63.099998474121094,61.59000015258789,62.86000061035156,55.142425537109375,19406900
2022-05-24,62.880001068115234,64.19000244140625,62.75,64.0199966430664,56.160003662109375,16154200
2022-05-25,64.0,64.47000122070312,63.599998474121094,64.06999969482422,56.20387268066406,15360500
2022-05-26,64.06999969482422,65.0999984741211,63.959999084472656,64.30000305175781,56.405635833740234,16159800
2022-05-27,64.26000213623047,64.83000183105469,64.13999938964844,64.68000030517578,56.73897933959961,17709000
2022-05-31,64.08000183105469,64.31999969482422,63.04999923706055,63.380001068115234,55.59858703613281,43159000
2022-06-01,63.41999816894531,63.68000030517578,62.130001068115234,63.06999969482422,55.32664108276367,15408300
2022-06-02,63.18000030517578,63.7400016784668,62.11000061035156,63.72999954223633,55.90560531616211,14586000
2022-06-03,63.56999969482422,63.630001068115234,62.810001373291016,62.970001220703125,55.23891830444336,13539900
2022-06-06,63.33000183105469,63.77000045776367,62.65999984741211,62.869998931884766,55.15119171142578,15112800
2022-06-07,62.380001068115234,63.369998931884766,62.220001220703125,63.25,55.48453903198242,17886300
2022-06-08,62.9900016784668,63.209999084472656,62.560001373291016,62.88999938964844,55.168739318847656,10211500
2022-06-09,62.869998931884766,63.349998474121094,61.779998779296875,61.79999923706055,54.212562561035156,13382200
2022-06-10,61.0099983215332,61.88999938964844,60.459999084472656,61.40999984741211,53.870452880859375,14967600
2022-06-13,60.75,62.290000915527344,60.66999816894531,61.34000015258789,53.80902862548828,23064200
2022-06-14,60.72999954223633,60.88999938964844,58.65999984741211,59.22999954223633,52.33348846435547,24620000
2022-06-15,60.0,60.63999938964844,58.970001220703125,59.66999816894531,52.72224426269531,19684700
2022-06-16,58.63999938964844,59.52000045776367,58.25,59.06999969482422,52.19211959838867,15053800
2022-06-17,59.70000076293945,60.130001068115234,59.130001068115234,59.43000030517578,52.51020431518555,34781900
2022-06-21,59.4900016784668,60.880001068115234,59.0099983215332,60.70000076293945,53.63233184814453,17705000
2022-06-22,60.599998474121094,61.45000076293945,60.31999969482422,61.150001525878906,54.029937744140625,15207100
2022-06-23,61.29999923706055,61.90999984741211,61.22999954223633,61.880001068115234,54.674930572509766,17190900
2022-06-24,62.11000061035156,63.060001373291016,62.11000061035156,63.040000915527344,55.699867248535156,18147100
2022-06-27,62.97999954223633,63.290000915527344,62.630001068115234,62.90999984741211,55.58500289916992,12142100
2022-06-28,63.08000183105469,63.7599983215332,62.11000061035156,62.279998779296875,55.028343200683594,13150100
2022-06-29,62.540000915527344,63.11000061035156,62.43000030517578,62.72999954223633,55.42596435546875,11795500
2022-06-30,62.31999969482422,63.11000061035156,62.15999984741211,62.90999984741211,55.58500289916992,15514200
2022-07-01,63.119998931884766,64.44999694824219,62.81999969482422,64.37999725341797,56.88384246826172,15143200
2022-07-05,64.18000030517578,64.18000030517578,62.41999816894531,63.279998779296875,55.911922454833984,15921200
2022-07-06,63.599998474121094,64.08999633789062,63.189998626708984,63.40999984741211,56.026790618896484,13450500
2022-07-07,63.2599983215332,63.58000183105469,62.70000076293945,62.90999984741211,55.58500289916992,14828400
2022-07-08,63.029998779296875,63.41999816894531,62.880001068115234,63.13999938964844,55.78822708129883,11311500
2022-07-11,62.9900016784668,63.459999084472656,62.59000015258789,62.939998626708984,55.611515045166016,12702100
2022-07-12,63.0,63.45000076293945,62.470001220703125,62.66999816894531,55.37295150756836,14731100
2022-07-13,62.33000183105469,63.0,61.97999954223633,62.380001068115234,55.11671447753906,13145300
2022-07-14,61.33000183105469,62.25,61.29999923706055,62.18000030517578,54.940006256103516,14433000
2022-07-15,62.75,62.970001220703125,62.06999969482422,62.5,55.22273635864258,21968400
2022-07-18,62.52000045776367,62.560001373291016,61.5099983215332,61.650001525878906,54.471717834472656,10780800
2022-07-19,62.09000015258789,62.650001525878906,61.93000030517578,62.529998779296875,55.24925231933594,10998200
2022-07-20,62.400001525878906,62.58000183105469,61.150001525878906,61.5,54.33918380737305,11010500
2022-07-21,61.2599983215332,61.880001068115234,60.790000915527344,61.36000061035156,54.21548080444336,11959600
2022-07-22,61.380001068115234,61.869998931884766,61.31999969482422,61.59000015258789,54.418701171875,11644700
2022-07-25,61.54999923706055,62.29999923706055,61.310001373291016,62.189998626708984,54.94883346557617,14941700
2022-07-26,62.75,63.79999923706055,62.529998779296875,63.209999084472656,55.850074768066406,20118000
2022-07-27,62.880001068115234,63.189998626708984,61.790000915527344,63.0099983215332,55.6733512878418,12142900
2022-07-28,62.91999816894531,64.25,62.88999938964844,64.05999755859375,56.60110092163086,10837000
2022-07-29,63.709999084472656,64.29000091552734,63.630001068115234,64.16999816894531,56.69829177856445,13734200
2022-08-01,64.08999633789062,65.04000091552734,64.02999877929688,64.5199966430664,57.00754165649414,12831500
2022-08-02,64.58999633789062,64.5999984741211,63.43000030517578,63.63999938964844,56.230003356933594,15241900
2022-08-03,63.54999923706055,64.0999984741211,63.310001373291016,63.91999816894531,56.47740173339844,11317000
2022-08-04,63.63999938964844,63.72999954223633,62.91999816894531,63.66999816894531,56.25651550292969,11795600
2022-08-05,63.630001068115234,63.630001068115234,62.66999816894531,63.380001068115234,56.00028610229492,10445400
2022-08-08,63.5,63.810001373291016,62.75,62.970001220703125,55.63801956176758,9165200
2022-08-09,63.18000030517578,63.310001373291016,62.849998474121094,63.04999923706055,55.708702087402344,7910900
2022-08-10,63.630001068115234,63.790000915527344,63.099998474121094,63.650001525878906,56.23884201049805,8857300
2022-08-11,63.689998626708984,63.9900016784668,63.08000183105469,63.220001220703125,55.858909606933594,8507800
2022-08-12,63.43000030517578,63.7599983215332,63.09000015258789,63.70000076293945,56.28302001953125,9489300
2022-08-15,63.63999938964844,64.69000244140625,63.56999969482422,64.5,56.9898681640625,9863300
2022-08-16,64.56999969482422,65.2300033569336,64.33000183105469,65.02999877929688,57.458160400390625,9569600
2022-08-17,64.83000183105469,65.22000122070312,64.76000213623047,64.87999725341797,57.32562255859375,8144000
2022-08-18,64.95999908447266,65.3499984741211,64.70999908447266,65.22000122070312,57.626033782958984,6532000
2022-08-19,65.20999908447266,65.47000122070312,64.95999908447266,65.16999816894531,57.58185958862305,8921100
2022-08-22,64.83999633789062,64.91999816894531,63.9900016784668,64.19999694824219,56.72480010986328,9087900
2022-08-23,63.81999969482422,64.37000274658203,63.68000030517578,64.2699966430664,56.78665542602539,8443800
2022-08-24,64.23999786376953,64.58000183105469,64.05000305175781,64.36000061035156,56.86617660522461,6844700
2022-08-25,64.36000061035156,64.70999908447266,63.900001525878906,64.66999816894531,57.14007568359375,7913900
2022-08-26,64.7300033569336,64.80000305175781,62.97999954223633,63.11000061035156,55.76172637939453,10089500
2022-08-29,62.689998626708984,63.029998779296875,62.40999984741211,62.72999954223633,55.42596435546875,9115900
2022-08-30,62.90999984741211,62.90999984741211,61.9900016784668,62.150001525878906,54.91349792480469,8456800
2022-08-31,62.380001068115234,62.529998779296875,61.70000076293945,61.709999084472656,54.52473068237305,14633600
2022-09-01,61.58000183105469,62.040000915527344,61.290000915527344,62.0,54.78096389770508,14939700
2022-09-02,62.38999938964844,62.77000045776367,60.900001525878906,61.150001525878906,54.029937744140625,11809800
2022-09-06,61.290000915527344,61.970001220703125,60.9900016784668,61.18000030517578,54.05644226074219,12181800
2022-09-07,61.31999969482422,62.4900016784668,61.31999969482422,62.310001373291016,55.054866790771484,13290700
2022-09-08,62.08000183105469,62.29999923706055,61.34000015258789,62.119998931884766,54.88698959350586,17193500
2022-09-09,62.16999816894531,62.880001068115234,61.86000061035156,62.31999969482422,55.06370544433594,11855900
2022-09-12,62.43000030517578,62.810001373291016,62.27000045776367,62.5,55.22273635864258,13026900
2022-09-13,62.20000076293945,62.220001220703125,60.279998779296875,60.470001220703125,53.42909622192383,18532800
2022-09-14,60.63999938964844,61.08000183105469,60.439998626708984,60.790000915527344,53.71185302734375,12881600
2022-09-15,60.400001525878906,60.400001525878906,59.36000061035156,59.529998779296875,52.98204040527344,11451900
2022-09-16,59.65999984741211,59.79999923706055,59.11000061035156,59.540000915527344,52.99094772338867,20493500
2022-09-19,59.38999938964844,60.099998474121094,59.22999954223633,59.9900016784668,53.39144515991211,12596200
2022-09-20,59.68000030517578,60.029998779296875,59.31999969482422,59.900001525878906,53.31135177612305,11984600
2022-09-21,60.13999938964844,60.70000076293945,59.38999938964844,59.400001525878906,52.8663444519043,14165300
2022-09-22,59.54999923706055,59.72999954223633,59.20000076293945,59.2599983215332,52.74173355102539,11657600
2022-09-23,58.959999084472656,59.099998474121094,58.0,58.599998474121094,52.15433120727539,14824000
2022-09-26,58.4900016784668,58.56999969482422,57.689998626708984,57.869998931884766,51.504634857177734,18670100
2022-09-27,58.08000183105469,58.369998931884766,56.310001373291016,56.380001068115234,50.178531646728516,23829300
2022-09-28,56.65999984741211,57.25,55.90999984741211,56.97999954223633,50.7125244140625,21480100
2022-09-29,57.09000015258789,57.290000915527344,56.0,56.56999969482422,50.34762191772461,14570700
2022-09-30,56.869998931884766,57.130001068115234,56.0,56.02000045776367,49.85812759399414,16124600
2022-10-03,56.36000061035156,56.849998474121094,56.060001373291016,56.650001525878906,50.418819427490234,16277600
2022-10-04,56.95000076293945,57.810001373291016,56.459999084472656,56.779998779296875,50.53452682495117,18861400
2022-10-05,56.5,56.650001525878906,55.5099983215332,56.2400016784668,50.053932189941406,14324900
2022-10-06,56.0,56.099998474121094,54.869998931884766,55.029998779296875,48.977020263671875,17192800
2022-10-07,54.9900016784668,55.09000015258789,54.25,54.5099983215332,48.51421356201172,11479800
2022-10-10,54.599998474121094,54.959999084472656,54.02000045776367,54.38999938964844,48.40740966796875,10239100
2022-10-11,54.459999084472656,55.220001220703125,54.2400016784668,54.47999954223633,48.487518310546875,14303900
2022-10-12,55.22999954223633,56.040000915527344,55.040000915527344,55.13999938964844,49.074913024902344,18377400
2022-10-13,54.47999954223633,56.08000183105469,54.2599983215332,55.869998931884766,49.7246208190918,16220700
2022-10-14,56.290000915527344,56.470001220703125,54.939998626708984,54.97999954223633,48.932518005371094,15997900
2022-10-17,55.630001068115234,56.220001220703125,55.56999969482422,55.689998626708984,49.56441879272461,13721400
2022-10-18,56.310001373291016,56.779998779296875,56.099998474121094,56.439998626708984,50.231929779052734,11823100
2022-10-19,56.310001373291016,56.540000915527344,55.72999954223633,55.959999084472656,49.80472183227539,10182300
2022-10-20,55.77000045776367,55.91999816894531,54.959999084472656,55.08000183105469,49.02152633666992,16905100
2022-10-21,55.0,56.11000061035156,54.9900016784668,55.959999084472656,49.80472183227539,15034100
2022-10-24,56.63999938964844,57.72999954223633,56.56999969482422,57.56999969482422,51.23763656616211,17416700
2022-10-25,59.040000915527344,59.11000061035156,57.75,58.95000076293945,52.46583557128906,28829900
2022-10-26,59.0099983215332,59.779998779296875,58.86000061035156,59.38999938964844,52.85744094848633,15831400
2022-10-27,59.77000045776367,59.84000015258789,59.380001068115234,59.529998779296875,52.98204040527344,16026100
2022-10-28,59.56999969482422,60.90999984741211,59.470001220703125,60.7599983215332,54.07674789428711,12888900
2022-10-31,60.5099983215332,60.56999969482422,59.66999816894531,59.849998474121094,53.266849517822266,14016400
2022-11-01,60.029998779296875,60.290000915527344,59.369998931884766,59.63999938964844,53.07994842529297,10659500
2022-11-02,59.63999938964844,60.22999954223633,58.77000045776367,58.810001373291016,52.341243743896484,14549200
2022-11-03,58.11000061035156,59.0,58.099998474121094,58.779998779296875,52.31453323364258,9194000
2022-11-04,59.29999923706055,59.59000015258789,58.560001373291016,59.2599983215332,52.74173355102539,9725900
2022-11-07,59.2599983215332,59.77000045776367,59.2400016784668,59.4900016784668,52.946441650390625,8849700
2022-11-08,59.75,59.790000915527344,58.939998626708984,59.599998474121094,53.04434585571289,10081600
2022-11-09,59.59000015258789,59.63999938964844,58.75,58.77000045776367,52.30564498901367,10115200
2022-11-10,60.25,61.040000915527344,59.68000030517578,60.880001068115234,54.18355941772461,16804800
2022-11-11,61.369998931884766,61.45000076293945,60.209999084472656,61.31999969482422,54.57515335083008,18972100
2022-11-14,61.31999969482422,61.720001220703125,60.709999084472656,60.72999954223633,54.050045013427734,16361000
2022-11-15,61.130001068115234,61.45000076293945,60.0,60.630001068115234,53.96105194091797,13295800
2022-11-16,60.790000915527344,61.029998779296875,60.290000915527344,60.52000045776367,53.8631477355957,14199500
2022-11-17,60.189998626708984,60.7400016784668,60.130001068115234,60.709999084472656,54.03224563598633,11212600
2022-11-18,60.9900016784668,61.369998931884766,60.79999923706055,61.13999938964844,54.414955139160156,10415600
2022-11-21,61.40999984741211,62.209999084472656,61.20000076293945,62.08000183105469,55.25156021118164,15399400
2022-11-22,62.470001220703125,62.5,62.04999923706055,62.349998474121094,55.49186325073242,12319600
2022-11-23,62.4900016784668,62.790000915527344,62.29999923706055,62.630001068115234,55.74106216430664,8990400
2022-11-25,62.72999954223633,62.810001373291016,62.380001068115234,62.689998626708984,55.794456481933594,5165500
2022-11-28,62.689998626708984,63.099998474121094,62.560001373291016,62.70000076293945,55.80335998535156,12267500
2022-11-29,62.52000045776367,62.56999969482422,61.97999954223633,62.47999954223633,55.607566833496094,10969600
2022-11-30,62.0099983215332,63.68000030517578,61.75,63.61000061035156,57.01478576660156,30433900
2022-12-01,63.61000061035156,64.11000061035156,63.43000030517578,63.790000915527344,57.17611312866211,12001400
2022-12-02,63.61000061035156,64.5199966430664,63.400001525878906,64.3499984741211,57.67805480957031,13643500
2022-12-05,63.40999984741211,63.79999923706055,63.2599983215332,63.470001220703125,56.88928985595703,9185100
2022-12-06,63.52000045776367,63.880001068115234,63.22999954223633,63.439998626708984,56.862403869628906,10099500
2022-12-07,63.45000076293945,63.720001220703125,63.25,63.540000915527344,56.95203399658203,12307600
2022-12-08,63.599998474121094,63.849998474121094,63.349998474121094,63.810001373291016,57.19404983520508,9946200
2022-12-09,63.61000061035156,63.84000015258789,63.09000015258789,63.13999938964844,56.593505859375,13914900
2022-12-12,63.29999923706055,64.01000213623047,63.0099983215332,63.970001220703125,57.33745574951172,11647900
2022-12-13,64.58999633789062,64.69999694824219,63.79999923706055,63.9900016784668,57.355384826660156,17521600
2022-12-14,64.19000244140625,64.6500015258789,63.56999969482422,63.9900016784668,57.355384826660156,12826700
2022-12-15,63.59000015258789,63.88999938964844,62.4900016784668,63.11000061035156,56.566619873046875,12212300
2022-12-16,62.75,63.13999938964844,62.33000183105469,62.75,56.24394607543945,33631500
2022-12-19,62.83000183105469,63.40999984741211,62.470001220703125,62.84000015258789,56.32461166381836,10919700
2022-12-20,62.81999969482422,63.150001525878906,62.75,62.790000915527344,56.2797966003418,10286500
2022-12-21,63.06999969482422,64.05000305175781,63.06999969482422,63.79999923706055,57.185081481933594,10411300
2022-12-22,63.41999816894531,63.59000015258789,62.650001525878906,63.34000015258789,56.77277374267578,9666700
2022-12-23,63.5,63.869998931884766,63.20000076293945,63.81999969482422,57.20301055908203,6463300
2022-12-27,63.93000030517578,64.29000091552734,63.709999084472656,64.20999908447266,57.552574157714844,7320700
2022-12-28,64.45999908447266,64.6500015258789,63.4900016784668,63.56999969482422,56.97892379760742,7159400
2022-12-29,63.79999923706055,64.1500015258789,63.70000076293945,63.95000076293945,57.31952667236328,7169300
2022-12-30,63.91999816894531,63.91999816894531,63.16999816894531,63.61000061035156,57.01478576660156,7650200
2023-01-03,63.560001373291016,63.560001373291016,62.18000030517578,62.95000076293945,56.423213958740234,12180500
2023-01-04,63.150001525878906,63.33000183105469,62.5099983215332,62.91999816894531,56.39631271362305,13387900
2023-01-05,62.599998474121094,62.79999923706055,62.08000183105469,62.20000076293945,55.7509651184082,9814700
2023-01-06,62.90999984741211,63.66999816894531,62.58000183105469,63.400001525878906,56.826560974121094,9990000
2023-01-09,63.29999923706055,63.720001220703125,62.58000183105469,62.61000061035156,56.11845397949219,9442600
2023-01-10,62.599998474121094,62.72999954223633,61.91999816894531,62.130001068115234,55.688236236572266,10134600
2023-01-11,62.380001068115234,62.560001373291016,61.40999984741211,62.0099983215332,55.58067321777344,10823000
2023-01-12,62.11000061035156,62.18000030517578,60.970001220703125,61.209999084472656,54.86361312866211,13907300
2023-01-13,60.70000076293945,61.459999084472656,60.59000015258789,61.43000030517578,55.06080627441406,13986400
2023-01-17,61.72999954223633,62.380001068115234,61.560001373291016,61.68000030517578,55.28488540649414,18327800
2023-01-18,61.5099983215332,61.59000015258789,59.68000030517578,59.810001373291016,53.608768463134766,19679400
2023-01-19,59.72999954223633,60.63999938964844,59.709999084472656,59.720001220703125,53.52809524536133,14894500
2023-01-20,59.720001220703125,60.09000015258789,59.400001525878906,60.08000183105469,53.85076904296875,14237700
2023-01-23,60.279998779296875,60.56999969482422,60.04999923706055,60.22999954223633,53.985225677490234,12613400
2023-01-24,60.08000183105469,61.849998474121094,59.79999923706055,60.54999923706055,54.27204132080078,10103300
2023-01-25,60.20000076293945,60.939998626708984,59.88999938964844,60.93000030517578,54.61264419555664,11265800
2023-01-26,60.810001373291016,61.099998474121094,60.56999969482422,60.810001373291016,54.50508499145508,11884800
2023-01-27,60.84000015258789,60.959999084472656,60.369998931884766,60.4900016784668,54.218265533447266,14087000
2023-01-30,60.540000915527344,61.16999816894531,60.459999084472656,60.63999938964844,54.35271453857422,15632000
2023-01-31,60.97999954223633,61.34000015258789,60.5099983215332,61.31999969482422,54.96220397949219,14344400
2023-02-01,61.13999938964844,61.58000183105469,60.619998931884766,61.33000183105469,54.97117233276367,12535400
2023-02-02,60.79999923706055,61.02000045776367,59.90999984741211,60.279998779296875,54.03004455566406,16947200
2023-02-03,60.349998474121094,60.41999816894531,59.22999954223633,59.83000183105469,53.62670135498047,15404400
2023-02-06,59.790000915527344,60.34000015258789,59.720001220703125,60.16999816894531,53.93144226074219,11330900
2023-02-07,59.66999816894531,60.2400016784668,59.540000915527344,60.06999969482422,53.84181213378906,14922700
2023-02-08,59.91999816894531,59.91999816894531,59.59000015258789,59.720001220703125,53.52809524536133,11012000
2023-02-09,60.150001525878906,60.31999969482422,59.599998474121094,59.619998931884766,53.4384765625,12515300
2023-02-10,59.720001220703125,59.900001525878906,58.880001068115234,59.619998931884766,53.4384765625,14420700
2023-02-13,59.900001525878906,60.7599983215332,59.72999954223633,60.599998474121094,54.316856384277344,16191800
2023-02-14,60.209999084472656,60.900001525878906,59.560001373291016,59.59000015258789,53.41157913208008,20505700
2023-02-15,59.900001525878906,59.93000030517578,59.22999954223633,59.59000015258789,53.41157913208008,13171400
2023-02-16,59.22999954223633,59.81999969482422,58.95000076293945,59.220001220703125,53.0799446105957,16538300
2023-02-17,59.5,60.22999954223633,59.380001068115234,60.119998931884766,53.886634826660156,16814700
2023-02-21,59.9900016784668,60.22999954223633,59.720001220703125,59.79999923706055,53.59981155395508,14278300
2023-02-22,59.849998474121094,60.36000061035156,59.75,59.97999954223633,53.761138916015625,12409600
2023-02-23,60.0099983215332,60.41999816894531,59.810001373291016,60.09000015258789,53.859737396240234,12222800
2023-02-24,59.68000030517578,59.90999984741211,59.38999938964844,59.84000015258789,53.635658264160156,9736200
2023-02-27,60.18000030517578,60.29999923706055,59.7400016784668,59.81999969482422,53.617740631103516,8849800
2023-02-28,59.70000076293945,59.70000076293945,59.13999938964844,59.5099983215332,53.339874267578125,16082200
2023-03-01,59.130001068115234,59.18000030517578,58.369998931884766,58.86000061035156,52.75727081298828,13275800
2023-03-02,58.84000015258789,59.779998779296875,58.79999923706055,59.720001220703125,53.52809524536133,11758300
2023-03-03,59.54999923706055,59.68000030517578,59.209999084472656,59.439998626708984,53.27713394165039,13101800
2023-03-06,59.2599983215332,60.380001068115234,59.220001220703125,60.36000061035156,54.10174560546875,16282700
2023-03-07,60.4900016784668,60.56999969482422,59.75,60.0099983215332,53.78803253173828,13961200
2023-03-08,60.040000915527344,60.33000183105469,59.72999954223633,60.040000915527344,53.814918518066406,10851600
2023-03-09,60.540000915527344,60.540000915527344,59.279998779296875,59.459999084472656,53.29507064819336,13900900
2023-03-10,59.70000076293945,60.13999938964844,58.9900016784668,59.209999084472656,53.070980072021484,13745800
2023-03-13,59.290000915527344,60.869998931884766,59.25,59.810001373291016,53.608768463134766,21956000
2023-03-14,60.0,60.459999084472656,59.349998474121094,60.029998779296875,53.80595779418945,19496900
2023-03-15,59.43000030517578,60.47999954223633,59.2400016784668,60.43000030517578,54.16448211669922,21089900
2023-03-16,60.09000015258789,60.34000015258789,59.70000076293945,60.29999923706055,54.46253967285156,15658300
2023-03-17,60.310001373291016,60.349998474121094,59.63999938964844,60.02000045776367,54.20964813232422,27351200
2023-03-20,60.15999984741211,60.599998474121094,59.970001220703125,60.599998474121094,54.73349380493164,12904100
2023-03-21,60.56999969482422,60.75,59.880001068115234,60.31999969482422,54.4806022644043,13716500
2023-03-22,60.400001525878906,60.869998931884766,60.029998779296875,60.04999923706055,54.23674011230469,10494200
2023-03-23,60.09000015258789,60.38999938964844,59.720001220703125,59.91999816894531,54.119327545166016,15479000
2023-03-24,60.25,61.02000045776367,59.90999984741211,60.900001525878906,55.00445556640625,12975600
2023-03-27,61.13999938964844,61.47999954223633,60.95000076293945,61.349998474121094,55.41089630126953,12777400
2023-03-28,61.38999938964844,61.7400016784668,61.27000045776367,61.41999816894531,55.474117279052734,10925700
2023-03-29,61.720001220703125,61.95000076293945,61.59000015258789,61.86000061035156,55.87153244018555,9441000
2023-03-30,61.880001068115234,62.09000015258789,61.65999984741211,61.849998474121094,55.86248779296875,9870700
2023-03-31,62.060001373291016,62.25,61.869998931884766,62.029998779296875,56.02505874633789,14440900
2023-04-03,62.29999923706055,62.52000045776367,61.86000061035156,62.400001525878906,56.359249114990234,12300700
2023-04-04,62.38999938964844,62.7400016784668,62.08000183105469,62.209999084472656,56.18763732910156,11433400
2023-04-05,62.529998779296875,63.02000045776367,62.5,62.79999923706055,56.720516204833984,12789600
2023-04-06,62.86000061035156,63.040000915527344,62.380001068115234,62.84000015258789,56.756649017333984,9644200
2023-04-10,62.4900016784668,62.689998626708984,62.02000045776367,62.689998626708984,56.62117004394531,7952600
2023-04-11,62.650001525878906,62.709999084472656,62.400001525878906,62.58000183105469,56.521820068359375,9913000
2023-04-12,62.47999954223633,63.029998779296875,62.310001373291016,62.689998626708984,56.62117004394531,9593700
2023-04-13,62.7599983215332,63.15999984741211,62.47999954223633,63.150001525878906,57.03663635253906,9871400
2023-04-14,63.04999923706055,63.150001525878906,62.779998779296875,63.04999923706055,56.94632339477539,8946000
2023-04-17,63.31999969482422,63.529998779296875,63.13999938964844,63.459999084472656,57.31663513183594,9452400
2023-04-18,63.5099983215332,63.599998474121094,63.189998626708984,63.560001373291016,57.40694808959961,9035700
2023-04-19,63.72999954223633,63.83000183105469,63.43000030517578,63.68000030517578,57.51533508300781,9769500
2023-04-20,63.630001068115234,64.0,63.439998626708984,63.959999084472656,57.76823043823242,10706400
2023-04-21,64.0,64.2699966430664,63.79999923706055,64.05000305175781,57.849517822265625,12931100
2023-04-24,64.75,64.98999786376953,63.619998931884766,63.95000076293945,57.75919723510742,15532300
2023-04-25,64.16999816894531,64.16999816894531,63.630001068115234,63.849998474121094,57.66887664794922,12818900
2023-04-26,63.560001373291016,63.77000045776367,63.38999938964844,63.54999923706055,57.397926330566406,13179600
2023-04-27,63.529998779296875,63.7599983215332,63.11000061035156,63.68000030517578,57.51533508300781,13795800
2023-04-28,63.61000061035156,64.16000366210938,63.47999954223633,64.1500015258789,57.93983459472656,13687600
2023-05-01,64.1500015258789,64.69000244140625,64.05999755859375,64.30000305175781,58.0753173828125,9091500
2023-05-02,64.13999938964844,64.13999938964844,63.27000045776367,64.01000213623047,57.813385009765625,10948400
2023-05-03,64.0199966430664,64.18000030517578,63.58000183105469,63.650001525878906,57.48823928833008,11084600
2023-05-04,63.7400016784668,63.93000030517578,63.5099983215332,63.720001220703125,57.55146789550781,11938300
2023-05-05,63.63999938964844,64.20999908447266,63.630001068115234,64.0199966430664,57.82242202758789,9039000
2023-05-08,63.810001373291016,64.05999755859375,63.61000061035156,63.91999816894531,57.73209762573242,7240700
2023-05-09,63.63999938964844,63.75,63.279998779296875,63.38999938964844,57.25341033935547,9067700
2023-05-10,63.31999969482422,63.63999938964844,62.9900016784668,63.5,57.352760314941406,10134000
2023-05-11,63.58000183105469,63.93000030517578,63.0099983215332,63.86000061035156,57.67790603637695,9581500
2023-05-12,63.86000061035156,64.19000244140625,63.70000076293945,64.11000061035156,57.903709411621094,8740800
2023-05-15,64.22000122070312,64.25,63.709999084472656,63.939998626708984,57.75016403198242,8150000
2023-05-16,63.900001525878906,63.900001525878906,63.15999984741211,63.220001220703125,57.09986877441406,9129600
2023-05-17,63.400001525878906,63.41999816894531,62.72999954223633,63.150001525878906,57.03663635253906,11583000
2023-05-18,63.0099983215332,63.040000915527344,62.56999969482422,62.79999923706055,56.720516204833984,13595100
2023-05-19,63.040000915527344,63.099998474121094,62.61000061035156,62.83000183105469,56.747615814208984,14251400
2023-05-22,62.790000915527344,62.869998931884766,61.439998626708984,61.5099983215332,55.55540466308594,15055400
2023-05-23,61.5099983215332,61.66999816894531,61.16999816894531,61.400001525878906,55.4560546875,13932700
2023-05-24,61.380001068115234,61.43000030517578,60.720001220703125,60.880001068115234,54.98640060424805,11090100
2023-05-25,60.470001220703125,60.72999954223633,60.150001525878906,60.40999984741211,54.561893463134766,14463600
2023-05-26,60.45000076293945,60.63999938964844,60.11000061035156,60.2599983215332,54.42641830444336,12570300
2023-05-30,60.09000015258789,60.20000076293945,59.52000045776367,59.779998779296875,53.99287414550781,15634200
2023-05-31,59.91999816894531,60.279998779296875,59.369998931884766,59.65999984741211,53.88449478149414,59432200
2023-06-01,59.939998626708984,60.16999816894531,59.77000045776367,60.0,54.19157409667969,13402700
2023-06-02,60.27000045776367,61.31999969482422,60.08000183105469,61.15999984741211,55.239295959472656,15259800
2023-06-05,61.0,61.439998626708984,60.54999923706055,60.75,54.86897659301758,12915600
2023-06-06,60.95000076293945,60.9900016784668,60.119998931884766,60.310001373291016,54.47157287597656,10943500
2023-06-07,60.0099983215332,60.36000061035156,59.81999969482422,60.220001220703125,54.390289306640625,16817900
2023-06-08,60.130001068115234,60.40999984741211,59.97999954223633,60.369998931884766,54.525760650634766,15585900
2023-06-09,60.27000045776367,60.66999816894531,60.16999816894531,60.470001220703125,54.61608123779297,12581500
2023-06-12,60.59000015258789,60.650001525878906,60.02000045776367,60.209999084472656,54.381248474121094,14208900
2023-06-13,60.209999084472656,60.66999816894531,60.040000915527344,60.45000076293945,54.598018646240234,13397800
2023-06-14,60.72999954223633,61.08000183105469,60.599998474121094,60.86000061035156,54.96833038330078,14099700
2023-06-15,60.61000061035156,61.29999923706055,60.34000015258789,61.22999954223633,55.72368621826172,15271400
2023-06-16,61.599998474121094,62.16999816894531,61.47999954223633,61.66999816894531,56.12411117553711,26738000
2023-06-20,61.59000015258789,61.959999084472656,61.2400016784668,61.2599983215332,55.75099182128906,13971800
2023-06-21,61.310001373291016,61.720001220703125,60.97999954223633,61.43000030517578,55.905704498291016,13948700
2023-06-22,61.810001373291016,62.099998474121094,61.59000015258789,61.849998474121094,56.28792953491211,15193400
2023-06-23,61.939998626708984,61.970001220703125,61.18000030517578,61.20000076293945,55.69639205932617,25112100
2023-06-26,61.209999084472656,61.290000915527344,60.38999938964844,61.220001220703125,55.71459197998047,12856100
2023-06-27,61.220001220703125,61.36000061035156,60.97999954223633,61.09000015258789,55.596282958984375,9068500
2023-06-28,60.880001068115234,61.040000915527344,60.400001525878906,60.52000045776367,55.07754135131836,11173200
2023-06-29,60.220001220703125,60.349998474121094,59.77000045776367,60.02000045776367,54.62250518798828,17142300
2023-06-30,60.0,60.349998474121094,59.869998931884766,60.220001220703125,54.80451965332031,19739200
2023-07-03,60.20000076293945,60.630001068115234,60.029998779296875,60.58000183105469,55.13214111328125,9694500
2023-07-05,60.279998779296875,61.099998474121094,60.15999984741211,61.029998779296875,55.54167175292969,14716600
2023-07-06,60.72999954223633,61.02000045776367,60.5,60.560001373291016,55.11394500732422,12603900
2023-07-07,60.310001373291016,60.5,59.72999954223633,59.7599983215332,54.385887145996094,14574000
2023-07-10,59.970001220703125,60.150001525878906,59.13999938964844,59.310001373291016,53.976356506347656,15480600
2023-07-11,59.459999084472656,59.560001373291016,58.84000015258789,59.52000045776367,54.1674690246582,15967700
2023-07-12,59.75,60.04999923706055,59.45000076293945,59.84000015258789,54.45868682861328,14241300
2023-07-13,60.119998931884766,60.459999084472656,59.97999954223633,60.349998474121094,54.922828674316406,11269800
2023-07-14,60.13999938964844,61.040000915527344,60.09000015258789,60.900001525878906,55.423362731933594,11634200
2023-07-17,60.7599983215332,61.099998474121094,60.4900016784668,60.810001373291016,55.341453552246094,10014300
2023-07-18,60.959999084472656,61.25,60.40999984741211,60.56999969482422,55.123043060302734,11152900
2023-07-19,60.77000045776367,61.790000915527344,60.68000030517578,61.63999938964844,56.09681701660156,12936000
2023-07-20,61.68000030517578,62.40999984741211,61.66999816894531,62.38999938964844,56.77936935424805,11563000
2023-07-21,62.459999084472656,62.68000030517578,62.2400016784668,62.439998626708984,56.82487106323242,12815100
2023-07-24,62.41999816894531,62.810001373291016,62.400001525878906,62.459999084472656,56.84307861328125,10251100
2023-07-25,62.29999923706055,62.38999938964844,62.04999923706055,62.25,56.6519660949707,13422700
2023-07-26,61.86000061035156,63.16999816894531,61.38999938964844,63.04999923706055,57.38002014160156,17145500
2023-07-27,63.04999923706055,63.27000045776367,62.380001068115234,62.439998626708984,56.82487106323242,11517100
2023-07-28,62.59000015258789,62.77000045776367,62.220001220703125,62.47999954223633,56.86128234863281,9721800
2023-07-31,62.45000076293945,62.45000076293945,61.72999954223633,61.93000030517578,56.36074447631836,15577900
2023-08-01,62.09000015258789,62.36000061035156,61.619998931884766,61.77000045776367,56.21513366699219,9281600
2023-08-02,61.560001373291016,62.59000015258789,61.560001373291016,61.959999084472656,56.38804244995117,11059400
2023-08-03,61.869998931884766,62.119998931884766,61.529998779296875,61.63999938964844,56.09681701660156,8037400
2023-08-04,61.68000030517578,61.88999938964844,60.619998931884766,60.709999084472656,55.25045394897461,9359300
2023-08-07,60.790000915527344,61.33000183105469,60.7400016784668,61.189998626708984,55.68728256225586,6982600
2023-08-08,61.189998626708984,61.349998474121094,60.619998931884766,60.91999816894531,55.44157028198242,7956100
2023-08-09,60.90999984741211,61.630001068115234,60.75,61.060001373291016,55.5689811706543,7904100
2023-08-10,61.349998474121094,61.72999954223633,60.790000915527344,60.91999816894531,55.44157028198242,7870300
2023-08-11,60.84000015258789,61.20000076293945,60.689998626708984,61.16999816894531,55.6690788269043,8483900
2023-08-14,61.31999969482422,61.47999954223633,60.75,60.880001068115234,55.40517044067383,7176300
2023-08-15,60.689998626708984,60.900001525878906,60.369998931884766,60.470001220703125,55.03203201293945,7187400
2023-08-16,60.540000915527344,60.81999969482422,60.400001525878906,60.47999954223633,55.041141510009766,8372300
2023-08-17,60.58000183105469,61.02000045776367,60.45000076293945,60.61000061035156,55.15945053100586,12873500
2023-08-18,60.540000915527344,61.09000015258789,60.369998931884766,60.95000076293945,55.468868255615234,11083800
2023-08-21,60.86000061035156,60.93000030517578,60.31999969482422,60.43000030517578,54.995628356933594,8648500
2023-08-22,60.34000015258789,60.58000183105469,59.97999954223633,60.060001373291016,54.65890884399414,9411500
2023-08-23,60.20000076293945,60.439998626708984,60.15999984741211,60.27000045776367,54.85002136230469,7749500
2023-08-24,60.27000045776367,60.880001068115234,60.09000015258789,60.11000061035156,54.704410552978516,8955100
2023-08-25,60.40999984741211,60.56999969482422,60.0099983215332,60.38999938964844,54.959228515625,7629200
2023-08-28,60.54999923706055,60.72999954223633,60.369998931884766,60.560001373291016,55.11394500732422,6254300
2023-08-29,60.560001373291016,60.630001068115234,60.150001525878906,60.5,55.0593376159668,8189600
2023-08-30,60.63999938964844,60.7400016784668,60.290000915527344,60.470001220703125,55.03203201293945,9447900
2023-08-31,60.29999923706055,60.470001220703125,59.810001373291016,59.83000183105469,54.44959259033203,14663500
2023-09-01,60.0,60.130001068115234,59.119998931884766,59.310001373291016,53.976356506347656,11262300
2023-09-05,59.25,59.31999969482422,58.66999816894531,58.81999969482422,53.530418395996094,12474600
2023-09-06,58.619998931884766,58.83000183105469,58.41999816894531,58.779998779296875,53.494014739990234,13923500
2023-09-07,58.95000076293945,59.15999984741211,58.29999923706055,58.33000183105469,53.08448791503906,17628600
2023-09-08,58.29999923706055,58.40999984741211,58.0099983215332,58.33000183105469,53.08448791503906,14312300
2023-09-11,58.400001525878906,58.9900016784668,58.22999954223633,58.880001068115234,53.585025787353516,14767400
2023-09-12,58.9900016784668,59.0,58.189998626708984,58.29999923706055,53.05717468261719,12292700
2023-09-13,58.400001525878906,58.68000030517578,58.34000015258789,58.439998626708984,53.18458938598633,12641400
2023-09-14,58.2400016784668,58.59000015258789,58.189998626708984,58.459999084472656,53.6248893737793,12311600
2023-09-15,58.40999984741211,58.63999938964844,57.75,57.939998626708984,53.14789962768555,55727500
2023-09-18,57.97999954223633,58.349998474121094,57.630001068115234,58.29999923706055,53.478126525878906,13617400
2023-09-19,58.2599983215332,58.38999938964844,57.91999816894531,58.18000030517578,53.3680419921875,11998900
2023-09-20,58.29999923706055,58.83000183105469,58.08000183105469,58.439998626708984,53.606544494628906,14766600
2023-09-21,58.369998931884766,58.41999816894531,57.41999816894531,57.540000915527344,52.780982971191406,15941800
2023-09-22,57.849998474121094,57.970001220703125,57.5,57.599998474121094,52.83601379394531,14644100
2023-09-25,57.400001525878906,57.4900016784668,56.7400016784668,57.0,52.28564453125,12358800
2023-09-26,56.72999954223633,56.900001525878906,56.400001525878906,56.529998779296875,51.85451126098633,11194700
2023-09-27,56.41999816894531,56.529998779296875,55.68000030517578,55.95000076293945,51.322486877441406,13766300
2023-09-28,56.22999954223633,56.31999969482422,55.70000076293945,55.810001373291016,51.19406509399414,12484800
2023-09-29,56.13999938964844,56.27000045776367,55.619998931884766,55.97999954223633,51.350006103515625,12271600
2023-10-02,55.90999984741211,56.0099983215332,55.08000183105469,55.47999954223633,50.891357421875,11792500
2023-10-03,55.15999984741211,55.43000030517578,54.779998779296875,54.880001068115234,50.34098434448242,13604200
2023-10-04,54.88999938964844,55.279998779296875,54.709999084472656,55.040000915527344,50.487754821777344,12100500
2023-10-05,54.7400016784668,54.95000076293945,52.2400016784668,52.380001068115234,48.04775619506836,29878100
2023-10-06,52.040000915527344,53.290000915527344,51.54999923706055,53.13999938964844,48.74489212036133,30298900
2023-10-09,52.959999084472656,53.150001525878906,52.11000061035156,52.880001068115234,48.50639724731445,15704700
2023-10-10,54.130001068115234,54.33000183105469,53.560001373291016,54.029998779296875,49.56128692626953,20909700
2023-10-11,54.220001220703125,54.279998779296875,53.02000045776367,53.709999084472656,49.26775360107422,21138900
2023-10-12,53.7599983215332,53.83000183105469,52.43000030517578,52.810001373291016,48.442195892333984,19330400
2023-10-13,52.7400016784668,53.41999816894531,52.63999938964844,52.88999938964844,48.51557159423828,14494600
2023-10-16,53.02000045776367,53.560001373291016,52.84000015258789,53.43000030517578,49.01090621948242,12816800
2023-10-17,53.310001373291016,54.099998474121094,53.209999084472656,54.06999969482422,49.597984313964844,16457200
2023-10-18,54.099998474121094,54.529998779296875,53.91999816894531,54.04999923706055,49.57963562011719,12809500
2023-10-19,54.15999984741211,54.7599983215332,53.86000061035156,54.349998474121094,49.854820251464844,16202200
2023-10-20,54.529998779296875,55.02000045776367,54.439998626708984,54.56999969482422,50.0566291809082,15686400
2023-10-23,54.380001068115234,54.88999938964844,54.04999923706055,54.08000183105469,49.60715866088867,21212700
2023-10-24,55.650001525878906,56.16999816894531,55.29999923706055,55.63999938964844,51.03812789916992,25290800
2023-10-25,55.7599983215332,56.220001220703125,55.560001373291016,56.119998931884766,51.47842788696289,16701000
2023-10-26,56.369998931884766,56.630001068115234,55.720001220703125,55.779998779296875,51.16654586791992,16228400
2023-10-27,55.54999923706055,56.13999938964844,55.099998474121094,55.2400016784668,50.67121124267578,13626500
2023-10-30,55.43000030517578,56.279998779296875,55.41999816894531,56.150001525878906,51.505950927734375,15014300
2023-10-31,56.56999969482422,56.720001220703125,56.150001525878906,56.4900016784668,51.81782913208008,16639400
2023-11-01,56.79999923706055,56.880001068115234,56.2599983215332,56.439998626708984,51.77195739746094,14110800
2023-11-02,56.5,57.150001525878906,56.36000061035156,57.09000015258789,52.36819839477539,13087200
2023-11-03,57.400001525878906,57.59000015258789,56.70000076293945,56.7400016784668,52.04715347290039,13958700
2023-11-06,56.779998779296875,57.279998779296875,56.7400016784668,56.970001220703125,52.25812911987305,12673200
2023-11-07,56.91999816894531,57.400001525878906,56.72999954223633,57.18000030517578,52.45076370239258,10449300
2023-11-08,57.31999969482422,57.470001220703125,56.91999816894531,57.09000015258789,52.36819839477539,13744000
2023-11-09,57.029998779296875,57.13999938964844,56.369998931884766,56.65999984741211,51.9737663269043,12021100
2023-11-10,56.869998931884766,56.93000030517578,56.060001373291016,56.720001220703125,52.0287971496582,11678900
2023-11-13,56.619998931884766,57.099998474121094,56.599998474121094,56.93000030517578,52.221431732177734,12798200
2023-11-14,57.02000045776367,57.2400016784668,56.810001373291016,57.099998474121094,52.377376556396484,12697100
2023-11-15,57.29999923706055,57.34000015258789,56.75,57.209999084472656,52.478271484375,10201900
2023-11-16,57.25,57.529998779296875,56.810001373291016,57.150001525878906,52.42323684692383,16010400
2023-11-17,57.189998626708984,57.34000015258789,56.70000076293945,57.2599983215332,52.52412796020508,14475800
2023-11-20,57.04999923706055,57.58000183105469,56.959999084472656,57.400001525878906,52.65256881713867,13051000
2023-11-21,57.459999084472656,58.040000915527344,57.33000183105469,58.029998779296875,53.23044967651367,13891600
2023-11-22,58.2599983215332,58.540000915527344,58.130001068115234,58.41999816894531,53.58819580078125,11320600
2023-11-24,58.459999084472656,58.75,58.34000015258789,58.56999969482422,53.725791931152344,4816000
2023-11-27,58.540000915527344,58.689998626708984,58.27000045776367,58.459999084472656,53.6248893737793,16246500
2023-11-28,58.400001525878906,58.83000183105469,58.36000061035156,58.58000183105469,53.73496627807617,13739600
2023-11-29,58.58000183105469,58.66999816894531,58.099998474121094,58.22999954223633,53.41390609741211,11263600
2023-11-30,57.959999084472656,58.459999084472656,57.599998474121094,58.439998626708984,54.033390045166016,22727500
2023-12-01,58.27000045776367,58.689998626708984,58.2400016784668,58.63999938964844,54.21830368041992,15371200
2023-12-04,58.59000015258789,58.959999084472656,58.439998626708984,58.56999969482422,54.15358352661133,14942200
2023-12-05,58.54999923706055,58.83000183105469,58.41999816894531,58.65999984741211,54.2368049621582,11891500
2023-12-06,58.560001373291016,58.72999954223633,58.209999084472656,58.599998474121094,54.18132781982422,14868500
2023-12-07,58.66999816894531,58.88999938964844,58.38999938964844,58.7400016784668,54.31077194213867,11587900
2023-12-08,58.7400016784668,58.75,58.369998931884766,58.61000061035156,54.190574645996094,11178700
2023-12-11,58.83000183105469,59.09000015258789,58.5,59.040000915527344,54.58815383911133,14524800
2023-12-12,59.20000076293945,59.41999816894531,58.900001525878906,59.41999816894531,54.93949508666992,12899000
2023-12-13,59.45000076293945,60.02000045776367,59.2599983215332,59.93000030517578,55.41104507446289,16196800
2023-12-14,59.970001220703125,60.040000915527344,58.77000045776367,59.040000915527344,54.58815383911133,22478300
2023-12-15,58.83000183105469,59.16999816894531,57.79999923706055,58.599998474121094,54.18132781982422,65177400
2023-12-18,58.79999923706055,59.4900016784668,58.619998931884766,59.02000045776367,54.56965637207031,16717700
2023-12-19,59.0,59.20000076293945,58.63999938964844,58.83000183105469,54.39398193359375,14612200
2023-12-20,58.5,58.66999816894531,57.56999969482422,57.61000061035156,53.26597595214844,17701000
2023-12-21,57.849998474121094,58.06999969482422,57.470001220703125,57.9900016784668,53.61732864379883,11725100
2023-12-22,58.119998931884766,58.459999084472656,58.02000045776367,58.31999969482422,53.92244338989258,9029400
2023-12-26,58.060001373291016,58.709999084472656,58.060001373291016,58.560001373291016,54.14434051513672,6422500
2023-12-27,58.63999938964844,58.77000045776367,58.400001525878906,58.709999084472656,54.28303527832031,8560100
2023-12-28,58.650001525878906,58.869998931884766,58.529998779296875,58.75,54.32001876831055,8400100
2023-12-29,58.7400016784668,58.97999954223633,58.630001068115234,58.93000030517578,54.486446380615234,9244300
2024-01-02,58.79999923706055,59.880001068115234,58.66999816894531,59.81999969482422,55.30933380126953,16322600
2024-01-03,59.93000030517578,60.20000076293945,59.7599983215332,59.959999084472656,55.438777923583984,14830600
2024-01-04,60.04999923706055,60.2599983215332,59.65999984741211,59.7599983215332,55.25385665893555,12912900
2024-01-05,59.79999923706055,59.95000076293945,59.09000015258789,59.66999816894531,55.1706428527832,10412800
2024-01-08,59.68000030517578,60.18000030517578,59.41999816894531,60.11000061035156,55.57747268676758,11554600
2024-01-09,59.9900016784668,60.13999938964844,59.619998931884766,60.0,55.47575759887695,10493700
2024-01-10,60.220001220703125,60.40999984741211,59.97999954223633,60.20000076293945,55.66067886352539,12258000
2024-01-11,60.25,60.2599983215332,59.689998626708984,59.810001373291016,55.30009460449219,13754200
2024-01-12,60.08000183105469,60.459999084472656,59.869998931884766,60.38999938964844,55.83634948730469,13218000
2024-01-16,60.38999938964844,60.43000030517578,59.849998474121094,59.9900016784668,55.46651840209961,11826900
2024-01-17,59.86000061035156,60.209999084472656,59.81999969482422,59.9900016784668,55.46651840209961,8982100
2024-01-18,59.689998626708984,60.22999954223633,59.529998779296875,60.15999984741211,55.623695373535156,10397700
2024-01-19,60.2599983215332,60.279998779296875,59.63999938964844,59.83000183105469,55.31857681274414,14392600
2024-01-22,59.7599983215332,60.06999969482422,59.439998626708984,59.56999969482422,55.078189849853516,14314300
2024-01-23,59.529998779296875,60.0,59.459999084472656,59.849998474121094,55.33707046508789,14481600
2024-01-24,59.79999923706055,59.810001373291016,58.88999938964844,58.90999984741211,54.46794891357422,16370500
2024-01-25,59.0099983215332,59.16999816894531,58.65999984741211,59.15999984741211,54.6990966796875,14899700
2024-01-26,59.25,59.4900016784668,59.130001068115234,59.369998931884766,54.89326858520508,13025100
2024-01-29,59.34000015258789,59.790000915527344,59.16999816894531,59.72999954223633,55.22611999511719,14547100
2024-01-30,59.849998474121094,60.02000045776367,59.45000076293945,59.900001525878906,55.383304595947266,22061500
2024-01-31,60.099998474121094,60.45000076293945,59.290000915527344,59.4900016784668,55.00422286987305,22837000
2024-02-01,59.56999969482422,61.0099983215332,59.36000061035156,60.97999954223633,56.38186264038086,15870900
2024-02-02,60.81999969482422,60.869998931884766,60.22999954223633,60.540000915527344,55.975040435791016,17544900
2024-02-05,60.380001068115234,60.380001068115234,59.880001068115234,60.040000915527344,55.51274490356445,12759600
2024-02-06,59.959999084472656,60.04999923706055,59.68000030517578,59.939998626708984,55.42028045654297,12775200
2024-02-07,60.06999969482422,60.209999084472656,59.939998626708984,59.9900016784668,55.46651840209961,10259900
2024-02-08,59.88999938964844,59.970001220703125,59.40999984741211,59.83000183105469,55.31857681274414,12874800
2024-02-09,59.470001220703125,59.58000183105469,59.029998779296875,59.560001373291016,55.06893539428711,15235300
2024-02-12,59.65999984741211,59.7599983215332,58.959999084472656,59.70000076293945,55.19838333129883,13516800
2024-02-13,59.5,60.65999984741211,58.790000915527344,59.349998474121094,54.874778747558594,24195700
2024-02-14,59.16999816894531,59.59000015258789,59.040000915527344,59.290000915527344,54.81929397583008,15872500
2024-02-15,59.41999816894531,59.59000015258789,59.130001068115234,59.400001525878906,54.92100524902344,13695800
2024-02-16,59.349998474121094,59.619998931884766,58.959999084472656,59.38999938964844,54.9117546081543,13947100
2024-02-20,59.599998474121094,60.84000015258789,59.5099983215332,60.70000076293945,56.12298583984375,18339300
2024-02-21,60.9900016784668,61.279998779296875,60.83000183105469,61.2400016784668,56.62226104736328,14373000
2024-02-22,60.9900016784668,61.25,60.5,61.150001525878906,56.53904724121094,12982800
2024-02-23,61.09000015258789,61.619998931884766,61.0,61.20000076293945,56.58528137207031,13612900
2024-02-26,61.2400016784668,61.27000045776367,60.65999984741211,60.709999084472656,56.132225036621094,10336100
2024-02-27,60.540000915527344,60.779998779296875,60.119998931884766,60.34000015258789,55.790130615234375,9931100
2024-02-28,60.369998931884766,60.4900016784668,60.060001373291016,60.400001525878906,55.84560775756836,8076500
2024-02-29,60.349998474121094,60.63999938964844,59.900001525878906,60.02000045776367,55.4942512512207,18152700
2024-03-01,59.900001525878906,59.900001525878906,59.34000015258789,59.529998779296875,55.04120635986328,10927600
2024-03-04,59.22999954223633,59.95000076293945,59.220001220703125,59.810001373291016,55.30009460449219,10150200
2024-03-05,59.90999984741211,60.11000061035156,59.41999816894531,59.52000045776367,55.03195571899414,12310000
2024-03-06,59.52000045776367,60.0,59.380001068115234,59.54999923706055,55.0596923828125,12378800
2024-03-07,59.689998626708984,59.77000045776367,59.2400016784668,59.439998626708984,54.957984924316406,13686900
2024-03-08,59.29999923706055,59.790000915527344,58.970001220703125,59.52000045776367,55.03195571899414,13239000
2024-03-11,59.779998779296875,60.290000915527344,59.58000183105469,60.2400016784668,55.69766616821289,14114300
2024-03-12,60.31999969482422,60.75,60.209999084472656,60.5,55.93806076049805,12684600
2024-03-13,60.880001068115234,61.209999084472656,60.79999923706055,61.119998931884766,56.51130676269531,13909500
2024-03-14,60.58000183105469,60.79999923706055,60.400001525878906,60.5,56.385494232177734,13996600
2024-03-15,60.02000045776367,60.45000076293945,59.63999938964844,59.880001068115234,55.80765151977539,36849900
2024-03-18,59.88999938964844,60.400001525878906,59.79999923706055,60.130001068115234,56.040653228759766,15856700
2024-03-19,60.2400016784668,60.349998474121094,60.060001373291016,60.22999954223633,56.133853912353516,15030600
2024-03-20,60.18000030517578,60.810001373291016,60.15999984741211,60.75,56.61848449707031,15258800
2024-03-21,60.560001373291016,60.9900016784668,60.31999969482422,60.470001220703125,56.35752868652344,13067100
2024-03-22,60.52000045776367,60.790000915527344,60.43000030517578,60.4900016784668,56.37617492675781,11502800
2024-03-25,60.47999954223633,60.709999084472656,60.119998931884766,60.400001525878906,56.292301177978516,13144700
2024-03-26,60.5,60.709999084472656,60.380001068115234,60.540000915527344,56.422767639160156,13277400
2024-03-27,60.790000915527344,61.43000030517578,60.70000076293945,61.029998779296875,56.87944412231445,12551200
2024-03-28,61.13999938964844,61.2599983215332,61.0,61.18000030517578,57.01924514770508,13683500
2024-04-01,61.18000030517578,61.29999923706055,60.630001068115234,60.68000030517578,56.553253173828125,11668700
2024-04-02,60.45000076293945,60.72999954223633,60.11000061035156,60.150001525878906,56.05929183959961,13017300
2024-04-03,60.04999923706055,60.38999938964844,59.779998779296875,59.83000183105469,55.76105499267578,13672900
2024-04-04,60.09000015258789,60.150001525878906,59.16999816894531,59.29999923706055,55.2671012878418,14320700
2024-04-05,59.25,59.68000030517578,58.90999984741211,59.5099983215332,55.46281433105469,10157800
2024-04-08,59.400001525878906,59.470001220703125,59.06999969482422,59.27000045776367,55.239139556884766,10284500
2024-04-09,59.47999954223633,59.7400016784668,59.130001068115234,59.720001220703125,55.658538818359375,10779100
2024-04-10,59.31999969482422,59.38999938964844,58.689998626708984,58.91999816894531,54.91294479370117,11861900
2024-04-11,59.150001525878906,59.369998931884766,58.790000915527344,59.04999923706055,55.03410720825195,11109000
2024-04-12,58.95000076293945,59.0099983215332,58.130001068115234,58.279998779296875,54.31646728515625,12250900
2024-04-15,58.61000061035156,58.810001373291016,58.040000915527344,58.13999938964844,54.18599319458008,12425000
2024-04-16,58.25,58.380001068115234,57.93000030517578,58.060001373291016,54.11143493652344,11236800
2024-04-17,58.279998779296875,58.560001373291016,58.099998474121094,58.5099983215332,54.530826568603516,13805100
2024-04-18,58.619998931884766,58.97999954223633,58.540000915527344,58.90999984741211,54.903621673583984,11125900
2024-04-19,59.099998474121094,60.36000061035156,59.0,60.16999816894531,56.07793426513672,21207900
2024-04-22,60.13999938964844,60.630001068115234,59.720001220703125,60.54999923706055,56.432090759277344,15624500
2024-04-23,60.529998779296875,60.68000030517578,60.130001068115234,60.63999938964844,56.515968322753906,13689100
2024-04-24,60.31999969482422,61.650001525878906,59.84000015258789,61.54999923706055,57.36408233642578,19548300
2024-04-25,61.869998931884766,62.59000015258789,61.369998931884766,61.7400016784668,57.54116439819336,19048500
2024-04-26,61.54999923706055,61.93000030517578,61.349998474121094,61.7400016784668,57.54116439819336,10994300
2024-04-29,61.91999816894531,62.04999923706055,61.529998779296875,62.040000915527344,57.82075881958008,13409300
2024-04-30,62.13999938964844,62.83000183105469,61.470001220703125,61.77000045776367,57.569122314453125,19349200
2024-05-01,61.79999923706055,62.56999969482422,61.209999084472656,61.93000030517578,57.718238830566406,16729800
2024-05-02,62.18000030517578,62.400001525878906,61.720001220703125,61.9900016784668,57.774166107177734,10991300
2024-05-03,61.9900016784668,62.33000183105469,61.63999938964844,62.16999816894531,57.941917419433594,11628700
2024-05-06,62.29999923706055,62.380001068115234,61.900001525878906,62.349998474121094,58.10968017578125,9310700
2024-05-07,62.7599983215332,62.81999969482422,62.25,62.619998931884766,58.3613166809082,9807000
2024-05-08,62.849998474121094,62.970001220703125,62.47999954223633,62.849998474121094,58.5756721496582,10484400
2024-05-09,62.810001373291016,63.150001525878906,62.75,62.880001068115234,58.603633880615234,9113700
2024-05-10,62.91999816894531,63.36000061035156,62.790000915527344,63.2599983215332,58.95779037475586,8371700
2024-05-13,63.2400016784668,63.619998931884766,63.18000030517578,63.58000183105469,59.25602722167969,10137600
2024-05-14,63.58000183105469,63.7599983215332,62.79999923706055,63.099998474121094,58.80867385864258,10852200
2024-05-15,63.060001373291016,63.38999938964844,63.0,63.130001068115234,58.836631774902344,9838900
2024-05-16,63.2400016784668,63.72999954223633,63.06999969482422,63.31999969482422,59.013710021972656,10228000
2024-05-17,63.34000015258789,63.369998931884766,62.939998626708984,63.029998779296875,58.743431091308594,11539000
2024-05-20,62.93000030517578,63.0099983215332,62.459999084472656,62.56999969482422,58.31471633911133,11000900
2024-05-21,62.81999969482422,62.97999954223633,62.439998626708984,62.90999984741211,58.631595611572266,9796200
2024-05-22,62.709999084472656,63.02000045776367,62.65999984741211,63.0,58.71547317504883,7419400
2024-05-23,62.4900016784668,62.880001068115234,62.04999923706055,62.09000015258789,57.86735534667969,9834300
2024-05-24,62.220001220703125,62.41999816894531,61.970001220703125,62.0,57.783485412597656,8203100
2024-05-28,61.790000915527344,62.130001068115234,61.400001525878906,61.81999969482422,57.61572265625,12347000
2024-05-29,61.470001220703125,61.880001068115234,61.06999969482422,61.70000076293945,57.503883361816406,11861800
2024-05-30,61.849998474121094,62.08000183105469,61.599998474121094,61.970001220703125,57.75551986694336,9433800
2024-05-31,61.9900016784668,63.029998779296875,61.689998626708984,62.93000030517578,58.65022659301758,19816600
2024-06-03,62.709999084472656,63.09000015258789,62.45000076293945,62.93000030517578,58.65022659301758,9369000
2024-06-04,63.20000076293945,63.970001220703125,62.939998626708984,63.939998626708984,59.59154510498047,11895600
2024-06-05,63.9900016784668,64.06999969482422,63.349998474121094,63.91999816894531,59.572906494140625,9632500
2024-06-06,63.91999816894531,64.36000061035156,63.84000015258789,64.1500015258789,59.78726577758789,8658500
2024-06-07,64.08999633789062,64.22000122070312,63.810001373291016,63.90999984741211,59.56358337402344,9523100
2024-06-10,63.939998626708984,63.9900016784668,63.369998931884766,63.59000015258789,59.265342712402344,15685300
2024-06-11,63.59000015258789,63.650001525878906,63.06999969482422,63.54999923706055,59.228065490722656,8396000
2024-06-12,63.689998626708984,63.689998626708984,62.689998626708984,62.880001068115234,58.603633880615234,9569600
2024-06-13,62.86000061035156,63.040000915527344,62.45000076293945,62.9900016784668,58.70615005493164,9668900
2024-06-14,62.380001068115234,62.689998626708984,62.09000015258789,62.54999923706055,58.748416900634766,8179200
2024-06-17,62.369998931884766,62.900001525878906,62.18000030517578,62.619998931884766,58.81415939331055,10532700
2024-06-18,62.529998779296875,62.81999969482422,62.439998626708984,62.630001068115234,58.82355499267578,10651700
2024-06-20,62.400001525878906,62.7400016784668,61.95000076293945,62.18000030517578,58.400901794433594,13306300
2024-06-21,62.18000030517578,63.099998474121094,62.18000030517578,62.77000045776367,58.95504379272461,28278100
2024-06-24,62.9900016784668,64.05999755859375,62.90999984741211,63.970001220703125,60.08211135864258,13212500
2024-06-25,63.939998626708984,64.06999969482422,63.5099983215332,63.84000015258789,59.96001434326172,10235300
2024-06-26,63.400001525878906,64.11000061035156,63.22999954223633,64.05000305175781,60.157249450683594,9402500
2024-06-27,64.05000305175781,64.2699966430664,63.619998931884766,63.90999984741211,60.0257568359375,8494100
2024-06-28,63.900001525878906,64.05999755859375,63.52000045776367,63.650001525878906,59.78156280517578,17358800
2024-07-01,64.02999877929688,64.30000305175781,63.119998931884766,63.279998779296875,59.434051513671875,10033400
2024-07-02,63.2599983215332,63.380001068115234,62.86000061035156,63.150001525878906,59.31195068359375,8878200
2024-07-03,63.189998626708984,63.66999816894531,62.93000030517578,63.33000183105469,59.481014251708984,9154200
2024-07-05,63.33000183105469,63.790000915527344,63.0,63.7599983215332,59.88487243652344,11735500
2024-07-08,63.59000015258789,63.59000015258789,62.84000015258789,62.959999084472656,59.13349533081055,11235100
2024-07-09,63.060001373291016,63.22999954223633,62.59000015258789,62.689998626708984,58.879905700683594,11657500
2024-07-10,62.720001220703125,62.86000061035156,62.290000915527344,62.83000183105469,59.01139450073242,11930400
2024-07-11,62.63999938964844,63.459999084472656,62.400001525878906,63.099998474121094,59.26498794555664,11431600
2024-07-12,63.459999084472656,64.11000061035156,63.38999938964844,63.70000076293945,59.82851791381836,9201500
2024-07-15,63.790000915527344,63.939998626708984,63.349998474121094,63.40999984741211,59.556148529052734,8207500
2024-07-16,63.43000030517578,64.30999755859375,63.38999938964844,64.2699966430664,60.3638801574707,9025100
2024-07-17,64.47000122070312,65.38999938964844,64.41000366210938,65.20999908447266,61.24674606323242,12508200
2024-07-18,64.80000305175781,65.80999755859375,64.72000122070312,65.19000244140625,61.22795486450195,11128200
2024-07-19,65.63999938964844,65.63999938964844,64.81999969482422,65.29000091552734,61.32188415527344,13775700
2024-07-22,65.25,65.29000091552734,64.31999969482422,64.7699966430664,60.833492279052734,11794200
2024-07-23,65.43000030517578,66.04000091552734,64.8499984741211,64.95999908447266,61.01194763183594,11810300
2024-07-24,65.08999633789062,65.97000122070312,64.83000183105469,65.80999755859375,61.81027603149414,13244600
2024-07-25,66.04000091552734,66.88999938964844,65.86000061035156,66.06999969482422,62.05448532104492,16328600
2024-07-26,66.06999969482422,67.11000061035156,66.01000213623047,67.05000305175781,62.97492980957031,13530100
2024-07-29,66.87999725341797,67.02999877929688,66.38999938964844,66.83000183105469,62.76829147338867,12140200
2024-07-30,66.4800033569336,67.83000183105469,66.36000061035156,67.68000030517578,63.566627502441406,13258000
2024-07-31,67.5,67.61000061035156,66.61000061035156,66.73999786376953,62.68376922607422,15576800
2024-08-01,67.0,68.11000061035156,66.69999694824219,67.95999908447266,63.8296012878418,16495900
2024-08-02,68.52999877929688,69.66999816894531,67.69000244140625,69.33000183105469,65.11634063720703,22514800
2024-08-05,68.98999786376953,69.55000305175781,67.7300033569336,68.0999984741211,63.96110153198242,25484300
2024-08-06,68.1500015258789,68.83999633789062,67.7699966430664,68.05000305175781,63.91415023803711,12969100
2024-08-07,68.05000305175781,69.18000030517578,67.83000183105469,68.45999908447266,64.29922485351562,13365300
2024-08-08,68.0,68.86000061035156,67.8499984741211,68.7300033569336,64.55282592773438,15240900
2024-08-09,68.69999694824219,68.79000091552734,68.25,68.68000030517578,64.50585174560547,12080400
2024-08-12,68.44999694824219,68.54000091552734,67.83000183105469,68.16999816894531,64.02684783935547,11012300
2024-08-13,68.08000183105469,68.61000061035156,68.01000213623047,68.45999908447266,64.29922485351562,9877600
2024-08-14,68.2300033569336,68.88999938964844,68.12999725341797,68.58000183105469,64.41192626953125,14328000
2024-08-15,68.62000274658203,68.91999816894531,68.5,68.6500015258789,64.4776840209961,11285100
2024-08-16,68.83999633789062,69.30000305175781,68.63999938964844,69.18000030517578,64.9754638671875,12651200
2024-08-19,69.3499984741211,69.41999816894531,68.8499984741211,68.9800033569336,64.7876205444336,9843900
2024-08-20,68.98999786376953,69.38999938964844,68.7699966430664,69.37999725341797,65.16329956054688,11957400
2024-08-21,69.4800033569336,70.12999725341797,69.33000183105469,69.56999969482422,65.3417739868164,8792400
2024-08-22,69.91999816894531,69.91999816894531,68.79000091552734,69.33000183105469,65.11634063720703,12509200
2024-08-23,69.4000015258789,69.8499984741211,68.94000244140625,69.79000091552734,65.54840087890625,11834700
2024-08-26,69.83000183105469,70.91999816894531,69.7300033569336,70.83999633789062,66.5345687866211,12912200
2024-08-27,71.31999969482422,71.52999877929688,71.05000305175781,71.5,67.15445709228516,16988400
2024-08-28,71.61000061035156,71.80999755859375,71.30000305175781,71.75,67.38926696777344,13272600
2024-08-29,71.9000015258789,72.22000122070312,71.2300033569336,72.05000305175781,67.6710433959961,17201700
2024-08-30,72.19999694824219,72.56999969482422,71.77999877929688,72.47000122070312,68.06550598144531,18624200
2024-09-03,72.44000244140625,73.29000091552734,72.25,73.01000213623047,68.57269287109375,14755800
2024-09-04,73.30000305175781,73.52999877929688,71.91000366210938,72.55999755859375,68.1500473022461,18140800
2024-09-05,72.62000274658203,72.68000030517578,70.9800033569336,71.16999816894531,66.8445053100586,23866100
2024-09-06,70.98999786376953,71.66999816894531,70.88999938964844,71.13999938964844,66.81634521484375,17485700
2024-09-09,71.2300033569336,72.30999755859375,70.9800033569336,71.8499984741211,67.48319244384766,12939300
2024-09-10,71.97000122070312,72.41999816894531,71.5199966430664,71.55000305175781,67.20142364501953,10277600
2024-09-11,71.36000061035156,71.37000274658203,70.56999969482422,71.08000183105469,66.7599868774414,11418200
2024-09-12,71.0,71.37999725341797,70.66000366210938,71.2300033569336,66.90086364746094,12337800
2024-09-13,70.83999633789062,71.47000122070312,70.4800033569336,71.41000366210938,67.52973937988281,11073800
2024-09-16,71.7699966430664,72.23999786376953,71.62000274658203,72.0999984741211,68.18223571777344,10786500
2024-09-17,71.9000015258789,72.3499984741211,71.72000122070312,71.80000305175781,67.89854431152344,12974400
2024-09-18,71.88999938964844,72.37999725341797,71.2699966430664,71.75,67.85126495361328,10719700
2024-09-19,71.55999755859375,71.94000244140625,70.5999984741211,70.62000274658203,66.78267669677734,13635600
2024-09-20,70.41000366210938,71.80000305175781,70.37999725341797,71.63999938964844,67.74724578857422,48578500
2024-09-23,71.55000305175781,72.19999694824219,71.18000030517578,71.7300033569336,67.83235168457031,11613000
2024-09-24,71.22000122070312,71.81999969482422,70.5999984741211,71.33000183105469,67.45408630371094,13330600
2024-09-25,71.70999908447266,71.91999816894531,71.30999755859375,71.44999694824219,67.56755828857422,12329100
2024-09-26,70.86000061035156,71.61000061035156,70.83999633789062,71.4000015258789,67.5202865600586,10815200
2024-09-27,71.54000091552734,72.19999694824219,71.45999908447266,71.79000091552734,67.88909149169922,11175700
2024-09-30,72.0,72.19999694824219,71.69000244140625,71.86000061035156,67.95527648925781,18015300
2024-10-01,72.0999984741211,72.75,71.62999725341797,71.70999908447266,67.81343078613281,13294500
2024-10-02,71.38999938964844,71.43000030517578,70.41000366210938,71.01000213623047,67.1514663696289,11155500
2024-10-03,70.86000061035156,70.98999786376953,70.19999694824219,70.5199966430664,66.68810272216797,9374800
2024-10-04,69.95999908447266,70.27999877929688,69.72000122070312,70.16999816894531,66.35710906982422,12684800
2024-10-07,70.05000305175781,70.0999984741211,68.87000274658203,69.01000213623047,65.2601547241211,14512000
2024-10-08,69.04000091552734,69.44000244140625,68.86000061035156,69.18000030517578,65.42091369628906,13549700
2024-10-09,69.19000244140625,69.73999786376953,69.06999969482422,69.56999969482422,65.78971099853516,9037700
2024-10-10,69.83000183105469,69.91000366210938,68.98999786376953,69.25,65.48710632324219,8635200
2024-10-11,69.45999908447266,69.58999633789062,69.0,69.56999969482422,65.78971099853516,8786300
2024-10-14,69.56999969482422,70.47000122070312,69.47000122070312,70.33999633789062,66.51787567138672,7659300
2024-10-15,70.45999908447266,71.20999908447266,70.16000366210938,70.33999633789062,66.51787567138672,10358700
2024-10-16,70.08999633789062,70.69999694824219,69.97000122070312,70.56999969482422,66.73538970947266,7937300
2024-10-17,70.62999725341797,70.69000244140625,69.58000183105469,69.9000015258789,66.10179138183594,14674600
2024-10-18,69.87000274658203,70.55000305175781,69.61000061035156,70.44000244140625,66.6124496459961,15087500
2024-10-21,70.0,70.33000183105469,69.30999755859375,69.44999694824219,65.67622375488281,11981200
2024-10-22,69.0,69.75,68.68000030517578,69.44999694824219,65.67622375488281,18603300
2024-10-23,66.98999786376953,68.69999694824219,66.58000183105469,68.01000213623047,64.3144760131836,24655200
2024-10-24,67.6500015258789,68.04000091552734,66.94999694824219,67.30000305175781,63.64305877685547,17568800
2024-10-25,67.06999969482422,67.69999694824219,66.79000091552734,66.91999816894531,63.283714294433594,11138100
2024-10-28,66.95999908447266,67.4000015258789,66.5999984741211,66.66999816894531,63.04730224609375,10761400
2024-10-29,66.29000091552734,66.33999633789062,65.5199966430664,65.55999755859375,61.99760437011719,16525900
2024-10-30,65.51000213623047,66.54000091552734,65.31999969482422,65.91999816894531,62.338050842285156,14177800
2024-10-31,65.80999755859375,65.98999786376953,65.26000213623047,65.30999755859375,61.76120376586914,13383700
2024-11-01,65.47000122070312,65.66000366210938,64.88999938964844,65.01000213623047,61.477500915527344,12163100
2024-11-04,65.08000183105469,65.41999816894531,64.6500015258789,65.11000061035156,61.57207107543945,10984500
2024-11-05,64.63999938964844,65.47000122070312,64.63999938964844,65.37000274658203,61.81794738769531,8780200
2024-11-06,64.41999816894531,64.86000061035156,63.18000030517578,63.70000076293945,60.23868179321289,22899300
2024-11-07,64.29000091552734,64.38999938964844,63.599998474121094,63.65999984741211,60.20085525512695,14856100
2024-11-08,63.90999984741211,64.23999786376953,63.7400016784668,63.91999816894531,60.44672393798828,14719300
2024-11-11,63.9900016784668,64.12000274658203,63.25,63.36000061035156,59.91715621948242,13980900
2024-11-12,63.68000030517578,63.75,63.119998931884766,63.20000076293945,59.76585388183594,15021000
2024-11-13,63.04999923706055,63.2599983215332,62.4900016784668,63.0,59.576717376708984,13177600
2024-11-14,63.11000061035156,63.11000061035156,62.43000030517578,62.54999923706055,59.15117263793945,15910800
2024-11-15,62.4900016784668,62.630001068115234,61.38999938964844,61.7400016784668,58.38518524169922,26284300
2024-11-18,61.849998474121094,62.13999938964844,61.560001373291016,61.86000061035156,58.49867248535156,16062100
2024-11-19,61.900001525878906,62.619998931884766,61.630001068115234,62.59000015258789,59.188995361328125,16254800
2024-11-20,62.70000076293945,63.0099983215332,62.02000045776367,62.9900016784668,59.5672607421875,18904900
2024-11-21,63.150001525878906,63.810001373291016,62.95000076293945,63.7599983215332,60.2954216003418,17292300
2024-11-22,64.23999786376953,64.4800033569336,63.650001525878906,63.91999816894531,60.44672393798828,19562200
2024-11-25,64.31999969482422,64.70999908447266,63.84000015258789,64.37999725341797,60.88172912597656,36805300
2024-11-26,64.30999755859375,64.63999938964844,64.05999755859375,64.55000305175781,61.042503356933594,14473300
2024-11-27,64.95999908447266,65.0999984741211,64.25,64.43000030517578,60.929012298583984,13263400
2024-11-29,64.0199966430664,64.25,63.77000045776367,64.08000183105469,61.05765151977539,10648400
2024-12-02,64.05000305175781,64.19000244140625,63.349998474121094,63.650001525878906,60.64793395996094,16500100
2024-12-03,63.720001220703125,64.08000183105469,63.029998779296875,63.52000045776367,60.5240592956543,24874500
2024-12-04,63.279998779296875,63.349998474121094,61.900001525878906,62.209999084472656,59.27584457397461,28137700
2024-12-05,62.470001220703125,63.119998931884766,62.099998474121094,62.91999816894531,59.952354431152344,21040400
2024-12-06,62.83000183105469,63.36000061035156,62.5099983215332,62.529998779296875,59.58074951171875,15581100
2024-12-09,62.689998626708984,62.93000030517578,61.900001525878906,62.599998474121094,59.6474494934082,22348300
2024-12-10,62.70000076293945,63.040000915527344,61.790000915527344,62.90999984741211,59.94282913208008,14949400
2024-12-11,63.0,63.630001068115234,62.400001525878906,62.63999938964844,59.685569763183594,32819000
2024-12-12,63.54999923706055,63.91999816894531,63.220001220703125,63.84000015258789,60.8289680480957,17542100
2024-12-13,63.56999969482422,63.84000015258789,63.11000061035156,63.119998931884766,60.142921447753906,13429000
2024-12-16,63.22999954223633,63.86000061035156,62.349998474121094,62.54999923706055,59.59981155395508,24559700
2024-12-17,62.45000076293945,63.54999923706055,62.31999969482422,63.400001525878906,60.409725189208984,21902400
2024-12-18,62.810001373291016,63.63999938964844,62.790000915527344,62.849998474121094,59.885658264160156,20946100
2024-12-19,62.70000076293945,63.16999816894531,62.400001525878906,62.45000076293945,59.50453186035156,21300600
2024-12-20,62.470001220703125,63.060001373291016,62.279998779296875,62.54999923706055,59.59981155395508,42458100
2024-12-23,62.5,62.7599983215332,61.529998779296875,62.380001068115234,59.437828063964844,13010800
2024-12-24,62.20000076293945,62.84000015258789,62.0099983215332,62.84000015258789,59.876136779785156,5019100
2024-12-26,62.619998931884766,62.7400016784668,62.400001525878906,62.56999969482422,59.61886978149414,7943800
2024-12-27,62.45000076293945,62.95000076293945,62.209999084472656,62.45000076293945,59.50453186035156,8542800
2024-12-30,62.34000015258789,62.34000015258789,61.68000030517578,62.029998779296875,59.10433578491211,8972200
2024-12-31,62.02000045776367,62.43000030517578,61.79999923706055,62.2599983215332,59.323486328125,9256700
2025-01-02,62.349998474121094,62.75,61.619998931884766,61.84000015258789,58.92329406738281,12991000
2025-01-03,61.900001525878906,62.08000183105469,61.619998931884766,61.75,58.83754348754883,10403200
2025-01-06,61.5,61.56999969482422,60.65999984741211,60.810001373291016,57.94187545776367,17924200
2025-01-07,61.11000061035156,61.720001220703125,60.619998931884766,60.84000015258789,57.97046661376953,17799600
2025-01-08,60.9900016784668,61.77000045776367,60.93000030517578,61.709999084472656,58.7994270324707,14412400
2025-01-10,61.58000183105469,61.650001525878906,60.72999954223633,61.06999969482422,58.18960952758789,22425000
2025-01-13,61.130001068115234,61.849998474121094,60.709999084472656,61.650001525878906,58.74225997924805,18016200
2025-01-14,61.65999984741211,62.06999969482422,61.29999923706055,62.040000915527344,59.11386489868164,16658300
2025-01-15,62.33000183105469,62.619998931884766,61.68000030517578,61.77000045776367,58.856597900390625,16187200
2025-01-16,61.41999816894531,62.29999923706055,61.31999969482422,62.25,59.313961029052734,12585500
2025-01-17,62.310001373291016,62.77000045776367,62.16999816894531,62.709999084472656,59.752262115478516,17948900
2025-01-21,62.900001525878906,63.22999954223633,62.29999923706055,62.41999816894531,59.4759407043457,19817100
2025-01-22,62.119998931884766,62.290000915527344,61.65999984741211,61.779998779296875,58.866127014160156,18191900
2025-01-23,61.79999923706055,61.97999954223633,61.369998931884766,61.529998779296875,58.62792205810547,16528400
2025-01-24,61.720001220703125,62.0099983215332,61.439998626708984,61.91999816894531,58.9995231628418,19244600
2025-01-27,62.869998931884766,64.18000030517578,62.470001220703125,63.869998931884766,60.857547760009766,20742900
2025-01-28,63.5099983215332,64.04000091552734,62.279998779296875,62.36000061035156,59.41877365112305,14956000
2025-01-29,62.560001373291016,63.36000061035156,62.54999923706055,62.83000183105469,59.866607666015625,11325600
2025-01-30,63.849998474121094,64.29000091552734,63.22999954223633,64.05000305175781,61.02906799316406,13201000
2025-01-31,63.70000076293945,63.93000030517578,63.38999938964844,63.47999954223633,60.48594284057617,12096800
2025-02-03,63.18000030517578,63.630001068115234,62.43000030517578,63.349998474121094,60.36207962036133,12067900
2025-02-04,63.61000061035156,63.630001068115234,62.349998474121094,62.66999816894531,59.714149475097656,15678000
2025-02-05,62.720001220703125,63.290000915527344,62.59000015258789,63.119998931884766,60.142921447753906,10686800
2025-02-06,63.619998931884766,63.7400016784668,62.90999984741211,63.36000061035156,60.371604919433594,13423400
2025-02-07,63.43000030517578,63.91999816894531,63.27000045776367,63.84000015258789,60.8289680480957,13184700
2025-02-10,64.0999984741211,64.6500015258789,63.65999984741211,64.55000305175781,61.50548553466797,16154300
2025-02-11,67.5,67.66999816894531,66.41000366210938,67.5999984741211,64.41162109375,30589100
2025-02-12,66.87000274658203,68.81999969482422,66.87000274658203,68.70999908447266,65.46926879882812,26033800
2025-02-13,69.0,69.61000061035156,68.76000213623047,69.5,66.22201538085938,24393100
2025-02-14,69.36000061035156,70.02999877929688,68.76000213623047,68.87000274658203,65.6217269897461,20779100
2025-02-18,68.55000305175781,69.37000274658203,68.41999816894531,69.05000305175781,65.79324340820312,15569100
2025-02-19,69.20999908447266,70.12999725341797,69.16999816894531,70.06999969482422,66.76512908935547,16032300
2025-02-20,69.70999908447266,70.06999969482422,69.41999816894531,70.04000091552734,66.73655700683594,13398000
2025-02-21,70.31999969482422,71.5999984741211,70.12999725341797,71.3499984741211,67.98475646972656,21662300
2025-02-24,70.83999633789062,71.7300033569336,70.33000183105469,70.58999633789062,67.26060485839844,21418400
2025-02-25,70.86000061035156,71.7699966430664,70.7300033569336,71.48999786376953,68.11814880371094,21555600
2025-02-26,71.2699966430664,71.27999877929688,70.52999877929688,70.80000305175781,67.460693359375,14531200
2025-02-27,70.72000122070312,71.54000091552734,70.41999816894531,70.87000274658203,67.52740478515625,16789500
2025-02-28,71.44999694824219,71.56999969482422,70.55999755859375,71.20999908447266,67.85135650634766,22167400
2025-03-03,70.23999786376953,72.36000061035156,69.7300033569336,72.31999969482422,68.90900421142578,21717600
2025-03-04,72.06999969482422,72.6500015258789,69.87999725341797,70.19000244140625,66.87946319580078,25411900
2025-03-05,69.9000015258789,70.73999786376953,69.83999633789062,70.08000183105469,66.77465057373047,23933600
2025-03-06,70.41000366210938,70.52999877929688,69.44999694824219,70.45999908447266,67.13673400878906,21694000
2025-03-07,69.6500015258789,71.81999969482422,69.6500015258789,71.43000030517578,68.06098175048828,28393300
2025-03-10,71.95999908447266,73.22000122070312,71.31999969482422,71.44999694824219,68.08002471923828,25251200
2025-03-11,71.87999725341797,72.04000091552734,70.61000061035156,71.04000091552734,67.68938446044922,28076400
2025-03-12,70.37000274658203,70.7300033569336,69.73999786376953,69.94000244140625,66.6412582397461,18923300
2025-03-13,70.25,70.25,69.27999877929688,69.62000274658203,66.33636474609375,15746600
2025-03-14,68.51000213623047,69.26000213623047,68.37999725341797,69.16000366210938,66.38434600830078,14205100
2025-03-17,69.23999786376953,70.16999816894531,69.08000183105469,70.12000274658203,67.30582427978516,15634800
2025-03-18,70.11000061035156,70.19000244140625,69.30000305175781,69.37999725341797,66.59551239013672,12657600
2025-03-19,68.55000305175781,69.37999725341797,68.54000091552734,69.27999877929688,66.49952697753906,14780000
2025-03-20,69.30999755859375,69.80999755859375,69.08999633789062,69.70999908447266,66.91226959228516,16295300
2025-03-21,69.70999908447266,69.97000122070312,68.18000030517578,68.66999816894531,65.91400909423828,47479500
2025-03-24,68.80000305175781,69.08000183105469,68.33000183105469,68.94999694824219,66.1827621459961,12575400
2025-03-25,68.94999694824219,69.08000183105469,68.5999984741211,68.80999755859375,66.04838562011719,12513900
2025-03-26,68.91999816894531,70.3499984741211,68.9000015258789,70.0199966430664,67.20983123779297,14478200
2025-03-27,70.18000030517578,70.98999786376953,70.06999969482422,70.73999786376953,67.90093231201172,11663400
2025-03-28,70.80999755859375,71.31999969482422,69.52999877929688,70.37000274658203,67.54578399658203,17412900
2025-03-31,70.7300033569336,71.94000244140625,70.48999786376953,71.62000274658203,68.74562072753906,24016900
2025-04-01,71.68000030517578,71.91000366210938,71.19000244140625,71.87000274658203,68.98558807373047,15309100
2025-04-02,71.95999908447266,72.36000061035156,71.05000305175781,71.33000183105469,68.4672622680664,14606500
2025-04-03,72.4800033569336,73.94999694824219,72.31999969482422,73.18000030517578,70.24301147460938,24959600
2025-04-04,72.41999816894531,73.01000213623047,69.79000091552734,69.93000030517578,67.1234359741211,26517300
2025-04-07,66.2300033569336,69.37999725341797,66.05000305175781,68.37000274658203,65.62605285644531,34258400
2025-04-08,68.95999908447266,69.9800033569336,67.76000213623047,68.41999816894531,65.67404174804688,22774400
2025-04-09,67.91999816894531,70.47000122070312,67.27999877929688,69.94999694824219,67.14263916015625,27918700
2025-04-10,70.19000244140625,71.20999908447266,68.9800033569336,70.76000213623047,67.92013549804688,22450200
2025-04-11,70.91000366210938,71.8499984741211,70.54000091552734,71.43000030517578,68.56324768066406,19988200
2025-04-14,71.30000305175781,72.66000366210938,70.93000030517578,72.44999694824219,69.54229736328125,13930200
2025-04-15,72.62000274658203,72.62999725341797,71.72000122070312,71.86000061035156,68.9759750366211,14965500
2025-04-16,72.36000061035156,72.66999816894531,71.38999938964844,71.68000030517578,68.80320739746094,15276200
2025-04-17,71.9000015258789,73.43000030517578,71.72000122070312,73.0,70.07022857666016,20754500
2025-04-21,73.37999725341797,73.47000122070312,71.81999969482422,72.7699966430664,69.84945678710938,16037200
2025-04-22,73.0,74.37999725341797,72.91999816894531,73.9000015258789,70.9341049194336,15613500
2025-04-23,73.29000091552734,73.94999694824219,72.37999725341797,73.30000305175781,70.35818481445312,16353900
2025-04-24,73.0199966430664,73.43000030517578,72.30000305175781,72.5199966430664,69.60948944091797,16893900
2025-04-25,72.6500015258789,72.91999816894531,71.12999725341797,71.91000366210938,69.02397918701172,16316000
2025-04-28,72.08000183105469,72.26000213623047,71.30999755859375,71.79000091552734,68.9087905883789,15997500
2025-04-29,71.19000244140625,72.70999908447266,70.27999877929688,72.3499984741211,69.44631958007812,16244100
2025-04-30,73.3499984741211,73.4800033569336,71.69000244140625,72.55000305175781,69.63829040527344,21074700
2025-05-01,72.0,72.04000091552734,71.2300033569336,71.29000091552734,68.4288558959961,18034200
2025-05-02,71.5,71.81999969482422,71.0999984741211,71.6500015258789,68.7744140625,12629600
2025-05-05,71.66999816894531,71.80000305175781,71.01000213623047,71.69999694824219,68.82240295410156,11932700
2025-05-06,71.68000030517578,71.9000015258789,71.16000366210938,71.72000122070312,68.84161376953125,12705500
2025-05-07,71.72000122070312,72.69000244140625,71.66999816894531,72.4000015258789,69.49430847167969,15018200
2025-05-08,72.19999694824219,72.47000122070312,71.12999725341797,71.16999816894531,68.31366729736328,14371100
2025-05-09,70.98999786376953,71.1500015258789,70.45999908447266,70.5199966430664,67.68975830078125,11228900
2025-05-12,70.1500015258789,70.33000183105469,68.69999694824219,69.52999877929688,66.73949432373047,21539000
2025-05-13,69.58999633789062,69.69000244140625,68.87000274658203,68.95999908447266,66.1923828125,14389100
2025-05-14,68.87999725341797,69.33999633789062,68.58000183105469,69.16000366210938,66.38434600830078,16286800
2025-05-15,69.69999694824219,71.7300033569336,69.5999984741211,71.61000061035156,68.73601531982422,19817100
2025-05-16,71.86000061035156,72.26000213623047,71.43000030517578,72.0,69.11036682128906,18441200
2025-05-19,72.02999877929688,72.16999816894531,71.63999938964844,71.93000030517578,69.04316711425781,13282800
2025-05-20,71.80000305175781,72.12999725341797,71.43000030517578,71.69000244140625,68.81280517578125,12137800
2025-05-21,71.69000244140625,72.08000183105469,71.58000183105469,71.8499984741211,68.96637725830078,12094400
2025-05-22,71.83999633789062,71.98999786376953,70.95999908447266,71.13999938964844,68.28488159179688,11101800
2025-05-23,71.54000091552734,71.9800033569336,70.69000244140625,71.7699966430664,68.88959503173828,12822100
2025-05-27,71.73999786376953,72.22000122070312,71.55999755859375,71.77999877929688,68.89918518066406,10666100
2025-05-28,71.69999694824219,71.9000015258789,71.05000305175781,71.1500015258789,68.29447937011719,8710900
2025-05-29,71.0,71.66000366210938,70.45999908447266,71.48999786376953,68.62081909179688,10291100
2025-05-30,71.61000061035156,72.47000122070312,71.61000061035156,72.0999984741211,69.20635223388672,28019500
2025-06-02,72.02999877929688,72.04000091552734,71.36000061035156,72.0,69.11036682128906,10202700
2025-06-03,71.70999908447266,71.77999877929688,70.47000122070312,71.16000366210938,68.30408477783203,20139800
2025-06-04,71.26000213623047,71.8499984741211,70.68000030517578,71.37000274658203,68.50564575195312,13565900
2025-06-05,71.37999725341797,71.45999908447266,70.83000183105469,70.91000366210938,68.06411743164062,13531400
2025-06-06,71.08000183105469,71.4800033569336,70.94000244140625,71.3499984741211,68.48644256591797,9524000
2025-06-09,71.3499984741211,71.83000183105469,71.08999633789062,71.7699966430664,68.88959503173828,12281300
2025-06-10,71.9000015258789,72.69000244140625,71.76000213623047,72.3499984741211,69.44631958007812,12265000
2025-06-11,72.2699966430664,72.36000061035156,71.76000213623047,72.06999969482422,69.17755889892578,12718500
2025-06-12,72.25,72.4000015258789,71.5999984741211,72.23999786376953,69.34073638916016,12806900
2025-06-13,71.7699966430664,71.87999725341797,70.7300033569336,71.0199966430664,68.65437316894531,17467200
2025-06-16,71.19999694824219,71.62000274658203,70.23999786376953,70.5199966430664,68.1710433959961,15045900
2025-06-17,70.37999725341797,70.45999908447266,69.58000183105469,69.62000274658203,67.301025390625,15437000
2025-06-18,70.0,70.0,69.08999633789062,69.20999908447266,66.90467071533203,16227600
2025-06-20,69.08999633789062,69.55999755859375,68.77999877929688,68.83999633789062,66.54698944091797,40859400
2025-06-23,69.13999938964844,69.80999755859375,68.97000122070312,69.73999786376953,67.41702270507812,21822800
2025-06-24,69.94000244140625,70.3499984741211,69.69000244140625,70.20999908447266,67.87136840820312,15216100
2025-06-25,69.93000030517578,70.0199966430664,69.43000030517578,69.62999725341797,67.31067657470703,12540400
2025-06-26,69.69999694824219,69.91999816894531,69.1500015258789,69.47000122070312,67.15602111816406,14454100
2025-06-27,69.58999633789062,70.55999755859375,69.47000122070312,70.33000183105469,67.98736572265625,23470700
2025-06-30,70.12999725341797,70.79000091552734,70.08999633789062,70.75,68.39337921142578,15429000
2025-07-01,70.98999786376953,72.44999694824219,70.9000015258789,71.66999816894531,69.28273010253906,21729300
2025-07-02,71.69000244140625,71.83000183105469,70.73999786376953,70.91000366210938,68.54804992675781,13050200
2025-07-03,71.04000091552734,71.4000015258789,70.44999694824219,71.3499984741211,68.97338104248047,9440500
2025-07-07,71.37000274658203,71.37000274658203,70.80000305175781,71.01000213623047,68.64471435546875,16984700
2025-07-08,70.68000030517578,70.68000030517578,69.87999725341797,70.23999786376953,67.9003677368164,17115500
2025-07-09,70.16000366210938,70.25,68.97000122070312,69.4800033569336,67.16567993164062,33704100
2025-07-10,69.29000091552734,69.8499984741211,69.16000366210938,69.7699966430664,67.44601440429688,14608400
2025-07-11,69.56999969482422,70.16000366210938,69.25,69.87000274658203,67.54268646240234,12916700
2025-07-14,69.80000305175781,70.08000183105469,69.2699966430664,69.47000122070312,67.15602111816406,13983200
2025-07-15,69.51000213623047,69.55000305175781,69.1500015258789,69.36000061035156,67.04967498779297,12639800
2025-07-16,69.3499984741211,69.5,68.79000091552734,69.2699966430664,66.9626693725586,13178300
2025-07-17,69.80999755859375,70.69000244140625,69.51000213623047,70.58999633789062,68.23870086669922,20464700
2025-07-18,70.44000244140625,70.69999694824219,69.83000183105469,69.8499984741211,67.52335357666016,14928000
2025-07-21,70.19000244140625,70.62000274658203,69.93000030517578,70.06999969482422,67.73602294921875,17811700
2025-07-22,69.44999694824219,70.26000213623047,68.69000244140625,69.66000366210938,67.33968353271484,22339900
2025-07-23,69.66000366210938,69.73999786376953,68.5999984741211,69.16000366210938,66.85633850097656,21030000
2025-07-24,69.26000213623047,69.55000305175781,68.98999786376953,69.0999984741211,66.79832458496094,12511400
2025-07-25,69.12999725341797,69.2300033569336,68.75,69.16999816894531,66.86599731445312,12574800
2025-07-28,68.73999786376953,68.9000015258789,68.05999755859375,68.08999633789062,65.82197570800781,13668800
2025-07-29,68.33999633789062,69.41999816894531,68.1500015258789,69.37999725341797,67.06900024414062,16223400
2025-07-30,69.11000061035156,69.33000183105469,68.52999877929688,68.75,66.45999908447266,10448200
2025-07-31,68.1500015258789,68.6500015258789,67.73999786376953,67.88999938964844,65.6286392211914,17193400
2025-08-01,68.5999984741211,69.04000091552734,68.2699966430664,68.86000061035156,66.56633758544922,16107500
2025-08-04,68.72000122070312,69.08000183105469,68.30999755859375,68.95999908447266,66.66300201416016,10701500
2025-08-05,68.9000015258789,69.48999786376953,68.75,69.05000305175781,66.75,11993400
2025-08-06,69.12000274658203,69.80000305175781,68.62999725341797,69.51000213623047,67.1946792602539,10783000
2025-08-07,69.45999908447266,70.72000122070312,69.33000183105469,70.43000030517578,68.08403778076172,15790800
2025-08-08,70.36000061035156,70.87000274658203,70.08000183105469,70.33999633789062,67.99703216552734,9232700
2025-08-11,70.30000305175781,70.86000061035156,69.95999908447266,70.75,68.39337921142578,10909400
2025-08-12,70.81999969482422,71.05999755859375,70.22000122070312,70.70999908447266,68.35470581054688,11061100
2025-08-13,70.69000244140625,70.7699966430664,70.2300033569336,70.45999908447266,68.11302947998047,10356500
2025-08-14,70.37999725341797,70.45999908447266,69.38999938964844,69.55000305175781,67.23334503173828,10722400
2025-08-15,69.73999786376953,70.38999938964844,69.56999969482422,69.91999816894531,67.59102630615234,12381100
2025-08-18,69.9800033569336,70.05000305175781,69.05000305175781,69.12999725341797,66.82733154296875,14094900
2025-08-19,69.30000305175781,70.22000122070312,69.23999786376953,70.12999725341797,67.79402923583984,13862200
2025-08-20,70.73999786376953,71.70999908447266,70.41000366210938,70.69999694824219,68.34503936767578,17530800
2025-08-21,70.5999984741211,70.91000366210938,70.33000183105469,70.66000366210938,68.30638122558594,8840400
2025-08-22,70.95999908447266,71.0199966430664,69.91999816894531,70.12999725341797,67.79402923583984,12999600
2025-08-25,70.11000061035156,70.2300033569336,68.72000122070312,68.93000030517578,66.6340103149414,13634600
2025-08-26,69.04000091552734,69.08000183105469,68.58000183105469,68.7300033569336,66.44065856933594,17964200
2025-08-27,68.81999969482422,68.87000274658203,68.47000122070312,68.83000183105469,66.5373306274414,11562700
2025-08-28,68.87999725341797,68.9000015258789,68.27999877929688,68.36000061035156,66.0829849243164,16209900
2025-08-29,68.66999816894531,69.13999938964844,68.43000030517578,68.98999786376953,66.69198608398438,14601100
2025-09-02,68.95999908447266,69.33999633789062,68.26000213623047,69.05999755859375,66.75965881347656,24770100
2025-09-03,68.66000366210938,69.0999984741211,67.37000274658203,68.98999786376953,66.69198608398438,33581500
2025-09-04,69.11000061035156,69.45999908447266,68.11000061035156,68.25,65.97665405273438,16736000
2025-09-05,68.01000213623047,68.58000183105469,67.87000274658203,67.95999908447266,65.69629669189453,23978000
2025-09-08,67.86000061035156,67.87999725341797,67.16000366210938,67.43000030517578,65.18396759033203,21671700
2025-09-09,67.27999877929688,68.11000061035156,67.27999877929688,67.86000061035156,65.5996322631836,14120600
2025-09-10,67.79000091552734,68.08999633789062,67.20999908447266,67.81999969482422,65.56096649169922,16041900
2025-09-11,67.91999816894531,68.16999816894531,67.58000183105469,67.62000274658203,65.36763763427734,15128700
2025-09-12,67.5999984741211,67.72000122070312,66.94000244140625,67.01000213623047,64.77794647216797,18712400
2025-09-15,66.68000030517578,66.77999877929688,66.0999984741211,66.20999908447266,64.49546813964844,15986100
2025-09-16,66.3499984741211,66.51000213623047,66.05999755859375,66.23999786376953,64.52468872070312,18555900
2025-09-17,66.41000366210938,67.12999725341797,66.41000366210938,67.04000091552734,65.30397033691406,17372300
2025-09-18,66.80000305175781,67.04000091552734,66.3499984741211,66.45999908447266,64.7389907836914,17722900
2025-09-19,66.48999786376953,66.7300033569336,66.05000305175781,66.43000030517578,64.70976257324219,31192900
2025-09-22,66.16000366210938,66.58999633789062,66.08000183105469,66.20999908447266,64.49546813964844,13298700
2025-09-23,66.3499984741211,66.76000213623047,65.9000015258789,66.70999908447266,64.98251342773438,15072800
2025-09-24,66.41000366210938,66.77999877929688,65.95999908447266,66.44999694824219,64.729248046875,14759300
2025-09-25,66.75,66.91999816894531,65.94999694824219,65.9800033569336,64.27141571044922,14395000
2025-09-26,66.06999969482422,66.33000183105469,65.5,65.66999816894531,63.96944046020508,17821600
2025-09-29,65.66999816894531,66.0999984741211,65.3499984741211,66.04000091552734,64.32986450195312,14818500
2025-09-30,66.06999969482422,66.63999938964844,65.95999908447266,66.31999969482422,64.60260772705078,13815000
2025-10-01,66.51000213623047,66.83000183105469,66.29000091552734,66.77999877929688,65.05070495605469,14877500
2025-10-02,66.52999877929688,66.6500015258789,65.86000061035156,66.0999984741211,64.3883056640625,14350700
2025-10-03,66.0999984741211,66.98999786376953,66.04000091552734,66.6500015258789,64.92406463623047,12249200
2025-10-06,66.48999786376953,66.5,65.83999633789062,66.0999984741211,64.3883056640625,14333300
2025-10-07,66.22000122070312,67.26000213623047,65.87000274658203,66.79000091552734,65.06044006347656,13328300
2025-10-08,66.66999816894531,66.87000274658203,66.05999755859375,66.12000274658203,64.40779876708984,12606700
2025-10-09,66.29000091552734,66.80000305175781,66.12000274658203,66.37000274658203,64.65131378173828,12705200
2025-10-10,66.5199966430664,67.4000015258789,66.37999725341797,67.04000091552734,65.30397033691406,17991700
2025-10-13,66.2300033569336,66.80000305175781,66.0,66.80000305175781,65.0701904296875,13690000
2025-10-14,66.87000274658203,67.56999969482422,66.75,67.51000213623047,65.76180267333984,14245600
2025-10-15,67.2699966430664,67.72000122070312,66.91999816894531,67.08000183105469,65.34293365478516,11193700
2025-10-16,67.18000030517578,68.11000061035156,67.16000366210938,67.58999633789062,65.8397216796875,15707200
2025-10-17,68.0,68.5,67.80000305175781,68.44000244140625,66.66771697998047,15541800
2025-10-20,68.43000030517578,68.63999938964844,67.91999816894531,68.44000244140625,66.66771697998047,17786800
2025-10-21,70.56999969482422,71.38999938964844,70.2300033569336,71.22000122070312,69.37572479248047,33651300
2025-10-22,71.36000061035156,71.62000274658203,70.51000213623047,70.80999755859375,68.97633361816406,18293000
2025-10-23,70.80999755859375,70.93000030517578,69.72000122070312,69.94000244140625,68.1288833618164,13989400
2025-10-24,69.91000366210938,70.05000305175781,69.6500015258789,69.70999908447266,67.90482330322266,15688200
2025-10-27,69.77999877929688,70.12000274658203,69.25,70.05999755859375,68.24576568603516,13800000
2025-10-28,70.05000305175781,70.9000015258789,69.94999694824219,70.16000366210938,68.34318542480469,12730500
2025-10-29,69.91999816894531,70.02999877929688,68.16000366210938,68.3499984741211,66.58003997802734,19789600
2025-10-30,68.44999694824219,69.29000091552734,68.38999938964844,68.9800033569336,67.19373321533203,14751700
2025-10-31,68.55000305175781,69.06999969482422,67.9000015258789,68.9000015258789,67.11580657958984,16742700
2025-11-03,68.80000305175781,68.88999938964844,67.66000366210938,67.97000122070312,66.20987701416016,15660400
2025-11-04,68.47000122070312,68.7300033569336,68.16000366210938,68.66000366210938,66.88201904296875,12743800
2025-11-05,68.66000366210938,68.83000183105469,68.18000030517578,68.51000213623047,66.73590087890625,12850100
2025-11-06,68.30000305175781,69.13999938964844,67.91999816894531,69.05999755859375,67.27165222167969,15906700
2025-11-07,69.80999755859375,70.87000274658203,69.41000366210938,70.55000305175781,68.72307586669922,25108300
2025-11-10,70.01000213623047,70.66000366210938,69.44000244140625,70.5199966430664,68.69385528564453,15318000
2025-11-11,70.9800033569336,71.75,70.66000366210938,71.61000061035156,69.75562286376953,16160200
2025-11-12,71.48999786376953,71.88999938964844,71.33999633789062,71.51000213623047,69.65821838378906,13612600
2025-11-13,71.41999816894531,71.66999816894531,71.0,71.06999969482422,69.22960662841797,14002800
2025-11-14,71.41000366210938,71.63999938964844,70.5999984741211,71.16000366210938,69.3172836303711,13172000
2025-11-17,71.19999694824219,71.52999877929688,70.62000274658203,70.68000030517578,68.84970092773438,14772300
2025-11-18,70.98999786376953,71.33999633789062,70.56999969482422,71.22000122070312,69.37572479248047,12838900
2025-11-19,71.19999694824219,71.44999694824219,70.80999755859375,71.11000061035156,69.2685775756836,12401500
2025-11-20,70.94999694824219,71.4800033569336,70.61000061035156,71.20999908447266,69.36598205566406,15396500
2025-11-21,71.68000030517578,73.19000244140625,71.48999786376953,72.94999694824219,71.06092071533203,26492500
2025-11-24,73.16000366210938,73.16000366210938,71.56999969482422,72.58999633789062,70.71024322509766,39818600
2025-11-25,72.80000305175781,72.93000030517578,72.13999938964844,72.61000061035156,70.729736328125,17451200
2025-11-26,72.5999984741211,73.08999633789062,72.38999938964844,72.87999725341797,70.99273681640625,11795100
2025-11-28,73.0,73.2300033569336,72.76000213623047,73.12000274658203,71.22652435302734,7423000
2025-12-01,72.5999984741211,72.91000366210938,71.93000030517578,71.94999694824219,70.5791015625,14388100
2025-12-02,71.80000305175781,71.80000305175781,70.43000030517578,70.66999816894531,69.323486328125,19871300
2025-12-03,70.87999725341797,71.4000015258789,70.61000061035156,70.80999755859375,69.4608154296875,17001700
2025-12-04,70.83000183105469,71.33999633789062,70.37000274658203,70.44999694824219,69.10768127441406,17710000
2025-12-05,70.31999969482422,70.70999908447266,69.87000274658203,70.0,68.66625213623047,13978200
2025-12-08,69.83999633789062,70.37999725341797,69.48999786376953,70.25,68.91149139404297,17775100
2025-12-09,70.37000274658203,70.62999725341797,69.83000183105469,70.08999633789062,68.75453186035156,13010600
2025-12-10,70.38999938964844,70.52999877929688,69.77999877929688,70.20999908447266,68.87225341796875,29789400
2025-12-11,70.55000305175781,70.69000244140625,68.79000091552734,69.11000061035156,67.79320526123047,23124200
2025-12-12,69.11000061035156,70.62000274658203,69.04000091552734,70.5199966430664,69.17634582519531,18444500
2025-12-15,70.43000030517578,71.31999969482422,70.31999969482422,70.97000122070312,69.6177749633789,18660100
2025-12-16,71.30000305175781,71.30000305175781,70.31999969482422,70.37000274658203,69.02920532226562,17370000
2025-12-17,70.56999969482422,70.91999816894531,70.30999755859375,70.66999816894531,69.323486328125,13672700
2025-12-18,70.2699966430664,70.80000305175781,70.16999816894531,70.36000061035156,69.0193862915039,15524800
2025-12-19,70.05999755859375,70.7699966430664,70.02999877929688,70.05999755859375,68.72511291503906,36911100
2025-12-22,69.93000030517578,70.22000122070312,69.66000366210938,70.20999908447266,68.87225341796875,12828500
2025-12-23,70.19999694824219,70.26000213623047,69.69000244140625,69.87000274658203,68.53873443603516,9471000
2025-12-24,69.9000015258789,70.16000366210938,69.75,70.11000061035156,68.77415466308594,4515300
2025-12-26,69.94999694824219,70.16000366210938,69.7300033569336,69.87000274658203,68.53873443603516,5711400
2025-12-29,70.0,70.41999816894531,69.8499984741211,70.16000366210938,68.82321166992188,9686900
2025-12-30,70.0,70.23999786376953,69.80000305175781,70.06999969482422,68.73491668701172,8610900
2025-12-31,70.06999969482422,70.16000366210938,69.87999725341797,69.91000366210938,68.57797241210938,8127800
2026-01-02,69.8499984741211,69.87000274658203,68.9800033569336,69.12000274658203,67.80302429199219,12151300
2026-01-05,68.91999816894531,68.91999816894531,67.91999816894531,67.94000244140625,66.6455078125,21186600
2026-01-06,68.01000213623047,68.25,67.58999633789062,67.83999633789062,66.54740142822266,21019900
2026-01-07,67.98999786376953,68.06999969482422,67.2699966430664,67.54000091552734,66.25312805175781,20223400
2026-01-08,67.54000091552734,69.45999908447266,67.44999694824219,69.37000274658203,68.04826354980469,19237000
2026-01-09,69.43000030517578,70.66000366210938,69.12000274658203,70.51000213623047,69.16653442382812,19638600
2026-01-12,70.9000015258789,70.97000122070312,70.23999786376953,70.5,69.15673065185547,20582500
2026-01-13,70.41999816894531,71.23999786376953,70.2699966430664,71.23999786376953,69.88262176513672,18324800
2026-01-14,71.16999816894531,71.70999908447266,70.80999755859375,71.44000244140625,70.07881927490234,16739100
2026-01-15,71.58999633789062,71.5999984741211,70.37000274658203,70.4800033569336,69.1371078491211,15464100
2026-01-16,70.29000091552734,70.73999786376953,70.04000091552734,70.44000244140625,69.09786987304688,20027500
2026-01-20,70.0,71.77999877929688,69.79000091552734,71.75,70.3829116821289,22152200
2026-01-21,71.9800033569336,72.23999786376953,70.83000183105469,72.01000213623047,70.63795471191406,21660600
2026-01-22,71.83000183105469,72.04000091552734,71.44000244140625,71.87000274658203,70.50062561035156,13962800
2026-01-23,72.0199966430664,73.05999755859375,71.77999877929688,72.87999725341797,71.49137878417969,18307100
2026-01-26,72.86000061035156,73.30000305175781,72.54000091552734,72.55999755859375,71.17747497558594,14017400
2026-01-27,72.44000244140625,73.55999755859375,72.2699966430664,73.55000305175781,72.14861297607422,13239200
2026-01-28,73.20999908447266,73.62000274658203,72.56999969482422,73.05999755859375,71.66793823242188,14633700
2026-01-29,73.18000030517578,74.08999633789062,73.13999938964844,73.43000030517578,72.03089904785156,20862100
2026-01-30,73.70999908447266,74.9000015258789,73.54000091552734,74.80999755859375,73.38460540771484,26420500
2026-02-02,75.01000213623047,75.69999694824219,74.4000015258789,75.33000183105469,73.89470672607422,19301500
2026-02-03,75.2699966430664,77.5,75.12999725341797,76.88999938964844,75.42497253417969,27007100
2026-02-04,77.2699966430664,78.11000061035156,77.08000183105469,77.3499984741211,75.87620544433594,28607300
2026-02-05,77.81999969482422,78.86000061035156,77.58999633789062,78.51000213623047,77.01410675048828,21633500
2026-02-06,78.5,79.19999694824219,78.26000213623047,79.02999877929688,77.52420043945312,18512400
2026-02-09,78.66999816894531,79.11000061035156,77.54000091552734,77.97000122070312,76.4843978881836,23415600
2026-02-10,76.62999725341797,77.51000213623047,76.01000213623047,76.80999755859375,75.34649658203125,28848200
2026-02-11,76.87999725341797,79.05000305175781,76.58000183105469,78.5999984741211,77.1023941040039,22649700
2026-02-12,78.9800033569336,80.41000366210938,78.79000091552734,79.0,77.4947738647461,26043500
2026-02-13,78.44999694824219,79.4000015258789,78.12999725341797,78.68000030517578,77.18087005615234,16711900
2026-02-17,78.98999786376953,79.63999938964844,78.73999786376953,79.55999755859375,78.04409790039062,16260200
2026-02-18,79.5,79.83999633789062,78.91999816894531,79.48999786376953,77.97543334960938,16304900
2026-02-19,79.45999908447266,79.66999816894531,78.58999633789062,78.91000366210938,77.40648651123047,14924700
2026-02-20,79.33000183105469,79.83999633789062,78.88999938964844,79.83999633789062,78.31876373291016,17175100
2026-02-23,79.5199966430664,80.8499984741211,79.5,80.55999755859375,79.0250473022461,17157700
2026-02-24,80.54000091552734,81.08999633789062,79.8499984741211,80.72000122070312,79.18199920654297,16448500
2026-02-25,80.4000015258789,80.69000244140625,79.55999755859375,80.47000122070312,78.93675994873047,18086900
2026-02-26,80.75,80.88999938964844,80.0199966430664,80.5,78.96619415283203,12843200
2026-02-27,80.94000244140625,82.0,80.81999969482422,81.55999755859375,80.00598907470703,28483500
2026-03-02,81.25,81.4000015258789,80.1500015258789,80.22000122070312,78.69152069091797,18137200
2026-03-03,79.86000061035156,80.08000183105469,78.55999755859375,79.33999633789062,77.82828521728516,20549300
2026-03-04,79.29000091552734,79.47000122070312,77.75,78.0999984741211,76.61192321777344,21011800
2026-03-05,77.68000030517578,77.72000122070312,76.5,77.02999877929688,75.56230926513672,23165700
2026-03-06,76.80000305175781,77.19000244140625,76.3499984741211,77.04000091552734,75.5721206665039,15516000
2026-03-09,76.62000274658203,78.06999969482422,76.52999877929688,77.80000305175781,76.31764221191406,18554100
2026-03-10,77.4800033569336,78.41000366210938,77.0999984741211,77.87999725341797,76.39611053466797,17243900
2026-03-11,77.70999908447266,77.70999908447266,76.5999984741211,77.62999725341797,76.15087127685547,11546800
2026-03-12,77.41999816894531,78.16000366210938,76.9000015258789,77.61000061035156,76.13126373291016,16842200
2026-03-13,77.47000122070312,78.05000305175781,77.19000244140625,77.33999633789062,76.38805389404297,11974500
2026-03-16,78.0,78.43000030517578,77.73999786376953,77.81999969482422,76.86214447021484,11761200
2026-03-17,78.0,78.30000305175781,77.44999694824219,77.58000183105469,76.62510681152344,14900100
2026-03-18,77.08000183105469,77.12999725341797,75.8499984741211,75.97000122070312,75.034912109375,13134600
2026-03-19,76.0,76.44999694824219,75.52999877929688,75.55000305175781,74.6200942993164,13023300
2026-03-20,75.56999969482422,76.05000305175781,74.38999938964844,74.75,73.8299331665039,33298700
2026-03-23,75.33999633789062,75.44999694824219,74.55000305175781,75.11000061035156,74.18550872802734,15054900
2026-03-24,74.86000061035156,75.69000244140625,74.62999725341797,74.66999816894531,73.75092315673828,15653700
2026-03-25,74.58999633789062,75.6500015258789,74.06999969482422,75.25,74.32378387451172,14787900
2026-03-26,75.19000244140625,75.75,74.6500015258789,74.69000244140625,73.77067565917969,11202100
2026-03-27,74.81999969482422,76.05000305175781,74.69999694824219,75.70999908447266,74.77811431884766,17461000
2026-03-30,75.93000030517578,77.0,75.72000122070312,76.2699966430664,75.33122253417969,18502800
2026-03-31,76.52999877929688,77.0199966430664,75.51000213623047,76.05000305175781,75.11393737792969,18301800
2026-04-01,76.1500015258789,76.36000061035156,75.26000213623047,76.08000183105469,75.14356231689453,15834300
2026-04-02,76.58000183105469,76.95999908447266,76.12000274658203,76.72000122070312,75.77568817138672,14573400
2026-04-06,76.63999938964844,77.27999877929688,76.22000122070312,77.22000122070312,76.26953125,8259900
2026-04-07,77.19999694824219,77.5999984741211,75.62999725341797,75.91000366210938,74.97566223144531,12769200
2026-04-08,75.80999755859375,77.37000274658203,75.31999969482422,77.29000091552734,76.33867645263672,12331300
2026-04-09,76.6500015258789,78.29000091552734,76.37000274658203,78.18000030517578,77.21771240234375,14311000
2026-04-10,77.9800033569336,78.16999816894531,77.30999755859375,77.47000122070312,76.5164566040039,11081400
2026-04-13,77.31999969482422,77.44999694824219,75.83000183105469,76.41000366210938,75.46951293945312,12696200
2026-04-14,75.97000122070312,76.62000274658203,75.80000305175781,75.9000015258789,74.96577453613281,12397600
2026-04-15,75.73999786376953,75.73999786376953,74.72000122070312,75.30999755859375,74.3830337524414,16212100
2026-04-16,75.02999877929688,75.83999633789062,74.9000015258789,75.18000030517578,74.25464630126953,11501900
2026-04-17,74.94999694824219,76.05999755859375,74.80000305175781,75.73999786376953,74.80774688720703,15033900
2026-04-20,75.81999969482422,76.22000122070312,75.36000061035156,75.4800033569336,74.55094909667969,10141800
2026-04-21,75.4800033569336,75.52999877929688,74.62000274658203,74.69999694824219,73.7805404663086,11806900
2026-04-22,74.9000015258789,75.37999725341797,74.55000305175781,74.62999725341797,73.71141052246094,9352300
2026-04-23,75.44000244140625,76.66000366210938,75.16000366210938,76.27999877929688,75.34110260009766,12060300
2026-04-24,76.70999908447266,77.01000213623047,76.16999816894531,76.62999725341797,75.68679809570312,12008700
2026-04-27,76.70999908447266,76.70999908447266,75.4000015258789,75.44000244140625,74.51144409179688,15812200
2026-04-28,79.5199966430664,80.31999969482422,78.08000183105469,78.3499984741211,77.3856201171875,30710700
2026-04-29,78.37000274658203,79.27999877929688,78.19000244140625,78.87000274658203,77.89922332763672,18294700
2026-04-30,78.80000305175781,79.12000274658203,78.33000183105469,78.76000213623047,77.79058074951172,15142200
2026-05-01,79.29000091552734,79.63999938964844,78.04000091552734,78.58000183105469,77.61279296875,12610400
2026-05-04,78.05999755859375,78.7699966430664,77.7300033569336,78.19000244140625,77.22759246826172,12672400
2026-05-05,78.19000244140625,78.77999877929688,77.73999786376953,78.4800033569336,77.51402282714844,11637500
2026-05-06,78.77999877929688,79.33000183105469,78.56999969482422,79.2300033569336,78.25479125976562,14060300
2026-05-07,78.79000091552734,79.1500015258789,78.0999984741211,78.43000030517578,77.46463775634766,16531400
2026-05-08,78.56999969482422,79.19999694824219,78.12000274658203,78.41999816894531,77.45475769042969,12447200
2026-05-11,78.16000366210938,78.7300033569336,77.83999633789062,78.66000366210938,77.69181060791016,10967900
2026-05-12,79.0,80.31999969482422,78.27999877929688,80.02999877929688,79.0449447631836,19883100
2026-05-13,79.87000274658203,81.02999877929688,79.83999633789062,80.26000213623047,79.27210998535156,12357000
2026-05-14,80.7300033569336,80.91999816894531,79.91000366210938,80.44999694824219,79.45977783203125,10642000
2026-05-15,81.36000061035156,81.36000061035156,80.44999694824219,80.81999969482422,79.82522583007812,17527200
2026-05-18,80.87000274658203,81.38999938964844,80.38999938964844,81.19999694824219,80.2005386352539,12375500
2026-05-19,81.41000366210938,82.66000366210938,81.26000213623047,81.91999816894531,80.91168212890625,16595200
2026-05-20,82.16999816894531,82.4000015258789,81.5199966430664,81.55000305175781,80.5462417602539,16999700
2026-05-21,81.79000091552734,81.80000305175781,80.72000122070312,81.16999816894531,80.17090606689453,15708400
2026-05-22,81.18000030517578,81.68000030517578,80.91999816894531,81.4800033569336,80.47710418701172,8240200
2026-05-26,80.83999633789062,81.5999984741211,80.23999786376953,80.45999908447266,79.46965026855469,13004200
2026-05-27,81.0999984741211,82.51000213623047,80.80000305175781,81.62000274658203,80.6153793334961,13209600
2026-05-28,81.31999969482422,81.76000213623047,80.33999633789062,80.41000366210938,79.42027282714844,14691400
2026-05-29,80.04000091552734,80.33000183105469,78.91000366210938,79.01000213623047,78.0374984741211,32477000
2026-06-01,78.58000183105469,79.19999694824219,78.43000030517578,78.63999938964844,77.67205810546875,12776300
2026-06-02,78.87999725341797,79.19999694824219,78.25,78.41000366210938,77.44489288330078,12533200
2026-06-03,78.29000091552734,79.02999877929688,78.11000061035156,78.76000213623047,77.79058074951172,14964300
2026-06-04,79.77999877929688,80.04000091552734,76.80999755859375,76.81999969482422,75.87445831298828,19361600
2026-06-05,77.51000213623047,80.73999786376953,77.4800033569336,79.4800033569336,78.50171661376953,25708100
2026-06-08,79.30999755859375,79.93000030517578,79.0999984741211,79.54000091552734,78.56098175048828,12828900
2026-06-09,79.55000305175781,81.76000213623047,79.37999725341797,81.33999633789062,80.33881378173828,20591600
2026-06-10,82.68000030517578,83.8499984741211,82.12000274658203,83.58999633789062,82.56111907958984,20880500
2026-06-11,83.91999816894531,84.04000091552734,82.48999786376953,82.52999877929688,81.51417541503906,14264500
2026-06-12,82.70999908447266,82.88999938964844,81.87000274658203,82.62000274658203,81.60306549072266,11757700
2026-06-15,81.08000183105469,81.19999694824219,80.25,80.91000366210938,80.43006896972656,20055200
2026-06-16,81.1500015258789,81.38999938964844,79.83999633789062,80.27999877929688,79.80380249023438,17565100
2026-06-17,79.94999694824219,80.33000183105469,78.98999786376953,79.93000030517578,79.45587921142578,17055400
2026-06-18,79.87000274658203,80.01000213623047,78.73999786376953,79.38999938964844,78.91908264160156,46857900
2026-06-22,79.25,80.05999755859375,79.05999755859375,79.52999877929688,79.0582504272461,21205900
2026-06-23,81.33000183105469,81.33000183105469,79.83000183105469,80.30999755859375,79.8336181640625,16854000
2026-06-24,80.88999938964844,81.58000183105469,80.55999755859375,80.5999984741211,80.12190246582031,20632600
2026-06-25,80.52999877929688,81.37999725341797,79.97000122070312,80.41999816894531,79.9429702758789,16021400
2026-06-26,80.95999908447266,82.80999755859375,80.69999694824219,82.62999725341797,82.13985443115234,53357500
2026-06-29,82.83000183105469,83.62000274658203,82.20999908447266,82.6500015258789,82.15974426269531,15015800
2026-06-30,82.5,82.54000091552734,81.01000213623047,81.2699966430664,80.78792572021484,16422100
2026-07-01,81.69999694824219,81.9800033569336,80.95999908447266,81.29000091552734,80.80780792236328,21734800
2026-07-02,81.62999725341797,84.13999938964844,81.4000015258789,84.13999938964844,83.64089965820312,18308400
2026-07-06,84.0999984741211,84.55999755859375,82.31999969482422,82.95999908447266,82.46790313720703,18992600
2026-07-07,84.5999984741211,85.68000030517578,83.63999938964844,84.05000305175781,83.55143737792969,17835200
2026-07-08,84.16999816894531,84.83000183105469,83.2699966430664,83.4000015258789,82.9052963256836,14160000
2026-07-09,82.08999633789062,82.81999969482422,81.70999908447266,82.62999725341797,82.13985443115234,15782500
2026-07-10,82.7300033569336,83.73999786376953,82.41000366210938,83.48999786376953,82.99475860595703,10694600
2026-07-13,83.9000015258789,84.68000030517578,83.66999816894531,84.25,83.75025177001953,12085800
2026-07-14,84.16999816894531,84.62999725341797,83.08000183105469,83.08000183105469,82.58719635009766,13775400
2026-07-15,82.93000030517578,83.23999786376953,82.2300033569336,82.44999694824219,81.96092224121094,18383800
2026-07-16,83.5,84.94999694824219,83.27999877929688,84.91999816894531,84.41627502441406,17889900
2026-07-17,85.37000274658203,85.55999755859375,80.83000183105469,81.55999755859375,81.07620239257812,32903000
2026-07-20,81.55000305175781,82.37000274658203,81.30000305175781,82.12000274658203,81.63288879394531,14967200
2026-07-21,81.97000122070312,82.4000015258789,81.31999969482422,81.97000122070312,81.48377990722656,12949400
2026-07-22,82.8499984741211,82.91999816894531,81.95999908447266,82.19999694824219,81.71240997314453,11701300
2026-07-23,81.66999816894531,81.87000274658203,80.87999725341797,81.16999816894531,80.68852233886719,13755600
2026-07-24,81.56999969482422,82.33000183105469,80.9000015258789,82.25,81.76211547851562,11980400
2026-07-27,83.08000183105469,84.13999938964844,82.5,84.06999969482422,83.57131958007812,19937600
2026-07-28,88.30000305175781,90.22000122070312,86.25,88.2699966430664,87.74639892578125,34982900
2026-07-29,88.6500015258789,90.91999816894531,88.63999938964844,89.08000183105469,88.55160522460938,21711700
2026-07-30,87.62999725341797,88.63999938964844,87.20999908447266,88.48999786376953,87.96509552001953,17616100
2026-07-31,87.66000366210938,88.0,86.81999969482422,87.58999633789062,87.0704345703125,14725900
2026-08-03,88.4800033569336,88.4800033569336,86.62999725341797,86.86000061035156,86.34477233886719,23197100
2026-08-04,85.79000091552734,86.68000030517578,85.16000366210938,86.55999755859375,86.04654693603516,17085700
2026-08-05,87.05000305175781,87.1500015258789,86.19000244140625,86.83000183105469,86.31494903564453,15868600
2026-08-06,87.86000061035156,87.97000122070312,86.41999816894531,86.8499984741211,86.33482360839844,13568500
2026-08-07,86.51000213623047,87.16999816894531,86.19000244140625,87.05000305175781,86.53364562988281,11221700
2026-08-10,87.11000061035156,87.52999877929688,86.43000030517578,86.87000274658203,86.3547134399414,13710800
2026-08-11,86.62000274658203,87.05000305175781,86.11000061035156,86.4800033569336,85.96702575683594,16018000
2026-08-12,85.77999877929688,87.29000091552734,85.66000366210938,86.70999908447266,86.1956558227539,12651900
2026-08-13,87.13999938964844,87.75,86.91000366210938,87.41999816894531,86.90144348144531,10140600
2026-08-14,87.30000305175781,87.97000122070312,87.19999694824219,87.70999908447266,87.18972778320312,9166400
2026-08-17,87.30000305175781,88.0199966430664,86.8499984741211,86.9800033569336,86.46405792236328,12056400
2026-08-18,88.4000015258789,88.95999908447266,87.87999725341797,88.81999969482422,88.29314422607422,12524500
2026-08-19,88.58999633789062,90.76000213623047,88.58999633789062,90.3499984741211,89.8140640258789,15993900
2026-08-20,90.18000030517578,91.87000274658203,89.7300033569336,90.5,89.96318054199219,14928000
2026-08-21,90.8499984741211,91.19999694824219,90.31999969482422,91.0999984741211,90.55961608886719,15595800
2026-08-24,92.12000274658203,92.48999786376953,91.44999694824219,91.98999786376953,91.4443359375,14787700
2026-08-25,91.56999969482422,92.08000183105469,91.30000305175781,91.63999938964844,91.0964126586914,11940100
2026-08-26,92.20999908447266,92.20999908447266,90.0,90.08000183105469,89.54566955566406,17133900
2026-08-27,89.41000366210938,90.02999877929688,88.95999908447266,89.05999755859375,88.5317153930664,13452600
2026-08-28,89.20999908447266,90.04000091552734,89.06999969482422,89.66000366210938,89.12816619873047,9887200
2026-08-31,89.51000213623047,89.52999877929688,88.5999984741211,88.66999816894531,88.14402770996094,23764800
2026-09-01,89.58999633789062,89.77999877929688,87.80999755859375,88.0,87.4780044555664,14824100
2026-09-02,87.9000015258789,88.94999694824219,87.7300033569336,88.23999786376953,87.71658325195312,18492800
2026-09-03,88.11000061035156,89.2300033569336,88.01000213623047,88.80999755859375,88.283203125,13763000
2026-09-04,88.58999633789062,88.91000366210938,87.8499984741211,88.06999969482422,87.54759216308594,17290700
2026-09-08,87.55000305175781,88.55000305175781,87.55000305175781,88.36000061035156,87.83586883544922,19426900
2026-09-09,88.30999755859375,88.4000015258789,87.41000366210938,87.55000305175781,87.03067779541016,12337500
2026-09-10,88.58000183105469,88.95999908447266,87.80000305175781,87.83000183105469,87.30902099609375,12019900
2026-09-11,88.44000244140625,88.6500015258789,87.80999755859375,88.29000091552734,87.76628875732422,9988700
2026-09-14,90.0,90.36000061035156,88.87000274658203,89.3499984741211,88.81999969482422,14066100
2026-09-15,88.52999877929688,88.9000015258789,87.80000305175781,88.70999908447266,88.70999908447266,13148900
2026-09-16,88.4800033569336,88.66000366210938,87.73999786376953,87.87000274658203,87.87000274658203,17074800
2026-09-17,88.08000183105469,88.33000183105469,87.51000213623047,88.05999755859375,88.05999755859375,16563600
2026-09-18,87.80000305175781,88.29000091552734,87.5199966430664,88.25,88.25,28048200
2026-09-21,88.31999969482422,88.5,87.12000274658203,87.12000274658203,87.12000274658203,18100400
